stem,scenario,expected_offset_ms,final_stored_offset_ms,final_stored_error_ms,engine_final_error_ms,time_to_first_correct_lock_ms,wrong_lock_events,n_saves,anchor_matched,progressive_matched,locked_via_stop,windows_evaluated,windows_planned,cpu_ms_total,cpu_ms_p50,cpu_ms_p95,engine_correct_time_pct,monitor_recoveries,correct
Bad Bunny - EoO,off0/cold,-1075,-1041,34,25,16000,0,2,True,True,True,2,21,805.7,2.5,4.8,92.2,0,True
Bad Bunny - EoO,off0/seeded_correct,-1075,-1061,14,25,16000,0,1,False,True,True,2,21,237.7,2.5,4.6,100.0,0,True
Bad Bunny - EoO,off0/seeded_wrong_2s,-1075,-1057,18,25,16000,0,1,False,True,True,2,21,239.1,2.4,4.7,92.2,0,True
Bad Bunny - EoO,off+200/cold,-875,-846,29,0,14500,0,3,True,True,True,1,21,252.4,2.5,5.2,92.9,0,True
Bad Bunny - EoO,off+200/seeded_correct,-875,-872,3,0,14500,0,2,False,True,True,1,21,243.1,2.5,4.7,100.0,0,True
Bad Bunny - EoO,off+200/seeded_wrong_2s,-875,-872,3,0,14500,0,2,False,True,True,1,21,241.8,2.5,4.6,92.9,0,True
Bad Bunny - EoO,off-200/cold,-1275,-1244,31,25,16000,0,2,True,True,True,2,21,239.7,2.5,4.6,92.2,0,True
Bad Bunny - EoO,off-200/seeded_correct,-1275,-1265,10,25,16000,0,1,False,True,True,2,21,240.9,2.4,4.7,100.0,0,True
Bad Bunny - EoO,off-200/seeded_wrong_2s,-1275,-1262,13,25,16000,0,1,False,True,True,2,21,241.3,2.4,4.6,92.2,0,True
Bad Bunny - EoO,off+2s/cold,925,954,29,0,13000,0,3,True,True,True,1,21,235.5,2.5,4.7,93.6,0,True
Bad Bunny - EoO,off+2s/seeded_correct,925,927,2,0,13000,0,2,False,True,True,1,21,234.7,2.5,4.5,100.0,0,True
Bad Bunny - EoO,off+2s/seeded_wrong_2s,925,928,3,0,13000,0,2,False,True,True,1,21,236.2,2.4,4.5,93.6,0,True
Bad Bunny - EoO,off-2s/cold,-3075,-3044,31,0,17500,0,2,True,True,True,3,21,240.6,2.4,4.5,91.5,0,True
Bad Bunny - EoO,off-2s/seeded_correct,-3075,-3074,1,0,17500,0,1,False,True,True,3,21,237.4,2.4,4.6,100.0,0,True
Bad Bunny - EoO,off-2s/seeded_wrong_2s,-3075,-3073,2,0,17500,0,1,False,True,True,3,21,239.2,2.4,4.5,91.5,0,True
Bad Bunny - EoO,off+10s/cold,8925,8925,0,0,77250,0,2,False,False,False,21,21,202.3,4.0,9.6,60.4,0,True
Bad Bunny - EoO,off+10s/second_play,8925,8928,3,0,5500,0,2,False,True,True,1,21,248.0,2.8,7.0,100.0,0,True
Bad Bunny - EoO,off+10s/seeded_correct,8925,8927,2,0,5500,0,2,False,True,True,1,21,228.7,2.7,4.6,100.0,0,True
Bad Bunny - EoO,off+10s/seeded_wrong_2s,8925,8928,3,0,5500,0,2,False,True,True,1,21,227.0,2.7,4.6,97.2,0,True
Bad Bunny - EoO,off-10s/cold,-11075,7775,18850,18850,,2,2,False,False,False,23,21,236.9,4.3,8.8,0.0,2,False
Bad Bunny - EoO,off-10s/second_play,-11075,7775,18850,18850,,2,2,False,False,False,23,21,233.0,4.3,8.9,0.0,2,False
Bad Bunny - EoO,off-10s/seeded_correct,-11075,7775,18850,0,25000,2,2,False,True,False,21,21,209.0,4.2,8.2,100.0,0,False
Bad Bunny - EoO,off-10s/seeded_wrong_2s,-11075,7775,18850,0,25000,2,2,False,True,False,21,21,210.7,4.2,8.4,88.4,0,False
Bad Bunny - EoO,off+25s/cold,23925,23926,1,0,77250,0,4,False,False,True,10,21,263.9,3.4,5.8,57.1,0,True
Bad Bunny - EoO,off+25s/second_play,23925,23929,4,5,2500,0,2,False,True,True,1,21,224.9,3.0,4.7,100.0,0,True
Bad Bunny - EoO,off+25s/seeded_correct,23925,23927,2,0,2500,0,2,False,True,True,1,21,225.1,3.0,4.6,100.0,0,True
Bad Bunny - EoO,off+25s/seeded_wrong_2s,23925,23928,3,0,2500,0,2,False,True,True,1,21,224.4,3.0,4.8,98.6,0,True
Bad Bunny - EoO,off-25s/cold,-26075,11575,37650,37650,,1,1,False,False,False,23,21,256.9,4.6,8.3,0.0,2,False
Bad Bunny - EoO,off-25s/second_play,-26075,11575,37650,37650,,1,1,False,False,False,23,21,241.0,4.3,8.1,0.0,2,False
Bad Bunny - EoO,off-25s/seeded_correct,-26075,11575,37650,37650,,1,1,False,False,False,23,21,239.6,4.3,8.0,74.7,2,False
Bad Bunny - EoO,off-25s/seeded_wrong_2s,-26075,11575,37650,37650,,1,1,False,False,False,23,21,247.3,4.5,8.9,0.0,2,False
Bad Bunny - EoO,noise0/cold,-1075,-1041,34,25,8500,0,2,True,True,True,2,21,238.2,2.7,4.7,95.9,0,True
Bad Bunny - EoO,noise0/seeded_correct,-1075,-1060,15,25,8500,0,1,False,True,True,2,21,232.6,2.6,4.7,100.0,0,True
Bad Bunny - EoO,noise0/seeded_wrong_2s,-1075,-1057,18,25,8500,0,1,False,True,True,2,21,232.3,2.6,4.6,95.9,0,True
Bad Bunny - EoO,noise-2s/cold,-3075,-3044,31,25,11500,0,1,True,True,True,3,21,231.0,2.6,4.4,94.4,0,True
Bad Bunny - EoO,noise-2s/seeded_correct,-3075,-3064,11,25,11500,0,1,False,True,True,3,21,230.8,2.5,4.4,100.0,0,True
Bad Bunny - EoO,noise-2s/seeded_wrong_2s,-3075,-1075,2000,25,11500,0,0,False,True,True,3,21,232.9,2.5,4.6,94.4,0,False
Bad Bunny - EoO,cutin5s/cold,3925,3930,5,0,10000,0,3,True,True,True,1,21,227.3,2.6,4.3,95.0,0,True
Bad Bunny - EoO,cutin5s/second_play,3925,3929,4,5,10000,0,2,False,True,True,1,21,225.7,2.5,4.3,100.0,0,True
Bad Bunny - EoO,cutin5s/seeded_correct,3925,3927,2,0,10000,0,2,False,True,True,1,21,226.7,2.5,4.3,100.0,0,True
Bad Bunny - EoO,cutin5s/seeded_wrong_2s,3925,3927,2,0,10000,0,2,False,True,True,1,21,225.1,2.6,4.3,95.0,0,True
Bad Bunny - EoO,cutin15s/cold,13925,13938,13,25,4000,0,2,False,True,True,1,21,220.5,2.8,4.4,97.9,0,True
Bad Bunny - EoO,cutin15s/second_play,13925,13947,22,13,4000,0,2,False,True,True,1,21,217.4,2.7,4.6,100.0,0,True
Bad Bunny - EoO,cutin15s/seeded_correct,13925,13935,10,25,4000,0,2,False,True,True,1,21,216.3,2.7,4.5,100.0,0,True
Bad Bunny - EoO,cutin15s/seeded_wrong_2s,13925,13938,13,25,4000,0,2,False,True,True,1,21,218.4,2.6,4.7,97.9,0,True
Bad Bunny - EoO,cutin25s/cold,23925,23930,5,0,20500,0,2,False,True,True,2,21,232.7,2.8,4.4,88.6,0,True
Bad Bunny - EoO,cutin25s/second_play,23925,23929,4,5,4000,0,2,False,True,True,1,21,198.9,2.6,4.4,100.0,0,True
Bad Bunny - EoO,cutin25s/seeded_correct,23925,23928,3,0,17500,0,2,False,True,True,1,21,208.6,2.5,4.2,100.0,0,True
Bad Bunny - EoO,cutin25s/seeded_wrong_2s,23925,23930,5,0,16000,0,2,False,True,True,2,21,205.8,2.5,4.2,91.1,0,True
Bad Bunny - EoO,blend8s/cold,-1075,-1041,34,25,16000,0,2,True,True,True,2,21,292.6,2.8,7.2,92.2,0,True
Bad Bunny - EoO,blend8s/seeded_correct,-1075,-1061,14,25,16000,0,1,False,True,True,2,21,268.7,2.7,5.5,100.0,0,True
Bad Bunny - EoO,blend8s/seeded_wrong_2s,-1075,-1057,18,25,16000,0,1,False,True,True,2,21,265.1,2.6,5.5,92.2,0,True
Bad Bunny - EoO,midshift+1.5s/cold,-1075,454,29,0,16000,0,5,True,True,True,5,21,275.5,3.9,6.8,83.7,1,True
Bad Bunny - EoO,midshift+1.5s/seeded_correct,-1075,432,7,25,16000,0,9,False,True,True,12,21,264.4,3.7,10.0,71.2,1,True
Bad Bunny - EoO,midshift+1.5s/seeded_wrong_2s,-1075,433,8,25,16000,0,9,False,True,True,12,21,277.4,3.6,10.1,63.4,1,True
Bad Bunny - EoO,midshift-1.5s/cold,-1075,-2546,29,0,16000,0,4,True,True,True,4,21,246.3,3.4,5.9,83.9,1,True
Bad Bunny - EoO,midshift-1.5s/seeded_correct,-1075,-2575,0,0,16000,0,3,False,True,True,14,21,233.6,2.0,9.8,91.6,1,True
Bad Bunny - EoO,midshift-1.5s/seeded_wrong_2s,-1075,-2575,0,0,16000,0,3,False,True,True,14,21,231.7,2.5,9.9,83.9,1,True
Bad Bunny - EoO,gap400/cold,-1075,-1041,34,25,16000,0,2,True,True,True,2,21,263.0,3.1,5.3,92.2,0,True
Bad Bunny - EoO,gap400/seeded_correct,-1075,-1064,11,25,16000,0,1,False,True,True,2,21,261.8,3.0,5.3,100.0,0,True
Bad Bunny - EoO,gap400/seeded_wrong_2s,-1075,-1061,14,25,16000,0,1,False,True,True,2,21,264.9,3.0,5.2,92.2,0,True
Bad Bunny - A Tu Merced,off0/cold,-1050,-1051,-1,-3,13000,0,3,True,True,True,1,10,218.8,2.5,4.5,92.6,0,True
Bad Bunny - A Tu Merced,off0/seeded_correct,-1050,-1051,-1,0,13000,0,2,False,True,True,1,10,219.8,2.5,4.5,100.0,0,True
Bad Bunny - A Tu Merced,off0/seeded_wrong_2s,-1050,-1051,-1,0,13000,0,2,False,True,True,1,10,219.4,2.5,4.6,92.6,0,True
Bad Bunny - A Tu Merced,off+200/cold,-850,-851,-1,-1,11500,0,3,True,True,True,1,10,220.3,2.6,4.3,93.5,0,True
Bad Bunny - A Tu Merced,off+200/seeded_correct,-850,-850,0,0,11500,0,2,False,True,True,1,10,220.3,2.7,4.6,100.0,0,True
Bad Bunny - A Tu Merced,off+200/seeded_wrong_2s,-850,-850,0,0,11500,0,2,False,True,True,1,10,222.4,2.6,4.5,93.5,0,True
Bad Bunny - A Tu Merced,off-200/cold,-1250,-1252,-2,0,13000,0,3,True,True,True,1,10,222.8,2.6,4.5,92.6,0,True
Bad Bunny - A Tu Merced,off-200/seeded_correct,-1250,-1250,0,0,13000,0,2,False,True,True,1,10,221.9,2.5,4.5,100.0,0,True
Bad Bunny - A Tu Merced,off-200/seeded_wrong_2s,-1250,-1250,0,0,13000,0,2,False,True,True,1,10,226.6,2.6,4.6,92.6,0,True
Bad Bunny - A Tu Merced,off+2s/cold,950,950,0,0,10000,0,3,True,True,True,1,10,220.6,2.6,4.4,94.3,0,True
Bad Bunny - A Tu Merced,off+2s/seeded_correct,950,950,0,0,10000,0,2,False,True,True,1,10,220.2,2.6,4.6,100.0,0,True
Bad Bunny - A Tu Merced,off+2s/seeded_wrong_2s,950,950,0,0,10000,0,2,False,True,True,1,10,220.2,2.6,4.6,94.3,0,True
Bad Bunny - A Tu Merced,off-2s/cold,-3050,-3052,-2,0,14500,0,5,True,True,True,5,10,218.0,2.9,4.7,91.9,0,True
Bad Bunny - A Tu Merced,off-2s/seeded_correct,-3050,-3050,0,0,14500,0,2,False,True,True,5,10,217.8,2.8,4.7,100.0,0,True
Bad Bunny - A Tu Merced,off-2s/seeded_wrong_2s,-3050,-3050,0,0,14500,0,2,False,True,True,5,10,216.5,2.9,4.6,91.9,0,True
Bad Bunny - A Tu Merced,off+10s/cold,8950,8951,1,0,44250,0,3,False,False,True,5,10,237.1,3.0,4.9,73.4,0,True
Bad Bunny - A Tu Merced,off+10s/second_play,8950,8950,0,1,2500,0,2,False,True,True,1,10,218.1,3.0,4.9,100.0,0,True
Bad Bunny - A Tu Merced,off+10s/seeded_correct,8950,8950,0,0,2500,0,2,False,True,True,1,10,213.4,2.8,4.7,100.0,0,True
Bad Bunny - A Tu Merced,off+10s/seeded_wrong_2s,8950,8950,0,0,2500,0,2,False,True,True,1,10,218.2,3.0,4.8,98.5,0,True
Bad Bunny - A Tu Merced,off-10s/cold,-11050,20250,31300,31300,,1,1,False,False,False,10,10,197.7,3.6,6.3,0.0,0,False
Bad Bunny - A Tu Merced,off-10s/second_play,-11050,20250,31300,31300,,1,1,False,False,False,10,10,191.8,3.6,5.9,0.0,0,False
Bad Bunny - A Tu Merced,off-10s/seeded_correct,-11050,20250,31300,31300,,1,1,False,True,False,10,10,191.8,3.7,6.0,49.5,0,False
Bad Bunny - A Tu Merced,off-10s/seeded_wrong_2s,-11050,20250,31300,31300,,1,1,False,True,False,10,10,191.2,3.7,6.1,37.7,0,False
Bad Bunny - A Tu Merced,off+25s/cold,23950,23951,1,0,44250,0,3,False,False,True,5,10,238.1,3.2,5.5,70.8,0,True
Bad Bunny - A Tu Merced,off+25s/second_play,23950,23950,0,1,2500,0,2,False,True,True,1,10,205.9,3.3,4.8,100.0,0,True
Bad Bunny - A Tu Merced,off+25s/seeded_correct,23950,23950,0,0,2500,0,2,False,True,True,1,10,203.2,3.1,4.7,100.0,0,True
Bad Bunny - A Tu Merced,off+25s/seeded_wrong_2s,23950,23950,0,0,2500,0,2,False,True,True,1,10,204.8,3.1,4.8,98.3,0,True
Bad Bunny - A Tu Merced,off-25s/cold,-26050,26125,52175,52175,,3,3,False,False,False,10,10,199.9,3.6,5.6,0.0,0,False
Bad Bunny - A Tu Merced,off-25s/second_play,-26050,26125,52175,52175,,3,3,False,False,False,10,10,218.9,3.9,6.5,0.0,0,False
Bad Bunny - A Tu Merced,off-25s/seeded_correct,-26050,26125,52175,52175,,3,3,False,False,False,10,10,196.5,3.6,5.6,45.8,0,False
Bad Bunny - A Tu Merced,off-25s/seeded_wrong_2s,-26050,26125,52175,52175,,3,3,False,False,False,10,10,196.4,3.6,5.2,0.0,0,False
Bad Bunny - A Tu Merced,noise0/cold,-1050,-1052,-2,-3,8500,0,3,True,True,True,1,10,208.2,2.5,4.2,95.2,0,True
Bad Bunny - A Tu Merced,noise0/seeded_correct,-1050,-1051,-1,0,8500,0,2,False,True,True,1,10,212.7,2.5,4.3,100.0,0,True
Bad Bunny - A Tu Merced,noise0/seeded_wrong_2s,-1050,-1050,0,0,8500,0,3,False,True,True,2,10,210.9,2.5,4.2,95.2,0,True
Bad Bunny - A Tu Merced,noise-2s/cold,-3050,-3053,-3,0,11500,0,2,True,True,True,2,10,210.4,2.5,4.1,93.6,0,True
Bad Bunny - A Tu Merced,noise-2s/seeded_correct,-3050,-3050,0,0,11500,0,1,False,True,True,2,10,211.8,2.4,4.2,100.0,0,True
Bad Bunny - A Tu Merced,noise-2s/seeded_wrong_2s,-3050,-3050,0,0,11500,0,2,False,True,True,3,10,209.1,2.4,4.4,93.6,0,True
Bad Bunny - A Tu Merced,cutin5s/cold,3950,3948,-2,0,7000,0,3,True,True,True,1,10,199.6,2.6,4.2,95.9,0,True
Bad Bunny - A Tu Merced,cutin5s/second_play,3950,3949,-1,-2,7000,0,2,False,True,True,1,10,199.3,2.5,4.2,100.0,0,True
Bad Bunny - A Tu Merced,cutin5s/seeded_correct,3950,3949,-1,0,7000,0,2,False,True,True,1,10,199.4,2.5,4.2,100.0,0,True
Bad Bunny - A Tu Merced,cutin5s/seeded_wrong_2s,3950,3949,-1,0,7000,0,2,False,True,True,1,10,201.6,2.5,4.4,95.9,0,True
Bad Bunny - A Tu Merced,cutin15s/cold,13950,13950,0,0,4000,0,2,False,True,True,1,10,172.0,2.5,3.8,97.5,0,True
Bad Bunny - A Tu Merced,cutin15s/second_play,13950,13950,0,0,4000,0,2,False,True,True,1,10,171.5,2.3,3.8,100.0,0,True
Bad Bunny - A Tu Merced,cutin15s/seeded_correct,13950,13950,0,0,4000,0,2,False,True,True,1,10,173.9,2.3,4.3,100.0,0,True
Bad Bunny - A Tu Merced,cutin15s/seeded_wrong_2s,13950,13950,0,0,4000,0,2,False,True,True,1,10,169.6,2.4,3.8,97.5,0,True
Bad Bunny - A Tu Merced,cutin25s/cold,23950,23952,2,0,4000,0,2,False,True,True,2,10,188.1,2.9,4.1,97.4,0,True
Bad Bunny - A Tu Merced,cutin25s/second_play,23950,23952,2,2,4000,0,2,False,True,True,2,10,163.9,2.5,4.1,100.0,0,True
Bad Bunny - A Tu Merced,cutin25s/seeded_correct,23950,23952,2,0,4000,0,2,False,True,True,2,10,160.4,2.4,3.8,100.0,0,True
Bad Bunny - A Tu Merced,cutin25s/seeded_wrong_2s,23950,23952,2,0,4000,0,2,False,True,True,2,10,162.2,2.4,4.1,97.4,0,True
Bad Bunny - A Tu Merced,blend8s/cold,-1050,-1052,-2,-3,22850,0,3,True,True,True,1,10,344.9,3.5,7.0,87.0,0,True
Bad Bunny - A Tu Merced,blend8s/seeded_correct,-1050,-1051,-1,0,25000,0,2,False,True,True,1,10,250.4,2.4,4.9,100.0,0,True
Bad Bunny - A Tu Merced,blend8s/seeded_wrong_2s,-1050,-1050,0,0,25000,0,3,False,True,True,2,10,243.2,2.5,4.8,85.8,0,True
Bad Bunny - A Tu Merced,midshift+1.5s/cold,-1050,-1053,-1503,0,13000,1,4,True,True,True,3,10,269.3,3.3,6.5,78.0,1,False
Bad Bunny - A Tu Merced,midshift+1.5s/seeded_correct,-1050,453,3,0,13000,0,3,False,True,True,4,10,255.6,3.3,6.5,81.6,1,True
Bad Bunny - A Tu Merced,midshift+1.5s/seeded_wrong_2s,-1050,456,6,0,13000,0,3,False,True,True,4,10,246.5,3.5,6.1,74.1,1,True
Bad Bunny - A Tu Merced,midshift-1.5s/cold,-1050,-1052,1498,1498,,1,3,True,True,True,5,10,208.7,3.3,6.3,65.6,1,False
Bad Bunny - A Tu Merced,midshift-1.5s/seeded_correct,-1050,-2551,-1,0,13000,0,3,False,True,True,6,10,218.9,3.6,6.1,67.4,2,True
Bad Bunny - A Tu Merced,midshift-1.5s/seeded_wrong_2s,-1050,-2541,9,9,13000,0,3,False,True,True,4,10,202.3,3.2,5.5,65.6,1,True
Bad Bunny - A Tu Merced,gap400/cold,-1050,-1051,-1,-3,13000,0,3,True,True,True,1,10,219.7,2.8,4.6,92.6,0,True
Bad Bunny - A Tu Merced,gap400/seeded_correct,-1050,-1049,1,0,13000,0,3,False,True,True,2,10,215.1,2.8,4.7,100.0,0,True
Bad Bunny - A Tu Merced,gap400/seeded_wrong_2s,-1050,-1049,1,0,13000,0,3,False,True,True,2,10,219.1,3.0,4.7,92.6,0,True
Bad Bunny - KLOuFRENS,off0/cold,-950,-952,-2,-3,44000,0,4,True,True,True,4,12,293.6,3.2,5.3,77.9,1,True
Bad Bunny - KLOuFRENS,off0/seeded_correct,-950,-951,-1,0,36000,0,3,False,True,True,3,12,284.7,3.0,5.5,85.4,1,True
Bad Bunny - KLOuFRENS,off0/seeded_wrong_2s,-950,-951,-1,0,44000,0,3,False,True,True,4,12,286.1,3.2,5.4,77.9,1,True
Bad Bunny - KLOuFRENS,off+200/cold,-750,-751,-1,0,44000,0,4,True,True,True,4,12,289.2,3.2,5.6,77.9,1,True
Bad Bunny - KLOuFRENS,off+200/seeded_correct,-750,-751,-1,0,36000,0,3,False,True,True,3,12,297.1,3.1,5.6,85.4,1,True
Bad Bunny - KLOuFRENS,off+200/seeded_wrong_2s,-750,-752,-2,0,44000,0,3,False,True,True,4,12,288.3,3.1,5.5,77.9,1,True
Bad Bunny - KLOuFRENS,off-200/cold,-1150,-1152,-2,0,44000,0,4,True,True,True,4,12,285.8,3.2,5.3,77.9,1,True
Bad Bunny - KLOuFRENS,off-200/seeded_correct,-1150,-1146,4,0,36000,0,3,False,True,True,3,12,290.8,3.2,5.3,86.2,1,True
Bad Bunny - KLOuFRENS,off-200/seeded_wrong_2s,-1150,-1145,5,0,44000,0,3,False,True,True,4,12,282.6,3.1,5.2,77.9,1,True
Bad Bunny - KLOuFRENS,off+2s/cold,1050,1050,0,0,61550,0,4,True,True,True,5,12,279.7,3.5,5.5,68.8,1,True
Bad Bunny - KLOuFRENS,off+2s/seeded_correct,1050,1049,-1,0,36000,0,3,False,True,True,3,12,287.1,3.1,5.4,84.5,1,True
Bad Bunny - KLOuFRENS,off+2s/seeded_wrong_2s,1050,1048,-2,0,62500,0,3,False,True,True,5,12,272.7,3.5,5.5,68.3,1,True
Bad Bunny - KLOuFRENS,off-2s/cold,-2950,-2953,-3,0,68000,0,4,True,True,True,6,12,286.2,3.7,5.7,66.2,1,True
Bad Bunny - KLOuFRENS,off-2s/seeded_correct,-2950,-2951,-1,0,50000,0,3,False,True,True,5,12,283.5,3.2,5.2,80.1,1,True
Bad Bunny - KLOuFRENS,off-2s/seeded_wrong_2s,-2950,-2952,-2,0,120000,2,4,False,True,True,13,12,262.5,4.2,6.8,40.3,1,True
Bad Bunny - KLOuFRENS,off+10s/cold,9050,9047,-3,0,45000,0,5,False,False,True,8,12,304.8,3.7,6.5,76.2,0,True
Bad Bunny - KLOuFRENS,off+10s/second_play,9050,9048,-2,0,62500,0,4,False,True,True,5,12,271.0,3.7,5.5,68.3,1,True
Bad Bunny - KLOuFRENS,off+10s/seeded_correct,9050,9048,-2,0,62500,0,4,False,True,True,5,12,273.8,3.9,5.7,68.3,1,True
Bad Bunny - KLOuFRENS,off+10s/seeded_wrong_2s,9050,9048,-2,0,44000,0,3,False,True,True,4,12,280.8,3.4,5.4,76.7,1,True
Bad Bunny - KLOuFRENS,off-10s/cold,-10950,20352,31302,31300,,2,2,False,False,True,13,12,296.3,4.0,6.7,0.0,2,False
Bad Bunny - KLOuFRENS,off-10s/second_play,-10950,20351,31301,31302,,2,2,False,False,True,12,12,287.5,3.8,6.3,0.0,2,False
Bad Bunny - KLOuFRENS,off-10s/seeded_correct,-10950,20350,31300,0,116000,3,4,False,True,True,13,12,271.4,4.1,6.4,52.9,1,False
Bad Bunny - KLOuFRENS,off-10s/seeded_wrong_2s,-10950,20350,31300,0,116000,3,4,False,True,True,13,12,277.7,4.1,6.5,44.5,1,False
Bad Bunny - KLOuFRENS,off+25s/cold,24050,24048,-2,0,45000,0,3,False,False,True,5,12,288.3,3.8,5.8,74.1,0,True
Bad Bunny - KLOuFRENS,off+25s/second_play,24050,24049,-1,-2,4000,0,2,False,True,True,1,12,271.6,3.5,5.4,100.0,0,True
Bad Bunny - KLOuFRENS,off+25s/seeded_correct,24050,24050,0,0,4000,0,2,False,True,True,1,12,266.8,3.4,5.6,100.0,0,True
Bad Bunny - KLOuFRENS,off+25s/seeded_wrong_2s,24050,24050,0,0,4000,0,2,False,True,True,1,12,267.9,3.4,5.6,97.7,0,True
Bad Bunny - KLOuFRENS,off-25s/cold,-25950,5352,31302,31300,,2,2,False,False,True,13,12,290.2,3.9,6.0,0.0,2,False
Bad Bunny - KLOuFRENS,off-25s/second_play,-25950,5351,31301,31302,,2,2,False,False,True,12,12,287.0,3.8,5.7,0.0,2,False
Bad Bunny - KLOuFRENS,off-25s/seeded_correct,-25950,5351,31301,31300,,2,2,False,False,True,14,12,290.8,4.3,6.2,27.9,2,False
Bad Bunny - KLOuFRENS,off-25s/seeded_wrong_2s,-25950,5351,31301,31300,,2,2,False,False,True,14,12,284.8,4.2,6.0,0.0,2,False
Bad Bunny - KLOuFRENS,noise0/cold,-950,-952,-2,-3,44000,0,4,True,True,True,4,12,272.6,3.0,5.1,77.9,1,True
Bad Bunny - KLOuFRENS,noise0/seeded_correct,-950,-951,-1,0,36000,0,3,False,True,True,3,12,267.7,2.8,4.9,85.4,1,True
Bad Bunny - KLOuFRENS,noise0/seeded_wrong_2s,-950,-951,-1,0,44000,0,3,False,True,True,4,12,267.7,3.0,5.1,77.9,1,True
Bad Bunny - KLOuFRENS,noise-2s/cold,-2950,-2953,-3,0,68000,0,4,True,True,True,6,12,290.0,3.4,6.6,66.2,1,True
Bad Bunny - KLOuFRENS,noise-2s/seeded_correct,-2950,-2951,-1,0,68000,0,3,False,True,True,6,12,260.4,3.2,5.3,71.1,1,True
Bad Bunny - KLOuFRENS,noise-2s/seeded_wrong_2s,-2950,-2952,-2,0,120000,2,4,False,True,True,13,12,250.6,3.9,6.5,40.3,1,True
Bad Bunny - KLOuFRENS,cutin5s/cold,4050,4048,-2,-3,45000,0,4,True,True,True,4,12,272.3,3.3,5.2,76.8,0,True
Bad Bunny - KLOuFRENS,cutin5s/second_play,4050,4050,0,0,38500,0,4,False,True,True,4,12,268.8,3.2,5.3,82.2,0,True
Bad Bunny - KLOuFRENS,cutin5s/seeded_correct,4050,4049,-1,0,38500,0,3,False,True,True,4,12,269.5,3.4,5.4,82.2,0,True
Bad Bunny - KLOuFRENS,cutin5s/seeded_wrong_2s,4050,4049,-1,0,38500,0,3,False,True,True,4,12,271.6,3.2,5.2,80.2,0,True
Bad Bunny - KLOuFRENS,cutin15s/cold,14050,14050,0,0,4000,0,2,False,True,True,1,12,221.1,2.7,4.4,97.8,0,True
Bad Bunny - KLOuFRENS,cutin15s/second_play,14050,14050,0,0,4000,0,2,False,True,True,1,12,220.3,2.6,4.5,100.0,0,True
Bad Bunny - KLOuFRENS,cutin15s/seeded_correct,14050,14050,0,0,4000,0,2,False,True,True,1,12,219.3,2.7,4.4,100.0,0,True
Bad Bunny - KLOuFRENS,cutin15s/seeded_wrong_2s,14050,14050,0,0,4000,0,2,False,True,True,1,12,218.7,2.7,4.5,97.8,0,True
Bad Bunny - KLOuFRENS,cutin25s/cold,24050,24051,1,0,4000,0,2,False,True,True,2,12,225.5,3.0,4.8,97.7,0,True
Bad Bunny - KLOuFRENS,cutin25s/second_play,24050,24051,1,1,4000,0,3,False,True,True,2,12,217.2,2.8,4.7,100.0,0,True
Bad Bunny - KLOuFRENS,cutin25s/seeded_correct,24050,24051,1,0,4000,0,3,False,True,True,2,12,214.7,2.8,4.6,100.0,0,True
Bad Bunny - KLOuFRENS,cutin25s/seeded_wrong_2s,24050,24051,1,0,4000,0,2,False,True,True,2,12,220.0,3.0,4.5,97.7,0,True
Bad Bunny - KLOuFRENS,blend8s/cold,-950,-952,-2,-3,38500,0,5,True,True,True,4,12,286.4,3.1,5.4,80.7,0,True
Bad Bunny - KLOuFRENS,blend8s/seeded_correct,-950,-951,-1,0,38500,0,3,False,True,True,4,12,280.8,3.1,5.6,85.7,0,True
Bad Bunny - KLOuFRENS,blend8s/seeded_wrong_2s,-950,-951,-1,0,38500,0,4,False,True,True,4,12,284.8,3.1,5.7,80.7,0,True
Bad Bunny - KLOuFRENS,midshift+1.5s/cold,-950,-952,-1502,0,68000,2,5,True,True,True,5,12,338.0,3.8,6.4,73.7,2,False
Bad Bunny - KLOuFRENS,midshift+1.5s/seeded_correct,-950,550,0,0,36000,0,5,False,True,True,6,12,321.4,3.9,7.2,81.3,2,True
Bad Bunny - KLOuFRENS,midshift+1.5s/seeded_wrong_2s,-950,551,1,0,44000,0,5,False,True,True,7,12,320.9,4.2,6.6,73.7,2,True
Bad Bunny - KLOuFRENS,midshift-1.5s/cold,-950,-1075,1375,1375,,2,4,True,True,True,10,12,291.2,4.1,6.8,8.0,2,False
Bad Bunny - KLOuFRENS,midshift-1.5s/seeded_correct,-950,-1117,1333,1333,,1,3,False,True,True,9,12,306.1,4.2,7.3,15.5,2,False
Bad Bunny - KLOuFRENS,midshift-1.5s/seeded_wrong_2s,-950,28917,31367,30000,,2,4,False,True,True,10,12,298.3,4.2,7.1,8.0,2,False
Bad Bunny - KLOuFRENS,gap400/cold,-950,-952,-2,0,68000,0,5,True,True,True,4,12,279.5,3.7,5.6,65.8,1,True
Bad Bunny - KLOuFRENS,gap400/seeded_correct,-950,-951,-1,0,68000,0,4,False,True,True,4,12,282.0,3.6,6.0,69.3,1,True
Bad Bunny - KLOuFRENS,gap400/seeded_wrong_2s,-950,-952,-2,0,72000,0,4,False,True,True,5,12,278.1,3.7,5.7,63.8,1,True
Bad Bunny - NADIE SABE,off0/cold,-1000,-1001,-1,-3,66875,2,5,True,True,True,4,8,860.7,8.9,12.4,82.3,2,True
Bad Bunny - NADIE SABE,off0/seeded_correct,-1000,-995,5,0,201500,2,5,False,True,True,5,8,703.4,9.5,12.7,48.4,2,True
Bad Bunny - NADIE SABE,off0/seeded_wrong_2s,-1000,-994,6,0,201500,2,5,False,True,True,5,8,714.3,9.6,12.6,46.5,2,True
Bad Bunny - NADIE SABE,off+200/cold,-800,-800,0,-1,66875,2,5,True,True,True,4,8,866.2,8.8,12.2,82.3,2,True
Bad Bunny - NADIE SABE,off+200/seeded_correct,-800,-795,5,0,201500,2,5,False,True,True,5,8,716.8,9.7,12.6,48.4,2,True
Bad Bunny - NADIE SABE,off+200/seeded_wrong_2s,-800,-794,6,0,201500,2,5,False,True,True,5,8,719.6,9.7,12.9,46.5,2,True
Bad Bunny - NADIE SABE,off-200/cold,-1200,-1202,-2,-6,66875,2,5,True,True,True,4,8,876.2,8.7,12.8,82.3,2,True
Bad Bunny - NADIE SABE,off-200/seeded_correct,-1200,-1195,5,0,201500,2,5,False,True,True,5,8,716.7,9.5,12.5,49.6,2,True
Bad Bunny - NADIE SABE,off-200/seeded_wrong_2s,-1200,-1194,6,0,201500,2,5,False,True,True,5,8,718.6,9.3,12.8,46.6,2,True
Bad Bunny - NADIE SABE,off+2s/cold,1000,1001,1,0,45000,2,5,True,True,True,5,8,870.3,8.7,12.7,88.0,2,True
Bad Bunny - NADIE SABE,off+2s/seeded_correct,1000,1002,2,0,45000,2,4,False,True,True,5,8,867.9,8.9,12.7,90.7,2,True
Bad Bunny - NADIE SABE,off+2s/seeded_wrong_2s,1000,1003,3,0,45000,2,4,False,True,True,5,8,870.7,9.1,12.5,88.0,2,True
Bad Bunny - NADIE SABE,off-2s/cold,-3000,-3003,-3,-6,66875,2,5,True,True,True,5,8,890.9,8.9,12.7,82.4,2,True
Bad Bunny - NADIE SABE,off-2s/seeded_correct,-3000,-2997,3,0,201500,2,4,False,True,True,8,8,382.9,11.1,16.2,50.3,2,True
Bad Bunny - NADIE SABE,off-2s/seeded_wrong_2s,-3000,-2000,1000,0,201500,3,3,False,True,True,8,8,395.7,11.5,17.4,46.8,2,False
Bad Bunny - NADIE SABE,off+10s/cold,9000,9005,5,0,201500,0,3,False,False,True,7,8,361.5,11.4,17.7,45.1,0,True
Bad Bunny - NADIE SABE,off+10s/second_play,9000,8999,-1,-4,45000,1,4,False,True,True,5,8,832.4,9.3,12.5,88.4,1,True
Bad Bunny - NADIE SABE,off+10s/seeded_correct,9000,9000,0,0,45000,1,4,False,True,True,5,8,831.5,9.3,12.6,88.4,1,True
Bad Bunny - NADIE SABE,off+10s/seeded_wrong_2s,9000,9000,0,0,45000,1,4,False,True,True,5,8,832.7,9.3,12.6,87.7,1,True
Bad Bunny - NADIE SABE,off-10s/cold,-11000,,,11000,,0,0,False,False,False,8,8,415.4,11.2,17.0,0.0,0,False
Bad Bunny - NADIE SABE,off-10s/second_play,-11000,,,11000,,0,0,False,False,False,8,8,413.8,11.3,14.4,0.0,0,False
Bad Bunny - NADIE SABE,off-10s/seeded_correct,-11000,-11000,0,0,336000,0,0,False,True,False,9,8,440.5,11.3,20.1,18.9,1,True
Bad Bunny - NADIE SABE,off-10s/seeded_wrong_2s,-11000,-9000,2000,0,336000,0,0,False,True,False,9,8,431.5,11.5,19.9,13.2,1,False
Bad Bunny - NADIE SABE,off+25s/cold,24000,23998,-2,0,41000,0,3,False,False,True,5,8,798.0,9.1,12.7,88.4,0,True
Bad Bunny - NADIE SABE,off+25s/second_play,24000,24000,0,-2,45000,1,4,False,True,True,5,8,778.1,9.6,12.7,87.9,1,True
Bad Bunny - NADIE SABE,off+25s/seeded_correct,24000,23998,-2,0,30000,1,3,False,True,True,3,8,1128.6,6.5,12.4,92.2,1,True
Bad Bunny - NADIE SABE,off+25s/seeded_wrong_2s,24000,23997,-3,0,30000,1,4,False,True,True,4,8,1136.2,7.0,12.2,91.5,1,True
Bad Bunny - NADIE SABE,off-25s/cold,-26000,,,26000,,0,0,False,False,False,8,8,469.8,11.1,16.2,0.0,0,False
Bad Bunny - NADIE SABE,off-25s/second_play,-26000,,,26000,,0,0,False,False,False,8,8,467.6,11.1,14.1,0.0,0,False
Bad Bunny - NADIE SABE,off-25s/seeded_correct,-26000,-26000,0,0,,0,0,False,False,False,8,8,473.4,11.3,14.7,100.0,0,True
Bad Bunny - NADIE SABE,off-25s/seeded_wrong_2s,-26000,-24000,2000,2000,,0,0,False,False,False,8,8,471.0,11.2,14.6,0.0,0,False
Bad Bunny - NADIE SABE,noise0/cold,-1000,-1001,-1,-3,66875,2,5,True,True,True,4,8,840.3,8.4,13.0,82.3,2,True
Bad Bunny - NADIE SABE,noise0/seeded_correct,-1000,-994,6,0,201500,2,5,False,True,True,5,8,706.1,9.1,13.4,48.4,2,True
Bad Bunny - NADIE SABE,noise0/seeded_wrong_2s,-1000,-994,6,0,201500,2,5,False,True,True,5,8,704.4,9.3,12.9,46.5,2,True
Bad Bunny - NADIE SABE,noise-2s/cold,-3000,-3003,-3,-6,66875,2,5,True,True,True,5,8,834.9,7.8,13.0,82.4,2,True
Bad Bunny - NADIE SABE,noise-2s/seeded_correct,-3000,-2000,1000,0,201500,3,3,False,True,True,8,8,379.8,10.9,15.5,49.5,2,False
Bad Bunny - NADIE SABE,noise-2s/seeded_wrong_2s,-3000,-2000,1000,0,201500,3,3,False,True,True,8,8,390.7,11.5,15.5,46.8,2,False
Bad Bunny - NADIE SABE,cutin5s/cold,4000,4000,0,-3,66875,2,5,True,True,True,5,8,919.2,9.5,14.3,82.0,2,True
Bad Bunny - NADIE SABE,cutin5s/second_play,4000,4005,5,0,45000,2,4,False,True,True,5,8,901.6,9.6,13.7,89.4,2,True
Bad Bunny - NADIE SABE,cutin5s/seeded_correct,4000,4005,5,0,45000,2,4,False,True,True,5,8,932.1,10.0,14.2,89.4,2,True
Bad Bunny - NADIE SABE,cutin5s/seeded_wrong_2s,4000,4005,5,0,45000,2,4,False,True,True,5,8,910.9,9.3,14.2,87.9,2,True
Bad Bunny - NADIE SABE,cutin15s/cold,14000,13997,-3,0,30000,1,4,False,True,True,3,8,959.1,5.2,11.0,91.7,1,True
Bad Bunny - NADIE SABE,cutin15s/second_play,14000,13998,-2,0,30000,1,4,False,True,True,3,8,1077.9,5.0,13.8,92.8,1,True
Bad Bunny - NADIE SABE,cutin15s/seeded_correct,14000,13997,-3,0,30000,1,4,False,True,True,3,8,931.8,5.1,11.4,92.8,1,True
Bad Bunny - NADIE SABE,cutin15s/seeded_wrong_2s,14000,13997,-3,0,30000,1,4,False,True,True,3,8,935.7,5.1,11.2,91.7,1,True
Bad Bunny - NADIE SABE,cutin25s/cold,24000,23998,-2,0,11500,0,2,False,True,True,3,8,1207.6,6.2,14.7,96.7,0,True
Bad Bunny - NADIE SABE,cutin25s/second_play,24000,23998,-2,-2,10000,0,2,False,True,True,3,8,1204.2,6.4,15.2,100.0,0,True
Bad Bunny - NADIE SABE,cutin25s/seeded_correct,24000,23998,-2,0,10000,0,2,False,True,True,3,8,1185.8,6.4,14.4,100.0,0,True
Bad Bunny - NADIE SABE,cutin25s/seeded_wrong_2s,24000,23998,-2,0,11500,0,2,False,True,True,3,8,1182.5,6.2,14.4,96.7,0,True
Bad Bunny - NADIE SABE,blend8s/cold,-1000,-1001,-1,-3,66875,3,6,True,False,True,5,8,929.4,9.3,12.8,82.3,2,True
Bad Bunny - NADIE SABE,blend8s/seeded_correct,-1000,-996,4,0,201500,3,6,False,False,True,6,8,762.8,9.7,13.4,53.0,2,True
Bad Bunny - NADIE SABE,blend8s/seeded_wrong_2s,-1000,-996,4,0,201500,3,6,False,False,True,6,8,791.0,10.3,13.2,46.5,2,True
Bad Bunny - NADIE SABE,midshift+1.5s/cold,-1000,499,-1,-3,78750,2,5,True,True,True,4,8,1080.8,11.3,15.0,79.0,2,True
Bad Bunny - NADIE SABE,midshift+1.5s/seeded_correct,-1000,502,2,0,201500,2,5,False,True,True,5,8,878.7,12.1,15.3,48.2,2,True
Bad Bunny - NADIE SABE,midshift+1.5s/seeded_wrong_2s,-1000,503,3,0,201500,2,5,False,True,True,5,8,873.2,12.1,14.7,46.3,2,True
Bad Bunny - NADIE SABE,midshift-1.5s/cold,-1000,-2501,-1,-3,78750,2,5,True,True,True,4,8,944.5,9.5,13.0,79.2,2,True
Bad Bunny - NADIE SABE,midshift-1.5s/seeded_correct,-1000,-2492,8,0,201500,2,4,False,True,True,6,8,419.9,11.9,14.0,48.6,2,True
Bad Bunny - NADIE SABE,midshift-1.5s/seeded_wrong_2s,-1000,-2482,18,0,201500,2,4,False,True,True,6,8,418.7,11.8,14.7,46.8,2,True
Bad Bunny - NADIE SABE,gap400/cold,-1000,-1001,-1,0,206000,0,4,True,True,True,4,8,916.9,9.7,13.3,45.4,1,True
Bad Bunny - NADIE SABE,gap400/seeded_correct,-1000,-1004,-4,0,50000,0,3,False,True,True,3,8,1223.8,6.8,12.4,88.6,1,True
Bad Bunny - NADIE SABE,gap400/seeded_wrong_2s,-1000,-999,1,0,206000,0,3,False,True,True,4,8,910.9,9.9,12.9,45.4,1,True
Bad Bunny - 120,off0/cold,-1025,-1027,-2,-3,46575,0,3,True,True,True,5,6,184.5,3.1,5.2,69.1,0,True
Bad Bunny - 120,off0/seeded_correct,-1025,-1028,-3,0,57750,0,4,False,True,True,5,6,178.4,3.2,4.8,69.3,0,True
Bad Bunny - 120,off0/seeded_wrong_2s,-1025,-1028,-3,-3,57750,0,2,False,True,True,5,6,176.1,3.0,4.5,61.7,0,True
Bad Bunny - 120,off+200/cold,-825,-826,-1,0,57750,0,3,True,True,True,5,6,188.1,3.6,5.1,61.7,0,True
Bad Bunny - 120,off+200/seeded_correct,-825,-828,-3,0,57750,0,4,False,True,True,5,6,184.0,3.4,4.8,68.3,0,True
Bad Bunny - 120,off+200/seeded_wrong_2s,-825,-829,-4,-4,57750,0,2,False,True,True,5,6,190.5,3.3,5.1,61.7,0,True
Bad Bunny - 120,off-200/cold,-1225,-1227,-2,-6,44850,0,4,True,True,True,5,6,183.2,3.2,4.9,70.3,0,True
Bad Bunny - 120,off-200/seeded_correct,-1225,-1223,2,0,57750,0,3,False,True,True,5,6,184.5,3.3,5.1,69.4,0,True
Bad Bunny - 120,off-200/seeded_wrong_2s,-1225,-1223,2,2,57750,0,2,False,True,True,5,6,182.5,3.2,4.9,61.8,0,True
Bad Bunny - 120,off+2s/cold,975,974,-1,0,57750,0,3,True,True,True,5,6,189.0,3.5,5.1,61.2,0,True
Bad Bunny - 120,off+2s/seeded_correct,975,972,-3,0,57750,0,4,False,True,True,5,6,178.8,3.3,5.2,66.9,0,True
Bad Bunny - 120,off+2s/seeded_wrong_2s,975,971,-4,-4,57750,0,2,False,True,True,5,6,177.3,3.2,4.8,61.2,0,True
Bad Bunny - 120,off-2s/cold,-3025,-3028,-3,1025,,0,4,True,True,False,8,6,202.5,3.3,5.7,0.0,2,True
Bad Bunny - 120,off-2s/seeded_correct,-3025,-3025,0,-25,108000,0,0,False,True,False,8,6,199.1,3.3,5.2,37.8,2,True
Bad Bunny - 120,off-2s/seeded_wrong_2s,-3025,-1025,2000,1025,,0,0,False,True,False,8,6,203.6,3.2,5.6,0.0,2,False
Bad Bunny - 120,off+10s/cold,8975,8975,0,0,57750,0,1,False,False,False,6,6,203.8,3.4,4.9,59.0,0,True
Bad Bunny - 120,off+10s/second_play,8975,8972,-3,-3,57750,0,3,False,True,True,5,6,168.3,3.5,4.9,60.8,0,True
Bad Bunny - 120,off+10s/seeded_correct,8975,8972,-3,0,57750,0,4,False,True,True,5,6,169.2,3.4,4.8,60.8,0,True
Bad Bunny - 120,off+10s/seeded_wrong_2s,8975,8971,-4,-4,57750,0,2,False,True,True,5,6,173.3,3.6,5.1,59.0,0,True
Bad Bunny - 120,off-10s/cold,-11025,,,11025,,0,0,False,True,False,8,6,205.7,3.3,5.1,0.0,2,False
Bad Bunny - 120,off-10s/second_play,-11025,,,11025,,0,0,False,True,False,8,6,202.7,3.3,4.9,0.0,2,False
Bad Bunny - 120,off-10s/seeded_correct,-11025,-11025,0,1025,,0,0,False,True,False,8,6,202.3,3.2,5.0,12.7,2,True
Bad Bunny - 120,off-10s/seeded_wrong_2s,-11025,-9025,2000,1025,,0,0,False,True,False,8,6,200.4,3.1,4.9,0.0,2,False
Bad Bunny - 120,off+25s/cold,23975,23975,0,0,57750,0,2,False,False,False,6,6,200.0,3.6,6.0,54.1,0,True
Bad Bunny - 120,off+25s/second_play,23975,23972,-3,0,2500,0,2,False,True,True,1,6,173.0,3.2,5.1,100.0,0,True
Bad Bunny - 120,off+25s/seeded_correct,23975,23972,-3,0,2500,0,2,False,True,True,1,6,172.9,3.3,5.2,100.0,0,True
Bad Bunny - 120,off+25s/seeded_wrong_2s,23975,23972,-3,0,2500,0,2,False,True,True,1,6,170.3,3.1,4.8,98.0,0,True
Bad Bunny - 120,off-25s/cold,-26025,,,26025,,0,0,False,False,False,6,6,197.0,3.2,4.8,0.0,0,False
Bad Bunny - 120,off-25s/second_play,-26025,,,26025,,0,0,False,False,False,6,6,194.1,2.9,4.7,0.0,0,False
Bad Bunny - 120,off-25s/seeded_correct,-26025,-26025,0,0,,0,0,False,False,False,6,6,185.6,2.8,4.5,100.0,0,True
Bad Bunny - 120,off-25s/seeded_wrong_2s,-26025,-24025,2000,2000,,0,0,False,False,False,6,6,204.0,2.9,5.8,0.0,0,False
Bad Bunny - 120,noise0/cold,-1025,-1028,-3,-3,100000,0,3,True,True,True,6,6,154.2,2.6,4.0,33.7,1,True
Bad Bunny - 120,noise0/seeded_correct,-1025,-1028,-3,-3,56000,0,3,False,True,True,5,6,154.8,2.5,3.7,67.5,1,True
Bad Bunny - 120,noise0/seeded_wrong_2s,-1025,-1028,-3,1025,,0,1,False,True,True,7,6,157.6,2.7,4.0,0.0,2,True
Bad Bunny - 120,noise-2s/cold,-3025,-3028,-3,0,58000,0,3,True,True,True,5,6,160.0,2.5,3.8,62.0,1,True
Bad Bunny - 120,noise-2s/seeded_correct,-3025,-3025,0,-25,108000,0,0,False,True,False,8,6,161.3,2.6,4.6,35.9,2,True
Bad Bunny - 120,noise-2s/seeded_wrong_2s,-3025,-1025,2000,1025,,0,0,False,True,False,8,6,164.7,2.7,4.5,0.0,2,False
Bad Bunny - 120,cutin5s/cold,3975,3973,-2,0,57750,0,3,True,True,True,5,6,141.5,2.8,4.1,60.4,0,True
Bad Bunny - 120,cutin5s/second_play,3975,3973,-2,-2,57750,0,3,False,True,True,5,6,137.4,2.7,3.9,64.2,0,True
Bad Bunny - 120,cutin5s/seeded_correct,3975,3972,-3,-3,57750,0,3,False,True,True,5,6,137.9,2.8,3.9,64.2,0,True
Bad Bunny - 120,cutin5s/seeded_wrong_2s,3975,3971,-4,-4,57750,0,2,False,True,True,5,6,138.1,2.7,3.9,60.4,0,True
Bad Bunny - 120,cutin15s/cold,13975,13972,-3,0,10000,0,2,False,True,True,1,6,131.8,2.0,3.2,92.6,0,True
Bad Bunny - 120,cutin15s/second_play,13975,13972,-3,-3,4000,0,2,False,True,True,1,6,123.4,2.2,3.3,100.0,0,True
Bad Bunny - 120,cutin15s/seeded_correct,13975,13972,-3,0,4000,0,2,False,True,True,1,6,122.4,2.2,3.3,100.0,0,True
Bad Bunny - 120,cutin15s/seeded_wrong_2s,13975,13971,-4,0,4000,0,2,False,True,True,1,6,121.8,2.1,3.2,97.1,0,True
Bad Bunny - 120,cutin25s/cold,23975,23972,-3,0,4000,0,2,False,True,True,1,6,118.2,2.1,3.3,96.8,0,True
Bad Bunny - 120,cutin25s/second_play,23975,23972,-3,-3,4000,0,2,False,True,True,1,6,113.0,2.1,3.4,100.0,0,True
Bad Bunny - 120,cutin25s/seeded_correct,23975,23972,-3,0,4000,0,2,False,True,True,1,6,112.4,2.1,3.2,100.0,0,True
Bad Bunny - 120,cutin25s/seeded_wrong_2s,23975,23972,-3,0,4000,0,2,False,True,True,1,6,113.5,2.1,3.2,96.8,0,True
Bad Bunny - 120,blend8s/cold,-1025,-1027,-2,-3,46575,0,3,True,True,True,5,6,159.1,2.8,4.6,69.1,0,True
Bad Bunny - 120,blend8s/seeded_correct,-1025,-1028,-3,0,57750,0,4,False,True,True,5,6,157.1,2.8,4.0,69.3,0,True
Bad Bunny - 120,blend8s/seeded_wrong_2s,-1025,-1028,-3,-3,57750,0,2,False,True,True,5,6,153.5,2.7,3.9,61.7,0,True
Bad Bunny - 120,midshift+1.5s/cold,-1025,-1027,-1502,-1503,46575,0,2,True,True,True,7,6,182.8,3.1,5.1,9.0,2,False
Bad Bunny - 120,midshift+1.5s/seeded_correct,-1025,-1025,-1500,-1500,57750,0,3,False,True,True,7,6,177.0,3.0,5.1,9.2,2,False
Bad Bunny - 120,midshift+1.5s/seeded_wrong_2s,-1025,-1028,-1503,-1503,57750,0,1,False,True,True,7,6,180.2,3.0,5.0,1.5,2,False
Bad Bunny - 120,midshift-1.5s/cold,-1025,-1027,1498,1497,46575,0,2,True,True,True,5,6,166.3,2.8,4.7,8.8,2,False
Bad Bunny - 120,midshift-1.5s/seeded_correct,-1025,-1025,1500,1500,57750,0,3,False,True,True,5,6,163.7,2.9,4.2,9.0,2,False
Bad Bunny - 120,midshift-1.5s/seeded_wrong_2s,-1025,-1028,1497,1497,57750,0,1,False,True,True,5,6,161.9,2.8,4.4,1.5,2,False
Bad Bunny - 120,gap400/cold,-1025,-1026,-1,-3,46575,0,3,True,True,True,4,6,159.6,2.8,4.8,69.1,0,True
Bad Bunny - 120,gap400/seeded_correct,-1025,-1026,-1,-1,61750,0,3,False,True,False,5,6,157.5,2.9,4.6,66.7,0,True
Bad Bunny - 120,gap400/seeded_wrong_2s,-1025,-1026,-1,1025,,0,1,False,True,False,7,6,178.0,3.1,4.9,0.0,2,True
"Arcángel, Bad Bunny - La Jumpa",off0/cold,350,348,-2,0,7000,0,3,True,True,True,1,13,489.2,3.9,7.7,97.2,0,True
"Arcángel, Bad Bunny - La Jumpa",off0/seeded_correct,350,349,-1,0,7000,0,2,False,True,True,1,13,496.9,4.1,7.6,100.0,0,True
"Arcángel, Bad Bunny - La Jumpa",off0/seeded_wrong_2s,350,349,-1,0,7000,0,2,False,True,True,1,13,490.8,3.8,7.6,97.2,0,True
"Arcángel, Bad Bunny - La Jumpa",off+200/cold,550,549,-1,0,7000,0,3,True,True,True,1,13,500.7,3.9,7.7,97.2,0,True
"Arcángel, Bad Bunny - La Jumpa",off+200/seeded_correct,550,549,-1,0,7000,0,2,False,True,True,1,13,497.9,4.0,7.9,100.0,0,True
"Arcángel, Bad Bunny - La Jumpa",off+200/seeded_wrong_2s,550,549,-1,0,7000,0,2,False,True,True,1,13,503.5,3.9,7.9,97.2,0,True
"Arcángel, Bad Bunny - La Jumpa",off-200/cold,150,147,-3,0,7000,0,3,True,True,True,1,13,491.7,3.8,7.9,100.0,0,True
"Arcángel, Bad Bunny - La Jumpa",off-200/seeded_correct,150,149,-1,0,7000,0,2,False,True,True,1,13,499.9,3.8,7.7,100.0,0,True
"Arcángel, Bad Bunny - La Jumpa",off-200/seeded_wrong_2s,150,149,-1,0,7000,0,2,False,True,True,1,13,500.4,4.0,8.4,97.3,0,True
"Arcángel, Bad Bunny - La Jumpa",off+2s/cold,2350,2350,0,0,5500,0,3,True,True,True,1,13,493.4,4.0,7.6,97.8,0,True
"Arcángel, Bad Bunny - La Jumpa",off+2s/seeded_correct,2350,2349,-1,0,5500,0,2,False,True,True,1,13,501.1,4.2,7.7,100.0,0,True
"Arcángel, Bad Bunny - La Jumpa",off+2s/seeded_wrong_2s,2350,2349,-1,0,5500,0,2,False,True,True,1,13,489.1,4.0,7.7,97.8,0,True
"Arcángel, Bad Bunny - La Jumpa",off-2s/cold,-1650,-1653,-3,0,10000,0,3,True,True,True,2,13,503.5,4.3,7.9,96.1,0,True
"Arcángel, Bad Bunny - La Jumpa",off-2s/seeded_correct,-1650,-1650,0,0,10000,0,2,False,True,True,1,13,500.5,3.9,7.6,100.0,0,True
"Arcángel, Bad Bunny - La Jumpa",off-2s/seeded_wrong_2s,-1650,-1651,-1,0,10000,0,2,False,True,True,2,13,503.5,4.0,7.9,96.1,0,True
"Arcángel, Bad Bunny - La Jumpa",off+10s/cold,10350,10344,-6,0,40000,0,3,False,False,True,5,13,568.7,4.8,7.9,83.6,0,True
"Arcángel, Bad Bunny - La Jumpa",off+10s/second_play,10350,10348,-2,-6,2500,0,2,False,True,True,1,13,526.3,5.0,7.8,100.0,0,True
"Arcángel, Bad Bunny - La Jumpa",off+10s/seeded_correct,10350,10349,-1,0,2500,0,2,False,True,True,1,13,522.4,4.1,9.2,100.0,0,True
"Arcángel, Bad Bunny - La Jumpa",off+10s/seeded_wrong_2s,10350,10349,-1,0,2500,0,2,False,True,True,1,13,556.2,4.9,8.7,99.0,0,True
"Arcángel, Bad Bunny - La Jumpa",off-10s/cold,-9650,100,9750,0,232000,2,3,False,False,False,15,13,367.0,8.0,15.2,12.3,2,False
"Arcángel, Bad Bunny - La Jumpa",off-10s/second_play,-9650,100,9750,0,232000,2,3,False,False,False,15,13,323.1,6.9,15.2,12.3,2,False
"Arcángel, Bad Bunny - La Jumpa",off-10s/seeded_correct,-9650,100,9750,0,17500,1,1,False,True,False,13,13,283.8,7.3,12.7,100.0,0,False
"Arcángel, Bad Bunny - La Jumpa",off-10s/seeded_wrong_2s,-9650,100,9750,0,17500,1,1,False,True,False,13,13,285.2,7.3,13.0,93.4,0,False
"Arcángel, Bad Bunny - La Jumpa",off+25s/cold,25350,25343,-7,0,40000,0,3,False,False,True,4,13,529.7,4.5,7.8,82.6,0,True
"Arcángel, Bad Bunny - La Jumpa",off+25s/second_play,25350,25348,-2,-7,2500,0,2,False,True,True,1,13,490.4,4.5,8.6,100.0,0,True
"Arcángel, Bad Bunny - La Jumpa",off+25s/seeded_correct,25350,25349,-1,0,2500,0,2,False,True,True,1,13,475.9,4.4,7.8,100.0,0,True
"Arcángel, Bad Bunny - La Jumpa",off+25s/seeded_wrong_2s,25350,25349,-1,0,2500,0,2,False,True,True,1,13,484.2,4.6,7.8,98.9,0,True
"Arcángel, Bad Bunny - La Jumpa",off-25s/cold,-24650,,,24650,,0,0,False,False,False,13,13,315.6,6.9,12.3,0.0,0,False
"Arcángel, Bad Bunny - La Jumpa",off-25s/second_play,-24650,,,24650,,0,0,False,False,False,13,13,303.5,6.8,11.4,0.0,0,False
"Arcángel, Bad Bunny - La Jumpa",off-25s/seeded_correct,-24650,-24650,0,0,,0,0,False,False,False,13,13,299.2,6.7,11.4,100.0,0,True
"Arcángel, Bad Bunny - La Jumpa",off-25s/seeded_wrong_2s,-24650,-22650,2000,2000,,0,0,False,False,False,13,13,305.9,6.5,11.9,0.0,0,False
"Arcángel, Bad Bunny - La Jumpa",noise0/cold,350,346,-4,-3,7000,0,3,True,True,True,1,13,453.3,3.8,6.9,97.2,0,True
"Arcángel, Bad Bunny - La Jumpa",noise0/seeded_correct,350,342,-8,-25,7000,0,2,False,True,True,1,13,452.3,3.5,6.9,100.0,0,True
"Arcángel, Bad Bunny - La Jumpa",noise0/seeded_wrong_2s,350,340,-10,-25,7000,0,2,False,True,True,1,13,450.8,3.5,6.8,97.2,0,True
"Arcángel, Bad Bunny - La Jumpa",noise-2s/cold,-1650,-1655,-5,-25,10000,0,3,True,True,True,2,13,456.4,3.5,7.2,96.1,0,True
"Arcángel, Bad Bunny - La Jumpa",noise-2s/seeded_correct,-1650,-1657,-7,-25,10000,0,2,False,True,True,1,13,458.2,3.6,6.9,100.0,0,True
"Arcángel, Bad Bunny - La Jumpa",noise-2s/seeded_wrong_2s,-1650,-1659,-9,-25,10000,0,2,False,True,True,2,13,460.3,3.8,7.3,96.1,0,True
"Arcángel, Bad Bunny - La Jumpa",cutin5s/cold,5350,5349,-1,0,4000,0,2,False,True,True,1,13,522.1,4.2,10.8,98.4,0,True
"Arcángel, Bad Bunny - La Jumpa",cutin5s/second_play,5350,5349,-1,-1,4000,0,2,False,True,True,1,13,510.2,4.0,8.6,100.0,0,True
"Arcángel, Bad Bunny - La Jumpa",cutin5s/seeded_correct,5350,5349,-1,0,4000,0,2,False,True,True,1,13,488.2,4.0,7.9,100.0,0,True
"Arcángel, Bad Bunny - La Jumpa",cutin5s/seeded_wrong_2s,5350,5349,-1,0,4000,0,2,False,True,True,1,13,486.7,4.1,7.6,98.4,0,True
"Arcángel, Bad Bunny - La Jumpa",cutin15s/cold,15350,15349,-1,0,4000,0,2,False,True,True,1,13,381.1,3.4,6.2,98.3,0,True
"Arcángel, Bad Bunny - La Jumpa",cutin15s/second_play,15350,15349,-1,-1,4000,0,2,False,True,True,1,13,379.1,3.3,6.1,100.0,0,True
"Arcángel, Bad Bunny - La Jumpa",cutin15s/seeded_correct,15350,15349,-1,0,4000,0,2,False,True,True,1,13,382.1,3.5,6.1,100.0,0,True
"Arcángel, Bad Bunny - La Jumpa",cutin15s/seeded_wrong_2s,15350,15349,-1,0,4000,0,2,False,True,True,1,13,374.1,3.3,5.9,98.3,0,True
"Arcángel, Bad Bunny - La Jumpa",cutin25s/cold,25350,25347,-3,0,17500,0,2,False,True,True,3,13,448.2,3.9,7.6,92.4,0,True
"Arcángel, Bad Bunny - La Jumpa",cutin25s/second_play,25350,25347,-3,-3,5500,0,3,False,True,True,3,13,428.0,4.2,7.3,100.0,0,True
"Arcángel, Bad Bunny - La Jumpa",cutin25s/seeded_correct,25350,25349,-1,0,17500,0,2,False,True,True,2,13,430.9,3.7,7.4,100.0,0,True
"Arcángel, Bad Bunny - La Jumpa",cutin25s/seeded_wrong_2s,25350,25347,-3,0,17500,0,2,False,True,True,3,13,441.8,3.9,7.6,92.4,0,True
"Arcángel, Bad Bunny - La Jumpa",blend8s/cold,350,347,-3,0,26000,0,4,True,False,True,3,13,646.9,4.2,10.3,89.8,0,True
"Arcángel, Bad Bunny - La Jumpa",blend8s/seeded_correct,350,347,-3,0,26000,0,3,False,False,True,2,13,674.3,5.2,10.0,100.0,0,True
"Arcángel, Bad Bunny - La Jumpa",blend8s/seeded_wrong_2s,350,345,-5,0,26000,0,3,False,False,True,3,13,669.4,5.2,10.2,89.8,0,True
"Arcángel, Bad Bunny - La Jumpa",midshift+1.5s/cold,350,349,-1501,0,7000,2,4,True,True,True,3,13,684.3,6.0,10.4,91.6,1,False
"Arcángel, Bad Bunny - La Jumpa",midshift+1.5s/seeded_correct,350,1845,-5,-7,7000,0,4,False,True,True,5,13,555.3,7.1,10.2,87.9,1,True
"Arcángel, Bad Bunny - La Jumpa",midshift+1.5s/seeded_wrong_2s,350,1847,-3,-4,7000,0,4,False,True,True,5,13,562.7,6.9,10.5,85.2,1,True
"Arcángel, Bad Bunny - La Jumpa",midshift-1.5s/cold,350,336,1486,0,7000,2,4,True,True,True,3,13,557.0,5.0,8.8,85.4,1,False
"Arcángel, Bad Bunny - La Jumpa",midshift-1.5s/seeded_correct,350,-1148,2,3,7000,0,4,False,True,True,5,13,432.7,6.2,9.5,71.7,1,True
"Arcángel, Bad Bunny - La Jumpa",midshift-1.5s/seeded_wrong_2s,350,-1142,8,0,7000,0,4,False,True,True,5,13,429.1,6.3,9.1,58.6,1,True
"Arcángel, Bad Bunny - La Jumpa",gap400/cold,350,348,-2,0,7000,0,3,True,True,True,2,13,558.4,4.7,8.9,97.2,0,True
"Arcángel, Bad Bunny - La Jumpa",gap400/seeded_correct,350,349,-1,0,7000,0,2,False,True,True,1,13,555.9,4.4,9.1,100.0,0,True
"Arcángel, Bad Bunny - La Jumpa",gap400/seeded_wrong_2s,350,347,-3,0,7000,0,2,False,True,True,2,13,552.3,4.6,8.2,97.2,0,True
Bad Bunny - 258,off0/cold,-1112,-1025,87,87,11500,0,4,False,True,True,5,5,495.5,4.9,7.9,95.2,2,True
Bad Bunny - 258,off0/seeded_correct,-1112,-1025,87,87,11500,0,5,False,True,True,5,5,510.3,4.6,8.8,100.0,2,True
Bad Bunny - 258,off0/seeded_wrong_2s,-1112,-1025,87,87,11500,0,4,False,True,True,5,5,501.6,4.5,8.3,95.2,2,True
Bad Bunny - 258,off+200/cold,-912,-825,87,87,11500,0,4,False,True,True,5,5,499.7,5.1,8.2,95.2,2,True
Bad Bunny - 258,off+200/seeded_correct,-912,-825,87,87,11500,0,5,False,True,True,5,5,505.8,4.6,8.5,100.0,2,True
Bad Bunny - 258,off+200/seeded_wrong_2s,-912,-825,87,87,11500,0,4,False,True,True,5,5,485.7,4.7,8.4,95.2,2,True
Bad Bunny - 258,off-200/cold,-1312,-1225,87,87,11500,0,4,False,True,True,5,5,509.0,5.1,8.0,95.3,2,True
Bad Bunny - 258,off-200/seeded_correct,-1312,-1225,87,87,11500,0,5,False,True,True,5,5,516.8,4.5,9.3,100.0,2,True
Bad Bunny - 258,off-200/seeded_wrong_2s,-1312,-1225,87,87,11500,0,4,False,True,True,5,5,486.2,4.5,8.1,95.3,2,True
Bad Bunny - 258,off+2s/cold,888,975,87,87,10000,0,4,False,True,True,5,5,490.8,4.7,8.0,95.8,2,True
Bad Bunny - 258,off+2s/seeded_correct,888,975,87,87,10000,0,5,False,True,True,5,5,494.5,4.7,8.6,100.0,2,True
Bad Bunny - 258,off+2s/seeded_wrong_2s,888,975,87,87,10000,0,4,False,True,True,5,5,487.8,4.8,8.3,95.8,2,True
Bad Bunny - 258,off-2s/cold,-3112,-3025,87,87,13000,0,3,False,True,False,7,5,495.0,5.2,8.1,94.7,2,True
Bad Bunny - 258,off-2s/seeded_correct,-3112,-3025,87,87,13000,0,3,False,True,True,7,5,524.2,5.0,10.0,100.0,2,True
Bad Bunny - 258,off-2s/seeded_wrong_2s,-3112,-3025,87,87,13000,0,2,False,True,False,7,5,489.8,4.8,8.2,94.7,2,True
Bad Bunny - 258,off+10s/cold,8888,2575,-6313,-8888,,1,1,False,False,False,5,5,482.2,4.6,7.6,0.0,0,False
Bad Bunny - 258,off+10s/second_play,8888,9000,112,112,,0,2,False,False,False,7,5,497.3,4.6,8.5,65.5,2,True
Bad Bunny - 258,off+10s/seeded_correct,8888,8975,87,87,2500,0,5,False,True,True,5,5,475.7,5.2,8.4,100.0,2,True
Bad Bunny - 258,off+10s/seeded_wrong_2s,8888,8975,87,87,2500,0,4,False,True,True,5,5,472.1,5.1,8.8,98.9,2,True
Bad Bunny - 258,off-10s/cold,-11112,,,11112,,0,0,False,False,False,5,5,479.4,4.7,8.0,0.0,0,False
Bad Bunny - 258,off-10s/second_play,-11112,,,11112,,0,0,False,False,False,5,5,491.4,4.7,8.2,0.0,0,False
Bad Bunny - 258,off-10s/seeded_correct,-11112,-11025,87,87,22000,0,2,False,True,False,7,5,499.8,4.6,8.7,100.0,2,True
Bad Bunny - 258,off-10s/seeded_wrong_2s,-11112,-11025,87,87,22000,0,2,False,True,False,7,5,491.8,4.7,8.0,91.3,2,True
Bad Bunny - 258,off+25s/cold,23888,24050,162,162,,0,4,False,False,False,7,5,496.2,5.3,8.5,81.3,2,True
Bad Bunny - 258,off+25s/second_play,23888,23919,31,37,2500,0,5,False,True,True,5,5,460.8,5.4,8.6,100.0,2,True
Bad Bunny - 258,off+25s/seeded_correct,23888,24025,137,137,,0,4,False,True,True,6,5,461.5,5.7,8.6,100.0,2,True
Bad Bunny - 258,off+25s/seeded_wrong_2s,23888,24000,112,112,,0,3,False,True,True,5,5,488.4,5.8,9.3,98.8,2,True
Bad Bunny - 258,off-25s/cold,-26112,,,26112,,0,0,False,False,False,5,5,486.1,4.7,8.2,0.0,0,False
Bad Bunny - 258,off-25s/second_play,-26112,,,26112,,0,0,False,False,False,5,5,498.2,4.9,8.1,0.0,0,False
Bad Bunny - 258,off-25s/seeded_correct,-26112,-26112,0,0,,0,0,False,False,False,5,5,494.7,4.6,8.6,100.0,0,True
Bad Bunny - 258,off-25s/seeded_wrong_2s,-26112,-24112,2000,2000,,0,0,False,False,False,5,5,492.5,4.7,8.3,0.0,0,False
Bad Bunny - 258,noise0/cold,-1112,-1025,87,87,19000,0,4,False,True,True,5,5,455.0,3.6,8.4,92.2,2,True
Bad Bunny - 258,noise0/seeded_correct,-1112,-1025,87,87,17500,0,4,False,True,True,7,5,434.0,4.0,7.3,100.0,2,True
Bad Bunny - 258,noise0/seeded_wrong_2s,-1112,-1025,87,87,17500,0,4,False,True,True,7,5,441.6,4.2,7.8,92.8,2,True
Bad Bunny - 258,noise-2s/cold,-3112,-3025,87,87,22000,0,4,False,True,True,6,5,445.6,4.0,7.2,91.0,2,True
Bad Bunny - 258,noise-2s/seeded_correct,-3112,-3025,87,87,20500,0,2,False,True,False,7,5,432.2,3.9,7.2,100.0,2,True
Bad Bunny - 258,noise-2s/seeded_wrong_2s,-3112,-3025,87,87,20500,0,2,False,True,False,7,5,432.7,4.0,7.3,91.6,2,True
Bad Bunny - 258,cutin5s/cold,3888,3975,87,87,4000,0,5,False,True,False,7,5,460.6,5.2,8.7,98.3,2,True
Bad Bunny - 258,cutin5s/second_play,3888,3975,87,87,4000,0,4,False,True,True,5,5,442.5,4.5,7.9,100.0,2,True
Bad Bunny - 258,cutin5s/seeded_correct,3888,3975,87,87,4000,0,5,False,True,True,5,5,440.7,4.4,7.6,100.0,2,True
Bad Bunny - 258,cutin5s/seeded_wrong_2s,3888,3975,87,87,4000,0,4,False,True,True,5,5,465.5,5.0,8.1,98.3,2,True
Bad Bunny - 258,cutin15s/cold,13888,13975,87,87,4000,0,4,False,True,True,5,5,343.5,3.9,6.2,98.2,2,True
Bad Bunny - 258,cutin15s/second_play,13888,13975,87,87,4000,0,5,False,True,True,5,5,338.1,4.1,5.9,100.0,2,True
Bad Bunny - 258,cutin15s/seeded_correct,13888,13975,87,87,4000,0,5,False,True,True,5,5,334.0,3.9,5.9,100.0,2,True
Bad Bunny - 258,cutin15s/seeded_wrong_2s,13888,13975,87,87,4000,0,4,False,True,True,5,5,341.3,3.8,6.8,98.2,2,True
Bad Bunny - 258,cutin25s/cold,23888,24000,112,112,,0,4,False,True,True,5,5,362.8,4.2,7.0,98.2,2,True
Bad Bunny - 258,cutin25s/second_play,23888,24000,112,112,,0,4,False,True,True,5,5,360.8,4.1,6.4,100.0,2,True
Bad Bunny - 258,cutin25s/seeded_correct,23888,24000,112,112,,0,5,False,True,True,5,5,362.9,4.0,6.8,100.0,2,True
Bad Bunny - 258,cutin25s/seeded_wrong_2s,23888,24000,112,112,,0,5,False,True,True,5,5,356.3,4.2,6.6,98.2,2,True
Bad Bunny - 258,blend8s/cold,-1112,-1025,87,87,20500,0,4,False,True,True,5,5,487.1,4.2,7.8,91.5,2,True
Bad Bunny - 258,blend8s/seeded_correct,-1112,-1000,112,112,,0,3,False,True,True,4,5,495.3,4.3,8.5,100.0,2,True
Bad Bunny - 258,blend8s/seeded_wrong_2s,-1112,-1025,87,87,20500,0,4,False,True,True,5,5,477.8,4.1,7.8,91.5,2,True
Bad Bunny - 258,midshift+1.5s/cold,-1112,-1112,-1500,-1500,,1,3,False,True,True,5,5,574.9,5.4,9.7,20.2,2,False
Bad Bunny - 258,midshift+1.5s/seeded_correct,-1112,-1122,-1510,-1510,,1,4,False,True,True,5,5,558.8,5.4,9.3,24.9,2,False
Bad Bunny - 258,midshift+1.5s/seeded_wrong_2s,-1112,-1122,-1510,-1510,,1,3,False,True,True,5,5,561.2,5.3,9.7,20.2,2,False
Bad Bunny - 258,midshift-1.5s/cold,-1112,-1112,1500,1500,,1,3,False,True,True,5,5,477.3,4.5,7.7,19.9,2,False
Bad Bunny - 258,midshift-1.5s/seeded_correct,-1112,-1122,1490,1490,,1,4,False,True,True,5,5,472.1,4.6,7.8,24.6,2,False
Bad Bunny - 258,midshift-1.5s/seeded_wrong_2s,-1112,-1122,1490,1490,,1,3,False,True,True,5,5,483.9,4.4,8.2,19.9,2,False
Bad Bunny - 258,gap400/cold,-1112,-1025,87,87,11500,0,4,False,True,True,4,5,468.4,4.4,7.6,95.2,2,True
Bad Bunny - 258,gap400/seeded_correct,-1112,-1000,112,112,,0,3,False,True,True,4,5,461.5,4.3,7.6,100.0,2,True
Bad Bunny - 258,gap400/seeded_wrong_2s,-1112,-1000,112,112,,0,3,False,True,True,4,5,468.5,4.4,8.3,95.2,2,True
ACDC - Thunderstruck,off0/cold,-1050,-1046,4,0,37000,2,5,True,True,True,4,20,782.0,5.4,10.3,87.4,1,True
ACDC - Thunderstruck,off0/seeded_correct,-1050,-1046,4,4,37000,1,3,False,True,True,3,20,776.9,5.5,9.9,89.8,1,True
ACDC - Thunderstruck,off0/seeded_wrong_2s,-1050,-1045,5,5,37000,1,3,False,True,True,3,20,776.6,5.5,10.1,87.4,1,True
ACDC - Thunderstruck,off+200/cold,-850,-847,3,0,37000,2,5,True,True,True,4,20,810.0,5.9,10.4,87.4,1,True
ACDC - Thunderstruck,off+200/seeded_correct,-850,-845,5,5,37000,1,3,False,True,True,3,20,870.9,6.3,10.2,89.8,1,True
ACDC - Thunderstruck,off+200/seeded_wrong_2s,-850,-844,6,6,37000,1,3,False,True,True,3,20,937.2,6.7,12.3,87.4,1,True
ACDC - Thunderstruck,off-200/cold,-1250,-1252,-2,-6,26425,1,4,True,True,True,3,20,1096.9,8.2,13.9,91.0,1,True
ACDC - Thunderstruck,off-200/seeded_correct,-1250,-1246,4,4,37000,1,3,False,True,True,3,20,1010.8,7.9,12.3,90.3,1,True
ACDC - Thunderstruck,off-200/seeded_wrong_2s,-1250,-1244,6,6,37000,1,3,False,True,True,3,20,942.4,6.6,12.2,87.4,1,True
ACDC - Thunderstruck,off+2s/cold,950,951,1,0,30650,1,4,True,True,True,3,20,935.0,6.6,12.6,89.5,1,True
ACDC - Thunderstruck,off+2s/seeded_correct,950,954,4,4,37000,1,3,False,True,True,3,20,886.6,6.5,12.0,89.2,1,True
ACDC - Thunderstruck,off+2s/seeded_wrong_2s,950,955,5,5,37000,1,3,False,True,True,3,20,881.3,6.9,11.5,87.3,1,True
ACDC - Thunderstruck,off-2s/cold,-3050,-3053,-3,-6,26425,1,3,True,True,True,3,20,898.4,6.3,11.9,91.1,1,True
ACDC - Thunderstruck,off-2s/seeded_correct,-3050,-3051,-1,-1,41000,1,3,False,True,True,4,20,897.5,6.3,11.8,89.5,1,True
ACDC - Thunderstruck,off-2s/seeded_wrong_2s,-3050,-3052,-2,3575,,2,4,False,True,True,19,20,805.3,8.6,13.4,0.0,2,True
ACDC - Thunderstruck,off+10s/cold,8950,8946,-4,0,41000,0,3,False,False,True,7,20,896.4,7.4,11.6,85.6,0,True
ACDC - Thunderstruck,off+10s/second_play,8950,8959,9,9,37000,1,3,False,True,True,3,20,889.8,6.7,11.8,87.8,1,True
ACDC - Thunderstruck,off+10s/seeded_correct,8950,8958,8,8,37000,1,3,False,True,True,3,20,883.2,7.0,11.8,87.8,1,True
ACDC - Thunderstruck,off+10s/seeded_wrong_2s,8950,8960,10,10,37000,1,3,False,True,True,3,20,872.8,7.1,11.9,87.0,1,True
ACDC - Thunderstruck,off-10s/cold,-11050,-246,10804,10825,,1,1,False,False,False,22,20,642.8,9.9,17.0,0.0,2,False
ACDC - Thunderstruck,off-10s/second_play,-11050,-249,10801,10804,,2,2,False,False,False,22,20,645.4,10.2,18.5,0.0,2,False
ACDC - Thunderstruck,off-10s/seeded_correct,-11050,-11050,0,0,,0,0,False,False,False,20,20,602.2,9.9,16.2,100.0,0,True
ACDC - Thunderstruck,off-10s/seeded_wrong_2s,-11050,-9050,2000,2000,,0,0,False,False,False,20,20,605.1,9.7,16.6,0.0,0,False
ACDC - Thunderstruck,off+25s/cold,23950,23949,-1,0,80000,0,3,False,False,True,6,20,872.6,7.4,12.6,70.2,1,True
ACDC - Thunderstruck,off+25s/second_play,23950,23957,7,7,46000,1,4,False,False,True,4,20,880.9,6.9,12.3,89.3,1,True
ACDC - Thunderstruck,off+25s/seeded_correct,23950,23957,7,7,46000,1,4,False,False,True,4,20,871.5,7.1,11.8,89.3,1,True
ACDC - Thunderstruck,off+25s/seeded_wrong_2s,23950,23960,10,10,46000,1,3,False,False,True,4,20,888.8,7.0,11.7,82.9,1,True
ACDC - Thunderstruck,off-25s/cold,-26050,,,25225,,0,0,False,False,False,22,20,696.1,10.2,16.0,0.0,2,False
ACDC - Thunderstruck,off-25s/second_play,-26050,,,25225,,0,0,False,False,False,22,20,687.4,9.9,17.2,0.0,2,False
ACDC - Thunderstruck,off-25s/seeded_correct,-26050,-26050,0,0,,0,0,False,False,False,20,20,637.6,9.9,14.1,100.0,0,True
ACDC - Thunderstruck,off-25s/seeded_wrong_2s,-26050,-24050,2000,2000,,0,0,False,False,False,20,20,648.8,9.9,14.1,0.0,0,False
ACDC - Thunderstruck,noise0/cold,-1050,-1046,4,0,37000,2,5,True,True,True,4,20,707.2,4.5,10.2,87.4,1,True
ACDC - Thunderstruck,noise0/seeded_correct,-1050,-1045,5,5,37000,1,3,False,True,True,3,20,709.9,5.1,10.5,89.8,1,True
ACDC - Thunderstruck,noise0/seeded_wrong_2s,-1050,-1044,6,6,37000,1,3,False,True,True,3,20,701.8,4.5,9.7,87.4,1,True
ACDC - Thunderstruck,noise-2s/cold,-3050,-3053,-3,-6,26425,1,3,True,True,True,3,20,696.8,4.1,10.2,91.1,1,True
ACDC - Thunderstruck,noise-2s/seeded_correct,-3050,-3051,-1,-1,41000,1,3,False,True,True,4,20,698.2,4.2,10.2,89.5,1,True
ACDC - Thunderstruck,noise-2s/seeded_wrong_2s,-3050,-3053,-3,3575,,2,3,False,True,True,22,20,530.8,7.9,14.8,0.0,2,True
ACDC - Thunderstruck,cutin5s/cold,3950,3954,4,0,22000,1,4,False,True,True,3,20,786.7,5.4,10.9,92.4,1,True
ACDC - Thunderstruck,cutin5s/second_play,3950,3952,2,0,22000,1,4,False,True,True,3,20,766.3,5.2,11.3,93.8,1,True
ACDC - Thunderstruck,cutin5s/seeded_correct,3950,3953,3,0,22000,1,4,False,True,True,3,20,793.3,5.6,12.0,93.8,1,True
ACDC - Thunderstruck,cutin5s/seeded_wrong_2s,3950,3954,4,0,22000,1,4,False,True,True,3,20,798.6,5.6,11.7,92.4,1,True
ACDC - Thunderstruck,cutin15s/cold,13950,13958,8,0,7000,0,2,False,True,True,2,20,598.4,4.4,9.1,97.5,0,True
ACDC - Thunderstruck,cutin15s/second_play,13950,13958,8,8,7000,0,2,False,True,True,2,20,597.3,4.4,9.2,100.0,0,True
ACDC - Thunderstruck,cutin15s/seeded_correct,13950,13956,6,0,7000,0,2,False,True,True,2,20,589.9,4.2,9.0,100.0,0,True
ACDC - Thunderstruck,cutin15s/seeded_wrong_2s,13950,13958,8,0,7000,0,2,False,True,True,2,20,612.7,4.5,9.4,97.5,0,True
ACDC - Thunderstruck,cutin25s/cold,23950,23949,-1,0,4000,0,2,False,True,True,2,20,701.9,5.6,10.3,98.5,0,True
ACDC - Thunderstruck,cutin25s/second_play,23950,23949,-1,-1,4000,0,2,False,True,True,2,20,691.5,5.5,10.0,100.0,0,True
ACDC - Thunderstruck,cutin25s/seeded_correct,23950,23949,-1,0,4000,0,2,False,True,True,2,20,703.6,5.5,10.4,100.0,0,True
ACDC - Thunderstruck,cutin25s/seeded_wrong_2s,23950,23949,-1,0,4000,0,2,False,True,True,2,20,687.4,5.3,10.5,98.5,0,True
ACDC - Thunderstruck,blend8s/cold,-1050,-1051,-1,-3,26425,1,4,True,True,True,3,20,840.2,5.6,11.9,91.0,1,True
ACDC - Thunderstruck,blend8s/seeded_correct,-1050,-1046,4,4,37000,1,3,False,True,True,3,20,828.8,5.4,11.5,89.8,1,True
ACDC - Thunderstruck,blend8s/seeded_wrong_2s,-1050,-1045,5,5,37000,1,3,False,True,True,3,20,858.5,6.0,12.1,87.4,1,True
ACDC - Thunderstruck,midshift+1.5s/cold,-1050,438,-12,0,37000,2,7,True,True,True,7,20,1053.8,7.8,14.0,81.8,2,True
ACDC - Thunderstruck,midshift+1.5s/seeded_correct,-1050,444,-6,0,37000,1,5,False,True,True,6,20,1035.8,7.4,13.4,84.2,2,True
ACDC - Thunderstruck,midshift+1.5s/seeded_wrong_2s,-1050,446,-4,0,37000,1,5,False,True,True,6,20,1003.8,7.9,13.2,81.8,2,True
ACDC - Thunderstruck,midshift-1.5s/cold,-1050,-2551,-1,1500,37000,2,9,True,True,True,16,20,619.9,10.1,14.5,7.8,2,True
ACDC - Thunderstruck,midshift-1.5s/seeded_correct,-1050,-2551,-1,-1,37000,1,5,False,True,True,16,20,615.8,9.4,15.3,77.4,2,True
ACDC - Thunderstruck,midshift-1.5s/seeded_wrong_2s,-1050,-2550,0,1505,37000,1,6,False,True,True,16,20,621.8,9.7,15.2,7.8,2,True
ACDC - Thunderstruck,gap400/cold,-1050,-11,1039,0,37000,3,4,True,True,True,2,20,831.1,5.7,11.1,87.4,1,False
ACDC - Thunderstruck,gap400/seeded_correct,-1050,-1045,5,0,45000,1,3,False,True,True,4,20,824.6,6.0,10.3,87.1,1,True
ACDC - Thunderstruck,gap400/seeded_wrong_2s,-1050,-1044,6,0,45000,1,3,False,True,True,4,20,821.4,5.8,10.6,84.7,1,True
Bad Bunny - LA MuDANZA,off0/cold,-1100,-1092,8,22,10000,0,2,True,True,True,2,8,451.7,4.1,8.5,95.3,0,True
Bad Bunny - LA MuDANZA,off0/seeded_correct,-1100,-1096,4,0,10000,0,5,False,True,False,8,8,239.1,6.9,9.8,100.0,0,True
Bad Bunny - LA MuDANZA,off0/seeded_wrong_2s,-1100,-1096,4,0,10000,0,4,False,True,False,8,8,240.3,6.8,9.8,95.3,0,True
Bad Bunny - LA MuDANZA,off+200/cold,-900,-900,0,-1,10000,0,2,True,True,True,2,8,439.6,4.4,8.4,95.3,0,True
Bad Bunny - LA MuDANZA,off+200/seeded_correct,-900,-897,3,0,10000,0,4,False,True,False,8,8,251.4,7.8,9.7,100.0,0,True
Bad Bunny - LA MuDANZA,off+200/seeded_wrong_2s,-900,-897,3,0,10000,0,5,False,True,False,8,8,245.0,7.2,10.0,95.3,0,True
Bad Bunny - LA MuDANZA,off-200/cold,-1300,-1292,8,19,10000,0,2,True,True,True,2,8,466.8,4.1,9.2,95.3,0,True
Bad Bunny - LA MuDANZA,off-200/seeded_correct,-1300,-1296,4,0,10000,0,4,False,True,False,8,8,233.3,6.7,9.2,100.0,0,True
Bad Bunny - LA MuDANZA,off-200/seeded_wrong_2s,-1300,-1296,4,0,10000,0,6,False,True,False,8,8,254.2,7.6,9.8,95.3,0,True
Bad Bunny - LA MuDANZA,off+2s/cold,900,901,1,0,7000,0,2,True,True,True,2,8,486.1,4.8,9.9,96.7,0,True
Bad Bunny - LA MuDANZA,off+2s/seeded_correct,900,903,3,0,7000,0,4,False,True,False,8,8,241.2,7.4,10.1,100.0,0,True
Bad Bunny - LA MuDANZA,off+2s/seeded_wrong_2s,900,903,3,0,7000,0,5,False,True,False,8,8,244.6,7.3,10.6,96.7,0,True
Bad Bunny - LA MuDANZA,off-2s/cold,-3100,-3092,8,19,11500,0,2,True,True,True,2,8,443.5,3.7,8.3,94.6,0,True
Bad Bunny - LA MuDANZA,off-2s/seeded_correct,-3100,-3098,2,0,11500,0,3,False,True,False,8,8,257.7,7.0,10.8,100.0,0,True
Bad Bunny - LA MuDANZA,off-2s/seeded_wrong_2s,-3100,-3098,2,0,11500,0,3,False,True,False,8,8,251.0,7.0,9.4,94.6,0,True
Bad Bunny - LA MuDANZA,off+10s/cold,8900,8905,5,-8900,,0,4,False,False,False,8,8,245.0,7.6,9.7,0.0,0,True
Bad Bunny - LA MuDANZA,off+10s/second_play,8900,8902,2,4,2500,0,1,False,True,True,2,8,447.5,4.7,9.1,100.0,0,True
Bad Bunny - LA MuDANZA,off+10s/seeded_correct,8900,8901,1,0,2500,0,1,False,True,True,2,8,441.5,4.7,9.3,100.0,0,True
Bad Bunny - LA MuDANZA,off+10s/seeded_wrong_2s,8900,8902,2,0,2500,0,1,False,True,True,2,8,439.2,4.6,8.7,98.8,0,True
Bad Bunny - LA MuDANZA,off-10s/cold,-11100,,,11100,,0,0,False,False,False,8,8,283.0,7.0,10.0,0.0,0,False
Bad Bunny - LA MuDANZA,off-10s/second_play,-11100,,,11100,,0,0,False,False,False,8,8,275.5,6.8,10.0,0.0,0,False
Bad Bunny - LA MuDANZA,off-10s/seeded_correct,-11100,-11100,0,0,,0,0,False,False,False,8,8,276.9,6.8,9.9,100.0,0,True
Bad Bunny - LA MuDANZA,off-10s/seeded_wrong_2s,-11100,-9100,2000,2000,,0,0,False,False,False,8,8,260.6,6.9,9.1,0.0,0,False
Bad Bunny - LA MuDANZA,off+25s/cold,23900,23905,5,-23900,,0,4,False,False,False,8,8,200.9,7.6,13.0,0.0,0,True
Bad Bunny - LA MuDANZA,off+25s/second_play,23900,23902,2,4,2500,0,1,False,True,True,2,8,440.1,5.2,8.5,100.0,0,True
Bad Bunny - LA MuDANZA,off+25s/seeded_correct,23900,23901,1,0,2500,0,1,False,True,True,2,8,425.5,4.8,8.8,100.0,0,True
Bad Bunny - LA MuDANZA,off+25s/seeded_wrong_2s,23900,23902,2,0,2500,0,1,False,True,True,2,8,432.9,4.8,8.9,98.7,0,True
Bad Bunny - LA MuDANZA,off-25s/cold,-26100,,,26100,,0,0,False,False,False,8,8,304.4,6.8,10.9,0.0,0,False
Bad Bunny - LA MuDANZA,off-25s/second_play,-26100,,,26100,,0,0,False,False,False,8,8,290.3,6.7,8.9,0.0,0,False
Bad Bunny - LA MuDANZA,off-25s/seeded_correct,-26100,-26100,0,0,,0,0,False,False,False,8,8,300.8,6.6,9.4,100.0,0,True
Bad Bunny - LA MuDANZA,off-25s/seeded_wrong_2s,-26100,-24100,2000,2000,,0,0,False,False,False,8,8,290.9,6.1,10.7,0.0,0,False
Bad Bunny - LA MuDANZA,noise0/cold,-1100,-1092,8,22,10000,0,2,True,True,True,2,8,356.9,3.2,6.8,95.3,0,True
Bad Bunny - LA MuDANZA,noise0/seeded_correct,-1100,-1096,4,0,10000,0,5,False,True,False,8,8,201.7,6.0,7.6,100.0,0,True
Bad Bunny - LA MuDANZA,noise0/seeded_wrong_2s,-1100,-1096,4,0,10000,0,5,False,True,False,8,8,193.3,5.5,7.8,95.3,0,True
Bad Bunny - LA MuDANZA,noise-2s/cold,-3100,-3081,19,19,11500,0,1,True,True,True,2,8,350.0,3.3,6.5,94.6,0,True
Bad Bunny - LA MuDANZA,noise-2s/seeded_correct,-3100,-3098,2,0,11500,0,3,False,True,False,8,8,195.4,5.4,7.1,100.0,0,True
Bad Bunny - LA MuDANZA,noise-2s/seeded_wrong_2s,-3100,-3098,2,0,11500,0,3,False,True,False,8,8,193.7,5.4,7.3,94.6,0,True
Bad Bunny - LA MuDANZA,cutin5s/cold,3900,3904,4,9,4000,0,4,True,True,True,4,8,366.4,4.0,8.2,98.1,0,True
Bad Bunny - LA MuDANZA,cutin5s/second_play,3900,3902,2,4,4000,0,2,False,True,True,7,8,177.2,5.3,7.5,100.0,0,True
Bad Bunny - LA MuDANZA,cutin5s/seeded_correct,3900,3903,3,0,4000,0,4,False,True,False,8,8,203.2,5.8,12.3,100.0,0,True
Bad Bunny - LA MuDANZA,cutin5s/seeded_wrong_2s,3900,3903,3,0,4000,0,3,False,True,False,8,8,182.6,5.9,9.3,98.1,0,True
Bad Bunny - LA MuDANZA,cutin15s/cold,13900,13903,3,0,4000,0,4,False,True,False,8,8,128.7,5.0,8.0,98.0,0,True
Bad Bunny - LA MuDANZA,cutin15s/second_play,13900,13902,2,2,4000,0,2,False,True,True,7,8,135.8,4.8,8.0,100.0,0,True
Bad Bunny - LA MuDANZA,cutin15s/seeded_correct,13900,13903,3,0,4000,0,6,False,True,False,8,8,121.9,4.8,8.0,100.0,0,True
Bad Bunny - LA MuDANZA,cutin15s/seeded_wrong_2s,13900,13903,3,0,4000,0,4,False,True,False,8,8,123.7,4.9,7.8,98.0,0,True
Bad Bunny - LA MuDANZA,cutin25s/cold,23900,23902,2,0,4000,0,4,False,True,True,7,8,133.4,5.9,8.7,97.9,0,True
Bad Bunny - LA MuDANZA,cutin25s/second_play,23900,23902,2,2,4000,0,4,False,True,True,7,8,131.7,5.9,7.6,100.0,0,True
Bad Bunny - LA MuDANZA,cutin25s/seeded_correct,23900,23901,1,0,4000,0,2,False,True,True,7,8,130.5,6.1,8.9,100.0,0,True
Bad Bunny - LA MuDANZA,cutin25s/seeded_wrong_2s,23900,23902,2,0,4000,0,4,False,True,True,7,8,129.9,6.1,7.5,97.9,0,True
Bad Bunny - LA MuDANZA,blend8s/cold,-1100,-1092,8,22,10000,0,2,True,True,True,2,8,401.0,3.8,6.9,95.3,0,True
Bad Bunny - LA MuDANZA,blend8s/seeded_correct,-1100,-1096,4,0,10000,0,5,False,True,False,8,8,217.3,6.0,8.6,100.0,0,True
Bad Bunny - LA MuDANZA,blend8s/seeded_wrong_2s,-1100,-1096,4,0,10000,0,5,False,True,False,8,8,212.2,5.9,8.7,95.3,0,True
Bad Bunny - LA MuDANZA,midshift+1.5s/cold,-1100,-1094,-1494,0,10000,1,4,True,True,True,3,8,472.0,4.8,8.4,90.5,1,False
Bad Bunny - LA MuDANZA,midshift+1.5s/seeded_correct,-1100,-1100,-1500,0,10000,1,5,False,True,False,9,8,259.0,7.3,13.1,48.9,1,False
Bad Bunny - LA MuDANZA,midshift+1.5s/seeded_wrong_2s,-1100,-1100,-1500,0,10000,1,4,False,True,False,9,8,256.3,7.6,11.6,44.2,1,False
Bad Bunny - LA MuDANZA,midshift-1.5s/cold,-1100,-1089,1511,1511,,1,3,True,True,True,6,8,268.1,4.0,9.9,23.3,2,False
Bad Bunny - LA MuDANZA,midshift-1.5s/seeded_correct,-1100,-1100,1500,0,10000,1,4,False,True,False,9,8,250.4,6.3,12.0,49.6,1,False
Bad Bunny - LA MuDANZA,midshift-1.5s/seeded_wrong_2s,-1100,-1100,1500,1500,,1,3,False,True,False,10,8,258.3,6.7,11.3,23.3,2,False
Bad Bunny - LA MuDANZA,gap400/cold,-1100,-1092,8,22,10000,0,2,True,True,True,2,8,404.9,3.9,7.7,95.3,0,True
Bad Bunny - LA MuDANZA,gap400/seeded_correct,-1100,-1097,3,0,10000,0,5,False,True,False,7,8,220.6,6.5,9.4,100.0,0,True
Bad Bunny - LA MuDANZA,gap400/seeded_wrong_2s,-1100,-1096,4,0,10000,0,4,False,True,False,7,8,225.5,6.7,9.5,95.3,0,True
Bad Bunny - Soy Peor,off0/cold,-938,-940,-2,13,40250,0,6,False,True,True,8,10,547.2,6.0,9.9,84.3,2,True
Bad Bunny - Soy Peor,off0/seeded_correct,-938,-925,13,13,94750,0,3,False,True,True,8,10,434.8,5.6,12.3,67.0,2,True
Bad Bunny - Soy Peor,off0/seeded_wrong_2s,-938,-925,13,13,94750,0,3,False,True,True,8,10,449.8,5.2,12.6,63.1,2,True
Bad Bunny - Soy Peor,off+200/cold,-738,-740,-2,13,40250,0,6,False,True,True,8,10,562.2,5.9,11.0,84.3,2,True
Bad Bunny - Soy Peor,off+200/seeded_correct,-738,-725,13,13,94750,0,3,False,True,True,8,10,423.9,4.9,12.9,66.4,2,True
Bad Bunny - Soy Peor,off+200/seeded_wrong_2s,-738,-725,13,13,94750,0,3,False,True,True,8,10,414.7,5.0,10.3,63.1,2,True
Bad Bunny - Soy Peor,off-200/cold,-1138,-1126,12,13,40250,0,6,False,True,True,9,10,384.2,5.0,10.4,84.3,2,True
Bad Bunny - Soy Peor,off-200/seeded_correct,-1138,-1125,13,13,94750,0,3,False,True,True,8,10,414.2,5.2,10.2,67.0,2,True
Bad Bunny - Soy Peor,off-200/seeded_wrong_2s,-1138,-1125,13,13,94750,0,3,False,True,True,8,10,405.6,5.1,9.7,63.1,2,True
Bad Bunny - Soy Peor,off+2s/cold,1062,1060,-2,13,40250,0,6,False,True,True,8,10,545.7,5.7,9.9,84.2,2,True
Bad Bunny - Soy Peor,off+2s/seeded_correct,1062,1075,13,13,94750,0,3,False,True,True,8,10,414.4,5.0,10.8,65.6,2,True
Bad Bunny - Soy Peor,off+2s/seeded_wrong_2s,1062,1075,13,13,94750,0,3,False,True,True,8,10,421.4,5.5,11.0,62.8,2,True
Bad Bunny - Soy Peor,off-2s/cold,-2938,13700,16638,16638,,2,2,False,True,False,12,10,260.1,8.3,17.6,0.0,2,False
Bad Bunny - Soy Peor,off-2s/seeded_correct,-2938,13700,16638,16638,,1,1,False,True,False,12,10,265.0,8.4,18.1,4.4,2,False
Bad Bunny - Soy Peor,off-2s/seeded_wrong_2s,-2938,13700,16638,16638,,1,1,False,True,False,12,10,269.5,9.2,17.3,0.0,2,False
Bad Bunny - Soy Peor,off+10s/cold,9062,9125,63,63,40250,0,4,False,False,True,11,10,294.1,6.9,14.1,83.7,1,True
Bad Bunny - Soy Peor,off+10s/second_play,9062,9063,1,13,94750,0,5,False,True,True,8,10,510.6,7.0,10.7,62.6,2,True
Bad Bunny - Soy Peor,off+10s/seeded_correct,9062,9067,5,13,94750,0,6,False,True,True,9,10,491.0,7.4,11.8,62.6,2,True
Bad Bunny - Soy Peor,off+10s/seeded_wrong_2s,9062,9125,63,63,94750,0,5,False,True,True,11,10,324.3,7.4,14.4,61.6,2,True
Bad Bunny - Soy Peor,off-10s/cold,-10938,22125,33063,33063,,1,1,False,False,False,12,10,283.1,7.7,14.2,0.0,2,False
Bad Bunny - Soy Peor,off-10s/second_play,-10938,22125,33063,33063,,1,1,False,False,False,12,10,289.6,8.1,15.7,0.0,2,False
Bad Bunny - Soy Peor,off-10s/seeded_correct,-10938,22125,33063,33063,,1,1,False,True,False,12,10,290.3,8.6,16.0,7.1,2,False
Bad Bunny - Soy Peor,off-10s/seeded_wrong_2s,-10938,22125,33063,33063,,1,1,False,True,False,12,10,284.7,8.3,16.2,0.0,2,False
Bad Bunny - Soy Peor,off+25s/cold,24062,24125,63,63,40250,0,4,False,False,True,11,10,201.5,3.2,16.2,82.6,1,True
Bad Bunny - Soy Peor,off+25s/second_play,24062,24062,0,13,2500,0,4,False,True,True,6,10,517.9,6.3,10.2,100.0,2,True
Bad Bunny - Soy Peor,off+25s/seeded_correct,24062,24061,-1,13,2500,0,4,False,True,True,6,10,505.1,6.2,10.9,100.0,2,True
Bad Bunny - Soy Peor,off+25s/seeded_wrong_2s,24062,24057,-5,13,2500,0,4,False,True,True,7,10,500.8,6.7,10.0,98.9,2,True
Bad Bunny - Soy Peor,off-25s/cold,-25938,7142,33080,49688,,3,3,False,False,False,12,10,322.6,8.6,13.9,0.0,2,False
Bad Bunny - Soy Peor,off-25s/second_play,-25938,7125,33063,33063,,1,1,False,False,True,12,10,341.0,8.4,12.9,0.0,2,False
Bad Bunny - Soy Peor,off-25s/seeded_correct,-25938,7142,33080,49688,,3,3,False,False,False,12,10,319.3,8.0,13.3,33.6,2,False
Bad Bunny - Soy Peor,off-25s/seeded_wrong_2s,-25938,7142,33080,49688,,3,3,False,False,False,12,10,327.0,8.6,14.1,0.0,2,False
Bad Bunny - Soy Peor,noise0/cold,-938,-959,-21,-12,50000,0,6,False,True,True,8,10,459.2,5.2,8.8,80.5,2,True
Bad Bunny - Soy Peor,noise0/seeded_correct,-938,-959,-21,-12,50000,0,5,False,True,True,8,10,464.7,5.1,9.1,83.3,2,True
Bad Bunny - Soy Peor,noise0/seeded_wrong_2s,-938,-940,-2,13,50000,0,5,False,True,True,11,10,382.6,6.1,10.0,80.5,2,True
Bad Bunny - Soy Peor,noise-2s/cold,-2938,13700,16638,16638,,2,2,False,True,False,12,10,228.0,7.6,15.1,0.0,2,False
Bad Bunny - Soy Peor,noise-2s/seeded_correct,-2938,13700,16638,16638,,1,1,False,True,False,12,10,226.9,7.6,14.3,3.9,2,False
Bad Bunny - Soy Peor,noise-2s/seeded_wrong_2s,-2938,13700,16638,16638,,1,1,False,True,False,12,10,237.0,8.2,15.3,0.0,2,False
Bad Bunny - Soy Peor,cutin5s/cold,4062,4058,-4,13,40250,0,5,False,True,True,8,10,496.7,5.8,10.5,84.0,2,True
Bad Bunny - Soy Peor,cutin5s/second_play,4062,4075,13,13,94750,0,4,False,True,True,7,10,333.6,4.6,10.5,64.0,1,True
Bad Bunny - Soy Peor,cutin5s/seeded_correct,4062,4075,13,13,94750,0,4,False,True,True,7,10,338.4,4.4,9.7,64.0,1,True
Bad Bunny - Soy Peor,cutin5s/seeded_wrong_2s,4062,4075,13,13,94750,0,4,False,True,True,7,10,339.1,4.5,10.6,62.4,1,True
Bad Bunny - Soy Peor,cutin15s/cold,14062,14075,13,13,40250,0,4,False,True,True,9,10,260.8,3.6,8.5,83.4,2,True
Bad Bunny - Soy Peor,cutin15s/second_play,14062,14125,63,63,94750,0,6,False,True,True,9,10,278.5,3.8,10.8,62.5,2,True
Bad Bunny - Soy Peor,cutin15s/seeded_correct,14062,14125,63,63,94750,0,6,False,True,True,9,10,282.5,3.7,10.3,62.5,2,True
Bad Bunny - Soy Peor,cutin15s/seeded_wrong_2s,14062,14075,13,13,94750,0,4,False,True,True,8,10,231.9,3.6,9.4,60.8,1,True
Bad Bunny - Soy Peor,cutin25s/cold,24062,24058,-4,13,4000,0,3,False,True,True,7,10,436.0,5.3,8.9,98.3,2,True
Bad Bunny - Soy Peor,cutin25s/second_play,24062,24125,63,63,4000,0,5,False,True,True,8,10,288.5,4.7,8.7,100.0,2,True
Bad Bunny - Soy Peor,cutin25s/seeded_correct,24062,24125,63,63,4000,0,5,False,True,True,8,10,301.4,4.8,11.2,100.0,2,True
Bad Bunny - Soy Peor,cutin25s/seeded_wrong_2s,24062,24125,63,63,4000,0,6,False,True,True,8,10,300.6,4.6,10.1,98.3,2,True
Bad Bunny - Soy Peor,blend8s/cold,-938,-940,-2,13,26000,0,6,False,False,True,8,10,550.8,5.2,9.7,89.9,2,True
Bad Bunny - Soy Peor,blend8s/seeded_correct,-938,-981,-43,-43,26000,0,4,False,False,True,8,10,424.7,4.6,10.4,100.0,2,True
Bad Bunny - Soy Peor,blend8s/seeded_wrong_2s,-938,-925,13,13,40250,0,6,False,False,True,9,10,404.8,4.5,10.5,84.3,2,True
Bad Bunny - Soy Peor,midshift+1.5s/cold,-938,625,63,63,40250,0,7,False,True,True,12,10,406.0,8.3,15.8,70.6,2,True
Bad Bunny - Soy Peor,midshift+1.5s/seeded_correct,-938,575,13,13,94750,0,3,False,True,True,8,10,482.1,5.9,11.6,66.8,2,True
Bad Bunny - Soy Peor,midshift+1.5s/seeded_wrong_2s,-938,575,13,13,94750,0,3,False,True,True,8,10,490.5,6.2,11.9,62.9,2,True
Bad Bunny - Soy Peor,midshift-1.5s/cold,-938,-997,1441,13,40250,0,2,False,True,True,11,10,309.5,7.0,18.3,43.5,2,False
Bad Bunny - Soy Peor,midshift-1.5s/seeded_correct,-938,-1000,1438,13,165750,0,1,False,True,False,11,10,275.4,9.5,18.7,39.7,1,False
Bad Bunny - Soy Peor,midshift-1.5s/seeded_wrong_2s,-938,-1002,1436,13,165750,0,1,False,True,False,11,10,276.0,9.8,19.8,35.8,1,False
Bad Bunny - Soy Peor,gap400/cold,-938,-956,-18,-18,44500,0,3,False,True,True,8,10,347.5,5.9,11.3,82.7,2,True
Bad Bunny - Soy Peor,gap400/seeded_correct,-938,-908,30,16638,,1,6,False,True,True,10,10,378.3,7.3,13.3,42.6,2,True
Bad Bunny - Soy Peor,gap400/seeded_wrong_2s,-938,-910,28,16638,,1,5,False,True,True,11,10,324.9,7.2,14.7,38.7,2,True
Bad Bunny - BATICANO,off0/cold,-1031,-975,56,56,8500,0,3,False,True,True,7,11,601.5,5.1,9.4,96.7,2,True
Bad Bunny - BATICANO,off0/seeded_correct,-1031,-1005,26,56,8500,0,4,False,True,True,8,11,428.9,6.3,10.2,100.0,2,True
Bad Bunny - BATICANO,off0/seeded_wrong_2s,-1031,-1016,15,56,8500,0,4,False,True,True,10,11,443.9,7.1,10.3,96.7,2,True
Bad Bunny - BATICANO,off+200/cold,-831,-818,13,56,8500,0,5,False,True,True,11,11,437.1,6.7,10.9,96.7,2,True
Bad Bunny - BATICANO,off+200/seeded_correct,-831,-805,26,56,8500,0,5,False,True,True,8,11,431.5,6.1,9.8,100.0,2,True
Bad Bunny - BATICANO,off+200/seeded_wrong_2s,-831,-806,25,56,8500,0,5,False,True,True,9,11,434.3,6.4,10.2,96.7,2,True
Bad Bunny - BATICANO,off-200/cold,-1231,-1210,21,106,,0,3,False,True,True,7,11,588.0,4.5,9.6,96.7,2,True
Bad Bunny - BATICANO,off-200/seeded_correct,-1231,-1204,27,56,8500,0,4,False,True,True,9,11,423.4,6.5,9.9,100.0,2,True
Bad Bunny - BATICANO,off-200/seeded_wrong_2s,-1231,-1215,16,56,8500,0,4,False,True,True,10,11,437.9,6.8,10.4,96.7,2,True
Bad Bunny - BATICANO,off+2s/cold,969,1025,56,56,7000,0,4,False,True,True,7,11,599.0,5.0,9.0,97.2,2,True
Bad Bunny - BATICANO,off+2s/seeded_correct,969,995,26,56,7000,0,5,False,True,True,8,11,433.4,6.2,10.4,100.0,2,True
Bad Bunny - BATICANO,off+2s/seeded_wrong_2s,969,994,25,56,7000,0,5,False,True,True,9,11,451.7,6.9,10.5,97.2,2,True
Bad Bunny - BATICANO,off-2s/cold,-3031,-2975,56,6,11500,0,2,False,True,True,8,11,589.1,5.5,9.0,95.5,2,True
Bad Bunny - BATICANO,off-2s/seeded_correct,-3031,-2975,56,56,11500,0,1,False,True,True,9,11,422.4,6.5,9.8,100.0,2,True
Bad Bunny - BATICANO,off-2s/seeded_wrong_2s,-3031,-2975,56,56,11500,0,2,False,True,True,10,11,418.9,6.9,10.3,95.5,2,True
Bad Bunny - BATICANO,off+10s/cold,8969,8982,13,-8969,,0,5,False,False,False,11,11,371.1,7.4,11.0,0.0,0,True
Bad Bunny - BATICANO,off+10s/second_play,8969,9025,56,56,2500,0,4,False,True,True,5,11,582.8,5.4,9.1,100.0,2,True
Bad Bunny - BATICANO,off+10s/seeded_correct,8969,8983,14,56,2500,0,8,False,True,True,10,11,408.9,6.7,12.2,100.0,2,True
Bad Bunny - BATICANO,off+10s/seeded_wrong_2s,8969,8983,14,56,2500,0,7,False,True,True,11,11,403.7,7.0,11.3,99.0,2,True
Bad Bunny - BATICANO,off-10s/cold,-11031,,,11031,,0,0,False,False,False,11,11,409.2,7.0,10.2,0.0,0,False
Bad Bunny - BATICANO,off-10s/second_play,-11031,,,11031,,0,0,False,False,False,11,11,402.2,6.9,10.6,0.0,0,False
Bad Bunny - BATICANO,off-10s/seeded_correct,-11031,-11031,0,0,,0,0,False,False,False,11,11,410.6,7.1,10.3,100.0,0,True
Bad Bunny - BATICANO,off-10s/seeded_wrong_2s,-11031,-9031,2000,2000,,0,0,False,False,False,11,11,393.5,7.0,9.9,0.0,0,False
Bad Bunny - BATICANO,off+25s/cold,23969,23982,13,-23969,,0,5,False,False,False,11,11,328.7,7.6,11.8,0.0,0,True
Bad Bunny - BATICANO,off+25s/second_play,23969,23998,29,56,2500,0,5,False,True,True,6,11,543.5,5.5,9.0,100.0,2,True
Bad Bunny - BATICANO,off+25s/seeded_correct,23969,24025,56,56,2500,0,4,False,True,True,5,11,555.1,5.3,9.1,100.0,2,True
Bad Bunny - BATICANO,off+25s/seeded_wrong_2s,23969,24025,56,56,2500,0,5,False,True,True,7,11,540.4,5.2,9.3,98.9,2,True
Bad Bunny - BATICANO,off-25s/cold,-26031,,,26031,,0,0,False,False,False,11,11,423.6,6.7,10.0,0.0,0,False
Bad Bunny - BATICANO,off-25s/second_play,-26031,,,26031,,0,0,False,False,False,11,11,420.6,6.6,10.0,0.0,0,False
Bad Bunny - BATICANO,off-25s/seeded_correct,-26031,-26031,0,0,,0,0,False,False,False,11,11,427.5,6.8,10.3,100.0,0,True
Bad Bunny - BATICANO,off-25s/seeded_wrong_2s,-26031,-24031,2000,2000,,0,0,False,False,False,11,11,415.0,6.6,9.7,0.0,0,False
Bad Bunny - BATICANO,noise0/cold,-1031,-975,56,56,8500,0,3,False,True,True,7,11,502.1,4.2,7.8,96.7,2,True
Bad Bunny - BATICANO,noise0/seeded_correct,-1031,-1004,27,56,8500,0,5,False,True,True,8,11,367.3,5.7,9.2,100.0,2,True
Bad Bunny - BATICANO,noise0/seeded_wrong_2s,-1031,-1016,15,56,8500,0,4,False,True,True,10,11,375.2,5.8,10.0,96.7,2,True
Bad Bunny - BATICANO,noise-2s/cold,-3031,-2975,56,6,11500,0,2,False,True,True,8,11,475.9,4.5,7.9,95.5,2,True
Bad Bunny - BATICANO,noise-2s/seeded_correct,-3031,-2975,56,56,11500,0,1,False,True,True,9,11,380.5,5.1,10.3,100.0,2,True
Bad Bunny - BATICANO,noise-2s/seeded_wrong_2s,-3031,-2975,56,56,11500,0,2,False,True,True,10,11,375.8,5.9,11.5,95.5,2,True
Bad Bunny - BATICANO,cutin5s/cold,3969,3974,5,-69,4000,0,5,False,True,False,13,11,356.0,6.6,11.6,98.4,2,True
Bad Bunny - BATICANO,cutin5s/second_play,3969,3975,6,81,4000,0,8,False,True,False,12,11,351.8,7.0,11.0,100.0,1,True
Bad Bunny - BATICANO,cutin5s/seeded_correct,3969,3976,7,81,4000,0,8,False,True,False,12,11,343.7,7.0,11.5,100.0,1,True
Bad Bunny - BATICANO,cutin5s/seeded_wrong_2s,3969,3976,7,81,4000,0,7,False,True,False,12,11,336.0,6.8,10.9,98.4,1,True
Bad Bunny - BATICANO,cutin15s/cold,13969,14100,131,-69,4000,0,5,False,True,False,13,11,270.6,5.7,10.4,98.3,2,True
Bad Bunny - BATICANO,cutin15s/second_play,13969,14125,156,156,,0,8,False,True,False,13,11,273.3,5.9,10.2,100.0,2,True
Bad Bunny - BATICANO,cutin15s/seeded_correct,13969,14125,156,156,,0,8,False,True,False,13,11,269.7,5.7,10.0,100.0,2,True
Bad Bunny - BATICANO,cutin15s/seeded_wrong_2s,13969,14125,156,156,,0,7,False,True,False,13,11,268.7,5.6,10.5,98.3,2,True
Bad Bunny - BATICANO,cutin25s/cold,23969,23947,-22,-44,4000,0,4,False,True,False,13,11,278.4,6.5,13.7,98.3,2,True
Bad Bunny - BATICANO,cutin25s/second_play,23969,24100,131,131,,0,5,False,True,False,13,11,274.3,6.4,12.3,100.0,2,True
Bad Bunny - BATICANO,cutin25s/seeded_correct,23969,24100,131,131,,0,6,False,True,False,13,11,272.8,6.4,12.5,100.0,2,True
Bad Bunny - BATICANO,cutin25s/seeded_wrong_2s,23969,24100,131,131,,0,5,False,True,False,13,11,271.0,6.4,12.1,98.3,2,True
Bad Bunny - BATICANO,blend8s/cold,-1031,-975,56,56,14500,0,3,False,True,True,7,11,550.0,4.3,8.6,94.3,2,True
Bad Bunny - BATICANO,blend8s/seeded_correct,-1031,-1004,27,56,14500,0,5,False,True,True,9,11,407.5,6.1,9.8,100.0,2,True
Bad Bunny - BATICANO,blend8s/seeded_wrong_2s,-1031,-1015,16,56,14500,0,4,False,True,True,10,11,421.5,6.0,10.2,94.3,2,True
Bad Bunny - BATICANO,midshift+1.5s/cold,-1031,490,21,56,8500,0,6,False,True,True,12,11,558.8,10.0,15.6,88.0,2,True
Bad Bunny - BATICANO,midshift+1.5s/seeded_correct,-1031,492,23,56,86500,0,7,False,True,True,10,11,470.9,7.8,12.7,89.5,2,True
Bad Bunny - BATICANO,midshift+1.5s/seeded_wrong_2s,-1031,492,23,56,8500,0,7,False,True,True,12,11,454.7,7.8,13.6,86.2,2,True
Bad Bunny - BATICANO,midshift-1.5s/cold,-1031,-2475,56,56,8500,0,3,False,True,True,11,11,426.6,6.7,13.4,49.1,2,True
Bad Bunny - BATICANO,midshift-1.5s/seeded_correct,-1031,-2475,56,56,8500,0,2,False,True,True,9,11,401.9,6.7,10.2,52.4,2,True
Bad Bunny - BATICANO,midshift-1.5s/seeded_wrong_2s,-1031,-1081,1450,1450,8500,1,2,False,True,True,11,11,416.3,6.7,11.2,20.1,2,False
Bad Bunny - BATICANO,gap400/cold,-1031,-975,56,56,8500,0,3,False,True,True,7,11,545.9,4.7,8.5,96.7,2,True
Bad Bunny - BATICANO,gap400/seeded_correct,-1031,-1005,26,56,8500,0,4,False,True,True,8,11,496.0,7.2,11.8,100.0,2,True
Bad Bunny - BATICANO,gap400/seeded_wrong_2s,-1031,-1016,15,56,8500,0,4,False,True,True,10,11,484.8,7.2,12.8,96.7,2,True
"Arcángel, Bad Bunny, Mambo Kingz, DJ Luian - Tu No Vive Asi (feat. Mambo Kingz & DJ Luian)",off0/cold,-2183,5864,8047,8083,,5,5,False,False,True,10,18,633.7,5.9,11.1,0.0,2,False
"Arcángel, Bad Bunny, Mambo Kingz, DJ Luian - Tu No Vive Asi (feat. Mambo Kingz & DJ Luian)",off0/seeded_correct,-2183,5864,8047,8083,,4,6,False,False,True,16,18,590.9,6.9,11.3,44.8,2,False
"Arcángel, Bad Bunny, Mambo Kingz, DJ Luian - Tu No Vive Asi (feat. Mambo Kingz & DJ Luian)",off0/seeded_wrong_2s,-2183,5856,8039,8058,,8,8,False,False,True,16,18,667.1,7.2,10.8,0.0,2,False
"Arcángel, Bad Bunny, Mambo Kingz, DJ Luian - Tu No Vive Asi (feat. Mambo Kingz & DJ Luian)",off+200/cold,-1983,6064,8047,8083,,5,5,False,False,True,10,18,622.8,5.7,11.3,0.0,2,False
"Arcángel, Bad Bunny, Mambo Kingz, DJ Luian - Tu No Vive Asi (feat. Mambo Kingz & DJ Luian)",off+200/seeded_correct,-1983,6042,8025,8058,,4,6,False,False,True,15,18,685.6,7.2,11.6,44.8,2,False
"Arcángel, Bad Bunny, Mambo Kingz, DJ Luian - Tu No Vive Asi (feat. Mambo Kingz & DJ Luian)",off+200/seeded_wrong_2s,-1983,6056,8039,8058,,8,8,False,False,True,16,18,678.0,7.1,11.6,0.0,2,False
"Arcángel, Bad Bunny, Mambo Kingz, DJ Luian - Tu No Vive Asi (feat. Mambo Kingz & DJ Luian)",off-200/cold,-2383,5700,8083,8083,,5,5,False,False,True,10,18,613.7,5.9,10.4,0.0,2,False
"Arcángel, Bad Bunny, Mambo Kingz, DJ Luian - Tu No Vive Asi (feat. Mambo Kingz & DJ Luian)",off-200/seeded_correct,-2383,5700,8083,8083,,3,4,False,False,True,15,18,586.8,6.4,10.9,42.9,2,False
"Arcángel, Bad Bunny, Mambo Kingz, DJ Luian - Tu No Vive Asi (feat. Mambo Kingz & DJ Luian)",off-200/seeded_wrong_2s,-2383,5656,8039,8058,,8,8,False,False,True,16,18,650.9,6.9,10.5,0.0,2,False
"Arcángel, Bad Bunny, Mambo Kingz, DJ Luian - Tu No Vive Asi (feat. Mambo Kingz & DJ Luian)",off+2s/cold,-183,7859,8042,8083,,4,5,False,False,True,11,18,638.6,5.6,12.6,24.0,2,False
"Arcángel, Bad Bunny, Mambo Kingz, DJ Luian - Tu No Vive Asi (feat. Mambo Kingz & DJ Luian)",off+2s/seeded_correct,-183,7775,7958,7958,,3,4,False,False,True,11,18,624.5,6.0,11.1,46.0,2,False
"Arcángel, Bad Bunny, Mambo Kingz, DJ Luian - Tu No Vive Asi (feat. Mambo Kingz & DJ Luian)",off+2s/seeded_wrong_2s,-183,7816,7999,8083,,3,4,False,False,False,20,18,509.2,8.6,17.1,31.7,2,False
"Arcángel, Bad Bunny, Mambo Kingz, DJ Luian - Tu No Vive Asi (feat. Mambo Kingz & DJ Luian)",off-2s/cold,-4183,3831,8014,8058,,5,5,True,False,True,8,18,710.8,5.6,10.3,0.0,2,False
"Arcángel, Bad Bunny, Mambo Kingz, DJ Luian - Tu No Vive Asi (feat. Mambo Kingz & DJ Luian)",off-2s/seeded_correct,-4183,3900,8083,8083,,5,5,False,False,True,16,18,606.6,7.1,11.4,32.2,2,False
"Arcángel, Bad Bunny, Mambo Kingz, DJ Luian - Tu No Vive Asi (feat. Mambo Kingz & DJ Luian)",off-2s/seeded_wrong_2s,-4183,3862,8045,8058,,7,7,False,False,True,15,18,692.0,6.7,11.0,0.0,2,False
"Arcángel, Bad Bunny, Mambo Kingz, DJ Luian - Tu No Vive Asi (feat. Mambo Kingz & DJ Luian)",off+10s/cold,7817,15835,8018,8058,,6,6,False,False,True,8,18,686.5,5.4,11.2,0.0,2,False
"Arcángel, Bad Bunny, Mambo Kingz, DJ Luian - Tu No Vive Asi (feat. Mambo Kingz & DJ Luian)",off+10s/second_play,7817,15843,8026,8058,,4,4,False,True,True,4,18,662.8,5.5,10.7,0.0,2,False
"Arcángel, Bad Bunny, Mambo Kingz, DJ Luian - Tu No Vive Asi (feat. Mambo Kingz & DJ Luian)",off+10s/seeded_correct,7817,15769,7952,7958,,4,5,False,False,True,9,18,684.4,6.0,10.1,44.3,2,False
"Arcángel, Bad Bunny, Mambo Kingz, DJ Luian - Tu No Vive Asi (feat. Mambo Kingz & DJ Luian)",off+10s/seeded_wrong_2s,7817,15841,8024,8258,,3,4,False,False,False,20,18,507.2,9.0,17.5,32.7,2,False
"Arcángel, Bad Bunny, Mambo Kingz, DJ Luian - Tu No Vive Asi (feat. Mambo Kingz & DJ Luian)",off-10s/cold,-12183,-4251,7932,8058,,4,4,True,False,True,8,18,703.4,6.1,10.5,0.0,2,False
"Arcángel, Bad Bunny, Mambo Kingz, DJ Luian - Tu No Vive Asi (feat. Mambo Kingz & DJ Luian)",off-10s/second_play,-12183,-4268,7915,40958,,8,8,False,True,True,18,18,531.4,8.5,13.9,0.0,2,False
"Arcángel, Bad Bunny, Mambo Kingz, DJ Luian - Tu No Vive Asi (feat. Mambo Kingz & DJ Luian)",off-10s/seeded_correct,-12183,3781,15964,15958,,5,5,False,False,True,18,18,551.9,8.2,13.6,22.9,2,False
"Arcángel, Bad Bunny, Mambo Kingz, DJ Luian - Tu No Vive Asi (feat. Mambo Kingz & DJ Luian)",off-10s/seeded_wrong_2s,-12183,3781,15964,15958,,5,5,False,False,True,18,18,561.8,8.4,13.5,0.0,2,False
"Arcángel, Bad Bunny, Mambo Kingz, DJ Luian - Tu No Vive Asi (feat. Mambo Kingz & DJ Luian)",off+25s/cold,22817,-1250,-24067,-15717,,2,2,False,False,True,13,18,495.9,5.9,17.7,0.0,2,False
"Arcángel, Bad Bunny, Mambo Kingz, DJ Luian - Tu No Vive Asi (feat. Mambo Kingz & DJ Luian)",off+25s/second_play,22817,-1256,-24073,-15717,,4,4,False,False,True,18,18,490.2,8.9,17.5,0.0,2,False
"Arcángel, Bad Bunny, Mambo Kingz, DJ Luian - Tu No Vive Asi (feat. Mambo Kingz & DJ Luian)",off+25s/seeded_correct,22817,22800,-17,-17,26000,0,3,False,False,True,15,18,518.8,6.2,17.3,100.0,2,True
"Arcángel, Bad Bunny, Mambo Kingz, DJ Luian - Tu No Vive Asi (feat. Mambo Kingz & DJ Luian)",off+25s/seeded_wrong_2s,22817,22750,-67,333,,0,1,False,False,False,20,18,479.2,9.4,18.3,52.9,2,True
"Arcángel, Bad Bunny, Mambo Kingz, DJ Luian - Tu No Vive Asi (feat. Mambo Kingz & DJ Luian)",off-25s/cold,-27183,12875,40058,40058,,4,4,False,False,True,20,18,554.0,8.6,15.0,0.0,2,False
"Arcángel, Bad Bunny, Mambo Kingz, DJ Luian - Tu No Vive Asi (feat. Mambo Kingz & DJ Luian)",off-25s/second_play,-27183,12875,40058,40058,,4,4,False,False,True,20,18,548.9,8.6,13.3,0.0,2,False
"Arcángel, Bad Bunny, Mambo Kingz, DJ Luian - Tu No Vive Asi (feat. Mambo Kingz & DJ Luian)",off-25s/seeded_correct,-27183,12875,40058,40058,,4,4,False,False,True,20,18,560.1,8.6,14.3,21.7,2,False
"Arcángel, Bad Bunny, Mambo Kingz, DJ Luian - Tu No Vive Asi (feat. Mambo Kingz & DJ Luian)",off-25s/seeded_wrong_2s,-27183,12875,40058,40058,,4,4,False,False,True,20,18,541.7,8.7,12.6,0.0,2,False
"Arcángel, Bad Bunny, Mambo Kingz, DJ Luian - Tu No Vive Asi (feat. Mambo Kingz & DJ Luian)",noise0/cold,-2183,5864,8047,8083,,5,5,False,False,True,10,18,496.7,4.0,9.1,0.0,2,False
"Arcángel, Bad Bunny, Mambo Kingz, DJ Luian - Tu No Vive Asi (feat. Mambo Kingz & DJ Luian)",noise0/seeded_correct,-2183,5864,8047,8083,,4,6,False,False,True,16,18,466.3,5.1,9.7,44.8,2,False
"Arcángel, Bad Bunny, Mambo Kingz, DJ Luian - Tu No Vive Asi (feat. Mambo Kingz & DJ Luian)",noise0/seeded_wrong_2s,-2183,5856,8039,8058,,8,8,False,False,True,16,18,539.7,5.2,10.2,0.0,2,False
"Arcángel, Bad Bunny, Mambo Kingz, DJ Luian - Tu No Vive Asi (feat. Mambo Kingz & DJ Luian)",noise-2s/cold,-4183,3826,8009,8058,,5,5,True,False,True,8,18,565.4,4.1,9.4,0.0,2,False
"Arcángel, Bad Bunny, Mambo Kingz, DJ Luian - Tu No Vive Asi (feat. Mambo Kingz & DJ Luian)",noise-2s/seeded_correct,-4183,3900,8083,8083,,4,4,False,False,True,16,18,473.7,4.8,9.4,32.2,2,False
"Arcángel, Bad Bunny, Mambo Kingz, DJ Luian - Tu No Vive Asi (feat. Mambo Kingz & DJ Luian)",noise-2s/seeded_wrong_2s,-4183,3862,8045,8058,,7,7,False,False,True,15,18,537.6,5.1,9.3,0.0,2,False
"Arcángel, Bad Bunny, Mambo Kingz, DJ Luian - Tu No Vive Asi (feat. Mambo Kingz & DJ Luian)",cutin5s/cold,2817,10824,8007,8058,,6,6,False,False,True,14,18,553.2,5.3,10.7,0.0,2,False
"Arcángel, Bad Bunny, Mambo Kingz, DJ Luian - Tu No Vive Asi (feat. Mambo Kingz & DJ Luian)",cutin5s/second_play,2817,10840,8023,8058,,5,5,False,True,True,5,18,556.7,4.9,10.2,0.0,2,False
"Arcángel, Bad Bunny, Mambo Kingz, DJ Luian - Tu No Vive Asi (feat. Mambo Kingz & DJ Luian)",cutin5s/seeded_correct,2817,10854,8037,8058,,4,5,False,False,True,12,18,492.2,5.3,12.2,45.8,2,False
"Arcángel, Bad Bunny, Mambo Kingz, DJ Luian - Tu No Vive Asi (feat. Mambo Kingz & DJ Luian)",cutin5s/seeded_wrong_2s,2817,10850,8033,8058,,5,5,False,False,True,15,18,554.0,5.4,11.1,0.0,2,False
"Arcángel, Bad Bunny, Mambo Kingz, DJ Luian - Tu No Vive Asi (feat. Mambo Kingz & DJ Luian)",cutin15s/cold,12817,20825,8008,8058,,5,5,False,False,True,14,18,403.0,4.2,8.0,0.0,2,False
"Arcángel, Bad Bunny, Mambo Kingz, DJ Luian - Tu No Vive Asi (feat. Mambo Kingz & DJ Luian)",cutin15s/second_play,12817,20840,8023,8058,,5,5,False,True,True,5,18,355.4,3.0,7.5,0.0,2,False
"Arcángel, Bad Bunny, Mambo Kingz, DJ Luian - Tu No Vive Asi (feat. Mambo Kingz & DJ Luian)",cutin15s/seeded_correct,12817,20762,7945,7958,,4,5,False,False,True,10,18,436.0,4.5,8.5,43.6,2,False
"Arcángel, Bad Bunny, Mambo Kingz, DJ Luian - Tu No Vive Asi (feat. Mambo Kingz & DJ Luian)",cutin15s/seeded_wrong_2s,12817,20827,8010,8058,,5,5,False,False,True,14,18,388.1,4.3,8.4,0.0,2,False
"Arcángel, Bad Bunny, Mambo Kingz, DJ Luian - Tu No Vive Asi (feat. Mambo Kingz & DJ Luian)",cutin25s/cold,22817,22800,-17,-67,8500,0,4,False,True,True,15,18,372.2,5.4,12.1,96.4,2,True
"Arcángel, Bad Bunny, Mambo Kingz, DJ Luian - Tu No Vive Asi (feat. Mambo Kingz & DJ Luian)",cutin25s/second_play,22817,22800,-17,-17,159750,2,4,False,True,True,9,18,395.4,3.9,12.7,47.8,2,True
"Arcángel, Bad Bunny, Mambo Kingz, DJ Luian - Tu No Vive Asi (feat. Mambo Kingz & DJ Luian)",cutin25s/seeded_correct,22817,22800,-17,-17,159750,2,4,False,True,True,9,18,377.8,4.1,12.2,47.8,2,True
"Arcángel, Bad Bunny, Mambo Kingz, DJ Luian - Tu No Vive Asi (feat. Mambo Kingz & DJ Luian)",cutin25s/seeded_wrong_2s,22817,22800,-17,7933,,2,4,False,True,True,11,18,372.8,4.5,12.9,13.9,2,True
"Arcángel, Bad Bunny, Mambo Kingz, DJ Luian - Tu No Vive Asi (feat. Mambo Kingz & DJ Luian)",blend8s/cold,-2183,5864,8047,8083,,5,5,False,False,True,10,18,556.5,4.9,10.5,0.0,2,False
"Arcángel, Bad Bunny, Mambo Kingz, DJ Luian - Tu No Vive Asi (feat. Mambo Kingz & DJ Luian)",blend8s/seeded_correct,-2183,5864,8047,8083,,4,6,False,False,True,16,18,543.2,6.0,11.2,44.8,2,False
"Arcángel, Bad Bunny, Mambo Kingz, DJ Luian - Tu No Vive Asi (feat. Mambo Kingz & DJ Luian)",blend8s/seeded_wrong_2s,-2183,5856,8039,8058,,8,8,False,False,True,16,18,613.3,6.4,10.7,0.0,2,False
"Arcángel, Bad Bunny, Mambo Kingz, DJ Luian - Tu No Vive Asi (feat. Mambo Kingz & DJ Luian)",midshift+1.5s/cold,-2183,7251,7934,7958,,5,5,False,False,True,14,18,760.3,8.0,12.7,0.0,2,False
"Arcángel, Bad Bunny, Mambo Kingz, DJ Luian - Tu No Vive Asi (feat. Mambo Kingz & DJ Luian)",midshift+1.5s/seeded_correct,-2183,7400,8083,8083,,4,6,False,False,True,19,18,562.7,9.5,16.8,38.7,2,False
"Arcángel, Bad Bunny, Mambo Kingz, DJ Luian - Tu No Vive Asi (feat. Mambo Kingz & DJ Luian)",midshift+1.5s/seeded_wrong_2s,-2183,7298,7981,8258,,6,6,False,False,False,20,18,645.8,9.9,19.2,0.0,2,False
"Arcángel, Bad Bunny, Mambo Kingz, DJ Luian - Tu No Vive Asi (feat. Mambo Kingz & DJ Luian)",midshift-1.5s/cold,-2183,4348,8031,8058,,5,5,False,False,True,13,18,681.4,6.7,11.2,0.0,2,False
"Arcángel, Bad Bunny, Mambo Kingz, DJ Luian - Tu No Vive Asi (feat. Mambo Kingz & DJ Luian)",midshift-1.5s/seeded_correct,-2183,4400,8083,8083,,4,4,False,False,True,14,18,550.9,5.8,12.8,23.1,2,False
"Arcángel, Bad Bunny, Mambo Kingz, DJ Luian - Tu No Vive Asi (feat. Mambo Kingz & DJ Luian)",midshift-1.5s/seeded_wrong_2s,-2183,4400,8083,8083,,4,4,False,False,True,14,18,537.4,6.2,10.3,0.0,2,False
"Arcángel, Bad Bunny, Mambo Kingz, DJ Luian - Tu No Vive Asi (feat. Mambo Kingz & DJ Luian)",gap400/cold,-2183,5831,8014,8058,,5,5,False,False,True,11,18,607.1,5.7,10.8,0.0,2,False
"Arcángel, Bad Bunny, Mambo Kingz, DJ Luian - Tu No Vive Asi (feat. Mambo Kingz & DJ Luian)",gap400/seeded_correct,-2183,5864,8047,8083,,4,6,False,False,True,15,18,521.6,6.1,10.6,44.8,2,False
"Arcángel, Bad Bunny, Mambo Kingz, DJ Luian - Tu No Vive Asi (feat. Mambo Kingz & DJ Luian)",gap400/seeded_wrong_2s,-2183,5900,8083,8083,,5,6,False,False,True,14,18,494.3,6.2,13.1,16.1,2,False
Bad Bunny - BENDICIONES,off0/cold,2225,-1106,-3331,-3325,,6,6,True,True,True,6,13,219.3,3.7,5.6,0.0,1,False
Bad Bunny - BENDICIONES,off0/seeded_correct,2225,-1100,-3325,-3325,,2,3,False,True,True,12,13,171.2,4.6,8.9,4.5,1,False
Bad Bunny - BENDICIONES,off0/seeded_wrong_2s,2225,2227,2,-3325,,1,3,False,True,True,8,13,202.1,4.0,6.3,0.0,0,True
Bad Bunny - BENDICIONES,off+200/cold,2425,-905,-3330,-3325,,6,6,True,True,True,6,13,210.3,3.6,5.1,0.0,1,False
Bad Bunny - BENDICIONES,off+200/seeded_correct,2425,-900,-3325,-3325,,2,3,False,True,True,12,13,164.1,4.3,8.3,4.5,1,False
Bad Bunny - BENDICIONES,off+200/seeded_wrong_2s,2425,2425,0,0,39750,0,4,False,False,False,13,13,157.4,3.9,7.2,74.4,0,True
Bad Bunny - BENDICIONES,off-200/cold,2025,-1306,-3331,-3325,,5,5,True,True,True,6,13,216.0,3.5,6.0,0.0,1,False
Bad Bunny - BENDICIONES,off-200/seeded_correct,2025,-1300,-3325,-3325,,2,3,False,True,True,12,13,167.1,4.5,8.3,5.5,1,False
Bad Bunny - BENDICIONES,off-200/seeded_wrong_2s,2025,2027,2,-3325,,1,3,False,True,True,8,13,193.5,3.8,5.7,0.0,0,True
Bad Bunny - BENDICIONES,off+2s/cold,4225,895,-3330,-3325,,6,6,True,True,True,6,13,208.3,3.5,5.4,0.0,1,False
Bad Bunny - BENDICIONES,off+2s/seeded_correct,4225,891,-3334,-3325,,2,3,False,True,True,11,13,195.5,4.2,8.4,3.6,1,False
Bad Bunny - BENDICIONES,off+2s/seeded_wrong_2s,4225,4225,0,0,39750,0,4,False,False,False,13,13,161.2,4.3,7.6,74.1,0,True
Bad Bunny - BENDICIONES,off-2s/cold,225,-3107,-3332,-3325,,5,5,True,True,True,6,13,213.6,3.5,5.6,6.4,1,False
Bad Bunny - BENDICIONES,off-2s/seeded_correct,225,226,1,-3325,,1,6,False,True,True,12,13,167.3,4.4,7.9,21.5,1,True
Bad Bunny - BENDICIONES,off-2s/seeded_wrong_2s,225,225,0,0,39750,0,4,False,False,False,13,13,162.4,4.2,7.2,74.7,0,True
Bad Bunny - BENDICIONES,off+10s/cold,12225,8890,-3335,-3325,,4,4,False,False,True,12,13,200.8,4.4,8.6,0.0,0,False
Bad Bunny - BENDICIONES,off+10s/second_play,12225,8896,-3329,-3335,,2,2,False,True,True,1,13,206.4,3.1,5.1,0.0,0,False
Bad Bunny - BENDICIONES,off+10s/seeded_correct,12225,12225,0,0,34250,0,4,False,False,False,13,13,154.4,4.4,7.7,100.0,0,True
Bad Bunny - BENDICIONES,off+10s/seeded_wrong_2s,12225,12225,0,0,39750,0,4,False,False,False,13,13,157.4,4.6,9.0,72.6,0,True
Bad Bunny - BENDICIONES,off-10s/cold,-7775,,,36675,,0,0,False,False,False,15,13,200.5,4.5,8.7,0.0,2,False
Bad Bunny - BENDICIONES,off-10s/second_play,-7775,,,36675,,0,0,False,False,False,15,13,216.2,4.6,8.5,0.0,2,False
Bad Bunny - BENDICIONES,off-10s/seeded_correct,-7775,2225,10000,-2225,,1,1,False,True,False,15,13,232.0,5.3,10.9,10.6,2,False
Bad Bunny - BENDICIONES,off-10s/seeded_wrong_2s,-7775,2225,10000,10000,,1,1,False,False,False,13,13,206.8,5.1,9.2,0.0,0,False
Bad Bunny - BENDICIONES,off+25s/cold,27225,23891,-3334,-3325,,3,3,False,False,True,8,13,230.7,5.0,9.4,0.0,0,False
Bad Bunny - BENDICIONES,off+25s/second_play,27225,23897,-3328,-3334,,2,2,False,True,True,1,13,246.8,4.0,8.2,0.0,0,False
Bad Bunny - BENDICIONES,off+25s/seeded_correct,27225,27225,0,0,10000,0,3,False,True,False,13,13,197.5,7.7,12.9,100.0,0,True
Bad Bunny - BENDICIONES,off+25s/seeded_wrong_2s,27225,27225,0,0,10000,0,4,False,True,False,13,13,184.8,7.8,13.1,92.3,0,True
Bad Bunny - BENDICIONES,off-25s/cold,-22775,13894,36669,36669,,1,1,False,False,True,15,13,287.0,5.9,10.9,0.0,2,False
Bad Bunny - BENDICIONES,off-25s/second_play,-22775,13896,36671,36669,,1,1,False,False,True,14,13,255.7,4.4,7.7,0.0,2,False
Bad Bunny - BENDICIONES,off-25s/seeded_correct,-22775,13895,36670,36670,,1,1,False,False,True,14,13,270.8,4.9,7.2,55.3,2,False
Bad Bunny - BENDICIONES,off-25s/seeded_wrong_2s,-22775,13895,36670,36670,,1,1,False,False,True,14,13,259.6,4.6,7.7,0.0,2,False
Bad Bunny - BENDICIONES,noise0/cold,2225,-1102,-3327,-3325,,3,3,True,True,True,1,13,177.7,2.3,4.5,0.0,0,False
Bad Bunny - BENDICIONES,noise0/seeded_correct,2225,2225,0,0,34250,0,4,False,False,False,13,13,136.6,3.5,5.6,100.0,0,True
Bad Bunny - BENDICIONES,noise0/seeded_wrong_2s,2225,2226,1,0,39750,0,3,False,False,False,13,13,140.3,3.7,5.8,74.4,0,True
Bad Bunny - BENDICIONES,noise-2s/cold,225,-3103,-3328,-3325,,2,2,True,True,True,2,13,167.5,2.4,4.1,7.3,0,False
Bad Bunny - BENDICIONES,noise-2s/seeded_correct,225,225,0,0,34250,0,4,False,False,False,13,13,130.6,3.3,5.2,100.0,0,True
Bad Bunny - BENDICIONES,noise-2s/seeded_wrong_2s,225,226,1,0,39750,0,3,False,False,False,13,13,127.9,3.4,5.2,74.7,0,True
Bad Bunny - BENDICIONES,cutin5s/cold,7225,3898,-3327,-3328,,3,3,True,True,True,2,13,170.4,2.5,4.6,0.0,0,False
Bad Bunny - BENDICIONES,cutin5s/second_play,7225,3898,-3327,-3327,,2,2,False,True,True,1,13,173.4,2.3,4.7,0.0,0,False
Bad Bunny - BENDICIONES,cutin5s/seeded_correct,7225,3890,-3335,-3325,,3,3,False,False,True,12,13,171.3,3.7,6.0,39.8,0,False
Bad Bunny - BENDICIONES,cutin5s/seeded_wrong_2s,7225,3890,-3335,-3325,,3,3,False,False,True,12,13,158.2,3.4,6.2,0.0,0,False
Bad Bunny - BENDICIONES,cutin15s/cold,17225,13894,-3331,-3325,,6,6,False,True,True,7,13,142.4,2.8,4.3,0.0,0,False
Bad Bunny - BENDICIONES,cutin15s/second_play,17225,13898,-3327,-3330,,2,2,False,True,True,1,13,139.9,2.2,3.5,0.0,0,False
Bad Bunny - BENDICIONES,cutin15s/seeded_correct,17225,17225,0,0,34250,0,4,False,False,False,13,13,120.6,3.6,5.7,100.0,0,True
Bad Bunny - BENDICIONES,cutin15s/seeded_wrong_2s,17225,17226,1,-3325,,1,4,False,False,True,12,13,142.6,3.4,5.0,42.8,0,True
Bad Bunny - BENDICIONES,cutin25s/cold,27225,23894,-3331,-3325,,5,5,False,True,True,7,13,138.2,3.0,4.6,0.0,0,False
Bad Bunny - BENDICIONES,cutin25s/second_play,27225,23895,-3330,-3330,,5,5,False,True,True,7,13,137.7,3.0,5.2,0.0,0,False
Bad Bunny - BENDICIONES,cutin25s/seeded_correct,27225,27225,0,-3325,,1,4,False,True,True,7,13,141.6,2.8,4.6,45.9,0,True
Bad Bunny - BENDICIONES,cutin25s/seeded_wrong_2s,27225,23890,-3335,-3325,,3,3,False,False,True,11,13,130.4,3.3,6.1,0.0,0,False
Bad Bunny - BENDICIONES,blend8s/cold,2225,-1102,-3327,-3328,,3,3,True,True,True,2,13,187.8,2.5,4.6,0.0,0,False
Bad Bunny - BENDICIONES,blend8s/seeded_correct,2225,2225,0,0,34250,0,4,False,False,False,13,13,140.5,3.8,6.3,100.0,0,True
Bad Bunny - BENDICIONES,blend8s/seeded_wrong_2s,2225,2225,0,0,39750,0,4,False,False,False,13,13,149.4,3.8,7.0,74.4,0,True
Bad Bunny - BENDICIONES,midshift+1.5s/cold,2225,390,-3335,-3325,,7,7,True,True,True,12,13,230.0,4.8,8.2,0.0,2,False
Bad Bunny - BENDICIONES,midshift+1.5s/seeded_correct,2225,388,-3337,-3325,,2,3,False,True,True,11,13,203.9,4.6,8.6,4.6,1,False
Bad Bunny - BENDICIONES,midshift+1.5s/seeded_wrong_2s,2225,400,-3325,-3325,,3,3,False,True,False,13,13,173.4,5.2,9.0,0.0,0,False
Bad Bunny - BENDICIONES,midshift-1.5s/cold,2225,-1101,-1826,-3325,,7,7,True,True,True,12,13,170.9,3.9,7.7,0.0,2,False
Bad Bunny - BENDICIONES,midshift-1.5s/seeded_correct,2225,-2600,-3325,-3325,,2,3,False,True,True,12,13,171.1,4.6,8.0,7.3,1,False
Bad Bunny - BENDICIONES,midshift-1.5s/seeded_wrong_2s,2225,-2600,-3325,-3325,,3,3,False,True,False,14,13,194.6,5.1,8.8,0.0,1,False
Bad Bunny - BENDICIONES,gap400/cold,2225,-1106,-3331,-3325,,6,6,True,True,True,6,13,192.8,3.0,5.2,0.0,1,False
Bad Bunny - BENDICIONES,gap400/seeded_correct,2225,-1100,-3325,-3325,,2,3,False,True,True,12,13,149.5,3.9,7.3,4.5,1,False
Bad Bunny - BENDICIONES,gap400/seeded_wrong_2s,2225,2227,2,-3325,,1,3,False,True,True,8,13,182.3,3.5,5.9,0.0,0,True
Bad Bunny - Cuando Perriabas,off0/cold,1950,1947,-3,0,7000,0,4,True,True,True,3,10,2471.2,9.9,20.8,98.6,0,True
Bad Bunny - Cuando Perriabas,off0/seeded_correct,1950,1939,-11,0,5500,0,3,False,True,True,3,10,2495.2,9.8,21.6,100.0,0,True
Bad Bunny - Cuando Perriabas,off0/seeded_wrong_2s,1950,1938,-12,0,5500,0,3,False,True,True,3,10,2478.6,9.7,21.3,98.9,0,True
Bad Bunny - Cuando Perriabas,off+200/cold,2150,2144,-6,0,5500,0,4,True,True,True,3,10,2529.6,10.0,21.9,98.9,0,True
Bad Bunny - Cuando Perriabas,off+200/seeded_correct,2150,2139,-11,0,5500,0,3,False,True,True,3,10,2513.9,10.7,21.2,100.0,0,True
Bad Bunny - Cuando Perriabas,off+200/seeded_wrong_2s,2150,2138,-12,0,5500,0,3,False,True,True,3,10,2509.4,10.4,21.5,98.9,0,True
Bad Bunny - Cuando Perriabas,off-200/cold,1750,1744,-6,-25,8500,0,3,True,True,True,2,10,2485.1,10.0,21.6,98.3,0,True
Bad Bunny - Cuando Perriabas,off-200/seeded_correct,1750,1739,-11,0,5500,0,3,False,True,True,3,10,2486.2,10.1,21.2,100.0,0,True
Bad Bunny - Cuando Perriabas,off-200/seeded_wrong_2s,1750,1738,-12,0,5500,0,3,False,True,True,3,10,2485.4,9.8,21.8,98.9,0,True
Bad Bunny - Cuando Perriabas,off+2s/cold,3950,3949,-1,0,28300,0,3,True,False,True,4,10,2524.4,9.8,21.5,94.2,0,True
Bad Bunny - Cuando Perriabas,off+2s/seeded_correct,3950,3939,-11,0,4000,0,3,False,True,True,3,10,2484.6,10.2,21.1,100.0,0,True
Bad Bunny - Cuando Perriabas,off+2s/seeded_wrong_2s,3950,3938,-12,0,4000,0,3,False,True,True,3,10,2484.4,9.9,21.4,99.2,0,True
Bad Bunny - Cuando Perriabas,off-2s/cold,-50,-55,-5,0,8500,0,4,True,True,True,3,10,2484.8,9.8,21.3,100.0,0,True
Bad Bunny - Cuando Perriabas,off-2s/seeded_correct,-50,-57,-7,0,8500,0,3,False,True,True,3,10,2573.2,9.9,24.9,100.0,0,True
Bad Bunny - Cuando Perriabas,off-2s/seeded_wrong_2s,-50,-58,-8,0,8500,0,3,False,True,True,3,10,2464.0,9.7,21.4,98.3,0,True
Bad Bunny - Cuando Perriabas,off+10s/cold,11950,11944,-6,0,26000,0,3,False,False,True,4,10,2515.6,10.2,21.3,94.6,0,True
Bad Bunny - Cuando Perriabas,off+10s/second_play,11950,11947,-3,-6,2500,0,2,False,True,True,1,10,2493.6,9.8,21.4,100.0,0,True
Bad Bunny - Cuando Perriabas,off+10s/seeded_correct,11950,11948,-2,0,2500,0,2,False,True,True,1,10,2471.6,9.5,21.4,100.0,0,True
Bad Bunny - Cuando Perriabas,off+10s/seeded_wrong_2s,11950,11948,-2,0,2500,0,2,False,True,True,2,10,2467.5,9.6,21.2,99.5,0,True
Bad Bunny - Cuando Perriabas,off-10s/cold,-8050,-2200,5850,0,140000,1,2,False,False,False,11,10,2410.3,10.5,20.9,71.9,1,False
Bad Bunny - Cuando Perriabas,off-10s/second_play,-8050,-2200,5850,0,82000,4,5,False,False,True,10,10,2455.5,10.8,21.3,83.5,1,False
Bad Bunny - Cuando Perriabas,off-10s/seeded_correct,-8050,-2200,5850,0,140000,2,3,False,False,True,11,10,2424.8,10.9,21.3,86.6,1,False
Bad Bunny - Cuando Perriabas,off-10s/seeded_wrong_2s,-8050,-2200,5850,0,140000,1,2,False,False,False,11,10,2436.4,10.8,21.6,71.9,1,False
Bad Bunny - Cuando Perriabas,off+25s/cold,26950,26944,-6,0,26000,0,3,False,False,True,4,10,2500.9,10.2,22.1,94.4,0,True
Bad Bunny - Cuando Perriabas,off+25s/second_play,26950,26947,-3,-6,2500,0,2,False,True,True,1,10,2465.7,10.2,21.3,100.0,0,True
Bad Bunny - Cuando Perriabas,off+25s/seeded_correct,26950,26949,-1,0,2500,0,2,False,True,True,1,10,2479.8,10.0,21.4,100.0,0,True
Bad Bunny - Cuando Perriabas,off+25s/seeded_wrong_2s,26950,26948,-2,0,2500,0,2,False,True,True,2,10,2479.4,10.3,21.5,99.5,0,True
Bad Bunny - Cuando Perriabas,off-25s/cold,-23050,,,23050,,0,0,False,False,False,10,10,2480.2,10.9,21.3,0.0,0,False
Bad Bunny - Cuando Perriabas,off-25s/second_play,-23050,,,23050,,0,0,False,False,False,10,10,2438.6,10.3,21.3,0.0,0,False
Bad Bunny - Cuando Perriabas,off-25s/seeded_correct,-23050,-23050,0,0,,0,0,False,False,False,10,10,2407.7,10.2,21.4,100.0,0,True
Bad Bunny - Cuando Perriabas,off-25s/seeded_wrong_2s,-23050,-21050,2000,2000,,0,0,False,False,False,10,10,2454.1,10.7,21.1,0.0,0,False
Bad Bunny - Cuando Perriabas,noise0/cold,1950,1947,-3,0,7000,0,4,True,True,True,3,10,2327.5,8.8,20.4,98.6,0,True
Bad Bunny - Cuando Perriabas,noise0/seeded_correct,1950,1943,-7,0,5500,0,4,False,True,True,3,10,2319.7,9.2,20.7,100.0,0,True
Bad Bunny - Cuando Perriabas,noise0/seeded_wrong_2s,1950,1942,-8,0,5500,0,3,False,True,True,3,10,2313.9,8.7,20.8,98.9,0,True
Bad Bunny - Cuando Perriabas,noise-2s/cold,-50,-56,-6,0,8500,0,4,True,True,True,3,10,2317.4,8.9,20.1,100.0,0,True
Bad Bunny - Cuando Perriabas,noise-2s/seeded_correct,-50,-57,-7,0,8500,0,4,False,True,True,3,10,2284.3,8.5,19.9,100.0,0,True
Bad Bunny - Cuando Perriabas,noise-2s/seeded_wrong_2s,-50,-58,-8,0,8500,0,3,False,True,True,3,10,2303.5,8.5,20.1,98.3,0,True
Bad Bunny - Cuando Perriabas,cutin5s/cold,6950,6948,-2,0,4000,0,3,False,True,True,3,10,2800.4,11.4,24.1,99.2,0,True
Bad Bunny - Cuando Perriabas,cutin5s/second_play,6950,6948,-2,-2,4000,0,3,False,True,True,3,10,2762.4,11.0,24.2,100.0,0,True
Bad Bunny - Cuando Perriabas,cutin5s/seeded_correct,6950,6948,-2,0,4000,0,3,False,True,True,3,10,2743.8,11.5,23.8,100.0,0,True
Bad Bunny - Cuando Perriabas,cutin5s/seeded_wrong_2s,6950,6948,-2,0,4000,0,3,False,True,True,3,10,2749.0,11.0,23.2,99.2,0,True
Bad Bunny - Cuando Perriabas,cutin15s/cold,16950,16948,-2,0,4000,0,2,False,True,True,3,10,2432.2,11.0,20.8,99.2,0,True
Bad Bunny - Cuando Perriabas,cutin15s/second_play,16950,16948,-2,-2,4000,0,2,False,True,True,3,10,2365.3,10.6,21.2,100.0,0,True
Bad Bunny - Cuando Perriabas,cutin15s/seeded_correct,16950,16948,-2,0,4000,0,2,False,True,True,3,10,2332.2,10.0,21.0,100.0,0,True
Bad Bunny - Cuando Perriabas,cutin15s/seeded_wrong_2s,16950,16948,-2,0,4000,0,2,False,True,True,3,10,2332.3,10.0,20.9,99.2,0,True
Bad Bunny - Cuando Perriabas,cutin25s/cold,26950,26949,-1,0,4000,0,2,False,True,True,4,10,2277.6,10.2,18.9,99.1,0,True
Bad Bunny - Cuando Perriabas,cutin25s/second_play,26950,26949,-1,-1,4000,0,2,False,True,True,4,10,2277.6,10.0,19.2,100.0,0,True
Bad Bunny - Cuando Perriabas,cutin25s/seeded_correct,26950,26949,-1,0,4000,0,2,False,True,True,4,10,2294.7,10.0,18.9,100.0,0,True
Bad Bunny - Cuando Perriabas,cutin25s/seeded_wrong_2s,26950,26949,-1,0,4000,0,2,False,True,True,4,10,2260.6,10.2,19.0,99.1,0,True
Bad Bunny - Cuando Perriabas,blend8s/cold,1950,1946,-4,0,26000,0,3,True,False,True,3,10,2310.8,9.6,18.0,94.7,0,True
Bad Bunny - Cuando Perriabas,blend8s/seeded_correct,1950,1942,-8,0,16500,0,2,False,False,True,3,10,2288.2,9.3,17.8,100.0,0,True
Bad Bunny - Cuando Perriabas,blend8s/seeded_wrong_2s,1950,1940,-10,0,26000,0,2,False,False,True,3,10,2298.6,9.7,17.8,94.7,0,True
Bad Bunny - Cuando Perriabas,midshift+1.5s/cold,1950,1949,-1501,0,7000,1,5,True,True,True,4,10,2631.1,11.3,19.4,95.3,1,False
Bad Bunny - Cuando Perriabas,midshift+1.5s/seeded_correct,1950,1943,-1507,0,5500,1,4,False,True,True,4,10,2638.7,11.3,19.3,96.7,1,False
Bad Bunny - Cuando Perriabas,midshift+1.5s/seeded_wrong_2s,1950,1942,-1508,0,5500,1,4,False,True,True,4,10,2616.4,11.6,19.4,95.6,1,False
Bad Bunny - Cuando Perriabas,midshift-1.5s/cold,1950,1934,1484,0,7000,1,5,True,True,True,4,10,2588.1,10.8,19.2,95.3,1,False
Bad Bunny - Cuando Perriabas,midshift-1.5s/seeded_correct,1950,1921,1471,0,5500,1,4,False,True,True,4,10,2585.8,10.9,19.5,96.7,1,False
Bad Bunny - Cuando Perriabas,midshift-1.5s/seeded_wrong_2s,1950,1921,1471,0,5500,1,4,False,True,True,4,10,2574.9,10.8,19.4,95.6,1,False
Bad Bunny - Cuando Perriabas,gap400/cold,1950,1948,-2,-3,7000,0,4,True,True,True,3,10,2415.9,10.5,18.3,98.6,0,True
Bad Bunny - Cuando Perriabas,gap400/seeded_correct,1950,1939,-11,0,5500,0,3,False,True,True,3,10,2397.5,10.3,18.5,100.0,0,True
Bad Bunny - Cuando Perriabas,gap400/seeded_wrong_2s,1950,1937,-13,0,5500,0,3,False,True,True,3,10,2403.8,10.2,18.5,98.9,0,True
Bad Bunny - 3,off0/cold,-1025,-1026,-1,6000,,1,4,False,False,False,8,7,233.5,4.8,8.6,62.4,1,True
Bad Bunny - 3,off0/seeded_correct,-1025,-1026,-1,0,24750,0,3,False,False,False,9,7,217.0,4.4,8.3,100.0,2,True
Bad Bunny - 3,off0/seeded_wrong_2s,-1025,-1026,-1,0,34250,0,2,False,False,False,9,7,218.3,4.3,8.5,77.7,2,True
Bad Bunny - 3,off+200/cold,-825,-825,0,6000,,1,5,False,False,False,8,7,208.3,4.8,6.6,68.7,1,True
Bad Bunny - 3,off+200/seeded_correct,-825,-825,0,0,24750,0,3,False,False,False,9,7,233.5,5.1,7.9,100.0,2,True
Bad Bunny - 3,off+200/seeded_wrong_2s,-825,-825,0,0,34250,0,3,False,False,False,9,7,217.7,4.4,7.6,77.7,2,True
Bad Bunny - 3,off-200/cold,-1225,-1225,0,6000,,1,4,False,False,False,8,7,218.2,4.9,6.5,59.5,1,True
Bad Bunny - 3,off-200/seeded_correct,-1225,-1223,2,0,24750,0,2,False,False,False,9,7,219.6,4.9,7.8,100.0,2,True
Bad Bunny - 3,off-200/seeded_wrong_2s,-1225,4775,6000,6000,,1,2,False,False,True,7,7,250.5,4.0,6.9,35.3,1,False
Bad Bunny - 3,off+2s/cold,975,975,0,6000,,1,5,False,False,False,8,7,187.6,4.1,6.3,68.1,1,True
Bad Bunny - 3,off+2s/seeded_correct,975,975,0,0,24750,0,3,False,False,False,9,7,228.1,5.2,9.2,100.0,2,True
Bad Bunny - 3,off+2s/seeded_wrong_2s,975,975,0,0,34250,0,3,False,False,False,9,7,242.0,5.4,9.6,77.4,2,True
Bad Bunny - 3,off-2s/cold,-3025,2975,6000,6000,,2,2,False,True,True,1,7,244.9,3.5,5.6,0.0,0,False
Bad Bunny - 3,off-2s/seeded_correct,-3025,-3025,0,6000,,1,2,False,False,True,5,7,266.1,3.9,6.2,33.3,0,True
Bad Bunny - 3,off-2s/seeded_wrong_2s,-3025,2975,6000,6000,,2,2,False,False,False,7,7,191.9,4.1,6.7,0.0,0,False
Bad Bunny - 3,off+10s/cold,8975,14975,6000,6000,,2,2,False,False,False,7,7,201.8,5.4,6.8,0.0,0,False
Bad Bunny - 3,off+10s/second_play,8975,14975,6000,6000,,2,2,False,True,True,1,7,232.9,4.1,6.1,0.0,0,False
Bad Bunny - 3,off+10s/seeded_correct,8975,8975,0,0,24750,0,3,False,False,False,9,7,212.7,4.8,8.8,100.0,2,True
Bad Bunny - 3,off+10s/seeded_wrong_2s,8975,8975,0,0,34250,0,3,False,False,False,9,7,214.6,4.7,9.3,76.1,2,True
Bad Bunny - 3,off-10s/cold,-11025,975,12000,6000,,3,3,False,False,False,8,7,212.4,4.5,6.4,0.0,1,False
Bad Bunny - 3,off-10s/second_play,-11025,980,12005,6000,,4,4,False,False,True,8,7,220.5,5.0,6.5,0.0,1,False
Bad Bunny - 3,off-10s/seeded_correct,-11025,-11025,0,0,,0,0,False,False,False,7,7,203.2,4.6,6.7,100.0,0,True
Bad Bunny - 3,off-10s/seeded_wrong_2s,-11025,-9025,2000,2000,,0,0,False,False,False,7,7,206.4,4.4,7.1,0.0,0,False
Bad Bunny - 3,off+25s/cold,23975,-25,-24000,6000,,3,3,False,False,True,7,7,236.7,5.1,6.7,0.0,1,False
Bad Bunny - 3,off+25s/second_play,23975,-25,-24000,6000,,4,4,False,False,True,8,7,186.0,5.1,9.8,0.0,1,False
Bad Bunny - 3,off+25s/seeded_correct,23975,23975,0,0,24750,0,3,False,False,False,9,7,206.4,5.0,11.1,100.0,2,True
Bad Bunny - 3,off+25s/seeded_wrong_2s,23975,23975,0,0,34250,0,3,False,False,False,9,7,201.8,5.4,10.2,73.3,2,True
Bad Bunny - 3,off-25s/cold,-26025,3975,30000,26025,,1,1,False,False,False,7,7,228.4,5.1,6.9,0.0,0,False
Bad Bunny - 3,off-25s/second_play,-26025,3975,30000,30000,,0,0,False,False,False,9,7,231.1,4.9,7.1,0.0,2,False
Bad Bunny - 3,off-25s/seeded_correct,-26025,-26025,0,0,,0,0,False,False,False,7,7,218.9,4.8,6.2,100.0,0,True
Bad Bunny - 3,off-25s/seeded_wrong_2s,-26025,-24025,2000,2000,,0,0,False,False,False,7,7,215.5,4.7,7.3,0.0,0,False
Bad Bunny - 3,noise0/cold,-1025,-1026,-1,6000,,1,4,False,False,False,8,7,153.1,3.1,5.0,62.4,1,True
Bad Bunny - 3,noise0/seeded_correct,-1025,-1026,-1,0,24750,0,3,False,False,False,9,7,153.0,3.0,5.4,100.0,2,True
Bad Bunny - 3,noise0/seeded_wrong_2s,-1025,-1026,-1,0,34250,0,2,False,False,False,9,7,152.5,2.9,5.3,77.7,2,True
Bad Bunny - 3,noise-2s/cold,-3025,2975,6000,6000,,2,2,False,True,True,1,7,167.0,2.3,4.2,0.0,0,False
Bad Bunny - 3,noise-2s/seeded_correct,-3025,-3025,0,6000,,1,2,False,False,True,5,7,176.7,2.5,4.2,33.3,0,True
Bad Bunny - 3,noise-2s/seeded_wrong_2s,-3025,2975,6000,6000,,2,2,False,False,False,7,7,140.6,3.0,4.7,0.0,0,False
Bad Bunny - 3,cutin5s/cold,3975,9975,6000,6000,,2,2,False,False,False,7,7,141.9,3.1,5.0,0.0,0,False
Bad Bunny - 3,cutin5s/second_play,3975,9975,6000,6000,,2,2,False,True,True,1,7,166.3,2.6,4.3,0.0,0,False
Bad Bunny - 3,cutin5s/seeded_correct,3975,3976,1,6000,,1,5,False,False,True,8,7,140.8,3.2,4.9,84.8,1,True
Bad Bunny - 3,cutin5s/seeded_wrong_2s,3975,9978,6003,6000,,2,3,False,False,True,7,7,166.2,2.9,4.3,33.8,1,False
Bad Bunny - 3,cutin15s/cold,13975,13975,0,-13975,,0,1,False,False,False,7,7,120.4,2.8,4.1,0.0,0,True
Bad Bunny - 3,cutin15s/second_play,13975,13974,-1,6000,,1,5,False,False,True,8,7,114.3,2.9,4.4,83.8,1,True
Bad Bunny - 3,cutin15s/seeded_correct,13975,13974,-1,6000,,1,5,False,False,True,8,7,112.9,2.9,4.5,83.8,1,True
Bad Bunny - 3,cutin15s/seeded_wrong_2s,13975,13975,0,6000,,1,5,False,False,False,8,7,112.7,2.8,4.5,59.0,1,True
Bad Bunny - 3,cutin25s/cold,23975,29975,6000,6000,,2,2,False,False,False,7,7,127.3,3.2,5.2,0.0,0,False
Bad Bunny - 3,cutin25s/second_play,23975,29976,6001,6000,,3,3,False,True,True,3,7,121.0,2.4,3.5,0.0,0,False
Bad Bunny - 3,cutin25s/seeded_correct,23975,29968,5993,6000,,2,4,False,False,True,8,7,105.3,3.1,6.4,82.5,1,False
Bad Bunny - 3,cutin25s/seeded_wrong_2s,23975,29975,6000,6000,,2,2,False,False,False,7,7,100.3,3.0,5.5,0.0,0,False
Bad Bunny - 3,blend8s/cold,-1025,-1026,-1,6000,,1,4,False,False,False,8,7,159.1,3.4,5.1,62.4,1,True
Bad Bunny - 3,blend8s/seeded_correct,-1025,-1026,-1,0,24750,0,3,False,False,False,9,7,169.9,3.4,5.8,100.0,2,True
Bad Bunny - 3,blend8s/seeded_wrong_2s,-1025,-1026,-1,0,34250,0,2,False,False,False,9,7,172.1,3.4,5.7,77.7,2,True
Bad Bunny - 3,midshift+1.5s/cold,-1025,-1025,-1500,6000,,2,3,False,False,False,8,7,188.3,4.2,6.1,16.9,1,False
Bad Bunny - 3,midshift+1.5s/seeded_correct,-1025,-1025,-1500,6000,,2,4,False,False,False,8,7,196.1,4.4,6.5,39.5,1,False
Bad Bunny - 3,midshift+1.5s/seeded_wrong_2s,-1025,-1025,-1500,6000,,2,3,False,False,False,8,7,182.4,4.1,6.3,16.9,1,False
Bad Bunny - 3,midshift-1.5s/cold,-1025,-1025,1500,6000,,2,3,False,False,False,8,7,176.5,3.4,5.7,16.6,1,False
Bad Bunny - 3,midshift-1.5s/seeded_correct,-1025,-1025,1500,6000,,2,4,False,False,False,8,7,170.8,3.7,5.5,38.7,1,False
Bad Bunny - 3,midshift-1.5s/seeded_wrong_2s,-1025,-1025,1500,6000,,2,3,False,False,False,8,7,169.4,3.3,5.4,16.6,1,False
Bad Bunny - 3,gap400/cold,-1025,-1026,-1,6000,,1,5,False,False,False,7,7,161.0,3.2,6.0,59.6,1,True
Bad Bunny - 3,gap400/seeded_correct,-1025,-1026,-1,0,34250,0,2,False,False,False,8,7,170.2,3.2,6.2,100.0,2,True
Bad Bunny - 3,gap400/seeded_wrong_2s,-1025,-1026,-1,0,38500,0,3,False,False,False,8,7,172.3,3.4,6.9,74.9,2,True
"Bad Bunny, Eladio Carrion - THUNDER Y LIGHTNING",off0/cold,-475,18075,18550,18450,,3,3,False,False,True,7,8,270.0,4.9,8.0,0.0,1,False
"Bad Bunny, Eladio Carrion - THUNDER Y LIGHTNING",off0/seeded_correct,-475,18075,18550,18450,,3,3,False,False,True,9,8,162.5,3.3,12.0,46.6,1,False
"Bad Bunny, Eladio Carrion - THUNDER Y LIGHTNING",off0/seeded_wrong_2s,-475,18075,18550,18450,,3,3,False,False,True,8,8,261.3,4.8,8.6,0.0,1,False
"Bad Bunny, Eladio Carrion - THUNDER Y LIGHTNING",off+200/cold,-275,18275,18550,18450,,3,3,False,False,True,7,8,254.4,4.9,7.8,46.6,1,False
"Bad Bunny, Eladio Carrion - THUNDER Y LIGHTNING",off+200/seeded_correct,-275,18275,18550,18450,,3,3,False,False,True,9,8,153.2,3.0,12.1,46.6,1,False
"Bad Bunny, Eladio Carrion - THUNDER Y LIGHTNING",off+200/seeded_wrong_2s,-275,18275,18550,18450,,3,3,False,False,True,8,8,251.1,4.5,8.5,0.0,1,False
"Bad Bunny, Eladio Carrion - THUNDER Y LIGHTNING",off-200/cold,-675,17875,18550,18450,,3,3,False,False,True,7,8,267.3,5.0,7.6,0.0,1,False
"Bad Bunny, Eladio Carrion - THUNDER Y LIGHTNING",off-200/seeded_correct,-675,17875,18550,18450,,3,3,False,False,True,9,8,164.0,3.3,11.1,46.5,1,False
"Bad Bunny, Eladio Carrion - THUNDER Y LIGHTNING",off-200/seeded_wrong_2s,-675,17875,18550,18450,,3,3,False,False,True,8,8,257.4,5.2,8.4,0.0,1,False
"Bad Bunny, Eladio Carrion - THUNDER Y LIGHTNING",off+2s/cold,1525,20075,18550,18450,,3,3,False,False,True,7,8,270.3,4.7,9.0,0.0,1,False
"Bad Bunny, Eladio Carrion - THUNDER Y LIGHTNING",off+2s/seeded_correct,1525,20075,18550,18450,,3,3,False,False,True,9,8,157.6,3.1,11.3,47.1,1,False
"Bad Bunny, Eladio Carrion - THUNDER Y LIGHTNING",off+2s/seeded_wrong_2s,1525,20075,18550,18450,,3,3,False,False,True,8,8,264.0,5.1,9.9,0.0,1,False
"Bad Bunny, Eladio Carrion - THUNDER Y LIGHTNING",off-2s/cold,-2475,16075,18550,18450,,3,3,False,False,True,7,8,279.4,5.1,8.5,0.0,1,False
"Bad Bunny, Eladio Carrion - THUNDER Y LIGHTNING",off-2s/seeded_correct,-2475,16075,18550,18450,,3,3,False,False,True,8,8,266.9,4.8,8.0,46.1,1,False
"Bad Bunny, Eladio Carrion - THUNDER Y LIGHTNING",off-2s/seeded_wrong_2s,-2475,16075,18550,18450,,3,3,False,False,True,8,8,270.7,4.9,8.6,0.0,1,False
"Bad Bunny, Eladio Carrion - THUNDER Y LIGHTNING",off+10s/cold,9525,28075,18550,18450,,3,3,False,False,True,7,8,269.9,5.3,8.8,0.0,1,False
"Bad Bunny, Eladio Carrion - THUNDER Y LIGHTNING",off+10s/second_play,9525,28075,18550,18550,,2,2,False,True,True,3,8,346.6,3.8,7.2,0.0,1,False
"Bad Bunny, Eladio Carrion - THUNDER Y LIGHTNING",off+10s/seeded_correct,9525,28000,18475,18450,,3,3,False,False,True,9,8,142.9,2.3,13.2,49.1,1,False
"Bad Bunny, Eladio Carrion - THUNDER Y LIGHTNING",off+10s/seeded_wrong_2s,9525,28075,18550,18450,,3,3,False,False,True,8,8,248.3,4.7,10.2,0.0,1,False
"Bad Bunny, Eladio Carrion - THUNDER Y LIGHTNING",off-10s/cold,-10475,8075,18550,18450,,3,3,False,False,True,7,8,279.6,5.3,7.7,0.0,1,False
"Bad Bunny, Eladio Carrion - THUNDER Y LIGHTNING",off-10s/second_play,-10475,7984,18459,18550,,3,3,False,True,True,6,8,315.7,4.7,7.0,0.0,1,False
"Bad Bunny, Eladio Carrion - THUNDER Y LIGHTNING",off-10s/seeded_correct,-10475,8075,18550,18450,,3,3,False,False,True,8,8,297.1,5.6,10.0,44.3,1,False
"Bad Bunny, Eladio Carrion - THUNDER Y LIGHTNING",off-10s/seeded_wrong_2s,-10475,8075,18550,18450,,3,3,False,False,True,8,8,264.8,5.0,9.0,0.0,1,False
"Bad Bunny, Eladio Carrion - THUNDER Y LIGHTNING",off+25s/cold,24525,,,-24525,,0,0,False,False,False,7,8,91.0,2.7,10.8,0.0,0,False
"Bad Bunny, Eladio Carrion - THUNDER Y LIGHTNING",off+25s/second_play,24525,,,-24525,,0,0,False,False,False,7,8,93.8,2.7,11.6,0.0,0,False
"Bad Bunny, Eladio Carrion - THUNDER Y LIGHTNING",off+25s/seeded_correct,24525,24525,0,0,129250,0,1,False,False,False,7,8,90.3,2.6,12.0,100.0,0,True
"Bad Bunny, Eladio Carrion - THUNDER Y LIGHTNING",off+25s/seeded_wrong_2s,24525,26525,2000,2000,,0,0,False,False,False,7,8,90.3,2.5,12.3,0.0,0,False
"Bad Bunny, Eladio Carrion - THUNDER Y LIGHTNING",off-25s/cold,-25475,,,24600,,0,0,False,False,False,10,8,212.4,6.0,11.2,0.0,2,False
"Bad Bunny, Eladio Carrion - THUNDER Y LIGHTNING",off-25s/second_play,-25475,,,24600,,0,0,False,False,False,10,8,221.6,6.5,13.6,0.0,2,False
"Bad Bunny, Eladio Carrion - THUNDER Y LIGHTNING",off-25s/seeded_correct,-25475,-25475,0,0,,0,0,False,False,False,8,8,184.5,6.1,8.4,100.0,0,True
"Bad Bunny, Eladio Carrion - THUNDER Y LIGHTNING",off-25s/seeded_wrong_2s,-25475,-23475,2000,2000,,0,0,False,False,False,8,8,194.8,6.6,8.7,0.0,0,False
"Bad Bunny, Eladio Carrion - THUNDER Y LIGHTNING",noise0/cold,-475,18075,18550,18450,,3,3,False,False,True,7,8,231.3,4.2,6.7,0.0,1,False
"Bad Bunny, Eladio Carrion - THUNDER Y LIGHTNING",noise0/seeded_correct,-475,18075,18550,18450,,3,3,False,False,True,9,8,144.7,3.1,9.9,46.6,1,False
"Bad Bunny, Eladio Carrion - THUNDER Y LIGHTNING",noise0/seeded_wrong_2s,-475,18075,18550,18450,,3,3,False,False,True,8,8,225.4,4.6,7.0,0.0,1,False
"Bad Bunny, Eladio Carrion - THUNDER Y LIGHTNING",noise-2s/cold,-2475,16075,18550,18450,,3,3,False,False,True,7,8,238.9,4.3,7.0,0.0,1,False
"Bad Bunny, Eladio Carrion - THUNDER Y LIGHTNING",noise-2s/seeded_correct,-2475,16075,18550,18450,,3,3,False,False,True,8,8,232.5,4.3,8.1,46.1,1,False
"Bad Bunny, Eladio Carrion - THUNDER Y LIGHTNING",noise-2s/seeded_wrong_2s,-2475,16075,18550,18450,,3,3,False,False,True,8,8,226.5,4.2,7.2,0.0,1,False
"Bad Bunny, Eladio Carrion - THUNDER Y LIGHTNING",cutin5s/cold,4525,22975,18450,18450,,3,3,False,False,True,7,8,218.7,4.5,6.7,0.0,1,False
"Bad Bunny, Eladio Carrion - THUNDER Y LIGHTNING",cutin5s/second_play,4525,22975,18450,18450,,3,3,False,True,True,6,8,263.2,4.3,7.0,0.0,1,False
"Bad Bunny, Eladio Carrion - THUNDER Y LIGHTNING",cutin5s/seeded_correct,4525,22980,18455,18450,,3,3,False,False,True,9,8,131.0,2.3,10.8,47.8,1,False
"Bad Bunny, Eladio Carrion - THUNDER Y LIGHTNING",cutin5s/seeded_wrong_2s,4525,22975,18450,18450,,3,3,False,False,True,8,8,232.9,5.1,8.6,0.0,1,False
"Bad Bunny, Eladio Carrion - THUNDER Y LIGHTNING",cutin15s/cold,14525,,,-14525,,0,0,False,False,False,8,8,94.2,2.4,8.2,0.0,0,False
"Bad Bunny, Eladio Carrion - THUNDER Y LIGHTNING",cutin15s/second_play,14525,,,-14525,,0,0,False,False,False,8,8,94.3,2.4,8.3,0.0,0,False
"Bad Bunny, Eladio Carrion - THUNDER Y LIGHTNING",cutin15s/seeded_correct,14525,32959,18434,18450,,2,2,False,False,True,7,8,170.8,3.8,5.6,50.4,1,False
"Bad Bunny, Eladio Carrion - THUNDER Y LIGHTNING",cutin15s/seeded_wrong_2s,14525,32972,18447,18450,,2,2,False,False,True,7,8,168.7,3.8,5.8,0.0,1,False
"Bad Bunny, Eladio Carrion - THUNDER Y LIGHTNING",cutin25s/cold,24525,,,-24525,,0,0,False,False,False,7,8,87.7,3.4,9.3,0.0,0,False
"Bad Bunny, Eladio Carrion - THUNDER Y LIGHTNING",cutin25s/second_play,24525,,,-24525,,0,0,False,False,False,7,8,87.4,3.0,9.9,0.0,0,False
"Bad Bunny, Eladio Carrion - THUNDER Y LIGHTNING",cutin25s/seeded_correct,24525,24525,0,0,129250,0,1,False,False,False,7,8,62.8,1.6,8.2,100.0,0,True
"Bad Bunny, Eladio Carrion - THUNDER Y LIGHTNING",cutin25s/seeded_wrong_2s,24525,26525,2000,2000,,0,0,False,False,False,7,8,62.9,1.7,8.6,0.0,0,False
"Bad Bunny, Eladio Carrion - THUNDER Y LIGHTNING",blend8s/cold,-475,18075,18550,18450,,3,3,False,False,True,7,8,266.8,4.8,8.2,0.0,1,False
"Bad Bunny, Eladio Carrion - THUNDER Y LIGHTNING",blend8s/seeded_correct,-475,18075,18550,18450,,3,3,False,False,True,9,8,158.1,3.4,10.5,46.6,1,False
"Bad Bunny, Eladio Carrion - THUNDER Y LIGHTNING",blend8s/seeded_wrong_2s,-475,18075,18550,18450,,3,3,False,False,True,8,8,250.5,4.9,8.2,0.0,1,False
"Bad Bunny, Eladio Carrion - THUNDER Y LIGHTNING",midshift+1.5s/cold,-475,19575,18550,18450,,3,3,False,False,True,8,8,324.7,6.3,10.8,0.0,1,False
"Bad Bunny, Eladio Carrion - THUNDER Y LIGHTNING",midshift+1.5s/seeded_correct,-475,19575,18550,18450,,3,3,False,False,True,8,8,302.8,5.8,10.9,30.5,1,False
"Bad Bunny, Eladio Carrion - THUNDER Y LIGHTNING",midshift+1.5s/seeded_wrong_2s,-475,19575,18550,18450,,3,3,False,False,True,8,8,312.7,6.2,10.0,0.0,1,False
"Bad Bunny, Eladio Carrion - THUNDER Y LIGHTNING",midshift-1.5s/cold,-475,16472,18447,18450,,2,2,False,False,True,8,8,277.2,5.3,9.3,0.0,1,False
"Bad Bunny, Eladio Carrion - THUNDER Y LIGHTNING",midshift-1.5s/seeded_correct,-475,16474,18449,18450,,2,2,False,False,True,8,8,284.6,5.5,9.4,30.1,1,False
"Bad Bunny, Eladio Carrion - THUNDER Y LIGHTNING",midshift-1.5s/seeded_wrong_2s,-475,16474,18449,18450,,2,2,False,False,True,8,8,267.5,4.9,8.9,0.0,1,False
"Bad Bunny, Eladio Carrion - THUNDER Y LIGHTNING",gap400/cold,-475,18075,18550,18450,,3,3,False,False,True,6,8,267.3,5.3,7.8,0.0,1,False
"Bad Bunny, Eladio Carrion - THUNDER Y LIGHTNING",gap400/seeded_correct,-475,18075,18550,18450,,2,2,False,False,False,8,8,163.4,4.0,11.5,68.3,1,False
"Bad Bunny, Eladio Carrion - THUNDER Y LIGHTNING",gap400/seeded_wrong_2s,-475,18075,18550,18450,,2,2,False,False,False,8,8,177.2,3.7,12.0,0.0,1,False
Bad Bunny - EL MUNDO ES MÍO,off0/cold,-1100,-1100,0,0,10000,0,4,False,True,True,7,14,265.3,4.5,7.1,93.9,0,True
Bad Bunny - EL MUNDO ES MÍO,off0/seeded_correct,-1100,-1100,0,0,10000,0,5,False,True,True,7,14,226.1,3.7,6.2,100.0,0,True
Bad Bunny - EL MUNDO ES MÍO,off0/seeded_wrong_2s,-1100,-1100,0,0,10000,0,4,False,True,True,7,14,220.9,3.7,5.8,93.9,0,True
Bad Bunny - EL MUNDO ES MÍO,off+200/cold,-900,-900,0,0,10000,0,2,False,True,True,2,14,226.3,3.0,5.1,93.9,0,True
Bad Bunny - EL MUNDO ES MÍO,off+200/seeded_correct,-900,-900,0,0,10000,0,3,False,True,True,2,14,247.2,3.0,6.0,100.0,0,True
Bad Bunny - EL MUNDO ES MÍO,off+200/seeded_wrong_2s,-900,-900,0,0,10000,0,2,False,True,True,2,14,223.4,3.1,5.3,93.9,0,True
Bad Bunny - EL MUNDO ES MÍO,off-200/cold,-1300,-1300,0,0,10000,0,4,False,True,True,7,14,220.8,3.8,6.9,93.9,0,True
Bad Bunny - EL MUNDO ES MÍO,off-200/seeded_correct,-1300,-1300,0,0,10000,0,4,False,True,True,7,14,216.0,3.5,6.0,100.0,0,True
Bad Bunny - EL MUNDO ES MÍO,off-200/seeded_wrong_2s,-1300,-1300,0,0,10000,0,4,False,True,True,7,14,209.2,3.7,5.7,93.9,0,True
Bad Bunny - EL MUNDO ES MÍO,off+2s/cold,900,899,-1,0,8500,0,2,False,True,True,2,14,225.7,3.3,5.5,94.8,0,True
Bad Bunny - EL MUNDO ES MÍO,off+2s/seeded_correct,900,900,0,0,8500,0,3,False,True,True,2,14,222.5,2.8,5.3,100.0,0,True
Bad Bunny - EL MUNDO ES MÍO,off+2s/seeded_wrong_2s,900,899,-1,0,8500,0,2,False,True,True,2,14,229.2,3.1,5.9,94.8,0,True
Bad Bunny - EL MUNDO ES MÍO,off-2s/cold,-3100,-3104,-4,0,13000,0,3,False,True,True,7,14,222.9,3.7,5.8,92.2,0,True
Bad Bunny - EL MUNDO ES MÍO,off-2s/seeded_correct,-3100,-3104,-4,0,13000,0,3,False,True,True,7,14,222.0,3.9,5.8,100.0,0,True
Bad Bunny - EL MUNDO ES MÍO,off-2s/seeded_wrong_2s,-3100,-3104,-4,0,13000,0,3,False,True,True,7,14,232.0,3.6,6.6,92.2,0,True
Bad Bunny - EL MUNDO ES MÍO,off+10s/cold,8900,8891,-9,0,72750,0,3,False,False,True,8,14,262.1,4.8,8.0,52.9,0,True
Bad Bunny - EL MUNDO ES MÍO,off+10s/second_play,8900,8898,-2,-9,2500,0,2,False,True,True,1,14,260.5,3.5,5.8,100.0,0,True
Bad Bunny - EL MUNDO ES MÍO,off+10s/seeded_correct,8900,8900,0,0,2500,0,2,False,True,True,1,14,225.4,3.2,5.3,100.0,0,True
Bad Bunny - EL MUNDO ES MÍO,off+10s/seeded_wrong_2s,8900,8899,-1,0,2500,0,2,False,True,True,2,14,217.9,3.0,6.5,98.4,0,True
Bad Bunny - EL MUNDO ES MÍO,off-10s/cold,-11100,,,11100,,0,0,False,False,False,14,14,190.8,4.3,7.6,0.0,0,False
Bad Bunny - EL MUNDO ES MÍO,off-10s/second_play,-11100,,,11100,,0,0,False,False,False,14,14,187.8,4.6,7.6,0.0,0,False
Bad Bunny - EL MUNDO ES MÍO,off-10s/seeded_correct,-11100,-11100,0,0,,0,0,False,False,False,14,14,189.7,4.6,7.7,100.0,0,True
Bad Bunny - EL MUNDO ES MÍO,off-10s/seeded_wrong_2s,-11100,-9100,2000,2000,,0,0,False,False,False,14,14,185.5,4.7,7.3,0.0,0,False
Bad Bunny - EL MUNDO ES MÍO,off+25s/cold,23900,23895,-5,0,72750,0,3,False,False,True,7,14,217.6,4.6,7.3,47.8,0,True
Bad Bunny - EL MUNDO ES MÍO,off+25s/second_play,23900,23899,-1,-5,2500,0,2,False,True,True,1,14,224.4,3.4,5.7,100.0,0,True
Bad Bunny - EL MUNDO ES MÍO,off+25s/seeded_correct,23900,23900,0,0,2500,0,2,False,True,True,1,14,232.1,3.5,5.8,100.0,0,True
Bad Bunny - EL MUNDO ES MÍO,off+25s/seeded_wrong_2s,23900,23899,-1,0,2500,0,2,False,True,True,2,14,208.0,3.6,5.4,98.2,0,True
Bad Bunny - EL MUNDO ES MÍO,off-25s/cold,-26100,11300,37400,26100,,1,1,False,False,False,14,14,199.7,4.5,6.4,0.0,0,False
Bad Bunny - EL MUNDO ES MÍO,off-25s/second_play,-26100,11300,37400,37400,,1,1,False,False,False,15,14,217.3,5.1,7.2,0.0,1,False
Bad Bunny - EL MUNDO ES MÍO,off-25s/seeded_correct,-26100,11300,37400,0,,1,1,False,False,False,14,14,192.7,4.3,6.2,100.0,0,False
Bad Bunny - EL MUNDO ES MÍO,off-25s/seeded_wrong_2s,-26100,11300,37400,2000,,1,1,False,False,False,14,14,245.0,5.7,8.3,0.0,0,False
Bad Bunny - EL MUNDO ES MÍO,noise0/cold,-1100,-1098,2,0,32250,0,4,False,False,True,7,14,175.9,3.1,4.4,80.4,0,True
Bad Bunny - EL MUNDO ES MÍO,noise0/seeded_correct,-1100,-1098,2,0,16000,0,5,False,False,True,7,14,182.9,2.9,5.3,100.0,0,True
Bad Bunny - EL MUNDO ES MÍO,noise0/seeded_wrong_2s,-1100,-1098,2,0,32250,0,4,False,False,True,7,14,172.7,2.8,4.7,80.4,0,True
Bad Bunny - EL MUNDO ES MÍO,noise-2s/cold,-3100,-3108,-8,0,72750,0,2,False,False,True,9,14,192.0,3.4,5.9,56.3,0,True
Bad Bunny - EL MUNDO ES MÍO,noise-2s/seeded_correct,-3100,-3107,-7,0,60750,0,2,False,False,True,7,14,191.0,3.3,5.1,100.0,0,True
Bad Bunny - EL MUNDO ES MÍO,noise-2s/seeded_wrong_2s,-3100,-3109,-9,0,72750,0,2,False,False,True,7,14,183.5,2.9,5.2,56.3,0,True
Bad Bunny - EL MUNDO ES MÍO,cutin5s/cold,3900,3897,-3,0,5500,0,5,False,True,True,7,14,177.0,3.3,4.7,96.5,0,True
Bad Bunny - EL MUNDO ES MÍO,cutin5s/second_play,3900,3898,-2,-1,5500,0,3,False,True,True,7,14,177.8,3.6,5.0,100.0,0,True
Bad Bunny - EL MUNDO ES MÍO,cutin5s/seeded_correct,3900,3897,-3,0,5500,0,3,False,True,True,7,14,177.7,3.3,5.1,100.0,0,True
Bad Bunny - EL MUNDO ES MÍO,cutin5s/seeded_wrong_2s,3900,3897,-3,0,5500,0,5,False,True,True,7,14,183.6,3.5,5.0,96.5,0,True
Bad Bunny - EL MUNDO ES MÍO,cutin15s/cold,13900,13899,-1,0,4000,0,2,False,True,True,2,14,156.1,2.6,3.7,97.3,0,True
Bad Bunny - EL MUNDO ES MÍO,cutin15s/second_play,13900,13899,-1,-1,4000,0,2,False,True,True,2,14,155.7,2.6,3.7,100.0,0,True
Bad Bunny - EL MUNDO ES MÍO,cutin15s/seeded_correct,13900,13899,-1,0,4000,0,2,False,True,True,2,14,154.9,2.5,3.9,100.0,0,True
Bad Bunny - EL MUNDO ES MÍO,cutin15s/seeded_wrong_2s,13900,13899,-1,0,4000,0,2,False,True,True,2,14,154.5,2.5,4.0,97.3,0,True
Bad Bunny - EL MUNDO ES MÍO,cutin25s/cold,23900,23897,-3,0,4000,0,3,False,True,True,7,14,152.1,3.4,5.9,97.1,0,True
Bad Bunny - EL MUNDO ES MÍO,cutin25s/second_play,23900,23898,-2,-3,4000,0,3,False,True,True,7,14,138.2,3.2,5.7,100.0,0,True
Bad Bunny - EL MUNDO ES MÍO,cutin25s/seeded_correct,23900,23898,-2,0,4000,0,3,False,True,True,7,14,142.7,3.2,6.0,100.0,0,True
Bad Bunny - EL MUNDO ES MÍO,cutin25s/seeded_wrong_2s,23900,23897,-3,0,4000,0,3,False,True,True,7,14,133.7,3.2,4.4,97.1,0,True
Bad Bunny - EL MUNDO ES MÍO,blend8s/cold,-1100,-1100,0,0,32250,0,5,False,False,True,7,14,204.3,3.6,5.2,80.4,0,True
Bad Bunny - EL MUNDO ES MÍO,blend8s/seeded_correct,-1100,-1100,0,0,16000,0,4,False,False,True,7,14,201.3,3.2,5.4,100.0,0,True
Bad Bunny - EL MUNDO ES MÍO,blend8s/seeded_wrong_2s,-1100,-1100,0,0,32250,0,5,False,False,True,7,14,202.7,3.5,4.8,80.4,0,True
Bad Bunny - EL MUNDO ES MÍO,midshift+1.5s/cold,-1100,403,3,0,10000,0,5,False,True,False,14,14,189.3,5.6,9.7,73.4,0,True
Bad Bunny - EL MUNDO ES MÍO,midshift+1.5s/seeded_correct,-1100,403,3,0,10000,0,4,False,True,False,14,14,190.1,5.0,11.3,79.6,0,True
Bad Bunny - EL MUNDO ES MÍO,midshift+1.5s/seeded_wrong_2s,-1100,404,4,0,10000,0,6,False,True,False,14,14,189.8,5.4,9.5,73.4,0,True
Bad Bunny - EL MUNDO ES MÍO,midshift-1.5s/cold,-1100,-1097,1503,0,10000,1,4,False,True,True,6,14,204.9,3.5,5.7,86.3,0,False
Bad Bunny - EL MUNDO ES MÍO,midshift-1.5s/seeded_correct,-1100,-1097,1503,0,10000,1,4,False,True,True,6,14,220.5,3.9,6.5,92.3,0,False
Bad Bunny - EL MUNDO ES MÍO,midshift-1.5s/seeded_wrong_2s,-1100,-1100,1500,0,10000,1,4,False,True,False,15,14,191.5,4.9,10.7,45.7,2,False
Bad Bunny - EL MUNDO ES MÍO,gap400/cold,-1100,-1100,0,0,10000,0,4,False,True,True,7,14,206.1,3.5,5.4,93.9,0,True
Bad Bunny - EL MUNDO ES MÍO,gap400/seeded_correct,-1100,-1100,0,0,10000,0,5,False,True,True,7,14,207.9,3.6,5.9,100.0,0,True
Bad Bunny - EL MUNDO ES MÍO,gap400/seeded_wrong_2s,-1100,-1100,0,0,10000,0,4,False,True,True,7,14,197.7,3.6,5.0,93.9,0,True
Bad Bunny - La Zona,off0/cold,-1094,-1101,-7,-9,21150,0,3,True,True,True,1,18,147.4,2.2,4.2,84.2,0,True
Bad Bunny - La Zona,off0/seeded_correct,-1094,-1098,-4,-6,30250,0,2,False,True,True,2,18,146.9,2.5,4.3,83.8,0,True
Bad Bunny - La Zona,off0/seeded_wrong_2s,-1094,-1100,-6,-6,30250,0,3,False,True,True,3,18,147.4,2.7,3.9,77.4,0,True
Bad Bunny - La Zona,off+200/cold,-894,-900,-6,-7,21150,0,3,True,True,True,1,18,145.2,2.2,4.2,84.2,0,True
Bad Bunny - La Zona,off+200/seeded_correct,-894,-898,-4,-6,30250,0,2,False,True,True,2,18,140.0,2.4,3.9,83.8,0,True
Bad Bunny - La Zona,off+200/seeded_wrong_2s,-894,-899,-5,-6,30250,0,3,False,True,True,3,18,140.6,2.6,4.0,77.4,0,True
Bad Bunny - La Zona,off-200/cold,-1294,-1303,-9,-12,21150,0,3,True,True,True,1,18,151.7,2.3,4.2,84.3,0,True
Bad Bunny - La Zona,off-200/seeded_correct,-1294,-1296,-2,-6,30250,0,2,False,True,True,2,18,140.9,2.4,3.9,83.8,0,True
Bad Bunny - La Zona,off-200/seeded_wrong_2s,-1294,-1301,-7,-6,30250,0,3,False,True,True,4,18,143.3,2.6,4.0,77.5,0,True
Bad Bunny - La Zona,off+2s/cold,906,901,-5,-6,21150,0,3,True,True,True,1,18,149.7,2.5,3.8,84.0,0,True
Bad Bunny - La Zona,off+2s/seeded_correct,906,902,-4,-6,30250,0,2,False,True,True,2,18,142.9,2.4,4.1,82.4,0,True
Bad Bunny - La Zona,off+2s/seeded_wrong_2s,906,902,-4,-6,30250,0,3,False,True,True,3,18,143.8,2.8,3.8,77.1,0,True
Bad Bunny - La Zona,off-2s/cold,-3094,-3103,-9,-12,21150,0,2,True,True,True,1,18,151.7,2.2,4.3,84.5,0,True
Bad Bunny - La Zona,off-2s/seeded_correct,-3094,-3097,-3,0,19000,0,2,False,True,True,2,18,150.1,2.1,4.2,100.0,0,True
Bad Bunny - La Zona,off-2s/seeded_wrong_2s,-3094,-3097,-3,0,19000,0,2,False,True,True,2,18,146.2,2.1,3.9,86.0,0,True
Bad Bunny - La Zona,off+10s/cold,8906,8900,-6,-6,40000,0,4,False,False,True,8,18,179.3,3.2,5.6,67.8,0,True
Bad Bunny - La Zona,off+10s/second_play,8906,8902,-4,-6,7000,0,2,False,True,True,1,18,143.4,2.3,4.2,100.0,0,True
Bad Bunny - La Zona,off+10s/seeded_correct,8906,8903,-3,0,7000,0,2,False,True,True,1,18,139.1,2.6,4.0,100.0,0,True
Bad Bunny - La Zona,off+10s/seeded_wrong_2s,8906,8904,-2,0,7000,0,2,False,True,True,2,18,141.1,2.5,4.2,94.4,0,True
Bad Bunny - La Zona,off-10s/cold,-11094,-881,10213,35744,,4,4,False,False,True,14,18,173.0,3.5,6.2,0.0,0,False
Bad Bunny - La Zona,off-10s/second_play,-11094,-879,10215,10213,,3,3,False,False,True,8,18,154.0,2.8,4.4,0.0,0,False
Bad Bunny - La Zona,off-10s/seeded_correct,-11094,24650,35744,35744,,2,2,False,True,False,18,18,160.1,4.0,6.7,13.2,0,False
Bad Bunny - La Zona,off-10s/seeded_wrong_2s,-11094,24650,35744,35744,,2,2,False,True,False,18,18,160.2,3.8,7.0,0.0,0,False
Bad Bunny - La Zona,off+25s/cold,23906,23900,-6,-6,40000,0,4,False,False,True,7,18,163.1,3.1,5.4,63.3,0,True
Bad Bunny - La Zona,off+25s/second_play,23906,23902,-4,-6,2500,0,2,False,True,True,1,18,131.4,2.6,4.4,100.0,0,True
Bad Bunny - La Zona,off+25s/seeded_correct,23906,23903,-3,0,2500,0,2,False,True,True,1,18,129.2,2.8,4.2,100.0,0,True
Bad Bunny - La Zona,off+25s/seeded_wrong_2s,23906,23904,-2,0,2500,0,2,False,True,True,2,18,122.3,3.0,3.8,97.7,0,True
Bad Bunny - La Zona,off-25s/cold,-26094,9650,35744,35744,,2,2,False,False,False,18,18,166.5,3.4,6.4,0.0,0,False
Bad Bunny - La Zona,off-25s/second_play,-26094,9650,35744,35744,,2,2,False,False,False,18,18,159.4,3.3,5.7,0.0,0,False
Bad Bunny - La Zona,off-25s/seeded_correct,-26094,9650,35744,35744,,2,2,False,False,False,18,18,182.4,3.9,6.5,56.3,0,False
Bad Bunny - La Zona,off-25s/seeded_wrong_2s,-26094,9650,35744,35744,,2,2,False,False,False,18,18,165.9,3.6,6.1,0.0,0,False
Bad Bunny - La Zona,noise0/cold,-1094,-1100,-6,-6,26000,0,4,True,True,True,2,18,135.6,2.1,3.4,80.6,1,True
Bad Bunny - La Zona,noise0/seeded_correct,-1094,-1098,-4,-6,36000,0,3,False,True,True,3,18,133.6,2.3,3.7,78.4,1,True
Bad Bunny - La Zona,noise0/seeded_wrong_2s,-1094,-1101,-7,-6,52000,0,4,False,True,True,6,18,133.2,2.4,3.6,61.2,1,True
Bad Bunny - La Zona,noise-2s/cold,-3094,-3102,-8,-6,26000,0,4,True,True,True,2,18,139.9,2.2,3.7,80.9,1,True
Bad Bunny - La Zona,noise-2s/seeded_correct,-3094,-3089,5,5,97750,0,2,False,True,True,18,18,143.0,3.3,6.3,35.5,1,True
Bad Bunny - La Zona,noise-2s/seeded_wrong_2s,-3094,-3075,19,19,112000,0,2,False,True,False,19,18,141.7,3.2,7.1,17.7,1,True
Bad Bunny - La Zona,cutin5s/cold,3906,3899,-7,-9,11500,0,3,True,True,True,1,18,127.3,2.1,3.4,91.1,0,True
Bad Bunny - La Zona,cutin5s/second_play,3906,3901,-5,-7,11500,0,2,False,True,True,1,18,128.5,2.2,3.7,100.0,0,True
Bad Bunny - La Zona,cutin5s/seeded_correct,3906,3903,-3,0,11500,0,2,False,True,True,1,18,128.0,2.1,3.5,100.0,0,True
Bad Bunny - La Zona,cutin5s/seeded_wrong_2s,3906,3903,-3,0,11500,0,3,False,True,True,2,18,122.2,2.1,3.5,91.1,0,True
Bad Bunny - La Zona,cutin15s/cold,13906,13903,-3,-6,4000,0,2,False,True,True,2,18,100.8,2.1,3.0,96.6,0,True
Bad Bunny - La Zona,cutin15s/second_play,13906,13903,-3,-3,4000,0,3,False,True,True,2,18,98.4,2.1,3.0,100.0,0,True
Bad Bunny - La Zona,cutin15s/seeded_correct,13906,13903,-3,0,4000,0,3,False,True,True,2,18,98.5,2.1,3.0,100.0,0,True
Bad Bunny - La Zona,cutin15s/seeded_wrong_2s,13906,13904,-2,0,4000,0,2,False,True,True,2,18,100.1,2.1,3.0,96.6,0,True
Bad Bunny - La Zona,cutin25s/cold,23906,23900,-6,-6,4000,0,2,False,True,True,2,18,96.2,2.3,3.7,96.3,0,True
Bad Bunny - La Zona,cutin25s/second_play,23906,23900,-6,-6,4000,0,2,False,True,True,2,18,89.2,2.1,3.1,100.0,0,True
Bad Bunny - La Zona,cutin25s/seeded_correct,23906,23902,-4,0,4000,0,2,False,True,True,2,18,88.6,2.1,3.0,100.0,0,True
Bad Bunny - La Zona,cutin25s/seeded_wrong_2s,23906,23902,-4,0,4000,0,2,False,True,True,2,18,87.3,2.1,2.9,96.3,0,True
Bad Bunny - La Zona,blend8s/cold,-1094,-1101,-7,-9,21150,0,3,True,False,True,1,18,154.1,2.0,4.0,84.2,0,True
Bad Bunny - La Zona,blend8s/seeded_correct,-1094,-1098,-4,0,21500,0,2,False,False,True,2,18,148.1,2.0,3.8,100.0,0,True
Bad Bunny - La Zona,blend8s/seeded_wrong_2s,-1094,-1100,-6,-6,30250,0,3,False,False,True,3,18,151.3,2.6,3.6,77.4,0,True
Bad Bunny - La Zona,midshift+1.5s/cold,-1094,-1102,-1508,-6,21150,1,4,True,True,True,2,18,159.1,2.4,4.5,79.5,1,False
Bad Bunny - La Zona,midshift+1.5s/seeded_correct,-1094,399,-7,-6,30250,0,4,False,True,True,5,18,148.2,2.7,4.9,77.6,1,True
Bad Bunny - La Zona,midshift+1.5s/seeded_wrong_2s,-1094,402,-4,-6,30250,0,5,False,True,True,5,18,157.1,2.8,5.0,71.2,1,True
Bad Bunny - La Zona,midshift-1.5s/cold,-1094,-1103,1491,19,97750,1,3,True,True,True,9,18,155.5,2.1,6.9,56.6,1,False
Bad Bunny - La Zona,midshift-1.5s/seeded_correct,-1094,-2575,19,19,97750,0,2,False,True,True,11,18,147.1,2.7,7.5,56.1,1,True
Bad Bunny - La Zona,midshift-1.5s/seeded_wrong_2s,-1094,-2575,19,19,97750,0,3,False,True,True,12,18,147.2,2.6,7.0,49.9,1,True
Bad Bunny - La Zona,gap400/cold,-1094,-1101,-7,-9,21150,0,3,True,True,True,1,18,140.5,2.2,3.8,84.2,0,True
Bad Bunny - La Zona,gap400/seeded_correct,-1094,-1102,-8,-6,35000,0,2,False,True,True,3,18,134.6,2.6,3.7,80.2,0,True
Bad Bunny - La Zona,gap400/seeded_wrong_2s,-1094,-1103,-9,-6,40000,0,2,False,True,True,3,18,145.3,2.6,4.9,70.2,0,True
Bad Bunny - VOU 787,off0/cold,-1100,-1105,-5,0,36000,0,4,False,True,True,6,5,85.6,3.0,4.8,71.2,1,True
Bad Bunny - VOU 787,off0/seeded_correct,-1100,-1104,-4,-3,36000,0,4,False,True,True,6,5,84.4,3.0,4.9,76.8,1,True
Bad Bunny - VOU 787,off0/seeded_wrong_2s,-1100,-1105,-5,0,92750,0,4,False,True,True,6,5,83.5,3.1,4.4,25.7,1,True
Bad Bunny - VOU 787,off+200/cold,-900,-902,-2,0,11500,0,2,False,True,True,2,5,124.5,2.1,3.4,90.8,0,True
Bad Bunny - VOU 787,off+200/seeded_correct,-900,-901,-1,0,11500,0,2,False,True,True,1,5,128.1,2.1,3.5,100.0,0,True
Bad Bunny - VOU 787,off+200/seeded_wrong_2s,-900,-902,-2,0,11500,0,2,False,True,True,2,5,122.5,2.1,3.6,90.8,0,True
Bad Bunny - VOU 787,off-200/cold,-1300,-1301,-1,0,11500,0,2,False,True,True,2,5,122.7,2.1,3.4,90.8,0,True
Bad Bunny - VOU 787,off-200/seeded_correct,-1300,-1301,-1,0,11500,0,2,False,True,True,2,5,123.7,2.2,3.7,100.0,0,True
Bad Bunny - VOU 787,off-200/seeded_wrong_2s,-1300,-1301,-1,0,11500,0,2,False,True,True,2,5,126.3,2.0,3.9,90.8,0,True
Bad Bunny - VOU 787,off+2s/cold,900,899,-1,0,10000,0,2,False,True,True,2,5,124.6,2.3,3.3,91.9,0,True
Bad Bunny - VOU 787,off+2s/seeded_correct,900,899,-1,0,10000,0,2,False,True,True,1,5,122.8,2.0,3.4,100.0,0,True
Bad Bunny - VOU 787,off+2s/seeded_wrong_2s,900,899,-1,0,10000,0,2,False,True,True,2,5,123.0,2.2,3.8,91.9,0,True
Bad Bunny - VOU 787,off-2s/cold,-3100,,,3100,,0,0,False,False,False,5,5,78.0,2.9,4.6,0.0,0,False
Bad Bunny - VOU 787,off-2s/seeded_correct,-3100,-3100,0,0,92750,0,0,False,False,False,5,5,72.6,2.7,4.0,100.0,0,True
Bad Bunny - VOU 787,off-2s/seeded_wrong_2s,-3100,-1200,1900,0,110000,1,2,False,False,False,7,5,94.9,3.1,6.9,13.2,2,False
Bad Bunny - VOU 787,off+10s/cold,8900,,,-7700,,0,0,False,False,False,5,5,70.3,3.4,4.3,0.0,0,False
Bad Bunny - VOU 787,off+10s/second_play,8900,,,-7700,,0,0,False,False,False,5,5,70.9,3.2,4.8,0.0,0,False
Bad Bunny - VOU 787,off+10s/seeded_correct,8900,8899,-1,0,2500,0,2,False,True,True,1,5,122.0,2.1,3.8,100.0,0,True
Bad Bunny - VOU 787,off+10s/seeded_wrong_2s,8900,8899,-1,0,2500,0,2,False,True,True,2,5,114.8,2.4,3.5,97.8,0,True
Bad Bunny - VOU 787,off-10s/cold,-11100,,,11100,,0,0,False,False,False,5,5,81.9,3.0,4.1,0.0,0,False
Bad Bunny - VOU 787,off-10s/second_play,-11100,,,11100,,0,0,False,False,False,5,5,80.2,3.0,4.1,0.0,0,False
Bad Bunny - VOU 787,off-10s/seeded_correct,-11100,-11100,0,0,,0,0,False,False,False,5,5,83.4,3.0,4.4,100.0,0,True
Bad Bunny - VOU 787,off-10s/seeded_wrong_2s,-11100,-9100,2000,2000,,0,0,False,False,False,5,5,105.3,3.2,7.0,0.0,0,False
Bad Bunny - VOU 787,off+25s/cold,23900,23894,-6,0,92750,0,2,False,False,True,5,5,52.7,2.8,6.9,7.1,0,True
Bad Bunny - VOU 787,off+25s/second_play,23900,23897,-3,-6,2500,0,2,False,True,True,1,5,111.0,2.4,3.6,100.0,0,True
Bad Bunny - VOU 787,off+25s/seeded_correct,23900,23899,-1,0,2500,0,2,False,True,True,1,5,114.7,2.8,3.4,100.0,0,True
Bad Bunny - VOU 787,off+25s/seeded_wrong_2s,23900,23899,-1,0,2500,0,2,False,True,True,1,5,110.0,2.5,3.7,97.5,0,True
Bad Bunny - VOU 787,off-25s/cold,-26100,,,26100,,0,0,False,False,False,5,5,96.0,2.7,4.5,0.0,0,False
Bad Bunny - VOU 787,off-25s/second_play,-26100,,,26100,,0,0,False,False,False,5,5,93.1,2.7,4.1,0.0,0,False
Bad Bunny - VOU 787,off-25s/seeded_correct,-26100,-26100,0,0,,0,0,False,False,False,5,5,90.8,2.6,3.9,100.0,0,True
Bad Bunny - VOU 787,off-25s/seeded_wrong_2s,-26100,-24100,2000,2000,,0,0,False,False,False,5,5,92.5,2.9,3.6,0.0,0,False
Bad Bunny - VOU 787,noise0/cold,-1100,-1106,-6,-4,54000,0,4,False,True,True,6,5,79.0,2.7,4.4,56.7,1,True
Bad Bunny - VOU 787,noise0/seeded_correct,-1100,-1104,-4,-3,36000,0,4,False,True,True,6,5,74.0,2.7,4.0,79.2,1,True
Bad Bunny - VOU 787,noise0/seeded_wrong_2s,-1100,802,1902,0,102000,1,1,False,True,True,5,5,77.4,2.6,4.0,18.3,2,False
Bad Bunny - VOU 787,noise-2s/cold,-3100,,,950,,0,0,False,True,False,5,5,73.5,2.9,4.1,0.0,0,False
Bad Bunny - VOU 787,noise-2s/seeded_correct,-3100,-3100,0,950,,0,0,False,True,False,5,5,66.2,2.8,3.5,7.9,0,True
Bad Bunny - VOU 787,noise-2s/seeded_wrong_2s,-3100,-1100,2000,950,,0,0,False,True,False,5,5,65.2,2.6,3.7,0.0,0,False
Bad Bunny - VOU 787,cutin5s/cold,3900,3899,-1,0,7000,0,2,False,True,True,2,5,108.4,2.2,3.2,94.2,0,True
Bad Bunny - VOU 787,cutin5s/second_play,3900,3899,-1,-1,7000,0,2,False,True,True,1,5,108.3,1.8,3.1,100.0,0,True
Bad Bunny - VOU 787,cutin5s/seeded_correct,3900,3899,-1,0,7000,0,2,False,True,True,1,5,109.0,1.9,3.1,100.0,0,True
Bad Bunny - VOU 787,cutin5s/seeded_wrong_2s,3900,3899,-1,0,7000,0,2,False,True,True,2,5,106.4,2.0,3.2,94.2,0,True
Bad Bunny - VOU 787,cutin15s/cold,13900,13900,0,0,10000,0,2,False,True,True,2,5,92.6,1.8,2.8,90.9,0,True
Bad Bunny - VOU 787,cutin15s/second_play,13900,13900,0,0,10000,0,2,False,True,True,2,5,87.6,1.8,2.7,100.0,0,True
Bad Bunny - VOU 787,cutin15s/seeded_correct,13900,13900,0,0,10000,0,2,False,True,True,2,5,88.7,1.8,2.9,100.0,0,True
Bad Bunny - VOU 787,cutin15s/seeded_wrong_2s,13900,13899,-1,0,4000,0,3,False,True,True,3,5,85.6,2.0,2.9,96.4,0,True
Bad Bunny - VOU 787,cutin25s/cold,23900,23894,-6,0,4000,0,4,False,True,True,5,5,31.3,2.6,5.7,96.0,0,True
Bad Bunny - VOU 787,cutin25s/second_play,23900,23895,-5,-6,4000,0,2,False,True,True,3,5,76.4,2.1,2.9,100.0,0,True
Bad Bunny - VOU 787,cutin25s/seeded_correct,23900,23895,-5,0,4000,0,4,False,True,True,5,5,27.4,2.6,5.5,100.0,0,True
Bad Bunny - VOU 787,cutin25s/seeded_wrong_2s,23900,23894,-6,0,4000,0,4,False,True,True,5,5,28.8,2.9,5.7,96.0,0,True
Bad Bunny - VOU 787,blend8s/cold,-1100,-1103,-3,0,26000,0,3,False,False,True,3,5,123.9,2.2,3.2,79.2,0,True
Bad Bunny - VOU 787,blend8s/seeded_correct,-1100,-1102,-2,0,12000,0,2,False,False,True,2,5,121.2,2.1,3.3,100.0,0,True
Bad Bunny - VOU 787,blend8s/seeded_wrong_2s,-1100,-1103,-3,0,26000,0,3,False,False,True,3,5,124.9,2.0,3.5,79.2,0,True
Bad Bunny - VOU 787,midshift+1.5s/cold,-1100,-1103,-1503,0,36000,1,4,False,True,True,6,5,91.8,3.7,4.9,44.2,1,False
Bad Bunny - VOU 787,midshift+1.5s/seeded_correct,-1100,-1103,-1503,0,36000,1,4,False,True,True,6,5,83.8,3.3,4.6,49.9,1,False
Bad Bunny - VOU 787,midshift+1.5s/seeded_wrong_2s,-1100,-1103,-1503,0,92750,1,4,False,True,True,6,5,90.5,3.5,5.4,24.8,1,False
Bad Bunny - VOU 787,midshift-1.5s/cold,-1100,-1104,1496,0,36000,1,4,False,True,True,6,5,90.9,3.3,4.9,45.6,1,False
Bad Bunny - VOU 787,midshift-1.5s/seeded_correct,-1100,-1103,1497,0,36000,1,4,False,True,True,6,5,81.5,2.9,4.3,51.1,1,False
Bad Bunny - VOU 787,midshift-1.5s/seeded_wrong_2s,-1100,-1104,1496,0,92750,1,4,False,True,True,6,5,88.5,3.2,4.7,26.6,1,False
Bad Bunny - VOU 787,gap400/cold,-1100,-1108,-8,0,92750,0,2,False,True,True,3,5,70.6,3.4,4.3,25.7,0,True
Bad Bunny - VOU 787,gap400/seeded_correct,-1100,-1105,-5,0,92750,0,2,False,True,True,3,5,68.8,3.1,4.9,31.3,0,True
Bad Bunny - VOU 787,gap400/seeded_wrong_2s,-1100,-1100,0,0,92750,0,1,False,True,False,3,5,69.9,3.2,4.3,25.7,0,True
Bad Bunny - BOKeTE,off0/cold,-1062,-1050,12,12,8500,0,2,False,True,True,1,5,401.1,3.8,7.2,96.1,0,True
Bad Bunny - BOKeTE,off0/seeded_correct,-1062,-1030,32,25,8500,0,2,False,True,True,1,5,411.9,3.9,7.7,100.0,0,True
Bad Bunny - BOKeTE,off0/seeded_wrong_2s,-1062,-1030,32,25,8500,0,2,False,True,True,2,5,405.8,3.9,7.8,96.1,0,True
Bad Bunny - BOKeTE,off+200/cold,-862,-758,104,12,8500,0,3,True,True,True,1,5,408.8,3.5,7.9,96.1,0,True
Bad Bunny - BOKeTE,off+200/seeded_correct,-862,-830,32,25,8500,0,2,False,True,True,1,5,416.7,4.0,8.0,100.0,0,True
Bad Bunny - BOKeTE,off+200/seeded_wrong_2s,-862,-831,31,25,8500,0,2,False,True,True,2,5,415.3,3.8,8.0,96.1,0,True
Bad Bunny - BOKeTE,off-200/cold,-1262,-1248,14,12,8500,0,2,False,True,True,2,5,417.5,3.9,8.3,96.1,0,True
Bad Bunny - BOKeTE,off-200/seeded_correct,-1262,-1229,33,25,8500,0,2,False,True,True,1,5,427.6,3.7,9.0,100.0,0,True
Bad Bunny - BOKeTE,off-200/seeded_wrong_2s,-1262,-1229,33,25,8500,0,2,False,True,True,2,5,414.3,3.9,7.9,96.1,0,True
Bad Bunny - BOKeTE,off+2s/cold,938,949,11,12,8500,0,5,True,True,True,5,5,332.4,5.2,8.0,96.1,0,True
Bad Bunny - BOKeTE,off+2s/seeded_correct,938,970,32,25,16000,0,2,False,True,True,1,5,413.6,3.6,7.6,100.0,0,True
Bad Bunny - BOKeTE,off+2s/seeded_wrong_2s,938,969,31,25,16000,0,2,False,True,True,2,5,430.0,3.7,8.6,92.6,0,True
Bad Bunny - BOKeTE,off-2s/cold,-3062,-3051,11,12,11500,0,1,False,True,False,5,5,331.5,5.3,8.4,94.8,0,True
Bad Bunny - BOKeTE,off-2s/seeded_correct,-3062,-3031,31,25,11500,0,1,False,True,False,5,5,344.4,5.7,8.9,100.0,0,True
Bad Bunny - BOKeTE,off-2s/seeded_wrong_2s,-3062,-1062,2000,25,11500,0,0,False,True,False,5,5,331.7,5.2,8.3,94.8,0,False
Bad Bunny - BOKeTE,off+10s/cold,8938,,,-8938,,0,0,False,False,False,5,5,348.0,5.4,8.2,0.0,0,False
Bad Bunny - BOKeTE,off+10s/second_play,8938,,,-8938,,0,0,False,False,False,5,5,337.2,5.3,8.0,0.0,0,False
Bad Bunny - BOKeTE,off+10s/seeded_correct,8938,8970,32,25,7000,0,2,False,True,True,1,5,429.8,3.8,8.7,100.0,0,True
Bad Bunny - BOKeTE,off+10s/seeded_wrong_2s,8938,8969,31,25,7000,0,2,False,True,True,2,5,419.4,4.2,8.3,96.6,0,True
Bad Bunny - BOKeTE,off-10s/cold,-11062,,,11062,,0,0,False,False,False,5,5,357.2,5.2,8.2,0.0,0,False
Bad Bunny - BOKeTE,off-10s/second_play,-11062,,,11062,,0,0,False,False,False,5,5,348.7,4.9,8.3,0.0,0,False
Bad Bunny - BOKeTE,off-10s/seeded_correct,-11062,-11062,0,0,,0,0,False,False,False,5,5,349.1,5.1,8.2,100.0,0,True
Bad Bunny - BOKeTE,off-10s/seeded_wrong_2s,-11062,-9062,2000,2000,,0,0,False,False,False,5,5,344.6,4.9,8.3,0.0,0,False
Bad Bunny - BOKeTE,off+25s/cold,23938,,,-23938,,0,0,False,False,False,5,5,324.3,5.4,8.4,0.0,0,False
Bad Bunny - BOKeTE,off+25s/second_play,23938,,,-23938,,0,0,False,False,False,5,5,312.6,5.3,8.0,0.0,0,False
Bad Bunny - BOKeTE,off+25s/seeded_correct,23938,23969,31,25,2500,0,2,False,True,True,1,5,397.2,4.6,7.9,100.0,0,True
Bad Bunny - BOKeTE,off+25s/seeded_wrong_2s,23938,23969,31,25,2500,0,2,False,True,True,1,5,400.3,4.5,7.9,98.7,0,True
Bad Bunny - BOKeTE,off-25s/cold,-26062,,,26062,,0,0,False,False,False,5,5,353.9,5.1,8.0,0.0,0,False
Bad Bunny - BOKeTE,off-25s/second_play,-26062,,,26062,,0,0,False,False,False,5,5,365.7,5.2,8.0,0.0,0,False
Bad Bunny - BOKeTE,off-25s/seeded_correct,-26062,-26062,0,0,,0,0,False,False,False,5,5,351.5,4.9,8.2,100.0,0,True
Bad Bunny - BOKeTE,off-25s/seeded_wrong_2s,-26062,-24062,2000,2000,,0,0,False,False,False,5,5,369.7,4.9,8.1,0.0,0,False
Bad Bunny - BOKeTE,noise0/cold,-1062,-1050,12,12,8500,0,2,False,True,True,1,5,347.9,3.2,6.4,96.1,0,True
Bad Bunny - BOKeTE,noise0/seeded_correct,-1062,-1030,32,25,8500,0,2,False,True,True,1,5,350.5,3.1,6.6,100.0,0,True
Bad Bunny - BOKeTE,noise0/seeded_wrong_2s,-1062,-1030,32,25,8500,0,2,False,True,True,2,5,351.1,3.1,7.0,96.1,0,True
Bad Bunny - BOKeTE,noise-2s/cold,-3062,-3050,12,12,11500,0,1,False,True,True,2,5,354.8,3.3,6.4,94.8,0,True
Bad Bunny - BOKeTE,noise-2s/seeded_correct,-3062,-3031,31,25,11500,0,1,False,True,True,2,5,349.0,3.2,6.8,100.0,0,True
Bad Bunny - BOKeTE,noise-2s/seeded_wrong_2s,-3062,-3031,31,25,11500,0,1,False,True,True,2,5,354.6,3.1,6.7,94.8,0,True
Bad Bunny - BOKeTE,cutin5s/cold,3938,3948,10,9,5500,0,3,True,True,True,1,5,368.6,3.6,7.0,97.4,0,True
Bad Bunny - BOKeTE,cutin5s/second_play,3938,3950,12,10,5500,0,3,False,True,False,5,5,292.1,5.1,7.7,100.0,0,True
Bad Bunny - BOKeTE,cutin5s/seeded_correct,3938,3968,30,25,5500,0,3,False,True,False,5,5,278.6,5.0,7.0,100.0,0,True
Bad Bunny - BOKeTE,cutin5s/seeded_wrong_2s,3938,3968,30,25,5500,0,4,False,True,False,5,5,283.5,4.9,7.0,97.4,0,True
Bad Bunny - BOKeTE,cutin15s/cold,13938,13949,11,12,4000,0,4,False,True,False,5,5,219.8,4.1,5.9,98.0,0,True
Bad Bunny - BOKeTE,cutin15s/second_play,13938,13949,11,11,4000,0,5,False,True,False,5,5,216.5,4.1,6.0,100.0,0,True
Bad Bunny - BOKeTE,cutin15s/seeded_correct,13938,13967,29,25,4000,0,2,False,True,False,5,5,214.1,4.1,5.7,100.0,0,True
Bad Bunny - BOKeTE,cutin15s/seeded_wrong_2s,13938,13966,28,25,4000,0,2,False,True,False,5,5,219.4,4.0,6.0,98.0,0,True
Bad Bunny - BOKeTE,cutin25s/cold,23938,23954,16,12,4000,0,3,False,True,False,5,5,221.4,4.5,6.7,97.9,0,True
Bad Bunny - BOKeTE,cutin25s/second_play,23938,23953,15,13,4000,0,3,False,True,False,5,5,222.2,4.7,6.2,100.0,0,True
Bad Bunny - BOKeTE,cutin25s/seeded_correct,23938,23972,34,25,4000,0,2,False,True,False,5,5,216.8,4.7,6.1,100.0,0,True
Bad Bunny - BOKeTE,cutin25s/seeded_wrong_2s,23938,23972,34,25,4000,0,3,False,True,False,5,5,221.4,4.7,7.6,97.9,0,True
Bad Bunny - BOKeTE,blend8s/cold,-1062,-1050,12,15,30000,0,3,False,False,False,5,5,358.5,5.0,8.4,86.2,0,True
Bad Bunny - BOKeTE,blend8s/seeded_correct,-1062,-1031,31,0,25750,0,3,False,False,False,5,5,357.7,5.0,8.8,100.0,0,True
Bad Bunny - BOKeTE,blend8s/seeded_wrong_2s,-1062,-1032,30,34,30000,0,2,False,False,False,5,5,363.6,4.9,9.1,86.2,0,True
Bad Bunny - BOKeTE,midshift+1.5s/cold,-1062,-1050,-1488,-38,8500,0,1,False,True,True,4,5,438.8,5.9,9.6,71.2,2,False
Bad Bunny - BOKeTE,midshift+1.5s/seeded_correct,-1062,475,37,37,8500,0,2,False,True,True,4,5,416.9,5.3,9.8,73.1,2,True
Bad Bunny - BOKeTE,midshift+1.5s/seeded_wrong_2s,-1062,-1030,-1468,-38,8500,0,1,False,True,True,5,5,418.8,5.9,8.8,71.2,2,False
Bad Bunny - BOKeTE,midshift-1.5s/cold,-1062,-1050,1512,2112,,0,1,False,True,True,3,5,389.0,5.2,8.3,23.5,2,False
Bad Bunny - BOKeTE,midshift-1.5s/seeded_correct,-1062,-1030,1532,1525,8500,0,1,False,True,True,3,5,382.5,4.7,9.3,27.4,2,False
Bad Bunny - BOKeTE,midshift-1.5s/seeded_wrong_2s,-1062,-1037,1525,1525,,1,2,False,True,True,4,5,369.9,4.6,8.1,23.5,2,False
Bad Bunny - BOKeTE,gap400/cold,-1062,-1048,14,12,8500,0,1,False,True,True,2,5,377.1,3.8,7.2,96.1,0,True
Bad Bunny - BOKeTE,gap400/seeded_correct,-1062,-1030,32,25,8500,0,1,False,True,True,2,5,397.3,3.9,8.5,100.0,0,True
Bad Bunny - BOKeTE,gap400/seeded_wrong_2s,-1062,-1046,16,25,8500,0,1,False,True,True,3,5,291.4,4.8,7.5,96.1,0,True
Bad Bunny - BAILE INoLVIDABLE,off0/cold,-1008,-900,108,108,,0,4,False,True,True,7,5,1168.2,7.2,13.1,76.7,2,True
Bad Bunny - BAILE INoLVIDABLE,off0/seeded_correct,-1008,-900,108,108,,0,4,False,True,True,7,5,1157.9,7.2,12.8,79.0,2,True
Bad Bunny - BAILE INoLVIDABLE,off0/seeded_wrong_2s,-1008,-900,108,108,,0,4,False,True,True,7,5,1174.7,7.7,12.9,76.7,2,True
Bad Bunny - BAILE INoLVIDABLE,off+200/cold,-808,-786,22,108,,0,5,True,True,True,7,5,1206.9,7.8,13.3,76.6,2,True
Bad Bunny - BAILE INoLVIDABLE,off+200/seeded_correct,-808,-700,108,108,,0,4,False,True,True,7,5,1175.3,7.3,13.0,78.5,2,True
Bad Bunny - BAILE INoLVIDABLE,off+200/seeded_wrong_2s,-808,-700,108,108,,0,4,False,True,True,7,5,1179.9,7.6,13.3,76.6,2,True
Bad Bunny - BAILE INoLVIDABLE,off-200/cold,-1208,-1100,108,108,,0,4,False,True,True,7,5,1188.6,7.5,13.4,76.7,2,True
Bad Bunny - BAILE INoLVIDABLE,off-200/seeded_correct,-1208,-1100,108,108,,0,4,False,True,True,7,5,1285.3,8.6,14.1,79.0,2,True
Bad Bunny - BAILE INoLVIDABLE,off-200/seeded_wrong_2s,-1208,-1100,108,108,,0,4,False,True,True,7,5,1309.5,8.4,13.9,76.7,2,True
Bad Bunny - BAILE INoLVIDABLE,off+2s/cold,992,1014,22,108,,0,5,True,True,True,7,5,1372.8,9.7,13.3,76.5,2,True
Bad Bunny - BAILE INoLVIDABLE,off+2s/seeded_correct,992,1100,108,108,,0,4,False,True,True,7,5,1206.7,7.7,14.1,78.0,2,True
Bad Bunny - BAILE INoLVIDABLE,off+2s/seeded_wrong_2s,992,1100,108,108,,0,4,False,True,True,7,5,1194.7,7.6,13.1,76.5,2,True
Bad Bunny - BAILE INoLVIDABLE,off-2s/cold,-3008,-2900,108,108,,0,2,False,True,True,7,5,1190.6,7.4,13.2,76.8,2,True
Bad Bunny - BAILE INoLVIDABLE,off-2s/seeded_correct,-3008,-2900,108,108,,0,2,False,True,False,7,5,1180.4,7.2,13.4,79.5,2,True
Bad Bunny - BAILE INoLVIDABLE,off-2s/seeded_wrong_2s,-3008,-2900,108,108,,0,2,False,True,False,7,5,1280.4,7.2,14.6,76.8,2,True
Bad Bunny - BAILE INoLVIDABLE,off+10s/cold,8992,9175,183,183,,0,4,False,False,False,7,5,1200.1,7.5,13.3,77.2,2,True
Bad Bunny - BAILE INoLVIDABLE,off+10s/second_play,8992,9050,58,58,92000,0,1,False,True,False,7,5,1198.7,7.6,13.7,75.0,2,True
Bad Bunny - BAILE INoLVIDABLE,off+10s/seeded_correct,8992,9050,58,58,92000,0,1,False,True,False,7,5,1203.3,8.2,13.3,75.0,2,True
Bad Bunny - BAILE INoLVIDABLE,off+10s/seeded_wrong_2s,8992,9050,58,58,92000,0,1,False,True,False,7,5,1262.8,7.8,16.8,74.3,2,True
Bad Bunny - BAILE INoLVIDABLE,off-10s/cold,-11008,,,11008,,0,0,False,False,False,5,5,1218.6,7.7,14.3,0.0,0,False
Bad Bunny - BAILE INoLVIDABLE,off-10s/second_play,-11008,,,11008,,0,0,False,False,False,5,5,1499.6,11.0,15.7,0.0,0,False
Bad Bunny - BAILE INoLVIDABLE,off-10s/seeded_correct,-11008,-11008,0,0,,0,0,False,False,False,5,5,1358.3,8.8,15.2,100.0,0,True
Bad Bunny - BAILE INoLVIDABLE,off-10s/seeded_wrong_2s,-11008,-9008,2000,2000,,0,0,False,False,False,5,5,1346.1,8.6,15.1,0.0,0,False
Bad Bunny - BAILE INoLVIDABLE,off+25s/cold,23992,24200,208,208,,0,4,False,False,False,7,5,1396.3,9.4,15.7,76.2,2,True
Bad Bunny - BAILE INoLVIDABLE,off+25s/second_play,23992,24100,108,108,,0,2,False,True,True,7,5,1313.6,9.3,14.5,75.7,2,True
Bad Bunny - BAILE INoLVIDABLE,off+25s/seeded_correct,23992,24100,108,108,,0,4,False,True,True,7,5,1355.1,9.4,14.9,75.7,2,True
Bad Bunny - BAILE INoLVIDABLE,off+25s/seeded_wrong_2s,23992,24100,108,108,,0,4,False,True,True,7,5,1318.6,9.3,15.1,75.0,2,True
Bad Bunny - BAILE INoLVIDABLE,off-25s/cold,-26008,,,26008,,0,0,False,False,False,5,5,1321.0,7.7,14.6,0.0,0,False
Bad Bunny - BAILE INoLVIDABLE,off-25s/second_play,-26008,,,26008,,0,0,False,False,False,5,5,1306.5,7.8,14.2,0.0,0,False
Bad Bunny - BAILE INoLVIDABLE,off-25s/seeded_correct,-26008,-26008,0,0,,0,0,False,False,False,5,5,1314.1,7.6,14.9,100.0,0,True
Bad Bunny - BAILE INoLVIDABLE,off-25s/seeded_wrong_2s,-26008,-24008,2000,2000,,0,0,False,False,False,5,5,1324.8,7.9,14.9,0.0,0,False
Bad Bunny - BAILE INoLVIDABLE,noise0/cold,-1008,-900,108,108,,0,4,False,True,True,7,5,1270.4,7.4,15.3,76.7,2,True
Bad Bunny - BAILE INoLVIDABLE,noise0/seeded_correct,-1008,-900,108,108,,0,4,False,True,True,7,5,1259.4,7.5,15.7,79.0,2,True
Bad Bunny - BAILE INoLVIDABLE,noise0/seeded_wrong_2s,-1008,-900,108,108,,0,4,False,True,True,7,5,1248.3,7.4,15.2,76.7,2,True
Bad Bunny - BAILE INoLVIDABLE,noise-2s/cold,-3008,-2900,108,108,,0,2,False,True,False,7,5,1241.5,7.6,14.9,76.8,2,True
Bad Bunny - BAILE INoLVIDABLE,noise-2s/seeded_correct,-3008,-2900,108,108,,0,2,False,True,False,7,5,1229.0,7.1,15.1,79.5,2,True
Bad Bunny - BAILE INoLVIDABLE,noise-2s/seeded_wrong_2s,-3008,-2900,108,108,,0,2,False,True,False,7,5,1218.5,6.5,14.9,76.8,2,True
Bad Bunny - BAILE INoLVIDABLE,cutin5s/cold,3992,4175,183,183,,0,4,False,True,False,7,5,1456.6,9.0,17.1,77.5,2,True
Bad Bunny - BAILE INoLVIDABLE,cutin5s/second_play,3992,4175,183,183,,0,4,False,True,False,7,5,1491.3,9.0,17.8,79.0,2,True
Bad Bunny - BAILE INoLVIDABLE,cutin5s/seeded_correct,3992,4175,183,183,,0,4,False,True,False,7,5,1455.3,9.1,17.7,79.0,2,True
Bad Bunny - BAILE INoLVIDABLE,cutin5s/seeded_wrong_2s,3992,4175,183,183,,0,4,False,True,False,7,5,1524.4,9.0,22.3,77.5,2,True
Bad Bunny - BAILE INoLVIDABLE,cutin15s/cold,13992,14200,208,208,,0,5,False,True,True,7,5,1089.2,6.3,14.3,98.4,2,True
Bad Bunny - BAILE INoLVIDABLE,cutin15s/second_play,13992,14100,108,108,,0,5,False,True,True,7,5,1065.5,6.7,14.4,100.0,2,True
Bad Bunny - BAILE INoLVIDABLE,cutin15s/seeded_correct,13992,14200,208,208,,0,5,False,True,True,7,5,1079.3,6.8,14.7,100.0,2,True
Bad Bunny - BAILE INoLVIDABLE,cutin15s/seeded_wrong_2s,13992,14200,208,208,,0,5,False,True,True,7,5,1134.0,7.2,14.7,98.4,2,True
Bad Bunny - BAILE INoLVIDABLE,cutin25s/cold,23992,24100,108,108,,0,4,False,True,True,7,5,1321.7,9.0,16.4,98.4,2,True
Bad Bunny - BAILE INoLVIDABLE,cutin25s/second_play,23992,24125,133,133,,0,3,False,True,True,7,5,1339.0,8.4,17.3,100.0,2,True
Bad Bunny - BAILE INoLVIDABLE,cutin25s/seeded_correct,23992,24050,58,183,,0,2,False,True,True,7,5,1313.7,8.6,16.9,100.0,2,True
Bad Bunny - BAILE INoLVIDABLE,cutin25s/seeded_wrong_2s,23992,24050,58,183,,0,1,False,True,True,7,5,1340.9,9.1,16.6,98.4,2,True
Bad Bunny - BAILE INoLVIDABLE,blend8s/cold,-1008,-825,183,183,,0,4,False,True,False,7,5,1541.4,9.3,17.5,77.8,2,True
Bad Bunny - BAILE INoLVIDABLE,blend8s/seeded_correct,-1008,-825,183,183,,0,4,False,False,False,7,5,1521.9,9.2,17.7,100.0,2,True
Bad Bunny - BAILE INoLVIDABLE,blend8s/seeded_wrong_2s,-1008,-900,108,108,,0,3,False,False,True,7,5,1521.1,8.9,17.7,76.7,2,True
Bad Bunny - BAILE INoLVIDABLE,midshift+1.5s/cold,-1008,600,108,108,,0,4,False,True,False,7,5,1705.7,11.5,16.9,76.6,2,True
Bad Bunny - BAILE INoLVIDABLE,midshift+1.5s/seeded_correct,-1008,575,83,83,86000,0,2,False,True,False,7,5,1708.2,11.3,17.7,78.9,2,True
Bad Bunny - BAILE INoLVIDABLE,midshift+1.5s/seeded_wrong_2s,-1008,575,83,83,86000,0,2,False,True,False,7,5,1703.6,11.1,17.5,76.6,2,True
Bad Bunny - BAILE INoLVIDABLE,midshift-1.5s/cold,-1008,-2400,108,108,,0,2,False,True,False,7,5,1366.2,8.5,14.5,76.7,2,True
Bad Bunny - BAILE INoLVIDABLE,midshift-1.5s/seeded_correct,-1008,-2425,83,83,86000,0,2,False,True,False,7,5,1462.3,9.7,14.9,79.0,2,True
Bad Bunny - BAILE INoLVIDABLE,midshift-1.5s/seeded_wrong_2s,-1008,-2425,83,83,86000,0,2,False,True,False,7,5,1352.0,8.5,14.5,76.7,2,True
Bad Bunny - BAILE INoLVIDABLE,gap400/cold,-1008,-900,108,108,,0,4,False,True,True,6,5,1316.5,8.3,14.2,76.7,2,True
Bad Bunny - BAILE INoLVIDABLE,gap400/seeded_correct,-1008,-900,108,108,,0,2,False,True,True,6,5,1329.0,8.3,14.5,79.0,2,True
Bad Bunny - BAILE INoLVIDABLE,gap400/seeded_wrong_2s,-1008,-900,108,108,,0,2,False,True,True,6,5,1323.6,8.8,14.3,76.7,2,True
Bad Bunny - Estamos Bien,off0/cold,306,344,38,69,15000,0,6,True,False,True,4,14,1918.2,6.3,15.8,97.2,2,True
Bad Bunny - Estamos Bien,off0/seeded_correct,306,364,58,69,15000,0,6,False,False,True,5,14,1873.3,6.6,15.8,100.0,2,True
Bad Bunny - Estamos Bien,off0/seeded_wrong_2s,306,364,58,69,15000,0,6,False,False,True,5,14,1889.0,6.6,15.8,97.2,2,True
Bad Bunny - Estamos Bien,off+200/cold,506,544,38,69,15000,0,6,True,False,True,4,14,1929.9,6.4,15.9,97.2,2,True
Bad Bunny - Estamos Bien,off+200/seeded_correct,506,564,58,69,15000,0,6,False,False,True,5,14,1915.7,6.5,15.3,100.0,2,True
Bad Bunny - Estamos Bien,off+200/seeded_wrong_2s,506,564,58,69,15000,0,6,False,False,True,5,14,1907.9,6.6,16.1,97.2,2,True
Bad Bunny - Estamos Bien,off-200/cold,106,144,38,69,15000,0,6,True,False,True,4,14,1956.5,6.9,16.2,100.0,2,True
Bad Bunny - Estamos Bien,off-200/seeded_correct,106,164,58,69,15000,0,6,False,False,True,5,14,1908.8,6.5,16.1,100.0,2,True
Bad Bunny - Estamos Bien,off-200/seeded_wrong_2s,106,164,58,69,15000,0,6,False,False,True,5,14,1902.4,6.5,16.1,97.2,2,True
Bad Bunny - Estamos Bien,off+2s/cold,2306,2344,38,69,15000,0,6,True,False,True,4,14,1948.6,6.8,16.0,97.2,2,True
Bad Bunny - Estamos Bien,off+2s/seeded_correct,2306,2364,58,69,15000,0,6,False,False,True,5,14,1892.1,6.7,16.0,100.0,2,True
Bad Bunny - Estamos Bien,off+2s/seeded_wrong_2s,2306,2364,58,69,15000,0,6,False,False,True,5,14,1928.3,6.8,16.2,97.2,2,True
Bad Bunny - Estamos Bien,off-2s/cold,-1694,-1550,144,144,,0,5,True,False,True,6,14,1956.2,6.6,16.1,95.4,2,True
Bad Bunny - Estamos Bien,off-2s/seeded_correct,-1694,-1550,144,144,,0,4,False,False,True,8,14,1926.9,7.3,16.3,100.0,2,True
Bad Bunny - Estamos Bien,off-2s/seeded_wrong_2s,-1694,-1550,144,144,,0,4,False,False,True,9,14,1895.9,7.4,16.4,90.2,2,True
Bad Bunny - Estamos Bien,off+10s/cold,10306,10475,169,169,,0,6,False,False,True,9,14,1870.4,7.6,16.0,90.0,2,True
Bad Bunny - Estamos Bien,off+10s/second_play,10306,10427,121,144,,0,5,False,True,True,4,14,1903.8,6.6,16.0,100.0,2,True
Bad Bunny - Estamos Bien,off+10s/seeded_correct,10306,10427,121,144,,0,5,False,True,True,4,14,1887.8,6.4,16.1,100.0,2,True
Bad Bunny - Estamos Bien,off+10s/seeded_wrong_2s,10306,10420,114,144,,0,6,False,True,True,5,14,1832.9,7.2,15.8,98.4,2,True
Bad Bunny - Estamos Bien,off-10s/cold,-9694,,,9694,,0,0,False,False,False,14,14,1644.7,8.6,15.7,0.0,0,False
Bad Bunny - Estamos Bien,off-10s/second_play,-9694,,,9694,,0,0,False,False,False,14,14,1662.0,8.5,15.4,0.0,0,False
Bad Bunny - Estamos Bien,off-10s/seeded_correct,-9694,-9694,0,0,,0,0,False,False,False,14,14,1716.4,8.9,16.3,100.0,0,True
Bad Bunny - Estamos Bien,off-10s/seeded_wrong_2s,-9694,-7694,2000,2000,,0,0,False,False,False,14,14,1699.4,9.1,15.8,0.0,0,False
Bad Bunny - Estamos Bien,off+25s/cold,25306,25431,125,144,,0,6,False,False,True,10,14,1852.2,8.0,16.1,89.7,2,True
Bad Bunny - Estamos Bien,off+25s/second_play,25306,25398,92,144,,0,5,False,True,True,4,14,1869.9,7.5,15.8,100.0,2,True
Bad Bunny - Estamos Bien,off+25s/seeded_correct,25306,25394,88,144,,0,6,False,True,True,5,14,1884.7,7.6,16.3,100.0,2,True
Bad Bunny - Estamos Bien,off+25s/seeded_wrong_2s,25306,25394,88,144,,0,6,False,True,True,5,14,1863.9,7.8,15.7,99.5,2,True
Bad Bunny - Estamos Bien,off-25s/cold,-24694,,,24019,,0,0,False,False,False,16,14,1581.6,7.8,15.2,0.0,2,False
Bad Bunny - Estamos Bien,off-25s/second_play,-24694,,,24019,,0,0,False,False,False,16,14,1600.3,8.1,14.9,0.0,2,False
Bad Bunny - Estamos Bien,off-25s/seeded_correct,-24694,-24694,0,0,,0,0,False,False,False,14,14,1761.9,8.5,16.1,100.0,0,True
Bad Bunny - Estamos Bien,off-25s/seeded_wrong_2s,-24694,-22694,2000,2000,,0,0,False,False,False,14,14,1736.7,8.9,16.1,0.0,0,False
Bad Bunny - Estamos Bien,noise0/cold,306,284,-22,69,30000,1,6,True,False,True,5,14,1675.0,4.5,16.3,94.5,2,True
Bad Bunny - Estamos Bien,noise0/seeded_correct,306,363,57,69,30000,1,6,False,False,True,6,14,1639.0,4.6,16.0,97.2,2,True
Bad Bunny - Estamos Bien,noise0/seeded_wrong_2s,306,286,-20,144,,0,6,False,False,True,7,14,1598.0,5.0,15.6,96.3,2,True
Bad Bunny - Estamos Bien,noise-2s/cold,-1694,-1550,144,144,,0,5,True,False,True,6,14,1587.4,4.6,15.0,95.4,2,True
Bad Bunny - Estamos Bien,noise-2s/seeded_correct,-1694,-1550,144,144,,0,4,False,False,True,8,14,1581.8,5.1,14.9,100.0,2,True
Bad Bunny - Estamos Bien,noise-2s/seeded_wrong_2s,-1694,-1550,144,144,,0,4,False,False,True,9,14,1629.2,5.8,15.8,90.2,2,True
Bad Bunny - Estamos Bien,cutin5s/cold,5306,5420,114,144,,0,5,False,True,True,5,14,2205.2,6.9,20.0,97.6,2,True
Bad Bunny - Estamos Bien,cutin5s/second_play,5306,5423,117,144,,0,5,False,True,True,5,14,2258.8,7.6,20.8,100.0,2,True
Bad Bunny - Estamos Bien,cutin5s/seeded_correct,5306,5420,114,144,,0,6,False,True,True,5,14,2204.1,7.5,20.0,100.0,2,True
Bad Bunny - Estamos Bien,cutin5s/seeded_wrong_2s,5306,5419,113,144,,0,6,False,True,True,5,14,2238.6,7.8,20.4,97.6,2,True
Bad Bunny - Estamos Bien,cutin15s/cold,15306,15423,117,144,,0,6,False,True,True,6,14,1645.8,5.4,17.6,99.2,2,True
Bad Bunny - Estamos Bien,cutin15s/second_play,15306,15425,119,144,,0,6,False,True,True,6,14,1630.8,5.1,17.3,100.0,2,True
Bad Bunny - Estamos Bien,cutin15s/seeded_correct,15306,15423,117,144,,0,6,False,True,True,6,14,1607.9,5.0,16.4,100.0,2,True
Bad Bunny - Estamos Bien,cutin15s/seeded_wrong_2s,15306,15424,118,144,,0,6,False,True,True,8,14,1614.0,5.3,16.8,99.2,2,True
Bad Bunny - Estamos Bien,cutin25s/cold,25306,25394,88,144,,1,7,False,True,True,9,14,2048.6,8.6,19.7,91.9,2,True
Bad Bunny - Estamos Bien,cutin25s/second_play,25306,25398,92,144,,0,5,False,True,True,8,14,2061.7,8.1,19.4,100.0,2,True
Bad Bunny - Estamos Bien,cutin25s/seeded_correct,25306,25394,88,144,,0,6,False,True,True,9,14,2042.9,8.3,19.9,100.0,2,True
Bad Bunny - Estamos Bien,cutin25s/seeded_wrong_2s,25306,25394,88,144,,0,6,False,True,True,9,14,2062.0,8.8,19.3,99.2,2,True
Bad Bunny - Estamos Bien,blend8s/cold,306,345,39,69,15000,0,6,True,False,True,4,14,2118.6,6.3,18.1,97.2,2,True
Bad Bunny - Estamos Bien,blend8s/seeded_correct,306,365,59,69,15000,0,6,False,False,True,5,14,2101.1,7.2,18.7,100.0,2,True
Bad Bunny - Estamos Bien,blend8s/seeded_wrong_2s,306,364,58,69,15000,0,6,False,False,True,5,14,2101.1,6.3,18.7,97.2,2,True
Bad Bunny - Estamos Bien,midshift+1.5s/cold,306,1825,19,19,15000,0,7,True,False,True,6,14,2491.2,7.8,21.3,96.1,2,True
Bad Bunny - Estamos Bien,midshift+1.5s/seeded_correct,306,1826,20,19,15000,0,6,False,False,True,5,14,2496.7,8.6,20.7,98.9,2,True
Bad Bunny - Estamos Bien,midshift+1.5s/seeded_wrong_2s,306,1827,21,19,15000,0,6,False,False,True,5,14,2476.0,8.5,21.2,96.1,2,True
Bad Bunny - Estamos Bien,midshift-1.5s/cold,306,-1172,22,19,15000,0,8,True,False,True,6,14,2029.6,8.3,16.7,94.5,2,True
Bad Bunny - Estamos Bien,midshift-1.5s/seeded_correct,306,-1177,17,19,15000,0,6,False,False,True,5,14,2056.2,7.8,16.6,97.2,2,True
Bad Bunny - Estamos Bien,midshift-1.5s/seeded_wrong_2s,306,-1178,16,19,15000,0,6,False,False,True,5,14,2053.4,7.9,16.5,94.5,2,True
Bad Bunny - Estamos Bien,gap400/cold,306,344,38,69,15000,0,6,True,False,True,4,14,1989.1,7.0,15.9,97.2,2,True
Bad Bunny - Estamos Bien,gap400/seeded_correct,306,364,58,69,15000,0,6,False,False,True,5,14,1889.9,7.0,15.7,100.0,2,True
Bad Bunny - Estamos Bien,gap400/seeded_wrong_2s,306,364,58,69,15000,0,6,False,False,True,5,14,1916.4,7.0,15.8,97.2,2,True
Bad Bunny - Después de la Playa,off0/cold,1700,1698,-2,-3,5500,0,3,True,True,True,3,10,558.2,5.6,9.2,97.6,0,True
Bad Bunny - Después de la Playa,off0/seeded_correct,1700,1698,-2,0,5500,0,3,False,True,True,5,10,510.0,6.1,8.3,100.0,0,True
Bad Bunny - Después de la Playa,off0/seeded_wrong_2s,1700,1698,-2,0,5500,0,4,False,True,True,5,10,526.4,6.4,9.1,97.6,0,True
Bad Bunny - Después de la Playa,off+200/cold,1900,1899,-1,-1,5500,0,2,True,True,True,3,10,568.6,5.6,9.6,97.6,0,True
Bad Bunny - Después de la Playa,off+200/seeded_correct,1900,1898,-2,0,5500,0,3,False,True,True,5,10,536.7,6.6,9.3,100.0,0,True
Bad Bunny - Después de la Playa,off+200/seeded_wrong_2s,1900,1898,-2,0,5500,0,4,False,True,True,5,10,532.3,6.8,9.3,97.6,0,True
Bad Bunny - Después de la Playa,off-200/cold,1500,1494,-6,-6,7000,0,2,True,True,True,2,10,566.5,5.5,9.1,97.0,0,True
Bad Bunny - Después de la Playa,off-200/seeded_correct,1500,1498,-2,0,5500,0,3,False,True,True,5,10,527.1,6.5,9.0,100.0,0,True
Bad Bunny - Después de la Playa,off-200/seeded_wrong_2s,1500,1498,-2,0,5500,0,4,False,True,True,5,10,541.7,6.7,9.6,97.6,0,True
Bad Bunny - Después de la Playa,off+2s/cold,3700,3699,-1,0,28350,0,2,True,False,True,3,10,590.3,5.7,9.0,87.5,0,True
Bad Bunny - Después de la Playa,off+2s/seeded_correct,3700,3699,-1,0,4000,0,1,False,True,True,1,10,580.7,5.7,9.4,100.0,0,True
Bad Bunny - Después de la Playa,off+2s/seeded_wrong_2s,3700,3699,-1,0,4000,0,1,False,True,True,2,10,570.1,5.8,9.5,98.2,0,True
Bad Bunny - Después de la Playa,off-2s/cold,-300,-306,-6,-6,8500,0,2,True,True,True,2,10,585.8,5.4,9.5,100.0,0,True
Bad Bunny - Después de la Playa,off-2s/seeded_correct,-300,-301,-1,0,8500,0,1,False,True,True,1,10,594.8,5.6,9.8,100.0,0,True
Bad Bunny - Después de la Playa,off-2s/seeded_wrong_2s,-300,-301,-1,0,8500,0,1,False,True,True,2,10,560.8,5.1,9.2,96.3,0,True
Bad Bunny - Después de la Playa,off+10s/cold,11700,11695,-5,0,77250,0,3,False,False,True,6,10,544.3,6.9,9.6,64.8,0,True
Bad Bunny - Después de la Playa,off+10s/second_play,11700,11698,-2,-5,2500,0,2,False,True,True,1,10,569.9,5.8,9.7,100.0,0,True
Bad Bunny - Después de la Playa,off+10s/seeded_correct,11700,11699,-1,0,2500,0,1,False,True,True,1,10,558.7,5.5,9.4,100.0,0,True
Bad Bunny - Después de la Playa,off+10s/seeded_wrong_2s,11700,11699,-1,0,2500,0,1,False,True,True,2,10,560.4,5.7,8.8,98.9,0,True
Bad Bunny - Después de la Playa,off-10s/cold,-8300,,,8300,,0,0,False,False,False,10,10,281.6,8.0,11.2,0.0,0,False
Bad Bunny - Después de la Playa,off-10s/second_play,-8300,,,8300,,0,0,False,False,False,10,10,286.7,8.3,13.3,0.0,0,False
Bad Bunny - Después de la Playa,off-10s/seeded_correct,-8300,-8300,0,0,16000,0,0,False,True,False,10,10,284.6,8.5,12.7,100.0,0,True
Bad Bunny - Después de la Playa,off-10s/seeded_wrong_2s,-8300,-6300,2000,0,16000,0,0,False,True,False,10,10,284.6,8.5,13.4,93.3,0,False
Bad Bunny - Después de la Playa,off+25s/cold,26700,26695,-5,0,77250,0,3,False,False,True,6,10,511.2,6.7,9.6,62.2,0,True
Bad Bunny - Después de la Playa,off+25s/second_play,26700,26698,-2,-5,2500,0,2,False,True,True,1,10,556.2,6.0,9.7,100.0,0,True
Bad Bunny - Después de la Playa,off+25s/seeded_correct,26700,26699,-1,0,2500,0,1,False,True,True,1,10,570.9,6.3,9.5,100.0,0,True
Bad Bunny - Después de la Playa,off+25s/seeded_wrong_2s,26700,26699,-1,0,2500,0,1,False,True,True,2,10,554.4,6.0,10.1,98.8,0,True
Bad Bunny - Después de la Playa,off-25s/cold,-23300,,,23300,,0,0,False,False,False,10,10,336.1,8.3,12.0,0.0,0,False
Bad Bunny - Después de la Playa,off-25s/second_play,-23300,,,23300,,0,0,False,False,False,10,10,331.9,8.1,10.5,0.0,0,False
Bad Bunny - Después de la Playa,off-25s/seeded_correct,-23300,-23300,0,0,,0,0,False,False,False,10,10,330.0,8.3,11.9,100.0,0,True
Bad Bunny - Después de la Playa,off-25s/seeded_wrong_2s,-23300,-21300,2000,2000,,0,0,False,False,False,10,10,326.9,8.2,11.1,0.0,0,False
Bad Bunny - Después de la Playa,noise0/cold,1700,1698,-2,-3,5500,0,3,True,True,True,3,10,399.4,3.4,7.5,97.6,0,True
Bad Bunny - Después de la Playa,noise0/seeded_correct,1700,1698,-2,0,5500,0,3,False,True,True,5,10,373.4,4.1,7.8,100.0,0,True
Bad Bunny - Después de la Playa,noise0/seeded_wrong_2s,1700,1698,-2,0,5500,0,4,False,True,True,5,10,366.4,4.2,6.9,97.6,0,True
Bad Bunny - Después de la Playa,noise-2s/cold,-300,-306,-6,-6,8500,0,2,True,True,True,2,10,400.3,3.5,6.7,100.0,0,True
Bad Bunny - Después de la Playa,noise-2s/seeded_correct,-300,-301,-1,0,8500,0,1,False,True,True,1,10,410.4,3.3,7.3,100.0,0,True
Bad Bunny - Después de la Playa,noise-2s/seeded_wrong_2s,-300,-301,-1,0,8500,0,1,False,True,True,2,10,403.8,3.3,6.9,96.3,0,True
Bad Bunny - Después de la Playa,cutin5s/cold,6700,6698,-2,0,4000,0,4,False,True,True,5,10,399.4,4.6,8.2,98.2,0,True
Bad Bunny - Después de la Playa,cutin5s/second_play,6700,6698,-2,-2,4000,0,4,False,True,True,5,10,409.4,4.9,8.5,100.0,0,True
Bad Bunny - Después de la Playa,cutin5s/seeded_correct,6700,6698,-2,0,4000,0,3,False,True,True,5,10,411.6,4.8,8.7,100.0,0,True
Bad Bunny - Después de la Playa,cutin5s/seeded_wrong_2s,6700,6698,-2,0,4000,0,4,False,True,True,5,10,408.5,4.7,9.1,98.2,0,True
Bad Bunny - Después de la Playa,cutin15s/cold,16700,16698,-2,0,4000,0,3,False,True,True,5,10,297.9,3.8,6.0,98.1,0,True
Bad Bunny - Después de la Playa,cutin15s/second_play,16700,16698,-2,-2,4000,0,4,False,True,True,5,10,301.2,3.7,6.1,100.0,0,True
Bad Bunny - Después de la Playa,cutin15s/seeded_correct,16700,16698,-2,0,4000,0,4,False,True,True,5,10,294.8,3.8,5.9,100.0,0,True
Bad Bunny - Después de la Playa,cutin15s/seeded_wrong_2s,16700,16698,-2,0,4000,0,3,False,True,True,5,10,301.6,3.8,6.3,98.1,0,True
Bad Bunny - Después de la Playa,cutin25s/cold,26700,26698,-2,0,4000,0,2,False,True,True,5,10,330.1,4.5,7.0,98.0,0,True
Bad Bunny - Después de la Playa,cutin25s/second_play,26700,26698,-2,-2,4000,0,3,False,True,True,5,10,321.1,4.4,7.0,100.0,0,True
Bad Bunny - Después de la Playa,cutin25s/seeded_correct,26700,26699,-1,0,4000,0,3,False,True,True,5,10,331.4,4.6,7.3,100.0,0,True
Bad Bunny - Después de la Playa,cutin25s/seeded_wrong_2s,26700,26698,-2,0,4000,0,2,False,True,True,5,10,318.4,4.6,6.9,98.0,0,True
Bad Bunny - Después de la Playa,blend8s/cold,1700,1698,-2,-3,7000,0,3,True,True,True,3,10,431.8,4.2,7.6,96.9,0,True
Bad Bunny - Después de la Playa,blend8s/seeded_correct,1700,1698,-2,0,5500,0,3,False,True,True,5,10,421.2,5.1,8.1,100.0,0,True
Bad Bunny - Después de la Playa,blend8s/seeded_wrong_2s,1700,1698,-2,0,5500,0,4,False,True,True,5,10,429.3,5.0,8.0,97.6,0,True
Bad Bunny - Después de la Playa,midshift+1.5s/cold,1700,1701,-1499,0,5500,1,5,True,True,True,4,10,541.2,5.6,9.2,94.1,1,False
Bad Bunny - Después de la Playa,midshift+1.5s/seeded_correct,1700,1700,-1500,0,5500,2,4,False,True,False,10,10,227.0,8.2,12.2,65.4,0,False
Bad Bunny - Después de la Playa,midshift+1.5s/seeded_wrong_2s,1700,1700,-1500,0,5500,2,5,False,True,False,10,10,225.4,7.5,12.0,63.0,0,False
Bad Bunny - Después de la Playa,midshift-1.5s/cold,1700,1700,1500,0,5500,1,5,True,True,True,5,10,461.1,4.4,8.1,90.1,1,False
Bad Bunny - Después de la Playa,midshift-1.5s/seeded_correct,1700,197,-3,0,5500,1,4,False,True,True,11,10,225.4,7.3,10.8,40.2,1,True
Bad Bunny - Después de la Playa,midshift-1.5s/seeded_wrong_2s,1700,1701,1501,0,5500,2,5,False,True,True,9,10,352.4,6.2,8.7,63.5,0,False
Bad Bunny - Después de la Playa,gap400/cold,1700,1698,-2,-3,5500,0,2,True,True,True,2,10,443.6,4.2,8.5,97.6,0,True
Bad Bunny - Después de la Playa,gap400/seeded_correct,1700,1698,-2,0,5500,0,4,False,True,True,4,10,408.9,4.8,8.3,100.0,0,True
Bad Bunny - Después de la Playa,gap400/seeded_wrong_2s,1700,1698,-2,0,5500,0,3,False,True,True,4,10,417.0,5.1,8.6,97.6,0,True
Bad Bunny - CYBERTRUCK,off0/cold,-1100,-1101,-1,0,10000,0,3,True,True,True,1,13,300.9,3.1,6.1,94.8,0,True
Bad Bunny - CYBERTRUCK,off0/seeded_correct,-1100,-1099,1,0,10000,0,2,False,True,True,1,13,297.3,3.2,5.9,100.0,0,True
Bad Bunny - CYBERTRUCK,off0/seeded_wrong_2s,-1100,-1099,1,0,10000,0,2,False,True,True,1,13,318.7,3.1,6.8,94.8,0,True
Bad Bunny - CYBERTRUCK,off+200/cold,-900,-900,0,0,10000,0,3,True,True,True,1,13,311.9,3.0,6.2,94.8,0,True
Bad Bunny - CYBERTRUCK,off+200/seeded_correct,-900,-899,1,0,10000,0,2,False,True,True,1,13,309.2,3.1,6.1,100.0,0,True
Bad Bunny - CYBERTRUCK,off+200/seeded_wrong_2s,-900,-899,1,0,10000,0,2,False,True,True,1,13,303.3,3.0,6.1,94.8,0,True
Bad Bunny - CYBERTRUCK,off-200/cold,-1300,-1302,-2,0,10000,0,3,True,True,True,1,13,299.7,2.7,5.8,94.8,0,True
Bad Bunny - CYBERTRUCK,off-200/seeded_correct,-1300,-1299,1,0,10000,0,2,False,True,True,1,13,302.8,3.2,6.0,100.0,0,True
Bad Bunny - CYBERTRUCK,off-200/seeded_wrong_2s,-1300,-1298,2,0,10000,0,2,False,True,True,1,13,314.5,3.0,6.6,94.8,0,True
Bad Bunny - CYBERTRUCK,off+2s/cold,900,900,0,0,8500,0,3,True,True,True,1,13,313.4,3.2,6.0,95.5,0,True
Bad Bunny - CYBERTRUCK,off+2s/seeded_correct,900,901,1,0,8500,0,2,False,True,True,1,13,302.0,3.4,6.1,100.0,0,True
Bad Bunny - CYBERTRUCK,off+2s/seeded_wrong_2s,900,901,1,0,8500,0,2,False,True,True,1,13,294.8,3.1,6.1,95.5,0,True
Bad Bunny - CYBERTRUCK,off-2s/cold,-3100,-3102,-2,-6,11500,0,5,True,True,True,5,13,291.2,3.6,6.9,94.1,0,True
Bad Bunny - CYBERTRUCK,off-2s/seeded_correct,-3100,-3098,2,0,11500,0,3,False,True,True,8,13,275.5,4.4,5.8,100.0,0,True
Bad Bunny - CYBERTRUCK,off-2s/seeded_wrong_2s,-3100,-3098,2,0,11500,0,4,False,True,True,8,13,268.8,3.9,6.1,94.1,0,True
Bad Bunny - CYBERTRUCK,off+10s/cold,8900,8903,3,0,38750,0,3,False,False,True,5,13,367.1,4.8,7.9,78.7,0,True
Bad Bunny - CYBERTRUCK,off+10s/second_play,8900,8901,1,3,2500,0,2,False,True,True,1,13,308.7,3.2,6.7,100.0,0,True
Bad Bunny - CYBERTRUCK,off+10s/seeded_correct,8900,8901,1,0,2500,0,2,False,True,True,1,13,294.6,3.3,6.2,100.0,0,True
Bad Bunny - CYBERTRUCK,off+10s/seeded_wrong_2s,8900,8901,1,0,2500,0,2,False,True,True,1,13,294.7,3.3,5.8,98.6,0,True
Bad Bunny - CYBERTRUCK,off-10s/cold,-11100,26800,37900,11100,,1,1,False,False,False,13,13,245.3,5.0,8.1,0.0,0,False
Bad Bunny - CYBERTRUCK,off-10s/second_play,-11100,26800,37900,37900,,0,0,False,False,False,15,13,276.0,4.9,9.7,0.0,2,False
Bad Bunny - CYBERTRUCK,off-10s/seeded_correct,-11100,26800,37900,0,,1,1,False,False,False,13,13,236.5,4.8,8.1,100.0,0,False
Bad Bunny - CYBERTRUCK,off-10s/seeded_wrong_2s,-11100,26800,37900,2000,,1,1,False,False,False,13,13,256.4,5.5,8.0,0.0,0,False
Bad Bunny - CYBERTRUCK,off+25s/cold,23900,23903,3,0,38750,0,3,False,False,True,5,13,290.8,4.3,6.2,76.8,0,True
Bad Bunny - CYBERTRUCK,off+25s/second_play,23900,23901,1,3,2500,0,2,False,True,True,1,13,278.4,3.6,5.6,100.0,0,True
Bad Bunny - CYBERTRUCK,off+25s/seeded_correct,23900,23901,1,0,2500,0,2,False,True,True,1,13,279.6,3.5,5.9,100.0,0,True
Bad Bunny - CYBERTRUCK,off+25s/seeded_wrong_2s,23900,23901,1,0,2500,0,2,False,True,True,1,13,281.4,3.5,6.4,98.5,0,True
Bad Bunny - CYBERTRUCK,off-25s/cold,-26100,11800,37900,25250,,1,1,False,False,False,15,13,269.1,4.7,7.8,0.0,2,False
Bad Bunny - CYBERTRUCK,off-25s/second_play,-26100,11800,37900,37900,,0,0,False,False,False,15,13,273.5,4.9,8.2,0.0,2,False
Bad Bunny - CYBERTRUCK,off-25s/seeded_correct,-26100,11800,37900,0,,1,1,False,False,False,13,13,370.8,7.3,10.8,100.0,0,False
Bad Bunny - CYBERTRUCK,off-25s/seeded_wrong_2s,-26100,11800,37900,2000,,1,1,False,False,False,13,13,274.2,5.1,8.1,0.0,0,False
Bad Bunny - CYBERTRUCK,noise0/cold,-1100,-1101,-1,0,26000,0,4,True,True,True,3,13,261.9,2.7,4.8,86.5,1,True
Bad Bunny - CYBERTRUCK,noise0/seeded_correct,-1100,-1097,3,0,26000,0,3,False,True,True,3,13,260.6,2.8,5.0,90.1,1,True
Bad Bunny - CYBERTRUCK,noise0/seeded_wrong_2s,-1100,-1097,3,0,26000,0,3,False,True,True,3,13,270.3,2.7,5.6,86.5,1,True
Bad Bunny - CYBERTRUCK,noise-2s/cold,-3100,-3102,-2,0,66000,0,4,True,True,True,6,13,265.5,3.4,5.7,66.0,1,True
Bad Bunny - CYBERTRUCK,noise-2s/seeded_correct,-3100,-3098,2,0,66000,0,3,False,True,True,6,13,253.3,3.4,5.0,71.1,1,True
Bad Bunny - CYBERTRUCK,noise-2s/seeded_wrong_2s,-3100,-3097,3,0,66000,0,3,False,True,True,6,13,268.2,3.4,5.7,66.0,1,True
Bad Bunny - CYBERTRUCK,cutin5s/cold,3900,3899,-1,0,5500,0,3,True,True,True,1,13,323.9,3.4,6.6,97.1,0,True
Bad Bunny - CYBERTRUCK,cutin5s/second_play,3900,3900,0,-1,5500,0,2,False,True,True,1,13,281.2,3.1,5.8,100.0,0,True
Bad Bunny - CYBERTRUCK,cutin5s/seeded_correct,3900,3900,0,0,5500,0,2,False,True,True,1,13,262.6,3.2,4.8,100.0,0,True
Bad Bunny - CYBERTRUCK,cutin5s/seeded_wrong_2s,3900,3900,0,0,5500,0,2,False,True,True,1,13,278.8,3.2,5.6,97.1,0,True
Bad Bunny - CYBERTRUCK,cutin15s/cold,13900,13901,1,0,4000,0,2,False,True,True,1,13,222.3,2.6,4.7,97.7,0,True
Bad Bunny - CYBERTRUCK,cutin15s/second_play,13900,13901,1,1,4000,0,2,False,True,True,1,13,216.3,2.6,4.5,100.0,0,True
Bad Bunny - CYBERTRUCK,cutin15s/seeded_correct,13900,13901,1,0,4000,0,2,False,True,True,1,13,217.1,2.7,4.4,100.0,0,True
Bad Bunny - CYBERTRUCK,cutin15s/seeded_wrong_2s,13900,13901,1,0,4000,0,2,False,True,True,1,13,217.0,2.7,4.3,97.7,0,True
Bad Bunny - CYBERTRUCK,cutin25s/cold,23900,23901,1,0,7000,0,2,False,True,True,4,13,222.1,3.1,4.8,95.8,0,True
Bad Bunny - CYBERTRUCK,cutin25s/second_play,23900,23901,1,1,7000,0,2,False,True,True,4,13,224.5,3.1,5.1,100.0,0,True
Bad Bunny - CYBERTRUCK,cutin25s/seeded_correct,23900,23901,1,0,7000,0,2,False,True,True,4,13,216.8,3.1,5.0,100.0,0,True
Bad Bunny - CYBERTRUCK,cutin25s/seeded_wrong_2s,23900,23901,1,0,7000,0,2,False,True,True,4,13,218.1,3.0,4.8,95.8,0,True
Bad Bunny - CYBERTRUCK,blend8s/cold,-1100,-1101,-1,0,16250,0,4,True,False,True,2,13,305.9,2.8,6.2,91.5,0,True
Bad Bunny - CYBERTRUCK,blend8s/seeded_correct,-1100,-1097,3,0,16250,0,3,False,False,True,2,13,298.0,2.7,5.8,100.0,0,True
Bad Bunny - CYBERTRUCK,blend8s/seeded_wrong_2s,-1100,-1096,4,0,16250,0,3,False,False,True,2,13,303.5,2.8,5.8,91.5,0,True
Bad Bunny - CYBERTRUCK,midshift+1.5s/cold,-1100,-1136,-1536,0,10000,1,4,True,True,True,4,13,354.2,4.2,7.4,85.6,1,False
Bad Bunny - CYBERTRUCK,midshift+1.5s/seeded_correct,-1100,411,11,0,10000,0,4,False,True,True,6,13,324.4,4.5,7.3,79.9,1,True
Bad Bunny - CYBERTRUCK,midshift+1.5s/seeded_wrong_2s,-1100,414,14,0,10000,0,3,False,True,True,5,13,333.2,4.0,7.3,74.7,1,True
Bad Bunny - CYBERTRUCK,midshift-1.5s/cold,-1100,-1065,1535,0,82250,1,4,True,True,True,4,13,313.9,3.4,6.8,83.3,1,False
Bad Bunny - CYBERTRUCK,midshift-1.5s/seeded_correct,-1100,-2600,0,0,136750,0,2,False,True,True,9,13,258.8,4.0,7.9,60.4,1,True
Bad Bunny - CYBERTRUCK,midshift-1.5s/seeded_wrong_2s,-1100,-1099,1501,2375,,0,1,False,True,True,10,13,285.8,4.2,9.0,25.8,2,False
Bad Bunny - CYBERTRUCK,gap400/cold,-1100,-1101,-1,0,10000,0,3,True,True,True,1,13,312.1,2.9,6.2,94.8,0,True
Bad Bunny - CYBERTRUCK,gap400/seeded_correct,-1100,-1099,1,0,10000,0,2,False,True,True,1,13,313.0,2.8,6.2,100.0,0,True
Bad Bunny - CYBERTRUCK,gap400/seeded_wrong_2s,-1100,-1099,1,0,10000,0,2,False,True,True,1,13,316.0,3.2,6.6,94.8,0,True
"Bad Bunny, Zion & Lennox - MÁS DE UNA CITA",off0/cold,-1075,-1071,4,0,28000,0,9,True,True,True,18,17,230.2,5.2,9.6,84.9,1,True
"Bad Bunny, Zion & Lennox - MÁS DE UNA CITA",off0/seeded_correct,-1075,-1069,6,0,43250,0,9,False,True,True,18,17,237.3,5.6,10.7,80.4,1,True
"Bad Bunny, Zion & Lennox - MÁS DE UNA CITA",off0/seeded_wrong_2s,-1075,-1069,6,0,43250,0,9,False,True,True,18,17,229.6,5.4,9.7,76.6,1,True
"Bad Bunny, Zion & Lennox - MÁS DE UNA CITA",off+200/cold,-875,-871,4,0,28000,0,10,True,True,True,18,17,238.6,5.8,11.0,84.8,1,True
"Bad Bunny, Zion & Lennox - MÁS DE UNA CITA",off+200/seeded_correct,-875,-869,6,-1,43250,0,10,False,True,True,17,17,229.9,5.5,9.5,80.4,1,True
"Bad Bunny, Zion & Lennox - MÁS DE UNA CITA",off+200/seeded_wrong_2s,-875,-869,6,0,43250,0,10,False,True,True,18,17,230.3,5.7,9.3,76.6,1,True
"Bad Bunny, Zion & Lennox - MÁS DE UNA CITA",off-200/cold,-1275,-1271,4,0,28000,0,10,True,True,True,18,17,243.6,5.5,10.8,84.9,1,True
"Bad Bunny, Zion & Lennox - MÁS DE UNA CITA",off-200/seeded_correct,-1275,-1268,7,1,43250,0,9,False,True,True,18,17,232.2,5.2,10.0,81.2,1,True
"Bad Bunny, Zion & Lennox - MÁS DE UNA CITA",off-200/seeded_wrong_2s,-1275,-1275,0,0,48000,0,3,False,True,True,5,17,284.8,3.3,6.0,74.1,1,True
"Bad Bunny, Zion & Lennox - MÁS DE UNA CITA",off+2s/cold,925,929,4,0,43250,0,10,True,True,True,18,17,235.4,5.5,10.1,76.4,1,True
"Bad Bunny, Zion & Lennox - MÁS DE UNA CITA",off+2s/seeded_correct,925,930,5,-1,43250,0,9,False,True,True,17,17,227.2,5.6,10.5,79.4,1,True
"Bad Bunny, Zion & Lennox - MÁS DE UNA CITA",off+2s/seeded_wrong_2s,925,930,5,0,43250,0,10,False,True,True,18,17,234.6,5.7,11.3,76.4,1,True
"Bad Bunny, Zion & Lennox - MÁS DE UNA CITA",off-2s/cold,-3075,-3072,3,0,176000,0,11,True,True,True,19,17,258.0,5.5,10.3,5.9,2,True
"Bad Bunny, Zion & Lennox - MÁS DE UNA CITA",off-2s/seeded_correct,-3075,-3072,3,3,66000,0,3,False,True,True,6,17,284.3,3.5,6.8,70.0,1,True
"Bad Bunny, Zion & Lennox - MÁS DE UNA CITA",off-2s/seeded_wrong_2s,-3075,-1794,1281,0,176000,1,3,False,True,True,17,17,242.6,5.4,11.1,5.9,2,False
"Bad Bunny, Zion & Lennox - MÁS DE UNA CITA",off+10s/cold,8925,8933,8,-9025,,0,9,False,False,False,19,17,267.1,6.7,12.5,0.0,2,True
"Bad Bunny, Zion & Lennox - MÁS DE UNA CITA",off+10s/second_play,8925,8904,-21,-18,4000,0,2,False,True,True,1,17,280.2,3.3,6.3,100.0,0,True
"Bad Bunny, Zion & Lennox - MÁS DE UNA CITA",off+10s/seeded_correct,8925,8925,0,0,4000,0,2,False,True,True,1,17,275.7,3.4,5.8,100.0,0,True
"Bad Bunny, Zion & Lennox - MÁS DE UNA CITA",off+10s/seeded_wrong_2s,8925,8925,0,0,4000,0,2,False,True,True,1,17,293.0,3.6,6.2,97.7,0,True
"Bad Bunny, Zion & Lennox - MÁS DE UNA CITA",off-10s/cold,-11075,-750,10325,0,182000,1,2,False,False,False,19,17,254.6,5.3,10.7,6.6,2,False
"Bad Bunny, Zion & Lennox - MÁS DE UNA CITA",off-10s/second_play,-11075,-750,10325,0,182000,1,2,False,False,False,19,17,279.0,5.7,10.6,6.6,2,False
"Bad Bunny, Zion & Lennox - MÁS DE UNA CITA",off-10s/seeded_correct,-11075,7000,18075,0,,1,1,False,False,False,17,17,230.8,5.3,9.0,100.0,0,False
"Bad Bunny, Zion & Lennox - MÁS DE UNA CITA",off-10s/seeded_wrong_2s,-11075,7000,18075,2000,,1,1,False,False,False,17,17,233.0,5.0,10.1,0.0,0,False
"Bad Bunny, Zion & Lennox - MÁS DE UNA CITA",off+25s/cold,23925,23932,7,-23925,,0,7,False,False,False,17,17,207.5,5.7,12.7,0.0,0,True
"Bad Bunny, Zion & Lennox - MÁS DE UNA CITA",off+25s/second_play,23925,23904,-21,-19,2500,0,2,False,True,True,1,17,274.6,3.3,6.3,100.0,0,True
"Bad Bunny, Zion & Lennox - MÁS DE UNA CITA",off+25s/seeded_correct,23925,23925,0,0,2500,0,2,False,True,True,1,17,264.0,3.6,5.8,100.0,0,True
"Bad Bunny, Zion & Lennox - MÁS DE UNA CITA",off+25s/seeded_wrong_2s,23925,23925,0,0,2500,0,2,False,True,True,1,17,275.3,3.6,6.1,98.4,0,True
"Bad Bunny, Zion & Lennox - MÁS DE UNA CITA",off-25s/cold,-26075,,,26075,,0,0,False,False,False,17,17,253.5,4.9,7.6,0.0,0,False
"Bad Bunny, Zion & Lennox - MÁS DE UNA CITA",off-25s/second_play,-26075,,,26075,,0,0,False,False,False,17,17,246.4,4.9,7.8,0.0,0,False
"Bad Bunny, Zion & Lennox - MÁS DE UNA CITA",off-25s/seeded_correct,-26075,-26075,0,0,,0,0,False,False,False,17,17,253.3,5.0,9.9,100.0,0,True
"Bad Bunny, Zion & Lennox - MÁS DE UNA CITA",off-25s/seeded_wrong_2s,-26075,-24075,2000,2000,,0,0,False,False,False,17,17,244.2,5.0,7.6,0.0,0,False
"Bad Bunny, Zion & Lennox - MÁS DE UNA CITA",noise0/cold,-1075,-1076,-1,0,14500,0,3,True,True,True,1,17,253.4,2.4,5.6,92.2,0,True
"Bad Bunny, Zion & Lennox - MÁS DE UNA CITA",noise0/seeded_correct,-1075,-1074,1,0,14500,0,2,False,True,True,1,17,284.6,2.6,5.6,100.0,0,True
"Bad Bunny, Zion & Lennox - MÁS DE UNA CITA",noise0/seeded_wrong_2s,-1075,-1074,1,0,14500,0,2,False,True,True,1,17,251.1,2.4,5.1,92.2,0,True
"Bad Bunny, Zion & Lennox - MÁS DE UNA CITA",noise-2s/cold,-3075,-3078,-3,-6,20200,0,2,True,False,True,3,17,249.0,2.5,5.4,89.2,0,True
"Bad Bunny, Zion & Lennox - MÁS DE UNA CITA",noise-2s/seeded_correct,-3075,-1775,1300,0,176000,1,7,False,False,False,18,17,198.1,4.7,7.7,55.7,1,False
"Bad Bunny, Zion & Lennox - MÁS DE UNA CITA",noise-2s/seeded_wrong_2s,-3075,-1775,1300,0,176000,1,2,False,False,False,18,17,194.8,4.5,8.0,43.0,1,False
"Bad Bunny, Zion & Lennox - MÁS DE UNA CITA",cutin5s/cold,3925,3923,-2,-3,8500,0,3,True,True,True,1,17,258.7,2.6,5.2,95.3,0,True
"Bad Bunny, Zion & Lennox - MÁS DE UNA CITA",cutin5s/second_play,3925,3924,-1,-2,8500,0,2,False,True,True,1,17,250.2,2.9,5.2,100.0,0,True
"Bad Bunny, Zion & Lennox - MÁS DE UNA CITA",cutin5s/seeded_correct,3925,3925,0,0,8500,0,2,False,True,True,1,17,257.8,2.6,5.6,100.0,0,True
"Bad Bunny, Zion & Lennox - MÁS DE UNA CITA",cutin5s/seeded_wrong_2s,3925,3924,-1,0,8500,0,2,False,True,True,1,17,256.8,2.8,5.4,95.3,0,True
"Bad Bunny, Zion & Lennox - MÁS DE UNA CITA",cutin15s/cold,13925,13929,4,0,4000,0,9,False,True,False,17,17,149.3,4.7,8.4,97.6,0,True
"Bad Bunny, Zion & Lennox - MÁS DE UNA CITA",cutin15s/second_play,13925,13925,0,3,4000,0,5,False,True,True,8,17,182.3,3.3,5.0,100.0,0,True
"Bad Bunny, Zion & Lennox - MÁS DE UNA CITA",cutin15s/seeded_correct,13925,13928,3,0,4000,0,9,False,True,False,17,17,142.9,4.4,8.1,100.0,0,True
"Bad Bunny, Zion & Lennox - MÁS DE UNA CITA",cutin15s/seeded_wrong_2s,13925,13929,4,0,4000,0,9,False,True,False,17,17,146.0,4.8,7.9,97.6,0,True
"Bad Bunny, Zion & Lennox - MÁS DE UNA CITA",cutin25s/cold,23925,23931,6,0,4000,0,8,False,True,False,17,17,157.4,6.3,10.6,97.5,0,True
"Bad Bunny, Zion & Lennox - MÁS DE UNA CITA",cutin25s/second_play,23925,23931,6,5,4000,0,7,False,True,False,17,17,148.7,5.8,10.3,100.0,0,True
"Bad Bunny, Zion & Lennox - MÁS DE UNA CITA",cutin25s/seeded_correct,23925,23931,6,0,4000,0,9,False,True,False,17,17,154.6,5.8,10.9,100.0,0,True
"Bad Bunny, Zion & Lennox - MÁS DE UNA CITA",cutin25s/seeded_wrong_2s,23925,23931,6,0,4000,0,8,False,True,False,17,17,153.1,6.0,11.2,97.5,0,True
"Bad Bunny, Zion & Lennox - MÁS DE UNA CITA",blend8s/cold,-1075,-1076,-1,-3,13000,0,4,True,True,True,2,17,282.4,2.7,5.9,93.0,0,True
"Bad Bunny, Zion & Lennox - MÁS DE UNA CITA",blend8s/seeded_correct,-1075,-1074,1,0,13000,0,2,False,True,True,1,17,275.8,2.7,5.7,100.0,0,True
"Bad Bunny, Zion & Lennox - MÁS DE UNA CITA",blend8s/seeded_wrong_2s,-1075,-1074,1,0,13000,0,3,False,True,True,2,17,291.1,2.7,6.2,93.0,0,True
"Bad Bunny, Zion & Lennox - MÁS DE UNA CITA",midshift+1.5s/cold,-1075,433,8,0,28000,0,5,True,True,True,18,17,264.8,6.2,12.0,80.1,1,True
"Bad Bunny, Zion & Lennox - MÁS DE UNA CITA",midshift+1.5s/seeded_correct,-1075,433,8,0,43250,0,4,False,True,True,18,17,267.0,6.7,10.1,75.6,1,True
"Bad Bunny, Zion & Lennox - MÁS DE UNA CITA",midshift+1.5s/seeded_wrong_2s,-1075,434,9,0,43250,1,5,False,True,True,18,17,262.6,6.3,11.4,71.8,1,True
"Bad Bunny, Zion & Lennox - MÁS DE UNA CITA",midshift-1.5s/cold,-1075,-1133,1442,0,28000,1,5,True,True,True,18,17,255.6,5.5,10.4,35.6,2,False
"Bad Bunny, Zion & Lennox - MÁS DE UNA CITA",midshift-1.5s/seeded_correct,-1075,-1155,1420,0,43250,1,4,False,True,True,18,17,271.3,5.9,11.1,31.2,2,False
"Bad Bunny, Zion & Lennox - MÁS DE UNA CITA",midshift-1.5s/seeded_wrong_2s,-1075,-1155,1420,0,43250,1,4,False,True,True,18,17,257.3,5.8,10.8,27.5,2,False
"Bad Bunny, Zion & Lennox - MÁS DE UNA CITA",gap400/cold,-1075,-1076,-1,0,48000,0,4,True,True,True,4,17,292.3,3.6,6.6,74.0,1,True
"Bad Bunny, Zion & Lennox - MÁS DE UNA CITA",gap400/seeded_correct,-1075,-1075,0,0,48000,0,3,False,True,True,4,17,278.5,3.4,5.9,77.8,1,True
"Bad Bunny, Zion & Lennox - MÁS DE UNA CITA",gap400/seeded_wrong_2s,-1075,-1076,-1,-1,48000,0,3,False,True,True,4,17,292.6,3.6,6.1,74.0,1,True
Bad Bunny - Efecto,off0/cold,-1050,-1070,-20,-16,11500,0,2,True,True,True,1,15,432.7,4.0,7.8,94.6,0,True
Bad Bunny - Efecto,off0/seeded_correct,-1050,-1057,-7,-25,11500,0,3,False,True,False,15,15,314.8,7.2,12.5,100.0,0,True
Bad Bunny - Efecto,off0/seeded_wrong_2s,-1050,-1057,-7,-25,11500,0,5,False,True,False,15,15,310.8,7.3,11.8,94.6,0,True
Bad Bunny - Efecto,off+200/cold,-850,-860,-10,-14,11500,0,2,True,True,True,1,15,450.4,4.2,8.5,94.6,0,True
Bad Bunny - Efecto,off+200/seeded_correct,-850,-857,-7,-25,11500,0,6,False,True,False,15,15,305.5,7.3,11.6,100.0,0,True
Bad Bunny - Efecto,off+200/seeded_wrong_2s,-850,-858,-8,-25,11500,0,5,False,True,False,15,15,304.1,7.5,11.5,94.6,0,True
Bad Bunny - Efecto,off-200/cold,-1250,-1256,-6,-6,11500,0,2,True,True,True,1,15,440.1,3.9,8.8,94.6,0,True
Bad Bunny - Efecto,off-200/seeded_correct,-1250,-1257,-7,-25,11500,0,4,False,True,False,15,15,307.9,7.1,11.3,100.0,0,True
Bad Bunny - Efecto,off-200/seeded_wrong_2s,-1250,-1258,-8,-25,11500,0,4,False,True,False,15,15,291.5,6.6,11.3,94.6,0,True
Bad Bunny - Efecto,off+2s/cold,950,941,-9,-13,8500,0,2,True,True,True,1,15,437.4,4.0,8.5,96.0,0,True
Bad Bunny - Efecto,off+2s/seeded_correct,950,943,-7,-25,8500,0,4,False,True,False,15,15,304.4,7.3,12.4,100.0,0,True
Bad Bunny - Efecto,off+2s/seeded_wrong_2s,950,942,-8,-25,8500,0,5,False,True,False,15,15,293.1,7.0,11.5,96.0,0,True
Bad Bunny - Efecto,off-2s/cold,-3050,-3056,-6,-6,13000,0,2,True,True,True,1,15,439.5,3.6,8.4,93.9,0,True
Bad Bunny - Efecto,off-2s/seeded_correct,-3050,-3058,-8,-25,13000,0,4,False,True,False,15,15,307.2,7.1,10.9,100.0,0,True
Bad Bunny - Efecto,off-2s/seeded_wrong_2s,-3050,-3059,-9,-25,13000,0,2,False,True,False,15,15,308.6,6.8,11.9,93.9,0,True
Bad Bunny - Efecto,off+10s/cold,8950,8944,-6,-9800,,0,3,False,False,False,15,15,313.4,7.2,12.2,0.0,0,True
Bad Bunny - Efecto,off+10s/second_play,8950,8948,-2,-6,2500,0,1,False,True,True,2,15,431.3,4.6,8.5,100.0,0,True
Bad Bunny - Efecto,off+10s/seeded_correct,8950,8941,-9,-25,2500,0,1,False,True,True,2,15,435.4,4.9,8.8,100.0,0,True
Bad Bunny - Efecto,off+10s/seeded_wrong_2s,8950,8939,-11,-25,2500,0,1,False,True,True,3,15,424.6,4.6,9.4,98.8,0,True
Bad Bunny - Efecto,off-10s/cold,-11050,,,11050,,0,0,False,False,False,15,15,288.1,6.3,10.1,0.0,0,False
Bad Bunny - Efecto,off-10s/second_play,-11050,,,11050,,0,0,False,False,False,15,15,288.6,6.1,10.8,0.0,0,False
Bad Bunny - Efecto,off-10s/seeded_correct,-11050,-11050,0,-25,20500,0,0,False,True,False,15,15,339.8,7.4,10.0,100.0,0,True
Bad Bunny - Efecto,off-10s/seeded_wrong_2s,-11050,-9050,2000,-25,20500,0,0,False,True,False,15,15,333.6,7.4,10.4,90.8,0,False
Bad Bunny - Efecto,off+25s/cold,23950,23944,-6,-23950,,0,3,False,False,False,15,15,280.2,7.0,15.7,0.0,0,True
Bad Bunny - Efecto,off+25s/second_play,23950,23948,-2,-6,2500,0,1,False,True,True,2,15,406.9,5.0,8.5,100.0,0,True
Bad Bunny - Efecto,off+25s/seeded_correct,23950,23949,-1,0,2500,0,1,False,True,True,2,15,430.0,5.3,9.1,100.0,0,True
Bad Bunny - Efecto,off+25s/seeded_wrong_2s,23950,23948,-2,0,2500,0,1,False,True,True,3,15,401.6,4.4,8.4,98.7,0,True
Bad Bunny - Efecto,off-25s/cold,-26050,,,26050,,0,0,False,False,False,15,15,249.5,6.1,8.6,0.0,0,False
Bad Bunny - Efecto,off-25s/second_play,-26050,,,26050,,0,0,False,False,False,15,15,247.3,5.7,8.2,0.0,0,False
Bad Bunny - Efecto,off-25s/seeded_correct,-26050,-26050,0,0,,0,0,False,False,False,15,15,344.9,6.9,10.4,100.0,0,True
Bad Bunny - Efecto,off-25s/seeded_wrong_2s,-26050,-24050,2000,2000,,0,0,False,False,False,15,15,336.6,6.9,9.1,0.0,0,False
Bad Bunny - Efecto,noise0/cold,-1050,-1070,-20,-16,11500,0,2,True,True,True,3,15,376.0,3.2,7.0,94.6,2,True
Bad Bunny - Efecto,noise0/seeded_correct,-1050,-1057,-7,-25,11500,0,2,False,True,False,17,15,272.9,5.6,11.7,100.0,2,True
Bad Bunny - Efecto,noise0/seeded_wrong_2s,-1050,-1057,-7,-25,11500,0,4,False,True,False,17,15,280.2,5.8,10.8,94.6,2,True
Bad Bunny - Efecto,noise-2s/cold,-3050,-3056,-6,-6,13000,0,1,True,True,True,2,15,371.3,3.5,6.6,93.9,1,True
Bad Bunny - Efecto,noise-2s/seeded_correct,-3050,-3058,-8,-25,13000,0,3,False,True,False,17,15,285.9,5.6,11.3,100.0,2,True
Bad Bunny - Efecto,noise-2s/seeded_wrong_2s,-3050,-3060,-10,-25,13000,0,1,False,True,False,17,15,282.6,5.7,11.1,93.9,2,True
Bad Bunny - Efecto,cutin5s/cold,3950,3948,-2,-3,4000,0,2,True,True,True,1,15,359.2,3.7,7.3,98.1,0,True
Bad Bunny - Efecto,cutin5s/second_play,3950,3945,-5,-3,4000,0,5,False,True,False,15,15,229.9,6.1,10.3,100.0,0,True
Bad Bunny - Efecto,cutin5s/seeded_correct,3950,3946,-4,0,4000,0,5,False,True,False,15,15,227.6,6.0,10.4,100.0,0,True
Bad Bunny - Efecto,cutin5s/seeded_wrong_2s,3950,3945,-5,0,4000,0,5,False,True,False,15,15,214.6,6.2,8.3,98.1,0,True
Bad Bunny - Efecto,cutin15s/cold,13950,13950,0,25,4000,0,9,False,True,False,15,15,175.1,5.0,8.9,98.0,0,True
Bad Bunny - Efecto,cutin15s/second_play,13950,13950,0,0,4000,0,9,False,True,False,15,15,173.2,5.0,8.9,100.0,0,True
Bad Bunny - Efecto,cutin15s/seeded_correct,13950,13950,0,0,4000,0,9,False,True,False,15,15,173.2,5.0,9.1,100.0,0,True
Bad Bunny - Efecto,cutin15s/seeded_wrong_2s,13950,13950,0,0,4000,0,9,False,True,False,15,15,172.9,5.0,8.9,98.0,0,True
Bad Bunny - Efecto,cutin25s/cold,23950,23945,-5,0,4000,0,5,False,True,False,15,15,180.0,6.0,10.7,97.9,0,True
Bad Bunny - Efecto,cutin25s/second_play,23950,23945,-5,-4,4000,0,4,False,True,False,15,15,201.0,6.1,17.4,100.0,0,True
Bad Bunny - Efecto,cutin25s/seeded_correct,23950,23946,-4,0,4000,0,5,False,True,False,15,15,165.8,5.8,10.6,100.0,0,True
Bad Bunny - Efecto,cutin25s/seeded_wrong_2s,23950,23945,-5,0,4000,0,5,False,True,False,15,15,160.7,5.6,9.9,97.9,0,True
Bad Bunny - Efecto,blend8s/cold,-1050,-1058,-8,-16,16000,0,2,True,True,True,1,15,413.7,3.9,7.5,92.5,0,True
Bad Bunny - Efecto,blend8s/seeded_correct,-1050,-1053,-3,0,16000,0,7,False,True,False,15,15,269.9,6.5,8.8,100.0,0,True
Bad Bunny - Efecto,blend8s/seeded_wrong_2s,-1050,-1054,-4,0,16000,0,6,False,True,False,15,15,276.6,6.4,10.0,92.5,0,True
Bad Bunny - Efecto,midshift+1.5s/cold,-1050,444,-6,0,11500,0,4,True,True,True,10,15,330.3,6.7,12.3,74.7,1,True
Bad Bunny - Efecto,midshift+1.5s/seeded_correct,-1050,448,-2,0,11500,0,5,False,True,True,16,15,342.3,8.0,14.4,46.8,1,True
Bad Bunny - Efecto,midshift+1.5s/seeded_wrong_2s,-1050,450,0,0,11500,0,5,False,True,True,16,15,330.6,7.8,13.9,41.4,1,True
Bad Bunny - Efecto,midshift-1.5s/cold,-1050,-1069,1481,0,11500,1,4,True,True,True,10,15,328.8,6.4,11.8,43.1,2,False
Bad Bunny - Efecto,midshift-1.5s/seeded_correct,-1050,-1071,1479,0,11500,1,4,False,True,False,15,15,304.2,6.9,13.1,48.5,1,False
Bad Bunny - Efecto,midshift-1.5s/seeded_wrong_2s,-1050,-1071,1479,0,11500,1,4,False,True,False,15,15,310.1,7.1,13.0,43.1,1,False
Bad Bunny - Efecto,gap400/cold,-1050,-1070,-20,-16,11500,0,2,True,True,True,1,15,416.2,4.0,8.0,94.6,0,True
Bad Bunny - Efecto,gap400/seeded_correct,-1050,-1057,-7,-25,11500,0,3,False,True,False,14,15,284.1,6.5,11.0,100.0,0,True
Bad Bunny - Efecto,gap400/seeded_wrong_2s,-1050,-1058,-8,-25,11500,0,4,False,True,False,14,15,277.8,6.9,10.0,94.6,0,True
Bad Bunny - TRELLAS,off0/cold,-1000,-978,22,22,17500,0,4,True,True,False,6,6,227.3,3.3,5.5,89.0,0,True
Bad Bunny - TRELLAS,off0/seeded_correct,-1000,-875,125,125,,0,6,False,True,False,8,6,244.4,3.4,5.5,100.0,2,True
Bad Bunny - TRELLAS,off0/seeded_wrong_2s,-1000,-875,125,125,,0,4,False,True,False,8,6,249.3,3.5,6.4,89.0,2,True
Bad Bunny - TRELLAS,off+200/cold,-800,-789,11,11,17500,0,4,True,True,False,6,6,229.1,3.4,5.5,89.0,0,True
Bad Bunny - TRELLAS,off+200/seeded_correct,-800,-835,-35,-75,17500,0,5,False,True,False,8,6,227.2,3.1,5.6,100.0,2,True
Bad Bunny - TRELLAS,off+200/seeded_wrong_2s,-800,-836,-36,-75,17500,0,3,False,True,False,8,6,253.2,3.7,6.3,89.0,2,True
Bad Bunny - TRELLAS,off-200/cold,-1200,-1156,44,44,28000,0,2,True,False,False,6,6,221.8,3.5,5.4,82.4,0,True
Bad Bunny - TRELLAS,off-200/seeded_correct,-1200,-1075,125,125,,0,3,False,False,False,8,6,236.1,3.4,5.3,100.0,2,True
Bad Bunny - TRELLAS,off-200/seeded_wrong_2s,-1200,-1215,-15,0,38750,0,1,False,False,False,6,6,228.8,3.4,5.5,75.7,0,True
Bad Bunny - TRELLAS,off+2s/cold,1000,1012,12,12,16000,0,5,True,True,False,6,6,226.8,3.5,5.5,89.8,0,True
Bad Bunny - TRELLAS,off+2s/seeded_correct,1000,1125,125,125,,0,6,False,True,False,8,6,233.1,3.5,5.6,100.0,2,True
Bad Bunny - TRELLAS,off+2s/seeded_wrong_2s,1000,1125,125,125,,0,5,False,True,False,8,6,234.5,3.6,5.3,89.8,2,True
Bad Bunny - TRELLAS,off-2s/cold,-3000,-2956,44,44,86150,0,1,True,False,False,6,6,231.5,3.5,5.5,46.5,0,True
Bad Bunny - TRELLAS,off-2s/seeded_correct,-3000,-3000,0,25,18250,0,0,False,False,False,7,6,237.7,3.4,5.7,100.0,1,True
Bad Bunny - TRELLAS,off-2s/seeded_wrong_2s,-3000,-1000,2000,0,50500,0,0,False,False,False,6,6,225.9,3.3,5.3,68.6,0,False
Bad Bunny - TRELLAS,off+10s/cold,9000,,,-9000,,0,0,False,False,False,6,6,233.6,3.8,5.7,0.0,0,False
Bad Bunny - TRELLAS,off+10s/second_play,9000,,,-9000,,0,0,False,False,False,6,6,249.6,3.9,6.9,0.0,0,False
Bad Bunny - TRELLAS,off+10s/seeded_correct,9000,9125,125,125,,0,6,False,True,False,8,6,228.7,3.9,5.5,100.0,2,True
Bad Bunny - TRELLAS,off+10s/seeded_wrong_2s,9000,9125,125,125,,0,4,False,True,False,8,6,233.6,4.0,5.7,94.3,2,True
Bad Bunny - TRELLAS,off-10s/cold,-11000,,,11000,,0,0,False,False,False,6,6,236.5,3.4,5.4,0.0,0,False
Bad Bunny - TRELLAS,off-10s/second_play,-11000,,,11000,,0,0,False,False,False,6,6,234.9,3.4,5.8,0.0,0,False
Bad Bunny - TRELLAS,off-10s/seeded_correct,-11000,-11000,0,0,,0,0,False,False,False,6,6,234.8,3.2,6.2,100.0,0,True
Bad Bunny - TRELLAS,off-10s/seeded_wrong_2s,-11000,-9000,2000,2000,,0,0,False,False,False,6,6,226.9,3.0,5.7,0.0,0,False
Bad Bunny - TRELLAS,off+25s/cold,24000,,,-24000,,0,0,False,False,False,6,6,232.6,4.3,7.2,0.0,0,False
Bad Bunny - TRELLAS,off+25s/second_play,24000,,,-24000,,0,0,False,False,False,6,6,226.7,4.2,6.3,0.0,0,False
Bad Bunny - TRELLAS,off+25s/seeded_correct,24000,23950,-50,-50,2500,0,1,False,True,True,3,6,221.2,3.8,6.8,100.0,1,True
Bad Bunny - TRELLAS,off+25s/seeded_wrong_2s,24000,23959,-41,-50,2500,0,1,False,True,True,4,6,204.4,3.9,5.7,98.1,1,True
Bad Bunny - TRELLAS,off-25s/cold,-26000,,,26000,,0,0,False,False,False,6,6,231.5,3.0,5.4,0.0,0,False
Bad Bunny - TRELLAS,off-25s/second_play,-26000,,,26000,,0,0,False,False,False,6,6,236.5,3.1,5.4,0.0,0,False
Bad Bunny - TRELLAS,off-25s/seeded_correct,-26000,-26000,0,0,,0,0,False,False,False,6,6,226.1,2.7,5.6,100.0,0,True
Bad Bunny - TRELLAS,off-25s/seeded_wrong_2s,-26000,-24000,2000,2000,,0,0,False,False,False,6,6,228.5,3.0,5.9,0.0,0,False
Bad Bunny - TRELLAS,noise0/cold,-1000,-953,47,47,28000,0,2,True,False,False,6,6,185.4,2.8,4.5,82.4,0,True
Bad Bunny - TRELLAS,noise0/seeded_correct,-1000,-875,125,125,,0,3,False,False,False,8,6,193.0,2.7,4.6,100.0,2,True
Bad Bunny - TRELLAS,noise0/seeded_wrong_2s,-1000,-1016,-16,0,38750,0,1,False,False,False,6,6,187.9,3.0,4.4,75.6,0,True
Bad Bunny - TRELLAS,noise-2s/cold,-3000,-2956,44,44,86150,0,1,True,False,False,6,6,183.8,2.7,4.2,46.5,0,True
Bad Bunny - TRELLAS,noise-2s/seeded_correct,-3000,-3000,0,25,18250,0,0,False,False,False,7,6,187.8,2.8,4.3,100.0,1,True
Bad Bunny - TRELLAS,noise-2s/seeded_wrong_2s,-3000,-1000,2000,2000,,0,0,False,False,False,6,6,186.9,2.7,4.6,0.0,0,False
Bad Bunny - TRELLAS,cutin5s/cold,4000,3956,-44,-125,,0,1,False,True,False,8,6,193.3,3.0,5.0,97.4,2,True
Bad Bunny - TRELLAS,cutin5s/second_play,4000,3943,-57,-119,,0,2,False,True,False,8,6,184.0,3.2,4.8,100.0,2,True
Bad Bunny - TRELLAS,cutin5s/seeded_correct,4000,3958,-42,-125,,0,1,False,True,False,8,6,182.4,3.1,4.8,100.0,2,True
Bad Bunny - TRELLAS,cutin5s/seeded_wrong_2s,4000,3956,-44,-125,,0,1,False,True,False,8,6,199.7,3.4,5.1,97.4,2,True
Bad Bunny - TRELLAS,cutin15s/cold,14000,13971,-29,-50,4000,0,4,False,True,False,7,6,153.6,2.8,4.6,97.2,1,True
Bad Bunny - TRELLAS,cutin15s/second_play,14000,13972,-28,-58,4000,0,5,False,True,False,8,6,158.8,2.8,4.5,100.0,2,True
Bad Bunny - TRELLAS,cutin15s/seeded_correct,14000,13972,-28,-50,4000,0,5,False,True,False,7,6,150.9,2.7,4.2,100.0,1,True
Bad Bunny - TRELLAS,cutin15s/seeded_wrong_2s,14000,13971,-29,-50,4000,0,4,False,True,False,7,6,160.1,3.2,4.5,97.2,1,True
Bad Bunny - TRELLAS,cutin25s/cold,24000,,,-24000,,0,0,False,False,False,6,6,147.8,2.9,4.7,0.0,0,False
Bad Bunny - TRELLAS,cutin25s/second_play,24000,,,-24000,,0,0,False,False,False,6,6,144.2,2.9,4.5,0.0,0,False
Bad Bunny - TRELLAS,cutin25s/seeded_correct,24000,23998,-2,0,38750,0,1,False,False,False,6,6,135.8,2.5,4.5,100.0,0,True
Bad Bunny - TRELLAS,cutin25s/seeded_wrong_2s,24000,26000,2000,0,43000,0,0,False,False,False,6,6,136.9,2.6,4.4,67.9,0,False
Bad Bunny - TRELLAS,blend8s/cold,-1000,-978,22,22,17500,0,4,True,True,False,6,6,198.2,2.8,4.4,89.0,0,True
Bad Bunny - TRELLAS,blend8s/seeded_correct,-1000,-875,125,125,,0,6,False,True,False,8,6,225.6,3.0,5.6,100.0,2,True
Bad Bunny - TRELLAS,blend8s/seeded_wrong_2s,-1000,-875,125,125,,0,4,False,True,False,8,6,223.7,3.2,5.2,89.0,2,True
Bad Bunny - TRELLAS,midshift+1.5s/cold,-1000,-1036,-1536,-1575,17500,0,3,False,True,False,8,6,251.9,3.6,6.0,27.0,2,False
Bad Bunny - TRELLAS,midshift+1.5s/seeded_correct,-1000,-1034,-1534,-1575,17500,0,5,False,True,False,8,6,276.9,4.0,6.7,38.1,2,False
Bad Bunny - TRELLAS,midshift+1.5s/seeded_wrong_2s,-1000,-1036,-1536,-1575,17500,0,3,False,True,False,8,6,255.0,3.7,6.3,27.0,2,False
Bad Bunny - TRELLAS,midshift-1.5s/cold,-1000,-2453,47,47,17500,0,4,True,True,False,7,6,230.9,3.6,5.3,72.8,2,True
Bad Bunny - TRELLAS,midshift-1.5s/seeded_correct,-1000,-1034,1466,1425,17500,0,5,False,True,False,7,6,220.6,3.3,5.2,37.4,2,False
Bad Bunny - TRELLAS,midshift-1.5s/seeded_wrong_2s,-1000,-1036,1464,1425,17500,0,3,False,True,False,7,6,230.8,3.4,5.4,26.5,2,False
Bad Bunny - TRELLAS,gap400/cold,-1000,-978,22,22,17500,0,3,True,True,False,5,6,211.5,3.3,5.0,89.0,0,True
Bad Bunny - TRELLAS,gap400/seeded_correct,-1000,-875,125,125,,0,5,False,True,False,7,6,218.8,3.2,5.4,100.0,2,True
Bad Bunny - TRELLAS,gap400/seeded_wrong_2s,-1000,-875,125,125,,0,3,False,True,False,7,6,221.4,3.2,5.3,89.0,2,True
Bad Bunny - BYE ME FUI,off0/cold,-1025,-1028,-3,-3,35775,0,3,True,True,True,3,10,254.4,3.4,5.5,79.9,0,True
Bad Bunny - BYE ME FUI,off0/seeded_correct,-1025,-1031,-6,0,44500,0,4,False,True,True,10,10,197.9,4.6,8.0,80.7,0,True
Bad Bunny - BYE ME FUI,off0/seeded_wrong_2s,-1025,-1031,-6,0,44500,0,5,False,True,True,10,10,203.4,4.6,7.6,75.1,0,True
Bad Bunny - BYE ME FUI,off+200/cold,-825,-827,-2,-1,13000,0,3,True,True,True,3,10,270.8,3.2,6.2,92.7,0,True
Bad Bunny - BYE ME FUI,off+200/seeded_correct,-825,-828,-3,0,13000,0,2,False,True,True,3,10,267.2,3.2,5.9,100.0,0,True
Bad Bunny - BYE ME FUI,off+200/seeded_wrong_2s,-825,-829,-4,0,13000,0,2,False,True,True,3,10,275.1,3.2,6.2,92.7,0,True
Bad Bunny - BYE ME FUI,off-200/cold,-1225,-1228,-3,-6,14500,0,3,True,True,True,3,10,279.0,3.3,6.3,91.9,0,True
Bad Bunny - BYE ME FUI,off-200/seeded_correct,-1225,-1227,-2,0,14500,0,2,False,True,True,3,10,269.0,3.1,6.3,100.0,0,True
Bad Bunny - BYE ME FUI,off-200/seeded_wrong_2s,-1225,-1227,-2,0,14500,0,2,False,True,True,3,10,270.6,3.2,5.8,91.9,0,True
Bad Bunny - BYE ME FUI,off+2s/cold,975,973,-2,0,35775,0,3,True,True,True,3,10,273.5,3.3,6.0,79.7,0,True
Bad Bunny - BYE ME FUI,off+2s/seeded_correct,975,969,-6,0,44500,0,5,False,True,True,10,10,193.3,4.8,7.8,79.6,0,True
Bad Bunny - BYE ME FUI,off+2s/seeded_wrong_2s,975,971,-4,0,11500,0,2,False,True,True,3,10,282.3,3.7,5.9,93.5,0,True
Bad Bunny - BYE ME FUI,off-2s/cold,-3025,-3029,-4,-6,35775,0,3,True,True,True,3,10,274.4,3.3,6.9,80.2,0,True
Bad Bunny - BYE ME FUI,off-2s/seeded_correct,-3025,-3030,-5,0,128000,0,2,False,True,True,11,10,214.2,4.9,8.5,35.4,1,True
Bad Bunny - BYE ME FUI,off-2s/seeded_wrong_2s,-3025,-3025,0,0,128000,0,2,False,True,False,11,10,232.2,5.2,8.6,29.0,1,True
Bad Bunny - BYE ME FUI,off+10s/cold,8975,8975,0,0,123250,0,2,False,False,False,10,10,202.8,4.7,9.3,26.8,0,True
Bad Bunny - BYE ME FUI,off+10s/second_play,8975,8972,-3,0,4000,0,2,False,True,True,3,10,261.8,3.8,5.9,100.0,0,True
Bad Bunny - BYE ME FUI,off+10s/seeded_correct,8975,8972,-3,0,4000,0,2,False,True,True,3,10,256.1,3.7,6.0,100.0,0,True
Bad Bunny - BYE ME FUI,off+10s/seeded_wrong_2s,8975,8971,-4,0,4000,0,2,False,True,True,3,10,266.1,4.0,6.0,97.6,0,True
Bad Bunny - BYE ME FUI,off-10s/cold,-11025,-365,10660,10650,,2,2,False,False,False,11,10,238.7,4.4,8.2,0.0,1,False
Bad Bunny - BYE ME FUI,off-10s/second_play,-11025,-372,10653,10660,,3,3,False,False,False,11,10,233.2,4.5,7.6,0.0,1,False
Bad Bunny - BYE ME FUI,off-10s/seeded_correct,-11025,-11025,0,0,138000,0,1,False,True,False,11,10,228.8,4.8,8.2,37.6,1,True
Bad Bunny - BYE ME FUI,off-10s/seeded_wrong_2s,-11025,-9025,2000,2000,,0,0,False,False,False,10,10,217.1,4.5,8.0,0.0,0,False
Bad Bunny - BYE ME FUI,off+25s/cold,23975,23967,-8,0,40500,0,3,False,False,True,8,10,197.1,4.5,8.1,73.6,0,True
Bad Bunny - BYE ME FUI,off+25s/second_play,23975,23972,-3,-8,2500,0,1,False,True,True,2,10,242.7,3.7,6.2,100.0,0,True
Bad Bunny - BYE ME FUI,off+25s/seeded_correct,23975,23974,-1,0,2500,0,1,False,True,True,2,10,248.3,3.7,6.7,100.0,0,True
Bad Bunny - BYE ME FUI,off+25s/seeded_wrong_2s,23975,23972,-3,0,2500,0,2,False,True,True,3,10,236.0,4.0,5.9,98.4,0,True
Bad Bunny - BYE ME FUI,off-25s/cold,-26025,,,26025,,0,0,False,False,False,10,10,230.7,4.4,7.1,0.0,0,False
Bad Bunny - BYE ME FUI,off-25s/second_play,-26025,,,26025,,0,0,False,False,False,10,10,241.9,4.7,7.1,0.0,0,False
Bad Bunny - BYE ME FUI,off-25s/seeded_correct,-26025,-26025,0,0,,0,0,False,False,False,10,10,240.7,4.8,6.8,100.0,0,True
Bad Bunny - BYE ME FUI,off-25s/seeded_wrong_2s,-26025,-24025,2000,2000,,0,0,False,False,False,10,10,224.9,4.4,6.7,0.0,0,False
Bad Bunny - BYE ME FUI,noise0/cold,-1025,-1029,-4,0,46000,0,4,True,True,True,4,10,245.8,3.3,5.2,74.2,1,True
Bad Bunny - BYE ME FUI,noise0/seeded_correct,-1025,-1033,-8,0,46000,0,4,False,True,True,5,10,244.9,3.2,5.5,78.1,1,True
Bad Bunny - BYE ME FUI,noise0/seeded_wrong_2s,-1025,-1034,-9,0,50000,0,4,False,True,True,6,10,240.7,3.1,5.6,72.0,1,True
Bad Bunny - BYE ME FUI,noise-2s/cold,-3025,-3030,-5,0,46000,0,3,True,True,True,4,10,242.3,3.1,5.2,74.5,1,True
Bad Bunny - BYE ME FUI,noise-2s/seeded_correct,-3025,-3030,-5,0,128000,0,2,False,True,True,11,10,199.3,4.4,7.5,34.6,1,True
Bad Bunny - BYE ME FUI,noise-2s/seeded_wrong_2s,-3025,-3025,0,0,128000,0,2,False,True,False,11,10,204.5,4.3,7.8,29.0,1,True
Bad Bunny - BYE ME FUI,cutin5s/cold,3975,3970,-5,-3,8500,0,3,True,True,True,3,10,245.0,3.1,5.8,95.1,0,True
Bad Bunny - BYE ME FUI,cutin5s/second_play,3975,3973,-2,0,44500,0,5,False,True,True,10,10,163.8,4.4,7.1,77.5,0,True
Bad Bunny - BYE ME FUI,cutin5s/seeded_correct,3975,3969,-6,0,44500,0,5,False,True,True,10,10,173.8,4.6,7.1,77.5,0,True
Bad Bunny - BYE ME FUI,cutin5s/seeded_wrong_2s,3975,3966,-9,0,8500,0,6,False,True,True,10,10,166.4,4.2,7.1,95.1,0,True
Bad Bunny - BYE ME FUI,cutin15s/cold,13975,13972,-3,0,4000,0,2,False,True,True,3,10,188.1,2.7,4.6,97.6,0,True
Bad Bunny - BYE ME FUI,cutin15s/second_play,13975,13972,-3,-3,4000,0,3,False,True,True,3,10,178.4,2.6,4.3,100.0,0,True
Bad Bunny - BYE ME FUI,cutin15s/seeded_correct,13975,13972,-3,0,4000,0,3,False,True,True,3,10,185.3,2.7,4.4,100.0,0,True
Bad Bunny - BYE ME FUI,cutin15s/seeded_wrong_2s,13975,13972,-3,0,4000,0,2,False,True,True,3,10,192.1,2.7,5.0,97.6,0,True
Bad Bunny - BYE ME FUI,cutin25s/cold,23975,23971,-4,0,5500,0,2,False,True,True,3,10,198.4,3.3,5.1,96.4,0,True
Bad Bunny - BYE ME FUI,cutin25s/second_play,23975,23972,-3,-4,4000,0,2,False,True,True,3,10,192.4,3.3,4.9,100.0,0,True
Bad Bunny - BYE ME FUI,cutin25s/seeded_correct,23975,23972,-3,0,4000,0,2,False,True,True,3,10,209.8,3.6,5.1,100.0,0,True
Bad Bunny - BYE ME FUI,cutin25s/seeded_wrong_2s,23975,23971,-4,0,4000,0,2,False,True,True,3,10,191.7,3.2,4.8,97.4,0,True
Bad Bunny - BYE ME FUI,blend8s/cold,-1025,-1028,-3,-3,31000,0,3,True,False,True,3,10,282.0,3.5,5.6,82.6,0,True
Bad Bunny - BYE ME FUI,blend8s/seeded_correct,-1025,-1030,-5,0,23250,0,2,False,False,True,3,10,274.1,2.8,5.8,100.0,0,True
Bad Bunny - BYE ME FUI,blend8s/seeded_wrong_2s,-1025,-1033,-8,0,31000,0,3,False,False,True,4,10,271.6,3.2,5.4,82.6,0,True
Bad Bunny - BYE ME FUI,midshift+1.5s/cold,-1025,-1032,-1507,0,114500,2,5,True,True,True,8,10,260.5,5.1,11.1,49.0,1,False
Bad Bunny - BYE ME FUI,midshift+1.5s/seeded_correct,-1025,-1010,-1485,0,44500,1,3,False,True,True,10,10,217.5,5.3,9.1,49.7,0,False
Bad Bunny - BYE ME FUI,midshift+1.5s/seeded_wrong_2s,-1025,475,0,0,44500,0,3,False,True,False,10,10,221.0,5.3,9.3,44.0,0,True
Bad Bunny - BYE ME FUI,midshift-1.5s/cold,-1025,-1027,1498,0,123250,2,5,True,True,True,9,10,243.7,4.5,9.2,44.9,2,False
Bad Bunny - BYE ME FUI,midshift-1.5s/seeded_correct,-1025,-1069,1456,0,44500,1,3,False,True,False,11,10,203.9,4.5,7.9,43.0,1,False
Bad Bunny - BYE ME FUI,midshift-1.5s/seeded_wrong_2s,-1025,-1025,1500,0,44500,1,3,False,True,False,11,10,206.2,4.6,8.0,37.5,1,False
Bad Bunny - BYE ME FUI,gap400/cold,-1025,-1028,-3,-3,35775,0,3,True,True,True,1,10,255.7,3.3,5.8,79.9,0,True
Bad Bunny - BYE ME FUI,gap400/seeded_correct,-1025,-1031,-6,0,44500,0,4,False,True,True,8,10,205.4,4.8,8.8,80.7,0,True
Bad Bunny - BYE ME FUI,gap400/seeded_wrong_2s,-1025,-1032,-7,0,44500,0,4,False,True,True,8,10,196.7,5.0,7.0,75.1,0,True
Bad Bunny - BOOKER T,off0/cold,-1075,-1078,-3,0,11500,0,3,True,True,True,2,4,240.6,2.9,5.9,92.6,0,True
Bad Bunny - BOOKER T,off0/seeded_correct,-1075,-1077,-2,0,11500,0,2,False,True,True,1,4,221.8,2.2,5.6,100.0,0,True
Bad Bunny - BOOKER T,off0/seeded_wrong_2s,-1075,-1080,-5,0,11500,0,2,False,True,True,2,4,240.1,2.4,5.8,92.6,0,True
Bad Bunny - BOOKER T,off+200/cold,-875,-877,-2,0,11500,0,3,True,True,True,2,4,226.0,2.6,5.5,92.6,0,True
Bad Bunny - BOOKER T,off+200/seeded_correct,-875,-877,-2,0,11500,0,2,False,True,True,1,4,230.2,2.5,6.2,100.0,0,True
Bad Bunny - BOOKER T,off+200/seeded_wrong_2s,-875,-880,-5,0,11500,0,2,False,True,True,2,4,230.4,2.5,5.6,92.6,0,True
Bad Bunny - BOOKER T,off-200/cold,-1275,-1280,-5,0,16000,0,3,True,False,True,4,4,225.4,3.2,6.1,89.7,0,True
Bad Bunny - BOOKER T,off-200/seeded_correct,-1275,-1276,-1,0,11500,0,2,False,True,True,1,4,221.4,2.5,5.1,100.0,0,True
Bad Bunny - BOOKER T,off-200/seeded_wrong_2s,-1275,-1286,-11,0,16000,0,2,False,False,True,4,4,222.3,3.2,5.4,89.7,0,True
Bad Bunny - BOOKER T,off+2s/cold,925,922,-3,0,11500,0,3,True,False,True,3,4,221.6,3.0,5.7,92.5,0,True
Bad Bunny - BOOKER T,off+2s/seeded_correct,925,917,-8,0,11500,0,2,False,False,True,2,4,222.2,2.6,5.3,100.0,0,True
Bad Bunny - BOOKER T,off+2s/seeded_wrong_2s,925,913,-12,0,16000,0,2,False,False,True,3,4,230.5,3.1,6.5,89.6,0,True
Bad Bunny - BOOKER T,off-2s/cold,-3075,-3079,-4,0,112000,1,4,True,False,True,5,4,228.3,3.4,5.7,29.0,1,True
Bad Bunny - BOOKER T,off-2s/seeded_correct,-3075,-3082,-7,0,11500,0,2,False,False,False,4,4,225.6,3.3,5.7,100.0,0,True
Bad Bunny - BOOKER T,off-2s/seeded_wrong_2s,-3075,-3080,-5,0,112000,1,3,False,False,True,5,4,226.8,3.2,6.0,29.0,1,True
Bad Bunny - BOOKER T,off+10s/cold,8925,8925,0,0,34250,0,3,False,False,False,4,4,232.0,3.9,6.1,76.5,0,True
Bad Bunny - BOOKER T,off+10s/second_play,8925,8917,-8,0,11500,0,2,False,False,True,2,4,239.0,3.7,5.6,100.0,0,True
Bad Bunny - BOOKER T,off+10s/seeded_correct,8925,8917,-8,0,11500,0,2,False,False,True,2,4,226.5,2.8,5.5,100.0,0,True
Bad Bunny - BOOKER T,off+10s/seeded_wrong_2s,8925,8913,-12,0,16000,0,2,False,False,True,3,4,220.0,3.1,6.1,89.0,0,True
Bad Bunny - BOOKER T,off-10s/cold,-11075,14175,25250,25250,,1,1,False,False,False,6,4,249.5,3.9,5.7,0.0,2,False
Bad Bunny - BOOKER T,off-10s/second_play,-11075,14175,25250,25250,,2,2,False,False,False,6,4,234.0,3.0,6.5,0.0,2,False
Bad Bunny - BOOKER T,off-10s/seeded_correct,-11075,-11075,0,0,,0,0,False,False,False,4,4,232.4,3.4,6.2,100.0,0,True
Bad Bunny - BOOKER T,off-10s/seeded_wrong_2s,-11075,-9075,2000,2000,,0,0,False,False,False,4,4,228.7,2.9,7.3,0.0,0,False
Bad Bunny - BOOKER T,off+25s/cold,23925,-1350,-25275,0,66000,1,2,False,False,False,5,4,222.0,3.9,6.2,49.5,1,False
Bad Bunny - BOOKER T,off+25s/second_play,23925,-1350,-25275,0,66000,1,2,False,False,True,5,4,230.2,4.2,5.9,49.5,1,False
Bad Bunny - BOOKER T,off+25s/seeded_correct,23925,23923,-2,0,2500,0,2,False,True,True,1,4,210.5,3.4,6.0,100.0,0,True
Bad Bunny - BOOKER T,off+25s/seeded_wrong_2s,23925,23920,-5,0,2500,0,2,False,True,True,2,4,212.8,3.5,5.8,98.1,0,True
Bad Bunny - BOOKER T,off-25s/cold,-26075,-825,25250,25250,,1,1,False,False,False,6,4,240.8,3.0,5.3,0.0,2,False
Bad Bunny - BOOKER T,off-25s/second_play,-26075,-825,25250,25250,,1,1,False,False,False,6,4,243.2,3.1,5.5,0.0,2,False
Bad Bunny - BOOKER T,off-25s/seeded_correct,-26075,-26075,0,0,,0,0,False,False,False,4,4,225.4,2.9,5.5,100.0,0,True
Bad Bunny - BOOKER T,off-25s/seeded_wrong_2s,-26075,-24075,2000,2000,,0,0,False,False,False,4,4,237.8,2.8,6.4,0.0,0,False
Bad Bunny - BOOKER T,noise0/cold,-1075,-1078,-3,0,11500,0,3,True,True,True,2,4,181.5,2.2,4.2,92.6,0,True
Bad Bunny - BOOKER T,noise0/seeded_correct,-1075,-1077,-2,0,11500,0,2,False,True,True,1,4,181.4,2.1,4.2,100.0,0,True
Bad Bunny - BOOKER T,noise0/seeded_wrong_2s,-1075,-1080,-5,0,11500,0,2,False,True,True,2,4,183.8,2.2,4.2,92.6,0,True
Bad Bunny - BOOKER T,noise-2s/cold,-3075,-3079,-4,0,112000,1,4,True,False,True,5,4,184.6,2.5,4.1,29.0,1,True
Bad Bunny - BOOKER T,noise-2s/seeded_correct,-3075,-3082,-7,0,11500,0,2,False,False,False,4,4,170.6,2.5,4.0,100.0,0,True
Bad Bunny - BOOKER T,noise-2s/seeded_wrong_2s,-3075,-3080,-5,0,112000,1,3,False,False,True,5,4,177.8,2.5,4.1,29.0,1,True
Bad Bunny - BOOKER T,cutin5s/cold,3925,3915,-10,0,11500,0,4,True,False,True,4,4,172.0,2.7,4.4,92.4,0,True
Bad Bunny - BOOKER T,cutin5s/second_play,3925,3925,0,-10,11500,0,3,False,False,True,2,4,181.0,2.4,4.5,100.0,0,True
Bad Bunny - BOOKER T,cutin5s/seeded_correct,3925,3918,-7,0,11500,0,3,False,False,True,2,4,187.6,2.3,4.7,100.0,0,True
Bad Bunny - BOOKER T,cutin5s/seeded_wrong_2s,3925,3914,-11,0,11500,0,3,False,False,True,4,4,168.6,2.7,4.2,92.4,0,True
Bad Bunny - BOOKER T,cutin15s/cold,13925,13921,-4,0,4000,0,3,False,True,True,4,4,141.4,2.5,3.7,97.2,0,True
Bad Bunny - BOOKER T,cutin15s/second_play,13925,13922,-3,-4,4000,0,2,False,True,True,3,4,136.8,2.4,3.4,100.0,0,True
Bad Bunny - BOOKER T,cutin15s/seeded_correct,13925,13923,-2,0,4000,0,2,False,True,True,3,4,139.8,2.3,3.8,100.0,0,True
Bad Bunny - BOOKER T,cutin15s/seeded_wrong_2s,13925,13922,-3,0,4000,0,2,False,True,True,3,4,137.9,2.3,3.6,97.2,0,True
Bad Bunny - BOOKER T,cutin25s/cold,23925,23925,0,0,8500,0,3,False,True,False,4,4,174.9,2.6,6.5,93.5,0,True
Bad Bunny - BOOKER T,cutin25s/second_play,23925,23923,-2,0,4000,0,2,False,True,True,3,4,139.3,2.7,4.0,100.0,0,True
Bad Bunny - BOOKER T,cutin25s/seeded_correct,23925,23923,-2,0,4000,0,2,False,True,True,3,4,131.6,2.2,3.8,100.0,0,True
Bad Bunny - BOOKER T,cutin25s/seeded_wrong_2s,23925,23922,-3,0,4000,0,2,False,True,True,3,4,132.2,2.5,4.0,96.9,0,True
Bad Bunny - BOOKER T,blend8s/cold,-1075,-1078,-3,0,16000,0,3,True,False,True,3,4,193.5,2.7,4.3,89.7,0,True
Bad Bunny - BOOKER T,blend8s/seeded_correct,-1075,-1083,-8,0,11500,0,2,False,False,True,2,4,198.9,2.4,4.9,100.0,0,True
Bad Bunny - BOOKER T,blend8s/seeded_wrong_2s,-1075,-1087,-12,0,16000,0,2,False,False,True,3,4,196.0,2.6,4.6,89.7,0,True
Bad Bunny - BOOKER T,midshift+1.5s/cold,-1075,424,-1,-1,11500,0,3,True,True,True,3,4,254.0,3.5,5.4,85.8,1,True
Bad Bunny - BOOKER T,midshift+1.5s/seeded_correct,-1075,400,-25,-25,11500,0,2,False,True,True,3,4,238.8,2.9,5.6,92.2,2,True
Bad Bunny - BOOKER T,midshift+1.5s/seeded_wrong_2s,-1075,-1075,-1500,-25,11500,1,2,False,True,True,4,4,263.0,3.0,5.8,84.8,2,False
Bad Bunny - BOOKER T,midshift-1.5s/cold,-1075,-2578,-3,1500,11500,0,2,True,True,True,2,4,215.6,2.7,4.9,30.8,2,True
Bad Bunny - BOOKER T,midshift-1.5s/seeded_correct,-1075,-1077,1498,1500,11500,0,1,False,True,True,1,4,211.5,2.3,5.2,38.2,2,False
Bad Bunny - BOOKER T,midshift-1.5s/seeded_wrong_2s,-1075,-1080,1495,1500,11500,0,1,False,True,True,2,4,206.8,2.2,4.9,30.8,2,False
Bad Bunny - BOOKER T,gap400/cold,-1075,-1078,-3,0,11500,0,3,True,True,True,2,4,195.6,2.6,4.4,92.6,0,True
Bad Bunny - BOOKER T,gap400/seeded_correct,-1075,-1077,-2,0,11500,0,2,False,True,True,1,4,194.7,2.3,4.6,100.0,0,True
Bad Bunny - BOOKER T,gap400/seeded_wrong_2s,-1075,-1080,-5,0,11500,0,2,False,True,True,2,4,213.2,2.3,5.7,92.6,0,True
Bad Bunny - MONACO,off0/cold,-619,-525,94,94,38000,1,5,False,True,True,5,5,632.0,5.6,10.3,85.7,2,True
Bad Bunny - MONACO,off0/seeded_correct,-619,-525,94,94,38000,1,3,False,True,True,5,5,617.4,5.8,10.9,88.3,2,True
Bad Bunny - MONACO,off0/seeded_wrong_2s,-619,-525,94,94,38000,1,3,False,True,True,5,5,603.7,5.4,9.7,85.7,2,True
Bad Bunny - MONACO,off+200/cold,-419,-325,94,94,38000,1,5,False,True,True,5,5,622.4,5.2,10.1,85.7,2,True
Bad Bunny - MONACO,off+200/seeded_correct,-419,-325,94,94,38000,1,3,False,True,True,5,5,632.3,5.6,11.2,88.3,2,True
Bad Bunny - MONACO,off+200/seeded_wrong_2s,-419,-325,94,94,38000,1,3,False,True,True,5,5,631.4,5.4,10.7,85.7,2,True
Bad Bunny - MONACO,off-200/cold,-819,-725,94,94,38000,1,5,False,True,True,5,5,628.1,5.6,10.7,85.7,2,True
Bad Bunny - MONACO,off-200/seeded_correct,-819,-700,119,119,,1,3,False,True,True,4,5,621.1,5.4,10.2,87.4,2,True
Bad Bunny - MONACO,off-200/seeded_wrong_2s,-819,-200,619,19,88000,1,1,False,True,True,4,5,613.2,5.4,10.0,66.8,2,False
Bad Bunny - MONACO,off+2s/cold,1381,1475,94,94,36000,1,5,False,True,True,5,5,642.8,5.7,11.3,86.3,2,True
Bad Bunny - MONACO,off+2s/seeded_correct,1381,1475,94,94,36000,1,3,False,True,True,5,5,619.6,5.2,10.9,88.4,2,True
Bad Bunny - MONACO,off+2s/seeded_wrong_2s,1381,1475,94,94,36000,1,3,False,True,True,5,5,624.4,5.3,11.0,86.3,2,True
Bad Bunny - MONACO,off-2s/cold,-2619,-2000,619,619,,2,2,False,True,True,4,5,636.6,5.6,10.0,0.0,2,False
Bad Bunny - MONACO,off-2s/seeded_correct,-2619,-1994,625,94,40000,2,3,False,True,True,4,5,629.9,5.4,10.3,88.8,2,False
Bad Bunny - MONACO,off-2s/seeded_wrong_2s,-2619,-1994,625,94,40000,2,3,False,True,True,4,5,633.3,5.0,11.0,85.0,2,False
Bad Bunny - MONACO,off+10s/cold,9381,9575,194,194,,0,4,False,False,False,7,5,629.6,5.7,10.9,82.1,2,True
Bad Bunny - MONACO,off+10s/second_play,9381,9475,94,94,41750,1,4,False,True,True,6,5,638.7,4.7,10.8,85.8,2,True
Bad Bunny - MONACO,off+10s/seeded_correct,9381,9475,94,94,28000,1,4,False,True,True,6,5,630.4,5.0,9.7,91.2,2,True
Bad Bunny - MONACO,off+10s/seeded_wrong_2s,9381,9475,94,94,28000,1,4,False,True,True,6,5,638.1,5.4,9.9,89.0,2,True
Bad Bunny - MONACO,off-10s/cold,-10619,,,10619,,0,0,False,False,False,5,5,614.1,5.4,10.6,0.0,0,False
Bad Bunny - MONACO,off-10s/second_play,-10619,,,10619,,0,0,False,False,False,5,5,621.0,5.5,11.6,0.0,0,False
Bad Bunny - MONACO,off-10s/seeded_correct,-10619,-10500,119,119,,0,1,False,True,False,7,5,625.0,5.2,10.6,74.4,2,True
Bad Bunny - MONACO,off-10s/seeded_wrong_2s,-10619,-10500,119,119,,0,1,False,True,False,7,5,627.3,5.6,10.2,68.0,2,True
Bad Bunny - MONACO,off+25s/cold,24381,24475,94,94,45750,0,4,False,False,True,7,5,614.3,6.3,10.5,80.9,2,True
Bad Bunny - MONACO,off+25s/second_play,24381,24475,94,94,26000,1,4,False,True,True,5,5,637.8,5.2,10.4,90.2,2,True
Bad Bunny - MONACO,off+25s/seeded_correct,24381,24475,94,94,26000,1,4,False,True,True,6,5,637.0,5.4,10.5,90.2,2,True
Bad Bunny - MONACO,off+25s/seeded_wrong_2s,24381,24475,94,94,45750,1,3,False,True,True,6,5,639.4,5.4,9.9,80.9,2,True
Bad Bunny - MONACO,off-25s/cold,-25619,,,25619,,0,0,False,False,False,5,5,622.1,5.6,10.9,0.0,0,False
Bad Bunny - MONACO,off-25s/second_play,-25619,,,25619,,0,0,False,False,False,5,5,620.9,5.1,10.1,0.0,0,False
Bad Bunny - MONACO,off-25s/seeded_correct,-25619,-25619,0,0,,0,0,False,False,False,5,5,621.0,4.9,10.7,100.0,0,True
Bad Bunny - MONACO,off-25s/seeded_wrong_2s,-25619,-23619,2000,2000,,0,0,False,False,False,5,5,649.1,6.2,9.6,0.0,0,False
Bad Bunny - MONACO,noise0/cold,-619,-525,94,94,38000,1,5,False,True,True,5,5,538.0,4.3,9.5,85.7,2,True
Bad Bunny - MONACO,noise0/seeded_correct,-619,-525,94,94,38000,1,3,False,True,True,5,5,545.3,4.6,8.8,91.1,2,True
Bad Bunny - MONACO,noise0/seeded_wrong_2s,-619,-525,94,94,38000,1,3,False,True,True,5,5,553.7,4.7,9.2,85.7,2,True
Bad Bunny - MONACO,noise-2s/cold,-2619,-2600,19,619,,0,2,False,True,False,7,5,552.0,4.8,9.4,0.0,2,True
Bad Bunny - MONACO,noise-2s/seeded_correct,-2619,-2500,119,119,,0,1,False,True,False,7,5,543.0,5.0,9.6,73.0,2,True
Bad Bunny - MONACO,noise-2s/seeded_wrong_2s,-2619,-2500,119,119,,0,1,False,True,False,7,5,560.5,4.9,9.7,67.1,2,True
Bad Bunny - MONACO,cutin5s/cold,4381,4475,94,94,45750,1,4,False,True,True,5,5,635.9,4.9,9.7,82.4,2,True
Bad Bunny - MONACO,cutin5s/second_play,4381,4475,94,94,45750,1,3,False,True,True,5,5,628.4,4.6,9.8,84.0,2,True
Bad Bunny - MONACO,cutin5s/seeded_correct,4381,4475,94,94,36000,1,5,False,True,True,5,5,590.3,5.5,9.7,87.7,2,True
Bad Bunny - MONACO,cutin5s/seeded_wrong_2s,4381,4380,-1,44,88000,1,2,False,True,True,5,5,606.7,5.5,10.5,66.2,2,True
Bad Bunny - MONACO,cutin15s/cold,14381,14500,119,119,,1,5,False,True,True,7,5,458.3,4.4,8.1,81.7,2,True
Bad Bunny - MONACO,cutin15s/second_play,14381,15000,619,119,,2,5,False,True,True,7,5,450.7,4.6,8.1,66.4,2,False
Bad Bunny - MONACO,cutin15s/seeded_correct,14381,14575,194,194,,1,3,False,True,False,7,5,463.9,4.7,8.1,68.4,2,True
Bad Bunny - MONACO,cutin15s/seeded_wrong_2s,14381,14575,194,194,,0,2,False,True,False,7,5,477.2,4.8,8.6,66.8,2,True
Bad Bunny - MONACO,cutin25s/cold,24381,24575,194,94,45750,0,4,False,True,True,7,5,559.2,6.2,10.7,80.9,2,True
Bad Bunny - MONACO,cutin25s/second_play,24381,24377,-4,119,,0,1,False,True,False,7,5,535.0,5.7,10.0,67.1,2,True
Bad Bunny - MONACO,cutin25s/seeded_correct,24381,24374,-7,119,,0,2,False,True,False,7,5,538.5,5.3,10.1,67.1,2,True
Bad Bunny - MONACO,cutin25s/seeded_wrong_2s,24381,24374,-7,119,,0,1,False,True,False,7,5,538.0,5.6,10.4,65.4,2,True
Bad Bunny - MONACO,blend8s/cold,-619,-525,94,94,38000,1,5,False,True,True,5,5,684.8,5.3,11.4,85.7,2,True
Bad Bunny - MONACO,blend8s/seeded_correct,-619,-525,94,94,38000,1,3,False,True,True,5,5,692.0,6.1,11.9,91.7,2,True
Bad Bunny - MONACO,blend8s/seeded_wrong_2s,-619,-525,94,94,38000,1,3,False,True,True,5,5,664.6,5.6,11.1,85.7,2,True
Bad Bunny - MONACO,midshift+1.5s/cold,-619,0,-881,19,38000,2,3,False,True,True,5,5,771.8,7.1,12.1,75.0,2,False
Bad Bunny - MONACO,midshift+1.5s/seeded_correct,-619,6,-875,19,38000,2,3,False,True,True,5,5,769.9,7.3,12.0,77.6,2,False
Bad Bunny - MONACO,midshift+1.5s/seeded_wrong_2s,-619,6,-875,19,38000,2,3,False,True,True,5,5,758.2,7.0,11.8,75.0,2,False
Bad Bunny - MONACO,midshift-1.5s/cold,-619,0,2119,2119,,2,3,False,True,True,5,5,685.6,6.3,10.7,8.3,2,False
Bad Bunny - MONACO,midshift-1.5s/seeded_correct,-619,6,2125,2125,,2,3,False,True,True,5,5,704.3,6.2,11.0,10.9,2,False
Bad Bunny - MONACO,midshift-1.5s/seeded_wrong_2s,-619,6,2125,2125,,2,3,False,True,True,5,5,677.8,5.7,12.4,8.3,2,False
Bad Bunny - MONACO,gap400/cold,-619,-525,94,94,38000,1,5,False,True,True,5,5,634.1,5.2,10.2,85.7,2,True
Bad Bunny - MONACO,gap400/seeded_correct,-619,-525,94,94,38000,1,3,False,True,True,5,5,643.2,5.8,10.6,88.3,2,True
Bad Bunny - MONACO,gap400/seeded_wrong_2s,-619,-525,94,94,38000,1,3,False,True,True,5,5,624.6,5.8,10.5,85.7,2,True
Bad Bunny - HACIENDO QUE ME AMAS,off0/cold,-1050,-1047,3,-3,10000,0,5,True,True,True,5,7,311.9,5.1,7.2,95.4,0,True
Bad Bunny - HACIENDO QUE ME AMAS,off0/seeded_correct,-1050,-1037,13,0,10000,0,5,False,True,False,7,7,223.3,6.0,9.2,100.0,0,True
Bad Bunny - HACIENDO QUE ME AMAS,off0/seeded_wrong_2s,-1050,-1036,14,0,10000,0,6,False,True,False,7,7,230.4,6.2,9.6,95.4,0,True
Bad Bunny - HACIENDO QUE ME AMAS,off+200/cold,-850,-846,4,-1,10000,0,5,True,True,True,5,7,318.4,5.5,7.4,95.4,0,True
Bad Bunny - HACIENDO QUE ME AMAS,off+200/seeded_correct,-850,-838,12,0,10000,0,6,False,True,False,7,7,214.7,6.1,9.3,100.0,0,True
Bad Bunny - HACIENDO QUE ME AMAS,off+200/seeded_wrong_2s,-850,-836,14,0,10000,0,6,False,True,False,7,7,210.1,6.1,9.9,95.4,0,True
Bad Bunny - HACIENDO QUE ME AMAS,off-200/cold,-1250,-1242,8,6,10000,0,5,True,True,True,5,7,322.6,5.0,7.9,95.4,0,True
Bad Bunny - HACIENDO QUE ME AMAS,off-200/seeded_correct,-1250,-1237,13,0,10000,0,5,False,True,False,7,7,229.5,6.6,8.7,100.0,0,True
Bad Bunny - HACIENDO QUE ME AMAS,off-200/seeded_wrong_2s,-1250,-1235,15,0,10000,0,6,False,True,False,7,7,220.2,5.9,9.7,95.4,0,True
Bad Bunny - HACIENDO QUE ME AMAS,off+2s/cold,950,958,8,0,7000,0,5,True,True,False,7,7,214.9,6.4,8.7,96.7,0,True
Bad Bunny - HACIENDO QUE ME AMAS,off+2s/seeded_correct,950,962,12,0,7000,0,5,False,True,False,7,7,224.9,6.2,9.5,100.0,0,True
Bad Bunny - HACIENDO QUE ME AMAS,off+2s/seeded_wrong_2s,950,963,13,0,7000,0,6,False,True,False,7,7,214.4,6.3,9.6,96.7,0,True
Bad Bunny - HACIENDO QUE ME AMAS,off-2s/cold,-3050,-3042,8,6,11500,0,2,True,True,True,5,7,336.7,5.5,8.9,94.7,0,True
Bad Bunny - HACIENDO QUE ME AMAS,off-2s/seeded_correct,-3050,-3037,13,0,11500,0,2,False,True,False,8,7,244.0,6.1,10.4,100.0,1,True
Bad Bunny - HACIENDO QUE ME AMAS,off-2s/seeded_wrong_2s,-3050,-3036,14,0,11500,0,2,False,True,False,8,7,246.4,6.5,10.9,94.7,1,True
Bad Bunny - HACIENDO QUE ME AMAS,off+10s/cold,8950,8950,0,-8950,,0,2,False,False,False,7,7,223.4,5.9,10.0,0.0,0,True
Bad Bunny - HACIENDO QUE ME AMAS,off+10s/second_play,8950,8950,0,0,2500,0,1,False,True,True,2,7,388.9,4.4,7.8,100.0,0,True
Bad Bunny - HACIENDO QUE ME AMAS,off+10s/seeded_correct,8950,8950,0,0,2500,0,1,False,True,True,2,7,404.2,4.7,6.9,100.0,0,True
Bad Bunny - HACIENDO QUE ME AMAS,off+10s/seeded_wrong_2s,8950,8950,0,0,2500,0,1,False,True,True,3,7,383.2,4.3,7.4,98.8,0,True
Bad Bunny - HACIENDO QUE ME AMAS,off-10s/cold,-11050,244,11294,11275,,1,1,False,True,False,9,7,273.1,6.2,10.4,0.0,2,False
Bad Bunny - HACIENDO QUE ME AMAS,off-10s/second_play,-11050,244,11294,11294,,0,0,False,False,False,8,7,265.4,6.0,9.1,0.0,1,False
Bad Bunny - HACIENDO QUE ME AMAS,off-10s/seeded_correct,-11050,-11050,0,0,19000,0,1,False,True,False,8,7,258.4,5.9,10.1,100.0,1,True
Bad Bunny - HACIENDO QUE ME AMAS,off-10s/seeded_wrong_2s,-11050,-11050,0,0,19000,0,1,False,True,False,8,7,253.7,5.9,10.0,91.6,1,True
Bad Bunny - HACIENDO QUE ME AMAS,off+25s/cold,23950,23950,0,-23950,,0,2,False,False,False,7,7,191.5,6.0,12.3,0.0,0,True
Bad Bunny - HACIENDO QUE ME AMAS,off+25s/second_play,23950,23950,0,0,2500,0,1,False,True,True,2,7,358.2,4.2,7.3,100.0,0,True
Bad Bunny - HACIENDO QUE ME AMAS,off+25s/seeded_correct,23950,23950,0,0,2500,0,1,False,True,True,2,7,379.8,4.3,7.7,100.0,0,True
Bad Bunny - HACIENDO QUE ME AMAS,off+25s/seeded_wrong_2s,23950,23950,0,0,2500,0,1,False,True,True,2,7,361.9,4.5,7.0,98.7,0,True
Bad Bunny - HACIENDO QUE ME AMAS,off-25s/cold,-26050,,,26050,,0,0,False,False,False,7,7,269.6,5.9,8.2,0.0,0,False
Bad Bunny - HACIENDO QUE ME AMAS,off-25s/second_play,-26050,,,26050,,0,0,False,False,False,7,7,269.9,5.9,8.0,0.0,0,False
Bad Bunny - HACIENDO QUE ME AMAS,off-25s/seeded_correct,-26050,-26050,0,0,,0,0,False,False,False,7,7,269.9,6.0,7.9,100.0,0,True
Bad Bunny - HACIENDO QUE ME AMAS,off-25s/seeded_wrong_2s,-26050,-24050,2000,2000,,0,0,False,False,False,7,7,269.6,6.0,8.1,0.0,0,False
Bad Bunny - HACIENDO QUE ME AMAS,noise0/cold,-1050,-1046,4,-3,10000,0,5,True,True,True,5,7,274.0,4.2,7.0,95.4,0,True
Bad Bunny - HACIENDO QUE ME AMAS,noise0/seeded_correct,-1050,-1037,13,0,10000,0,6,False,True,False,7,7,191.7,5.3,7.6,100.0,0,True
Bad Bunny - HACIENDO QUE ME AMAS,noise0/seeded_wrong_2s,-1050,-1036,14,0,10000,0,6,False,True,False,7,7,199.3,5.7,8.0,95.4,0,True
Bad Bunny - HACIENDO QUE ME AMAS,noise-2s/cold,-3050,-3042,8,6,11500,0,2,True,True,True,5,7,279.0,4.7,6.6,94.7,0,True
Bad Bunny - HACIENDO QUE ME AMAS,noise-2s/seeded_correct,-3050,-3037,13,0,11500,0,2,False,True,False,8,7,209.1,4.9,9.1,100.0,1,True
Bad Bunny - HACIENDO QUE ME AMAS,noise-2s/seeded_wrong_2s,-3050,-3036,14,0,11500,0,2,False,True,False,8,7,205.6,5.1,8.6,94.7,1,True
Bad Bunny - HACIENDO QUE ME AMAS,cutin5s/cold,3950,3952,2,-3,5500,0,5,True,True,True,5,7,263.8,4.5,6.6,97.4,0,True
Bad Bunny - HACIENDO QUE ME AMAS,cutin5s/second_play,3950,3959,9,0,5500,0,5,False,True,False,7,7,174.0,5.3,8.1,100.0,0,True
Bad Bunny - HACIENDO QUE ME AMAS,cutin5s/seeded_correct,3950,3958,8,0,5500,0,5,False,True,False,7,7,199.0,6.3,9.8,100.0,0,True
Bad Bunny - HACIENDO QUE ME AMAS,cutin5s/seeded_wrong_2s,3950,3959,9,0,5500,0,6,False,True,False,7,7,186.6,5.6,9.3,97.4,0,True
Bad Bunny - HACIENDO QUE ME AMAS,cutin15s/cold,13950,13950,0,0,4000,0,2,False,True,False,7,7,131.2,4.7,7.6,98.0,0,True
Bad Bunny - HACIENDO QUE ME AMAS,cutin15s/second_play,13950,13950,0,0,4000,0,2,False,True,False,7,7,125.2,4.7,6.5,100.0,0,True
Bad Bunny - HACIENDO QUE ME AMAS,cutin15s/seeded_correct,13950,13950,0,0,4000,0,2,False,True,False,7,7,129.5,4.8,7.1,100.0,0,True
Bad Bunny - HACIENDO QUE ME AMAS,cutin15s/seeded_wrong_2s,13950,13950,0,0,4000,0,2,False,True,False,7,7,126.0,4.7,6.4,98.0,0,True
Bad Bunny - HACIENDO QUE ME AMAS,cutin25s/cold,23950,23950,0,0,4000,0,2,False,True,False,7,7,125.8,5.2,9.1,97.9,0,True
Bad Bunny - HACIENDO QUE ME AMAS,cutin25s/second_play,23950,23950,0,0,4000,0,2,False,True,False,7,7,118.3,5.0,7.7,100.0,0,True
Bad Bunny - HACIENDO QUE ME AMAS,cutin25s/seeded_correct,23950,23950,0,0,4000,0,2,False,True,False,7,7,117.2,5.2,8.8,100.0,0,True
Bad Bunny - HACIENDO QUE ME AMAS,cutin25s/seeded_wrong_2s,23950,23950,0,0,4000,0,2,False,True,False,7,7,118.0,5.4,8.8,97.9,0,True
Bad Bunny - HACIENDO QUE ME AMAS,blend8s/cold,-1050,-1051,-1,-3,35750,0,3,True,False,True,5,7,320.1,4.3,8.6,83.5,0,True
Bad Bunny - HACIENDO QUE ME AMAS,blend8s/seeded_correct,-1050,-1049,1,0,24500,0,2,False,False,False,7,7,218.4,5.3,7.1,100.0,0,True
Bad Bunny - HACIENDO QUE ME AMAS,blend8s/seeded_wrong_2s,-1050,-1049,1,0,35750,0,2,False,False,False,7,7,214.8,5.3,7.5,83.5,0,True
Bad Bunny - HACIENDO QUE ME AMAS,midshift+1.5s/cold,-1050,-1000,-1450,0,10000,1,3,False,True,False,7,7,231.8,6.5,9.9,61.9,0,False
Bad Bunny - HACIENDO QUE ME AMAS,midshift+1.5s/seeded_correct,-1050,-1034,-1484,0,10000,0,2,False,True,False,7,7,228.1,6.6,10.5,66.6,0,False
Bad Bunny - HACIENDO QUE ME AMAS,midshift+1.5s/seeded_wrong_2s,-1050,-1031,-1481,0,10000,0,2,False,True,False,7,7,233.1,6.6,10.1,61.9,0,False
Bad Bunny - HACIENDO QUE ME AMAS,midshift-1.5s/cold,-1050,-1031,1519,1575,10000,0,2,False,True,False,9,7,233.0,5.9,10.7,23.0,2,False
Bad Bunny - HACIENDO QUE ME AMAS,midshift-1.5s/seeded_correct,-1050,-2550,0,0,10000,0,3,False,True,False,8,7,221.4,5.8,9.7,50.4,1,True
Bad Bunny - HACIENDO QUE ME AMAS,midshift-1.5s/seeded_wrong_2s,-1050,-1031,1519,1575,10000,0,2,False,True,False,9,7,226.9,5.7,10.2,23.0,2,False
Bad Bunny - HACIENDO QUE ME AMAS,gap400/cold,-1050,-1046,4,-3,10000,0,4,True,True,True,4,7,288.6,4.6,7.7,95.4,0,True
Bad Bunny - HACIENDO QUE ME AMAS,gap400/seeded_correct,-1050,-1036,14,0,10000,0,5,False,True,False,6,7,199.4,5.7,8.4,100.0,0,True
Bad Bunny - HACIENDO QUE ME AMAS,gap400/seeded_wrong_2s,-1050,-1033,17,0,10000,0,5,False,True,False,6,7,201.6,5.6,7.9,95.4,0,True
Bad Bunny - MALDITA POBREZA,off0/cold,-1000,-1001,-1,0,46000,0,3,False,True,True,4,4,354.4,3.5,6.3,78.4,1,True
Bad Bunny - MALDITA POBREZA,off0/seeded_correct,-1000,-1001,-1,0,46000,0,3,False,True,True,4,4,352.0,3.5,6.7,81.7,1,True
Bad Bunny - MALDITA POBREZA,off0/seeded_wrong_2s,-1000,-1001,-1,0,46000,0,3,False,True,True,4,4,449.4,3.6,10.6,78.4,1,True
Bad Bunny - MALDITA POBREZA,off+200/cold,-800,-801,-1,0,50000,0,4,False,True,True,5,4,373.8,3.7,7.0,76.5,1,True
Bad Bunny - MALDITA POBREZA,off+200/seeded_correct,-800,-801,-1,0,50000,0,3,False,True,True,5,4,368.8,3.7,6.5,81.9,1,True
Bad Bunny - MALDITA POBREZA,off+200/seeded_wrong_2s,-800,-801,-1,0,50000,0,4,False,True,True,5,4,358.3,3.6,6.5,76.5,1,True
Bad Bunny - MALDITA POBREZA,off-200/cold,-1200,-1201,-1,0,50000,0,4,False,True,True,5,4,402.2,3.7,9.5,76.6,1,True
Bad Bunny - MALDITA POBREZA,off-200/seeded_correct,-1200,-1201,-1,0,50000,0,4,False,True,True,5,4,358.7,3.7,6.5,82.0,1,True
Bad Bunny - MALDITA POBREZA,off-200/seeded_wrong_2s,-1200,-1201,-1,0,50000,0,4,False,True,True,5,4,363.7,3.6,7.1,76.6,1,True
Bad Bunny - MALDITA POBREZA,off+2s/cold,1000,997,-3,0,50000,0,4,False,True,False,5,4,355.2,3.7,6.4,76.3,1,True
Bad Bunny - MALDITA POBREZA,off+2s/seeded_correct,1000,998,-2,0,50000,0,3,False,True,False,5,4,364.8,3.7,7.5,81.1,1,True
Bad Bunny - MALDITA POBREZA,off+2s/seeded_wrong_2s,1000,997,-3,0,50000,0,4,False,True,False,5,4,386.8,3.6,8.1,76.3,1,True
Bad Bunny - MALDITA POBREZA,off-2s/cold,-3000,-3000,0,0,50000,0,1,False,True,False,5,4,441.3,4.2,8.5,76.8,1,True
Bad Bunny - MALDITA POBREZA,off-2s/seeded_correct,-3000,-3000,0,0,50000,0,1,False,True,False,5,4,390.4,3.8,7.7,82.8,1,True
Bad Bunny - MALDITA POBREZA,off-2s/seeded_wrong_2s,-3000,-3000,0,0,50000,0,1,False,True,False,5,4,441.2,4.3,8.5,76.8,1,True
Bad Bunny - MALDITA POBREZA,off+10s/cold,9000,,,-9000,,0,0,False,False,False,4,4,397.2,3.7,6.5,0.0,0,False
Bad Bunny - MALDITA POBREZA,off+10s/second_play,9000,,,-9000,,0,0,False,False,False,4,4,542.4,4.6,10.7,0.0,0,False
Bad Bunny - MALDITA POBREZA,off+10s/seeded_correct,9000,8998,-2,0,50000,0,3,False,True,False,5,4,426.5,5.0,7.4,76.6,1,True
Bad Bunny - MALDITA POBREZA,off+10s/seeded_wrong_2s,9000,8998,-2,0,50000,0,4,False,True,False,5,4,399.3,4.5,8.0,75.4,1,True
Bad Bunny - MALDITA POBREZA,off-10s/cold,-11000,,,14250,,0,0,False,True,False,6,4,433.9,4.0,8.0,0.0,2,False
Bad Bunny - MALDITA POBREZA,off-10s/second_play,-11000,,,14250,,0,0,False,True,False,6,4,429.7,4.1,8.1,0.0,2,False
Bad Bunny - MALDITA POBREZA,off-10s/seeded_correct,-11000,-11000,0,0,50000,0,1,False,True,False,5,4,424.0,3.8,8.0,87.5,1,True
Bad Bunny - MALDITA POBREZA,off-10s/seeded_wrong_2s,-11000,-11000,0,0,50000,0,1,False,True,False,5,4,431.0,3.8,8.2,77.6,1,True
Bad Bunny - MALDITA POBREZA,off+25s/cold,24000,,,-24000,,0,0,False,False,False,4,4,438.5,4.5,7.7,0.0,0,False
Bad Bunny - MALDITA POBREZA,off+25s/second_play,24000,,,-24000,,0,0,False,False,False,4,4,437.1,4.3,8.1,0.0,0,False
Bad Bunny - MALDITA POBREZA,off+25s/seeded_correct,24000,23999,-1,0,5500,0,2,False,True,True,2,4,393.6,4.5,8.2,100.0,0,True
Bad Bunny - MALDITA POBREZA,off+25s/seeded_wrong_2s,24000,23999,-1,0,5500,0,2,False,True,True,2,4,400.9,4.4,8.5,97.1,0,True
Bad Bunny - MALDITA POBREZA,off-25s/cold,-26000,,,26000,,0,0,False,False,False,4,4,438.2,3.5,9.1,0.0,0,False
Bad Bunny - MALDITA POBREZA,off-25s/second_play,-26000,,,26000,,0,0,False,False,False,4,4,417.7,3.9,7.2,0.0,0,False
Bad Bunny - MALDITA POBREZA,off-25s/seeded_correct,-26000,-26000,0,0,,0,0,False,False,False,4,4,415.4,3.9,7.6,100.0,0,True
Bad Bunny - MALDITA POBREZA,off-25s/seeded_wrong_2s,-26000,-24000,2000,2000,,0,0,False,False,False,4,4,424.1,4.0,7.8,0.0,0,False
Bad Bunny - MALDITA POBREZA,noise0/cold,-1000,-1001,-1,0,46000,0,3,False,True,True,4,4,352.8,3.3,7.3,78.4,1,True
Bad Bunny - MALDITA POBREZA,noise0/seeded_correct,-1000,-1001,-1,0,46000,0,3,False,True,True,4,4,340.7,3.2,6.5,81.7,1,True
Bad Bunny - MALDITA POBREZA,noise0/seeded_wrong_2s,-1000,-1001,-1,0,46000,0,3,False,True,True,4,4,343.2,3.3,6.8,78.4,1,True
Bad Bunny - MALDITA POBREZA,noise-2s/cold,-3000,-3000,0,0,50000,0,1,False,True,False,5,4,347.1,3.4,6.4,76.8,1,True
Bad Bunny - MALDITA POBREZA,noise-2s/seeded_correct,-3000,-3000,0,0,50000,0,1,False,True,False,5,4,351.6,3.3,7.0,82.8,1,True
Bad Bunny - MALDITA POBREZA,noise-2s/seeded_wrong_2s,-3000,-3000,0,0,50000,0,1,False,True,False,5,4,350.9,3.3,6.6,76.8,1,True
Bad Bunny - MALDITA POBREZA,cutin5s/cold,4000,4000,0,1000,,0,3,False,True,False,6,4,441.2,4.7,7.6,0.0,2,True
Bad Bunny - MALDITA POBREZA,cutin5s/second_play,4000,3999,-1,-1,50000,0,2,False,True,False,5,4,371.9,4.0,7.2,79.3,1,True
Bad Bunny - MALDITA POBREZA,cutin5s/seeded_correct,4000,3999,-1,-1,50000,0,2,False,True,False,5,4,375.8,3.9,7.5,79.3,1,True
Bad Bunny - MALDITA POBREZA,cutin5s/seeded_wrong_2s,4000,3998,-2,0,56000,0,2,False,True,False,6,4,369.7,3.9,6.8,73.1,2,True
Bad Bunny - MALDITA POBREZA,cutin15s/cold,14000,13999,-1,0,5500,0,2,False,True,True,2,4,280.6,3.1,5.4,97.2,0,True
Bad Bunny - MALDITA POBREZA,cutin15s/second_play,14000,13999,-1,-1,5500,0,3,False,True,True,2,4,277.0,3.1,5.5,100.0,0,True
Bad Bunny - MALDITA POBREZA,cutin15s/seeded_correct,14000,13999,-1,0,5500,0,3,False,True,True,2,4,283.4,3.1,6.6,100.0,0,True
Bad Bunny - MALDITA POBREZA,cutin15s/seeded_wrong_2s,14000,13999,-1,0,5500,0,2,False,True,True,2,4,271.2,3.1,5.0,97.2,0,True
Bad Bunny - MALDITA POBREZA,cutin25s/cold,24000,23998,-2,0,4000,0,2,False,True,True,2,4,307.8,3.9,6.3,97.9,0,True
Bad Bunny - MALDITA POBREZA,cutin25s/second_play,24000,23998,-2,-2,4000,0,2,False,True,True,2,4,306.7,3.5,6.8,100.0,0,True
Bad Bunny - MALDITA POBREZA,cutin25s/seeded_correct,24000,23998,-2,0,4000,0,2,False,True,True,2,4,294.7,3.6,5.9,100.0,0,True
Bad Bunny - MALDITA POBREZA,cutin25s/seeded_wrong_2s,24000,23998,-2,0,4000,0,2,False,True,True,2,4,302.3,3.6,5.9,97.9,0,True
Bad Bunny - MALDITA POBREZA,blend8s/cold,-1000,-1001,-1,0,50000,0,3,False,True,True,5,4,515.6,5.1,9.6,76.5,1,True
Bad Bunny - MALDITA POBREZA,blend8s/seeded_correct,-1000,-1001,-1,0,50000,0,3,False,True,True,5,4,392.7,3.9,7.4,81.9,1,True
Bad Bunny - MALDITA POBREZA,blend8s/seeded_wrong_2s,-1000,-1001,-1,0,50000,0,3,False,True,True,5,4,419.7,3.9,7.8,76.5,1,True
Bad Bunny - MALDITA POBREZA,midshift+1.5s/cold,-1000,-1001,-1501,-1500,46000,0,2,False,True,True,5,4,510.5,5.2,9.5,6.6,2,False
Bad Bunny - MALDITA POBREZA,midshift+1.5s/seeded_correct,-1000,-1001,-1501,-1500,46000,0,2,False,True,True,5,4,457.7,4.4,9.6,9.9,2,False
Bad Bunny - MALDITA POBREZA,midshift+1.5s/seeded_wrong_2s,-1000,-1001,-1501,-1500,46000,0,2,False,True,True,5,4,566.1,5.1,12.0,6.6,2,False
Bad Bunny - MALDITA POBREZA,midshift-1.5s/cold,-1000,-1001,1499,1500,46000,0,2,False,True,True,5,4,460.8,4.3,8.6,6.5,2,False
Bad Bunny - MALDITA POBREZA,midshift-1.5s/seeded_correct,-1000,-1001,1499,1500,46000,0,2,False,True,True,5,4,428.0,4.2,8.0,9.8,2,False
Bad Bunny - MALDITA POBREZA,midshift-1.5s/seeded_wrong_2s,-1000,-1001,1499,1500,46000,0,2,False,True,True,5,4,437.1,4.2,8.2,6.5,2,False
Bad Bunny - MALDITA POBREZA,gap400/cold,-1000,-1002,-2,0,50000,0,2,False,True,True,4,4,417.0,4.3,8.1,76.5,1,True
Bad Bunny - MALDITA POBREZA,gap400/seeded_correct,-1000,-1001,-1,0,50000,0,3,False,True,True,4,4,417.2,4.0,7.7,79.8,1,True
Bad Bunny - MALDITA POBREZA,gap400/seeded_wrong_2s,-1000,-1002,-2,0,50000,0,2,False,True,True,4,4,425.7,4.7,8.4,76.5,1,True
Bad Bunny - KETU TeCRÉ,off0/cold,-1025,-1027,-2,-3,35650,0,2,True,True,True,4,18,563.9,4.5,9.4,85.8,0,True
Bad Bunny - KETU TeCRÉ,off0/seeded_correct,-1025,-1028,-3,0,56500,0,3,False,True,True,5,18,560.3,5.1,8.9,81.5,0,True
Bad Bunny - KETU TeCRÉ,off0/seeded_wrong_2s,-1025,-1029,-4,0,56500,0,3,False,True,True,5,18,556.6,4.7,9.1,77.5,0,True
Bad Bunny - KETU TeCRÉ,off+200/cold,-825,-827,-2,-1,35650,0,2,True,True,True,4,18,589.8,4.8,9.3,85.8,0,True
Bad Bunny - KETU TeCRÉ,off+200/seeded_correct,-825,-830,-5,0,56500,0,3,False,True,True,5,18,582.7,5.2,9.7,81.5,0,True
Bad Bunny - KETU TeCRÉ,off+200/seeded_wrong_2s,-825,-831,-6,0,56500,0,3,False,True,True,5,18,556.0,4.4,8.9,77.5,0,True
Bad Bunny - KETU TeCRÉ,off-200/cold,-1225,-1229,-4,-6,35650,0,2,True,True,True,4,18,562.5,4.1,9.2,85.8,0,True
Bad Bunny - KETU TeCRÉ,off-200/seeded_correct,-1225,-1228,-3,-3,56500,0,3,False,True,True,5,18,575.7,5.1,9.3,82.1,0,True
Bad Bunny - KETU TeCRÉ,off-200/seeded_wrong_2s,-1225,-1228,-3,-3,56500,0,2,False,True,True,5,18,565.4,5.4,9.5,77.5,0,True
Bad Bunny - KETU TeCRÉ,off+2s/cold,975,974,-1,0,35650,0,2,True,True,True,4,18,570.8,4.8,9.1,85.7,0,True
Bad Bunny - KETU TeCRÉ,off+2s/seeded_correct,975,970,-5,0,56500,0,3,False,True,True,5,18,570.9,5.0,9.6,80.7,0,True
Bad Bunny - KETU TeCRÉ,off+2s/seeded_wrong_2s,975,969,-6,0,56500,0,3,False,True,True,5,18,561.4,5.1,9.1,77.3,0,True
Bad Bunny - KETU TeCRÉ,off-2s/cold,-3025,-3031,-6,-6,35650,0,1,True,True,True,4,18,599.8,4.6,10.0,85.9,0,True
Bad Bunny - KETU TeCRÉ,off-2s/seeded_correct,-3025,-3025,0,0,63750,0,5,False,True,False,18,18,318.9,8.4,14.1,80.0,0,True
Bad Bunny - KETU TeCRÉ,off-2s/seeded_wrong_2s,-3025,-725,2300,2300,,2,2,False,True,False,18,18,307.4,7.5,13.8,0.0,0,False
Bad Bunny - KETU TeCRÉ,off+10s/cold,8975,8971,-4,0,56500,0,2,False,False,True,5,18,584.7,5.1,9.4,76.6,0,True
Bad Bunny - KETU TeCRÉ,off+10s/second_play,8975,8971,-4,0,56500,0,3,False,True,True,5,18,556.0,5.0,8.9,77.6,1,True
Bad Bunny - KETU TeCRÉ,off+10s/seeded_correct,8975,8970,-5,0,56500,0,3,False,True,True,5,18,557.4,5.3,9.3,77.6,1,True
Bad Bunny - KETU TeCRÉ,off+10s/seeded_wrong_2s,8975,8969,-6,0,56500,0,3,False,True,True,6,18,558.9,5.7,9.1,76.6,1,True
Bad Bunny - KETU TeCRÉ,off-10s/cold,-11025,,,9225,,0,0,False,False,False,20,18,379.8,8.3,15.9,0.0,2,False
Bad Bunny - KETU TeCRÉ,off-10s/second_play,-11025,,,9225,,0,0,False,False,False,20,18,382.5,8.2,16.4,0.0,2,False
Bad Bunny - KETU TeCRÉ,off-10s/seeded_correct,-11025,-11025,0,0,222000,0,1,False,True,False,19,18,353.6,8.0,14.2,22.9,1,True
Bad Bunny - KETU TeCRÉ,off-10s/seeded_wrong_2s,-11025,-11025,0,0,222000,0,1,False,True,False,19,18,367.3,8.2,15.9,15.0,1,True
Bad Bunny - KETU TeCRÉ,off+25s/cold,23975,23968,-7,0,56500,0,3,False,False,True,8,18,576.8,5.9,9.8,75.0,0,True
Bad Bunny - KETU TeCRÉ,off+25s/second_play,23975,23972,-3,-7,2500,0,2,False,True,True,1,18,573.1,5.3,9.5,100.0,0,True
Bad Bunny - KETU TeCRÉ,off+25s/seeded_correct,23975,23972,-3,0,2500,0,1,False,True,True,2,18,566.3,4.9,8.9,100.0,0,True
Bad Bunny - KETU TeCRÉ,off+25s/seeded_wrong_2s,23975,23972,-3,0,2500,0,1,False,True,True,2,18,573.1,5.5,9.4,98.9,0,True
Bad Bunny - KETU TeCRÉ,off-25s/cold,-26025,29350,55375,55375,,1,1,False,False,False,20,18,411.7,7.5,15.2,0.0,2,False
Bad Bunny - KETU TeCRÉ,off-25s/second_play,-26025,20125,46150,46150,,1,1,False,False,False,20,18,405.0,8.5,13.1,0.0,2,False
Bad Bunny - KETU TeCRÉ,off-25s/seeded_correct,-26025,20125,46150,46150,,1,1,False,False,False,20,18,425.0,8.3,14.9,38.6,2,False
Bad Bunny - KETU TeCRÉ,off-25s/seeded_wrong_2s,-26025,20125,46150,46150,,1,1,False,False,False,20,18,399.5,8.1,14.0,0.0,2,False
Bad Bunny - KETU TeCRÉ,noise0/cold,-1025,-1027,-2,-3,35650,0,2,True,True,True,4,18,503.7,3.9,8.3,85.8,0,True
Bad Bunny - KETU TeCRÉ,noise0/seeded_correct,-1025,-1028,-3,0,56500,0,3,False,True,True,5,18,506.1,4.3,8.7,81.5,0,True
Bad Bunny - KETU TeCRÉ,noise0/seeded_wrong_2s,-1025,-1029,-4,0,56500,0,3,False,True,True,5,18,512.7,4.3,8.9,77.5,0,True
Bad Bunny - KETU TeCRÉ,noise-2s/cold,-3025,-3031,-6,-6,35650,0,1,True,True,True,4,18,508.7,3.8,8.8,85.9,0,True
Bad Bunny - KETU TeCRÉ,noise-2s/seeded_correct,-3025,-3025,0,0,63750,0,5,False,True,False,18,18,290.0,7.1,14.4,80.0,0,True
Bad Bunny - KETU TeCRÉ,noise-2s/seeded_wrong_2s,-3025,-725,2300,2300,,2,2,False,True,False,18,18,277.2,6.6,13.5,0.0,0,False
Bad Bunny - KETU TeCRÉ,cutin5s/cold,3975,3973,-2,-3,35650,0,2,True,True,True,4,18,551.9,4.7,9.5,85.5,0,True
Bad Bunny - KETU TeCRÉ,cutin5s/second_play,3975,3972,-3,0,56500,0,3,False,True,True,5,18,527.8,4.9,9.0,79.3,0,True
Bad Bunny - KETU TeCRÉ,cutin5s/seeded_correct,3975,3971,-4,0,56500,0,4,False,True,True,5,18,531.6,5.2,8.8,79.3,0,True
Bad Bunny - KETU TeCRÉ,cutin5s/seeded_wrong_2s,3975,3970,-5,0,56500,0,3,False,True,True,5,18,541.0,4.6,8.7,77.1,0,True
Bad Bunny - KETU TeCRÉ,cutin15s/cold,13975,13971,-4,0,5500,0,3,False,True,True,5,18,402.7,4.1,6.5,97.7,0,True
Bad Bunny - KETU TeCRÉ,cutin15s/second_play,13975,13972,-3,-4,5500,0,4,False,True,True,5,18,410.7,4.1,7.1,100.0,0,True
Bad Bunny - KETU TeCRÉ,cutin15s/seeded_correct,13975,13972,-3,0,5500,0,3,False,True,True,5,18,408.7,3.9,7.3,100.0,0,True
Bad Bunny - KETU TeCRÉ,cutin15s/seeded_wrong_2s,13975,13971,-4,0,5500,0,3,False,True,True,5,18,404.5,3.9,7.2,97.7,0,True
Bad Bunny - KETU TeCRÉ,cutin25s/cold,23975,23973,-2,0,4000,0,3,False,True,True,5,18,463.9,5.1,7.6,98.2,0,True
Bad Bunny - KETU TeCRÉ,cutin25s/second_play,23975,23973,-2,-2,4000,0,3,False,True,True,5,18,458.7,5.0,8.3,100.0,0,True
Bad Bunny - KETU TeCRÉ,cutin25s/seeded_correct,23975,23973,-2,0,4000,0,3,False,True,True,5,18,456.4,5.0,8.5,100.0,0,True
Bad Bunny - KETU TeCRÉ,cutin25s/seeded_wrong_2s,23975,23973,-2,0,4000,0,3,False,True,True,5,18,451.9,4.8,7.9,98.2,0,True
Bad Bunny - KETU TeCRÉ,blend8s/cold,-1025,-1027,-2,-3,26750,0,2,True,False,True,4,18,611.8,4.6,10.0,89.4,0,True
Bad Bunny - KETU TeCRÉ,blend8s/seeded_correct,-1025,-1028,-3,0,22000,0,3,False,False,True,5,18,601.1,4.7,9.6,100.0,0,True
Bad Bunny - KETU TeCRÉ,blend8s/seeded_wrong_2s,-1025,-1029,-4,0,26750,0,3,False,False,True,5,18,579.4,5.0,9.2,89.4,0,True
Bad Bunny - KETU TeCRÉ,midshift+1.5s/cold,-1025,-1027,-1502,19250,,3,5,True,True,True,6,18,699.3,6.1,9.7,9.8,2,False
Bad Bunny - KETU TeCRÉ,midshift+1.5s/seeded_correct,-1025,470,-5,0,92500,1,6,False,True,True,11,18,686.9,7.3,10.7,68.4,2,True
Bad Bunny - KETU TeCRÉ,midshift+1.5s/seeded_wrong_2s,-1025,472,-3,0,92500,1,6,False,True,True,10,18,672.7,7.2,11.2,64.4,1,True
Bad Bunny - KETU TeCRÉ,midshift-1.5s/cold,-1025,-206,2319,0,252000,2,5,True,True,True,16,18,376.1,8.1,18.1,9.9,2,False
Bad Bunny - KETU TeCRÉ,midshift-1.5s/seeded_correct,-1025,-206,2319,0,252000,2,5,False,True,True,18,18,376.5,8.6,17.0,5.6,2,False
Bad Bunny - KETU TeCRÉ,midshift-1.5s/seeded_wrong_2s,-1025,-205,2320,0,252000,3,6,False,True,True,17,18,366.9,8.4,15.2,1.7,2,False
Bad Bunny - KETU TeCRÉ,gap400/cold,-1025,-1027,-2,-3,35650,0,2,True,True,True,2,18,598.5,5.1,10.1,85.8,0,True
Bad Bunny - KETU TeCRÉ,gap400/seeded_correct,-1025,-1028,-3,-3,56500,0,2,False,True,True,3,18,627.6,5.0,13.0,81.5,0,True
Bad Bunny - KETU TeCRÉ,gap400/seeded_wrong_2s,-1025,-1030,-5,0,56500,0,3,False,True,True,4,18,639.0,6.5,10.0,77.5,0,True
Bad Bunny - Vete,off0/cold,-1000,-1007,-7,-16,13000,0,2,True,True,True,2,8,414.9,4.1,9.2,93.3,0,True
Bad Bunny - Vete,off0/seeded_correct,-1000,-999,1,0,13000,0,3,False,True,True,3,8,390.1,4.7,8.0,100.0,0,True
Bad Bunny - Vete,off0/seeded_wrong_2s,-1000,-999,1,0,13000,0,3,False,True,True,3,8,377.3,4.1,7.9,93.3,0,True
Bad Bunny - Vete,off+200/cold,-800,-800,0,-1,11500,0,3,True,True,True,2,8,391.9,4.0,7.7,94.0,0,True
Bad Bunny - Vete,off+200/seeded_correct,-800,-799,1,0,11500,0,3,False,True,True,3,8,401.9,4.4,8.2,100.0,0,True
Bad Bunny - Vete,off+200/seeded_wrong_2s,-800,-799,1,0,11500,0,3,False,True,True,3,8,376.6,4.3,7.6,94.0,0,True
Bad Bunny - Vete,off-200/cold,-1200,-1197,3,6,13000,0,3,True,True,True,2,8,380.5,3.9,8.1,93.3,0,True
Bad Bunny - Vete,off-200/seeded_correct,-1200,-1199,1,0,13000,0,3,False,True,True,3,8,370.8,3.7,7.9,100.0,0,True
Bad Bunny - Vete,off-200/seeded_wrong_2s,-1200,-1199,1,0,13000,0,3,False,True,True,3,8,356.9,3.9,7.1,93.3,0,True
Bad Bunny - Vete,off+2s/cold,1000,1000,0,0,10000,0,3,True,True,True,2,8,378.5,4.1,8.1,94.8,0,True
Bad Bunny - Vete,off+2s/seeded_correct,1000,1001,1,0,10000,0,3,False,True,True,3,8,385.6,4.6,8.0,100.0,0,True
Bad Bunny - Vete,off+2s/seeded_wrong_2s,1000,1001,1,0,10000,0,3,False,True,True,3,8,378.3,4.2,7.8,94.8,0,True
Bad Bunny - Vete,off-2s/cold,-3000,-2997,3,6,14500,0,2,True,True,True,2,8,367.2,3.8,7.6,92.6,0,True
Bad Bunny - Vete,off-2s/seeded_correct,-3000,-2999,1,0,14500,0,3,False,True,True,5,8,382.6,4.1,9.5,100.0,0,True
Bad Bunny - Vete,off-2s/seeded_wrong_2s,-3000,-2999,1,0,14500,0,3,False,True,True,5,8,338.2,3.6,7.7,92.6,0,True
Bad Bunny - Vete,off+10s/cold,9000,9005,5,0,53000,0,3,False,False,True,8,8,342.7,6.2,8.7,71.0,0,True
Bad Bunny - Vete,off+10s/second_play,9000,9002,2,5,2500,0,2,False,True,True,2,8,375.4,4.5,8.1,100.0,0,True
Bad Bunny - Vete,off+10s/seeded_correct,9000,9001,1,0,2500,0,3,False,True,True,3,8,372.8,4.8,8.5,100.0,0,True
Bad Bunny - Vete,off+10s/seeded_wrong_2s,9000,9001,1,0,2500,0,3,False,True,True,3,8,364.7,4.6,8.0,98.6,0,True
Bad Bunny - Vete,off-10s/cold,-11000,-550,10450,0,168000,1,2,False,False,False,10,8,415.2,6.6,9.9,17.2,2,False
Bad Bunny - Vete,off-10s/second_play,-11000,-550,10450,0,168000,1,2,False,False,False,10,8,355.7,5.4,9.1,17.2,2,False
Bad Bunny - Vete,off-10s/seeded_correct,-11000,-11000,0,0,22000,0,0,False,True,False,8,8,337.5,5.8,7.7,100.0,0,True
Bad Bunny - Vete,off-10s/seeded_wrong_2s,-11000,-9000,2000,0,22000,0,0,False,True,False,8,8,334.2,5.4,8.1,89.2,0,False
Bad Bunny - Vete,off+25s/cold,24000,24005,5,0,40500,0,4,False,False,True,6,8,374.2,5.8,8.9,75.9,0,True
Bad Bunny - Vete,off+25s/second_play,24000,24001,1,2,2500,0,2,False,True,True,2,8,346.0,5.0,7.9,100.0,0,True
Bad Bunny - Vete,off+25s/seeded_correct,24000,24000,0,0,2500,0,2,False,True,True,2,8,344.7,4.8,7.9,100.0,0,True
Bad Bunny - Vete,off+25s/seeded_wrong_2s,24000,24001,1,0,2500,0,2,False,True,True,2,8,363.1,5.0,8.4,98.5,0,True
Bad Bunny - Vete,off-25s/cold,-26000,,,26000,,0,0,False,False,False,8,8,362.0,5.8,8.2,0.0,0,False
Bad Bunny - Vete,off-25s/second_play,-26000,,,26000,,0,0,False,False,False,8,8,340.9,5.4,7.9,0.0,0,False
Bad Bunny - Vete,off-25s/seeded_correct,-26000,-26000,0,0,,0,0,False,False,False,8,8,362.4,6.1,8.2,100.0,0,True
Bad Bunny - Vete,off-25s/seeded_wrong_2s,-26000,-24000,2000,2000,,0,0,False,False,False,8,8,341.4,5.7,7.9,0.0,0,False
Bad Bunny - Vete,noise0/cold,-1000,-1007,-7,-16,10000,0,2,True,True,True,2,8,291.9,3.1,5.9,94.8,0,True
Bad Bunny - Vete,noise0/seeded_correct,-1000,-1000,0,0,10000,0,2,False,True,True,2,8,284.5,3.1,5.5,100.0,0,True
Bad Bunny - Vete,noise0/seeded_wrong_2s,-1000,-999,1,0,10000,0,2,False,True,True,2,8,282.3,3.0,5.5,94.8,0,True
Bad Bunny - Vete,noise-2s/cold,-3000,-2997,3,6,11500,0,2,True,True,True,2,8,282.4,2.9,5.7,94.1,0,True
Bad Bunny - Vete,noise-2s/seeded_correct,-3000,-2999,1,0,11500,0,3,False,True,True,5,8,268.6,3.1,5.3,100.0,0,True
Bad Bunny - Vete,noise-2s/seeded_wrong_2s,-3000,-2999,1,0,11500,0,3,False,True,True,5,8,283.3,3.2,6.0,94.1,0,True
Bad Bunny - Vete,cutin5s/cold,4000,3999,-1,-3,7000,0,3,True,True,True,2,8,269.0,3.2,5.5,96.3,0,True
Bad Bunny - Vete,cutin5s/second_play,4000,4001,1,-1,7000,0,3,False,True,True,3,8,273.1,3.5,6.0,100.0,0,True
Bad Bunny - Vete,cutin5s/seeded_correct,4000,4001,1,0,7000,0,3,False,True,True,3,8,284.3,3.5,6.3,100.0,0,True
Bad Bunny - Vete,cutin5s/seeded_wrong_2s,4000,4001,1,0,7000,0,3,False,True,True,3,8,269.9,3.3,5.6,96.3,0,True
Bad Bunny - Vete,cutin15s/cold,14000,14001,1,0,4000,0,3,False,True,True,3,8,223.8,3.1,4.8,97.8,0,True
Bad Bunny - Vete,cutin15s/second_play,14000,14001,1,1,4000,0,3,False,True,True,3,8,214.8,2.9,4.7,100.0,0,True
Bad Bunny - Vete,cutin15s/seeded_correct,14000,14001,1,0,4000,0,3,False,True,True,3,8,216.4,2.9,4.8,100.0,0,True
Bad Bunny - Vete,cutin15s/seeded_wrong_2s,14000,14001,1,0,4000,0,3,False,True,True,3,8,217.9,2.8,4.9,97.8,0,True
Bad Bunny - Vete,cutin25s/cold,24000,24002,2,0,4000,0,2,False,True,True,3,8,236.2,3.5,5.1,97.6,0,True
Bad Bunny - Vete,cutin25s/second_play,24000,24002,2,2,4000,0,3,False,True,True,3,8,232.9,3.2,5.7,100.0,0,True
Bad Bunny - Vete,cutin25s/seeded_correct,24000,24001,1,0,4000,0,3,False,True,True,3,8,232.6,3.2,5.6,100.0,0,True
Bad Bunny - Vete,cutin25s/seeded_wrong_2s,24000,24002,2,0,4000,0,2,False,True,True,3,8,223.6,3.3,5.3,97.6,0,True
Bad Bunny - Vete,blend8s/cold,-1000,-1007,-7,-16,13000,0,2,True,True,True,2,8,327.4,3.4,7.0,93.3,0,True
Bad Bunny - Vete,blend8s/seeded_correct,-1000,-999,1,0,13000,0,3,False,True,True,3,8,317.0,3.3,6.3,100.0,0,True
Bad Bunny - Vete,blend8s/seeded_wrong_2s,-1000,-999,1,0,13000,0,3,False,True,True,3,8,319.4,3.4,6.5,93.3,0,True
Bad Bunny - Vete,midshift+1.5s/cold,-1000,-1006,-1506,0,13000,1,4,True,True,True,4,8,342.6,3.6,7.5,85.9,1,False
Bad Bunny - Vete,midshift+1.5s/seeded_correct,-1000,513,13,0,13000,0,4,False,True,True,6,8,352.7,4.5,7.8,85.1,1,True
Bad Bunny - Vete,midshift+1.5s/seeded_wrong_2s,-1000,514,14,0,13000,0,4,False,True,True,6,8,345.1,4.6,8.3,78.3,1,True
Bad Bunny - Vete,midshift-1.5s/cold,-1000,-1008,1492,1492,,2,4,True,True,True,6,8,337.4,4.7,7.9,24.2,2,False
Bad Bunny - Vete,midshift-1.5s/seeded_correct,-1000,-1000,1500,0,13000,1,4,False,True,True,7,8,318.6,4.2,7.4,74.3,2,False
Bad Bunny - Vete,midshift-1.5s/seeded_wrong_2s,-1000,-1000,1500,0,13000,1,4,False,True,True,7,8,306.9,4.6,6.8,67.6,2,False
Bad Bunny - Vete,gap400/cold,-1000,-1006,-6,0,13000,0,5,True,True,True,4,8,308.7,3.8,6.3,93.3,0,True
Bad Bunny - Vete,gap400/seeded_correct,-1000,-999,1,0,13000,0,3,False,True,True,2,8,314.1,3.7,6.6,100.0,0,True
Bad Bunny - Vete,gap400/seeded_wrong_2s,-1000,-999,1,0,13000,0,3,False,True,True,2,8,294.9,3.2,6.5,93.3,0,True
"Bad Bunny, Mora - HIBIKI",off0/cold,-1025,-1023,2,2,40750,0,2,False,True,True,3,8,389.8,4.3,8.0,80.5,0,True
"Bad Bunny, Mora - HIBIKI",off0/seeded_correct,-1025,-1022,3,-1,80000,0,6,False,True,True,8,8,239.4,3.2,9.6,65.0,1,True
"Bad Bunny, Mora - HIBIKI",off0/seeded_wrong_2s,-1025,-1021,4,1,111750,0,7,False,True,True,8,8,247.7,3.5,11.1,46.5,1,True
"Bad Bunny, Mora - HIBIKI",off+200/cold,-825,-829,-4,0,40750,0,2,False,True,True,3,8,400.5,4.4,7.7,80.5,0,True
"Bad Bunny, Mora - HIBIKI",off+200/seeded_correct,-825,-824,1,-5,80000,0,7,False,True,True,8,8,235.7,3.1,10.0,65.0,1,True
"Bad Bunny, Mora - HIBIKI",off+200/seeded_wrong_2s,-825,-824,1,0,111750,0,7,False,True,True,8,8,238.3,3.0,11.1,46.4,1,True
"Bad Bunny, Mora - HIBIKI",off-200/cold,-1225,-1221,4,0,80000,0,5,False,True,True,8,8,235.3,3.1,10.1,61.7,1,True
"Bad Bunny, Mora - HIBIKI",off-200/seeded_correct,-1225,-1221,4,0,80000,0,7,False,True,True,8,8,235.9,2.8,10.0,65.8,1,True
"Bad Bunny, Mora - HIBIKI",off-200/seeded_wrong_2s,-1225,-1221,4,2,111750,0,5,False,True,True,8,8,238.8,3.1,10.7,46.5,1,True
"Bad Bunny, Mora - HIBIKI",off+2s/cold,975,971,-4,0,40750,0,2,False,True,True,3,8,383.2,4.1,7.7,80.3,0,True
"Bad Bunny, Mora - HIBIKI",off+2s/seeded_correct,975,976,1,-5,78000,0,7,False,True,True,8,8,235.7,3.3,10.5,64.9,1,True
"Bad Bunny, Mora - HIBIKI",off+2s/seeded_wrong_2s,975,976,1,0,111750,0,7,False,True,True,8,8,227.5,3.6,10.5,45.9,1,True
"Bad Bunny, Mora - HIBIKI",off-2s/cold,-3025,,,1025,,0,0,False,True,False,8,8,203.4,6.8,11.4,0.0,0,False
"Bad Bunny, Mora - HIBIKI",off-2s/seeded_correct,-3025,-3025,0,1025,,0,0,False,True,False,8,8,193.2,6.4,11.2,4.7,0,True
"Bad Bunny, Mora - HIBIKI",off-2s/seeded_wrong_2s,-3025,-1025,2000,1025,,0,0,False,True,False,8,8,201.5,6.8,12.1,0.0,0,False
"Bad Bunny, Mora - HIBIKI",off+10s/cold,8975,8968,-7,0,40750,0,3,False,False,True,5,8,318.6,4.9,7.9,79.5,0,True
"Bad Bunny, Mora - HIBIKI",off+10s/second_play,8975,8976,1,1018,,0,6,False,True,False,8,8,169.6,7.5,13.0,1.3,0,True
"Bad Bunny, Mora - HIBIKI",off+10s/seeded_correct,8975,8974,-1,1025,,0,6,False,True,False,8,8,165.9,7.6,14.2,1.3,0,True
"Bad Bunny, Mora - HIBIKI",off+10s/seeded_wrong_2s,8975,8974,-1,1025,,0,5,False,True,False,8,8,150.2,6.3,12.5,0.0,0,True
"Bad Bunny, Mora - HIBIKI",off-10s/cold,-11025,,,11025,,0,0,False,False,False,8,8,220.3,5.9,10.7,0.0,0,False
"Bad Bunny, Mora - HIBIKI",off-10s/second_play,-11025,,,11025,,0,0,False,False,False,8,8,231.0,6.4,12.3,0.0,0,False
"Bad Bunny, Mora - HIBIKI",off-10s/seeded_correct,-11025,-11025,0,1025,,0,0,False,True,False,8,8,212.0,6.7,9.4,8.0,0,True
"Bad Bunny, Mora - HIBIKI",off-10s/seeded_wrong_2s,-11025,-9025,2000,1025,,0,0,False,True,False,8,8,217.7,6.6,10.3,0.0,0,False
"Bad Bunny, Mora - HIBIKI",off+25s/cold,23975,23968,-7,0,40750,0,3,False,False,True,5,8,297.4,5.5,8.3,77.8,0,True
"Bad Bunny, Mora - HIBIKI",off+25s/second_play,23975,23973,-2,-7,2500,0,2,False,True,True,1,8,366.9,4.0,7.9,100.0,0,True
"Bad Bunny, Mora - HIBIKI",off+25s/seeded_correct,23975,23975,0,0,2500,0,2,False,True,True,1,8,376.3,4.7,7.9,100.0,0,True
"Bad Bunny, Mora - HIBIKI",off+25s/seeded_wrong_2s,23975,23975,0,0,2500,0,2,False,True,True,1,8,362.9,3.7,8.0,98.6,0,True
"Bad Bunny, Mora - HIBIKI",off-25s/cold,-26025,,,26025,,0,0,False,False,False,8,8,245.8,6.2,9.2,0.0,0,False
"Bad Bunny, Mora - HIBIKI",off-25s/second_play,-26025,,,26025,,0,0,False,False,False,8,8,265.9,7.0,9.6,0.0,0,False
"Bad Bunny, Mora - HIBIKI",off-25s/seeded_correct,-26025,-26025,0,0,,0,0,False,False,False,8,8,252.9,6.5,10.2,100.0,0,True
"Bad Bunny, Mora - HIBIKI",off-25s/seeded_wrong_2s,-26025,-24025,2000,2000,,0,0,False,False,False,8,8,243.5,6.3,10.0,0.0,0,False
"Bad Bunny, Mora - HIBIKI",noise0/cold,-1025,-1022,3,3,40750,0,2,False,True,True,3,8,341.4,3.6,6.6,80.5,0,True
"Bad Bunny, Mora - HIBIKI",noise0/seeded_correct,-1025,-1021,4,-1,80000,0,7,False,True,True,8,8,206.0,2.7,9.4,65.0,1,True
"Bad Bunny, Mora - HIBIKI",noise0/seeded_wrong_2s,-1025,-1021,4,1,111750,0,7,False,True,True,8,8,207.1,2.9,8.7,46.5,1,True
"Bad Bunny, Mora - HIBIKI",noise-2s/cold,-3025,,,1025,,0,0,False,True,False,8,8,171.9,5.7,9.6,0.0,0,False
"Bad Bunny, Mora - HIBIKI",noise-2s/seeded_correct,-3025,-3025,0,1025,,0,0,False,True,False,8,8,181.6,6.2,9.9,4.7,0,True
"Bad Bunny, Mora - HIBIKI",noise-2s/seeded_wrong_2s,-3025,-1025,2000,1025,,0,0,False,True,False,8,8,171.5,6.0,9.4,0.0,0,False
"Bad Bunny, Mora - HIBIKI",cutin5s/cold,3975,3969,-6,-25,4000,0,2,False,True,True,1,8,355.5,3.4,7.7,98.0,0,True
"Bad Bunny, Mora - HIBIKI",cutin5s/second_play,3975,3974,-1,-6,4000,0,2,False,True,True,1,8,355.9,3.7,6.9,100.0,0,True
"Bad Bunny, Mora - HIBIKI",cutin5s/seeded_correct,3975,3970,-5,-25,4000,0,2,False,True,True,1,8,373.6,4.3,7.0,100.0,0,True
"Bad Bunny, Mora - HIBIKI",cutin5s/seeded_wrong_2s,3975,3969,-6,-25,4000,0,2,False,True,True,1,8,353.1,3.7,7.0,98.0,0,True
"Bad Bunny, Mora - HIBIKI",cutin15s/cold,13975,13975,0,0,4000,0,2,False,True,True,1,8,263.0,2.9,5.2,97.9,0,True
"Bad Bunny, Mora - HIBIKI",cutin15s/second_play,13975,13975,0,0,4000,0,2,False,True,True,1,8,268.5,2.9,5.2,100.0,0,True
"Bad Bunny, Mora - HIBIKI",cutin15s/seeded_correct,13975,13975,0,0,4000,0,2,False,True,True,1,8,269.3,3.0,5.5,100.0,0,True
"Bad Bunny, Mora - HIBIKI",cutin15s/seeded_wrong_2s,13975,13975,0,0,4000,0,2,False,True,True,1,8,266.3,2.8,5.4,97.9,0,True
"Bad Bunny, Mora - HIBIKI",cutin25s/cold,23975,23968,-7,0,4000,0,3,False,True,True,3,8,288.9,3.6,6.1,97.8,0,True
"Bad Bunny, Mora - HIBIKI",cutin25s/second_play,23975,23970,-5,-4,4000,0,3,False,True,True,3,8,294.4,3.7,6.2,100.0,0,True
"Bad Bunny, Mora - HIBIKI",cutin25s/seeded_correct,23975,23969,-6,-4,4000,0,3,False,True,True,3,8,283.6,3.9,5.8,100.0,0,True
"Bad Bunny, Mora - HIBIKI",cutin25s/seeded_wrong_2s,23975,23968,-7,0,4000,0,3,False,True,True,3,8,285.5,3.8,5.9,97.8,0,True
"Bad Bunny, Mora - HIBIKI",blend8s/cold,-1025,-1024,1,0,13000,0,2,False,True,True,1,8,405.7,3.8,8.2,93.8,0,True
"Bad Bunny, Mora - HIBIKI",blend8s/seeded_correct,-1025,-1025,0,0,13000,0,2,False,True,True,1,8,385.8,3.7,7.4,100.0,0,True
"Bad Bunny, Mora - HIBIKI",blend8s/seeded_wrong_2s,-1025,-1024,1,0,13000,0,2,False,True,True,1,8,389.2,4.0,7.1,93.8,0,True
"Bad Bunny, Mora - HIBIKI",midshift+1.5s/cold,-1025,477,2,0,40750,0,4,False,True,True,8,8,282.3,3.9,13.4,70.7,1,True
"Bad Bunny, Mora - HIBIKI",midshift+1.5s/seeded_correct,-1025,475,0,0,96000,0,2,False,True,True,8,8,306.7,3.7,12.2,57.1,1,True
"Bad Bunny, Mora - HIBIKI",midshift+1.5s/seeded_wrong_2s,-1025,475,0,0,96000,0,2,False,True,True,8,8,293.0,3.6,12.1,53.7,1,True
"Bad Bunny, Mora - HIBIKI",midshift-1.5s/cold,-1025,-2525,0,0,40750,0,3,False,True,True,8,8,291.1,3.5,12.9,70.2,1,True
"Bad Bunny, Mora - HIBIKI",midshift-1.5s/seeded_correct,-1025,-2525,0,0,186000,2,4,False,True,True,8,8,244.1,6.2,12.5,14.9,2,True
"Bad Bunny, Mora - HIBIKI",midshift-1.5s/seeded_wrong_2s,-1025,-2525,0,0,184000,0,2,False,True,True,8,8,245.0,7.0,10.9,12.5,2,True
"Bad Bunny, Mora - HIBIKI",gap400/cold,-1025,-1022,3,0,80000,0,5,False,True,True,8,8,257.7,4.9,10.6,61.7,1,True
"Bad Bunny, Mora - HIBIKI",gap400/seeded_correct,-1025,-1022,3,-3,80000,0,7,False,True,True,8,8,265.6,4.3,12.8,65.0,1,True
"Bad Bunny, Mora - HIBIKI",gap400/seeded_wrong_2s,-1025,-1022,3,0,111750,0,5,False,True,True,8,8,256.6,3.8,10.3,46.5,1,True
Bad Bunny - DtMF,off0/cold,-975,-972,3,0,90250,0,7,True,True,True,12,11,392.2,7.1,11.1,62.2,1,True
Bad Bunny - DtMF,off0/seeded_correct,-975,-969,6,0,90250,0,6,False,True,True,12,11,386.2,7.4,10.8,65.1,1,True
Bad Bunny - DtMF,off0/seeded_wrong_2s,-975,-968,7,0,90250,0,6,False,True,True,12,11,388.0,7.1,11.0,62.2,1,True
Bad Bunny - DtMF,off+200/cold,-775,-775,0,-1,36275,0,2,True,True,True,4,11,545.5,4.2,9.2,84.8,0,True
Bad Bunny - DtMF,off+200/seeded_correct,-775,-770,5,0,90250,0,6,False,True,False,11,11,379.0,7.2,10.9,67.0,0,True
Bad Bunny - DtMF,off+200/seeded_wrong_2s,-775,-769,6,0,90250,0,6,False,True,False,11,11,366.4,6.7,10.5,62.1,0,True
Bad Bunny - DtMF,off-200/cold,-1175,-1165,10,19,36275,0,2,True,True,True,4,11,546.5,4.3,9.4,84.8,0,True
Bad Bunny - DtMF,off-200/seeded_correct,-1175,-1169,6,0,90250,0,4,False,True,False,11,11,378.3,7.5,10.4,67.0,0,True
Bad Bunny - DtMF,off-200/seeded_wrong_2s,-1175,-1168,7,0,90250,0,4,False,True,False,11,11,381.4,6.9,11.1,62.2,0,True
Bad Bunny - DtMF,off+2s/cold,1025,1025,0,0,36275,0,2,True,True,True,4,11,537.0,4.5,9.1,84.7,0,True
Bad Bunny - DtMF,off+2s/seeded_correct,1025,1030,5,0,90250,0,6,False,True,False,11,11,377.8,7.2,10.5,66.1,0,True
Bad Bunny - DtMF,off+2s/seeded_wrong_2s,1025,1031,6,0,90250,0,6,False,True,False,11,11,379.0,7.5,11.4,61.8,0,True
Bad Bunny - DtMF,off-2s/cold,-2975,-2956,19,19,36275,0,1,True,True,True,4,11,567.3,4.9,9.1,84.9,0,True
Bad Bunny - DtMF,off-2s/seeded_correct,-2975,-2970,5,0,90250,0,4,False,True,False,11,11,408.7,7.8,10.6,67.9,0,True
Bad Bunny - DtMF,off-2s/seeded_wrong_2s,-2975,-2970,5,0,90250,0,2,False,True,False,11,11,378.9,7.4,10.8,62.5,0,True
Bad Bunny - DtMF,off+10s/cold,9025,9032,7,-9025,,0,4,False,False,False,11,11,413.4,8.0,13.3,0.0,0,True
Bad Bunny - DtMF,off+10s/second_play,9025,9029,4,0,90250,0,6,False,True,False,11,11,362.9,7.6,13.1,61.6,0,True
Bad Bunny - DtMF,off+10s/seeded_correct,9025,9030,5,0,90250,0,6,False,True,False,11,11,353.6,8.1,12.4,61.6,0,True
Bad Bunny - DtMF,off+10s/seeded_wrong_2s,9025,9031,6,0,90250,0,6,False,True,False,11,11,358.6,7.8,11.5,60.5,0,True
Bad Bunny - DtMF,off-10s/cold,-10975,,,10975,,0,0,False,False,False,11,11,401.3,6.8,9.7,0.0,0,False
Bad Bunny - DtMF,off-10s/second_play,-10975,,,10975,,0,0,False,False,False,11,11,404.4,6.8,10.1,0.0,0,False
Bad Bunny - DtMF,off-10s/seeded_correct,-10975,-10975,0,0,168000,0,0,False,True,False,12,11,416.9,7.2,12.4,41.2,1,True
Bad Bunny - DtMF,off-10s/seeded_wrong_2s,-10975,-8975,2000,0,168000,0,0,False,True,False,12,11,431.7,7.3,11.7,32.4,1,False
Bad Bunny - DtMF,off+25s/cold,24025,24032,7,-24025,,0,4,False,False,False,11,11,358.6,7.5,12.8,0.0,0,True
Bad Bunny - DtMF,off+25s/second_play,24025,24028,3,6,2500,0,2,False,True,True,1,11,521.3,5.2,9.6,100.0,0,True
Bad Bunny - DtMF,off+25s/seeded_correct,24025,24026,1,0,2500,0,1,False,True,True,1,11,497.3,5.2,8.7,100.0,0,True
Bad Bunny - DtMF,off+25s/seeded_wrong_2s,24025,24026,1,0,2500,0,1,False,True,True,2,11,512.7,5.2,9.0,98.8,0,True
Bad Bunny - DtMF,off-25s/cold,-25975,,,25975,,0,0,False,False,False,11,11,420.3,7.1,10.0,0.0,0,False
Bad Bunny - DtMF,off-25s/second_play,-25975,,,25975,,0,0,False,False,False,11,11,415.5,7.1,9.3,0.0,0,False
Bad Bunny - DtMF,off-25s/seeded_correct,-25975,-25975,0,0,,0,0,False,False,False,11,11,421.4,7.0,9.7,100.0,0,True
Bad Bunny - DtMF,off-25s/seeded_wrong_2s,-25975,-23975,2000,2000,,0,0,False,False,False,11,11,419.2,7.2,9.3,0.0,0,False
Bad Bunny - DtMF,noise0/cold,-975,-972,3,0,90250,0,7,True,True,True,12,11,338.1,6.4,9.1,62.2,1,True
Bad Bunny - DtMF,noise0/seeded_correct,-975,-969,6,0,90250,0,6,False,True,True,12,11,328.0,5.8,9.0,65.1,1,True
Bad Bunny - DtMF,noise0/seeded_wrong_2s,-975,-969,6,0,90250,0,5,False,True,True,12,11,329.6,6.3,9.9,62.2,1,True
Bad Bunny - DtMF,noise-2s/cold,-2975,-2967,8,0,168000,0,4,True,True,True,13,11,350.6,6.0,9.9,30.1,2,True
Bad Bunny - DtMF,noise-2s/seeded_correct,-2975,-2972,3,0,124000,0,3,False,True,True,9,11,397.6,5.2,8.7,52.6,1,True
Bad Bunny - DtMF,noise-2s/seeded_wrong_2s,-2975,-2970,5,0,168000,0,3,False,True,True,12,11,331.5,6.3,10.2,30.1,1,True
Bad Bunny - DtMF,cutin5s/cold,4025,4024,-1,-3,36275,0,2,True,True,True,4,11,495.1,4.5,8.2,84.5,0,True
Bad Bunny - DtMF,cutin5s/second_play,4025,4031,6,0,90250,0,6,False,True,False,11,11,339.1,6.7,11.5,64.3,0,True
Bad Bunny - DtMF,cutin5s/seeded_correct,4025,4030,5,0,90250,0,6,False,True,False,11,11,318.0,6.7,9.4,64.3,0,True
Bad Bunny - DtMF,cutin5s/seeded_wrong_2s,4025,4031,6,0,90250,0,6,False,True,False,11,11,331.1,7.1,9.9,61.3,0,True
Bad Bunny - DtMF,cutin15s/cold,14025,14029,4,0,5500,0,5,False,True,False,11,11,247.1,5.4,8.6,97.5,0,True
Bad Bunny - DtMF,cutin15s/second_play,14025,14027,2,3,5500,0,3,False,True,True,5,11,320.1,4.2,6.5,100.0,0,True
Bad Bunny - DtMF,cutin15s/seeded_correct,14025,14029,4,0,5500,0,5,False,True,False,11,11,230.4,5.6,7.8,100.0,0,True
Bad Bunny - DtMF,cutin15s/seeded_wrong_2s,14025,14029,4,0,5500,0,5,False,True,False,11,11,237.2,5.7,8.3,97.5,0,True
Bad Bunny - DtMF,cutin25s/cold,24025,24026,1,0,4000,0,3,False,True,True,5,11,352.2,5.1,7.6,98.1,0,True
Bad Bunny - DtMF,cutin25s/second_play,24025,24026,1,1,4000,0,3,False,True,True,5,11,370.3,5.5,8.3,100.0,0,True
Bad Bunny - DtMF,cutin25s/seeded_correct,24025,24026,1,0,4000,0,4,False,True,True,5,11,357.4,5.2,8.0,100.0,0,True
Bad Bunny - DtMF,cutin25s/seeded_wrong_2s,24025,24026,1,0,4000,0,3,False,True,True,5,11,353.8,4.8,7.9,98.1,0,True
Bad Bunny - DtMF,blend8s/cold,-975,-976,-1,-3,36275,0,2,True,True,True,4,11,524.4,4.4,9.1,84.8,0,True
Bad Bunny - DtMF,blend8s/seeded_correct,-975,-970,5,0,90250,0,5,False,True,False,11,11,373.7,7.3,11.4,65.1,0,True
Bad Bunny - DtMF,blend8s/seeded_wrong_2s,-975,-969,6,0,90250,0,6,False,True,False,11,11,382.2,7.9,11.0,62.2,0,True
Bad Bunny - DtMF,midshift+1.5s/cold,-975,533,8,0,90250,0,4,True,True,True,12,11,445.6,8.6,12.2,61.9,1,True
Bad Bunny - DtMF,midshift+1.5s/seeded_correct,-975,533,8,0,90250,0,3,False,True,True,12,11,439.6,8.3,14.5,64.9,1,True
Bad Bunny - DtMF,midshift+1.5s/seeded_wrong_2s,-975,534,9,0,90250,0,3,False,True,True,12,11,442.8,8.5,13.2,61.9,1,True
Bad Bunny - DtMF,midshift-1.5s/cold,-975,-2468,7,0,168000,0,4,True,True,True,13,11,426.9,7.7,12.1,30.0,2,True
Bad Bunny - DtMF,midshift-1.5s/seeded_correct,-975,-2475,0,0,105000,0,2,False,True,True,12,11,383.3,7.4,11.4,59.2,1,True
Bad Bunny - DtMF,midshift-1.5s/seeded_wrong_2s,-975,-2468,7,0,168000,0,3,False,True,True,13,11,414.9,7.5,11.7,30.0,2,True
Bad Bunny - DtMF,gap400/cold,-975,-972,3,0,90250,0,7,True,True,True,10,11,407.3,7.9,10.7,62.2,1,True
Bad Bunny - DtMF,gap400/seeded_correct,-975,-970,5,0,96000,0,3,False,True,True,4,11,495.6,5.9,10.4,62.7,1,True
Bad Bunny - DtMF,gap400/seeded_wrong_2s,-975,-967,8,0,110000,0,4,False,True,True,9,11,400.4,7.8,12.6,53.9,1,True
Bad Bunny - EL CLúB,off0/cold,2375,2361,-14,0,93750,0,3,False,True,True,5,8,384.2,5.6,8.1,96.8,0,True
Bad Bunny - EL CLúB,off0/seeded_correct,2375,2363,-12,0,93750,0,3,False,True,True,5,8,388.0,5.1,8.7,100.0,0,True
Bad Bunny - EL CLúB,off0/seeded_wrong_2s,2375,2361,-14,0,93750,0,3,False,True,True,5,8,383.7,4.9,10.3,96.8,0,True
Bad Bunny - EL CLúB,off+200/cold,2575,2576,1,0,93750,0,4,True,True,True,5,8,384.0,5.3,8.4,96.8,0,True
Bad Bunny - EL CLúB,off+200/seeded_correct,2575,2563,-12,0,93750,0,3,False,True,True,5,8,385.4,4.9,8.3,100.0,0,True
Bad Bunny - EL CLúB,off+200/seeded_wrong_2s,2575,2561,-14,0,93750,0,3,False,True,True,5,8,372.8,5.0,8.4,96.8,0,True
Bad Bunny - EL CLúB,off-200/cold,2175,2167,-8,-6,41700,0,4,True,True,True,5,8,395.3,5.2,8.3,96.8,0,True
Bad Bunny - EL CLúB,off-200/seeded_correct,2175,2163,-12,0,93750,0,3,False,True,True,5,8,410.5,5.1,8.6,100.0,0,True
Bad Bunny - EL CLúB,off-200/seeded_wrong_2s,2175,2161,-14,0,93750,0,3,False,True,True,5,8,399.8,5.9,8.2,96.8,0,True
Bad Bunny - EL CLúB,off+2s/cold,4375,4381,6,0,93750,0,3,True,False,True,5,8,402.7,5.4,7.7,57.0,0,True
Bad Bunny - EL CLúB,off+2s/seeded_correct,4375,4363,-12,0,93750,0,3,False,True,True,5,8,379.7,5.7,8.2,100.0,0,True
Bad Bunny - EL CLúB,off+2s/seeded_wrong_2s,4375,4361,-14,0,93750,0,3,False,True,True,5,8,359.5,5.2,7.7,97.5,0,True
Bad Bunny - EL CLúB,off-2s/cold,375,367,-8,-6,41700,0,4,True,True,True,5,8,385.9,5.2,8.2,95.5,0,True
Bad Bunny - EL CLúB,off-2s/seeded_correct,375,363,-12,0,93750,0,3,False,True,True,5,8,372.4,4.9,7.8,100.0,0,True
Bad Bunny - EL CLúB,off-2s/seeded_wrong_2s,375,361,-14,0,93750,0,3,False,True,True,5,8,380.2,5.2,8.2,95.5,0,True
Bad Bunny - EL CLúB,off+10s/cold,12375,12371,-4,0,93750,0,3,False,False,True,6,8,392.7,5.5,8.4,55.3,0,True
Bad Bunny - EL CLúB,off+10s/second_play,12375,12373,-2,-4,5500,0,5,False,True,True,5,8,386.8,5.4,9.4,100.0,0,True
Bad Bunny - EL CLúB,off+10s/seeded_correct,12375,12373,-2,0,7000,0,4,False,True,True,5,8,384.6,6.0,8.3,100.0,0,True
Bad Bunny - EL CLúB,off+10s/seeded_wrong_2s,12375,12373,-2,0,7000,0,3,False,True,True,5,8,367.3,5.4,8.3,96.7,0,True
Bad Bunny - EL CLúB,off-10s/cold,-7625,0,7625,0,124000,1,2,False,False,False,9,8,402.6,5.7,8.8,46.1,1,False
Bad Bunny - EL CLúB,off-10s/second_play,-7625,0,7625,0,124000,1,2,False,False,False,9,8,402.4,5.5,8.9,46.1,1,False
Bad Bunny - EL CLúB,off-10s/seeded_correct,-7625,-7625,0,0,122000,0,1,False,True,False,9,8,391.4,5.8,9.0,100.0,1,True
Bad Bunny - EL CLúB,off-10s/seeded_wrong_2s,-7625,-7625,0,0,122000,0,1,False,True,False,9,8,382.2,5.1,9.6,92.4,1,True
Bad Bunny - EL CLúB,off+25s/cold,27375,27371,-4,0,93750,0,3,False,False,True,6,8,383.5,5.6,9.1,51.9,0,True
Bad Bunny - EL CLúB,off+25s/second_play,27375,27373,-2,-4,2500,0,1,False,True,True,2,8,416.4,4.8,7.9,100.0,0,True
Bad Bunny - EL CLúB,off+25s/seeded_correct,27375,27374,-1,0,2500,0,1,False,True,True,2,8,426.3,4.5,8.6,100.0,0,True
Bad Bunny - EL CLúB,off+25s/seeded_wrong_2s,27375,27373,-2,0,2500,0,1,False,True,True,2,8,442.2,4.7,11.3,98.7,0,True
Bad Bunny - EL CLúB,off-25s/cold,-22625,,,22625,,0,0,False,False,False,8,8,399.6,5.2,8.1,0.0,0,False
Bad Bunny - EL CLúB,off-25s/second_play,-22625,,,22625,,0,0,False,False,False,8,8,390.5,5.4,8.5,0.0,0,False
Bad Bunny - EL CLúB,off-25s/seeded_correct,-22625,-22625,0,0,,0,0,False,False,False,8,8,374.4,5.2,7.7,100.0,0,True
Bad Bunny - EL CLúB,off-25s/seeded_wrong_2s,-22625,-20625,2000,2000,,0,0,False,False,False,8,8,385.6,5.3,8.0,0.0,0,False
Bad Bunny - EL CLúB,noise0/cold,2375,2361,-14,0,93750,0,3,False,True,True,5,8,309.6,4.4,6.7,96.8,0,True
Bad Bunny - EL CLúB,noise0/seeded_correct,2375,2363,-12,0,93750,0,3,False,True,True,5,8,318.0,4.5,6.6,100.0,0,True
Bad Bunny - EL CLúB,noise0/seeded_wrong_2s,2375,2361,-14,0,93750,0,3,False,True,True,5,8,338.6,4.1,9.6,96.8,0,True
Bad Bunny - EL CLúB,noise-2s/cold,375,367,-8,-6,41700,0,4,True,True,True,5,8,317.3,4.1,6.6,95.5,0,True
Bad Bunny - EL CLúB,noise-2s/seeded_correct,375,363,-12,0,93750,0,3,False,True,True,5,8,302.2,3.9,6.5,100.0,0,True
Bad Bunny - EL CLúB,noise-2s/seeded_wrong_2s,375,361,-14,0,93750,0,3,False,True,True,5,8,331.0,4.2,7.9,95.5,0,True
Bad Bunny - EL CLúB,cutin5s/cold,7375,7368,-7,0,4000,0,4,False,True,True,5,8,354.8,5.2,8.1,98.1,0,True
Bad Bunny - EL CLúB,cutin5s/second_play,7375,7373,-2,-8,4000,0,5,False,True,False,8,8,333.7,5.7,7.8,100.0,0,True
Bad Bunny - EL CLúB,cutin5s/seeded_correct,7375,7369,-6,0,4000,0,3,False,True,True,5,8,337.7,4.6,8.3,100.0,0,True
Bad Bunny - EL CLúB,cutin5s/seeded_wrong_2s,7375,7368,-7,0,4000,0,4,False,True,True,5,8,342.8,5.4,7.4,98.1,0,True
Bad Bunny - EL CLúB,cutin15s/cold,17375,17373,-2,0,4000,0,4,False,True,True,5,8,258.5,4.0,6.0,98.0,0,True
Bad Bunny - EL CLúB,cutin15s/second_play,17375,17373,-2,-2,4000,0,6,False,True,True,5,8,245.1,3.7,5.8,100.0,0,True
Bad Bunny - EL CLúB,cutin15s/seeded_correct,17375,17373,-2,0,4000,0,4,False,True,True,5,8,257.5,4.1,5.9,100.0,0,True
Bad Bunny - EL CLúB,cutin15s/seeded_wrong_2s,17375,17373,-2,0,4000,0,4,False,True,True,5,8,246.4,3.9,5.5,98.0,0,True
Bad Bunny - EL CLúB,cutin25s/cold,27375,27372,-3,0,7000,0,3,False,True,True,5,8,270.2,4.3,7.0,96.4,0,True
Bad Bunny - EL CLúB,cutin25s/second_play,27375,27372,-3,-3,7000,0,3,False,True,True,5,8,267.7,4.6,6.5,100.0,0,True
Bad Bunny - EL CLúB,cutin25s/seeded_correct,27375,27372,-3,0,7000,0,3,False,True,True,5,8,268.5,4.5,6.5,100.0,0,True
Bad Bunny - EL CLúB,cutin25s/seeded_wrong_2s,27375,27372,-3,0,7000,0,3,False,True,True,5,8,264.7,4.4,7.8,96.4,0,True
Bad Bunny - EL CLúB,blend8s/cold,2375,2373,-2,0,22000,0,3,False,True,True,5,8,361.9,4.4,7.4,90.0,0,True
Bad Bunny - EL CLúB,blend8s/seeded_correct,2375,2373,-2,0,22000,0,4,False,True,True,5,8,390.8,4.4,9.7,100.0,0,True
Bad Bunny - EL CLúB,blend8s/seeded_wrong_2s,2375,2373,-2,0,22000,0,3,False,True,True,5,8,379.9,4.8,7.6,90.0,0,True
Bad Bunny - EL CLúB,midshift+1.5s/cold,2375,3875,0,0,120000,1,3,False,True,True,6,8,416.2,5.7,8.6,69.3,1,True
Bad Bunny - EL CLúB,midshift+1.5s/seeded_correct,2375,3875,0,0,120000,1,3,False,True,True,6,8,435.9,5.9,9.7,72.5,1,True
Bad Bunny - EL CLúB,midshift+1.5s/seeded_wrong_2s,2375,3875,0,0,120000,1,3,False,True,True,6,8,430.4,5.8,8.9,69.3,1,True
Bad Bunny - EL CLúB,midshift-1.5s/cold,2375,2362,1487,0,93750,1,3,False,True,True,5,8,359.7,4.8,7.7,81.6,0,False
Bad Bunny - EL CLúB,midshift-1.5s/seeded_correct,2375,2364,1489,0,93750,1,3,False,True,True,5,8,355.0,4.7,7.4,84.8,0,False
Bad Bunny - EL CLúB,midshift-1.5s/seeded_wrong_2s,2375,2362,1487,0,93750,1,3,False,True,True,5,8,357.0,4.9,7.5,81.6,0,False
Bad Bunny - EL CLúB,gap400/cold,2375,2355,-20,0,93750,0,3,False,True,True,4,8,363.1,5.7,8.4,96.8,0,True
Bad Bunny - EL CLúB,gap400/seeded_correct,2375,2357,-18,0,93750,0,2,False,True,True,3,8,344.7,4.8,7.4,100.0,0,True
Bad Bunny - EL CLúB,gap400/seeded_wrong_2s,2375,2355,-20,0,93750,0,3,False,True,True,4,8,315.7,4.7,6.9,96.8,0,True
Bad Bunny - HOY COBRÉ,off0/cold,-450,-427,23,25,34000,1,4,True,True,True,4,5,198.0,3.4,5.2,78.9,1,True
Bad Bunny - HOY COBRÉ,off0/seeded_correct,-450,0,450,25,34000,2,2,False,True,True,4,5,189.8,3.2,4.7,83.3,1,False
Bad Bunny - HOY COBRÉ,off0/seeded_wrong_2s,-450,0,450,25,92000,2,2,False,True,True,5,5,191.8,3.2,4.8,42.9,2,False
Bad Bunny - HOY COBRÉ,off+200/cold,-250,-226,24,25,34000,1,4,True,True,True,4,5,196.6,3.4,4.9,83.2,1,True
Bad Bunny - HOY COBRÉ,off+200/seeded_correct,-250,200,450,25,34000,2,2,False,True,True,4,5,186.2,3.2,4.7,83.2,1,False
Bad Bunny - HOY COBRÉ,off+200/seeded_wrong_2s,-250,200,450,25,92000,2,2,False,True,True,5,5,195.7,3.1,5.3,42.9,2,False
Bad Bunny - HOY COBRÉ,off-200/cold,-650,-628,22,25,34000,1,4,True,True,True,4,5,203.4,3.4,5.3,78.9,1,True
Bad Bunny - HOY COBRÉ,off-200/seeded_correct,-650,-200,450,25,34000,2,2,False,True,True,4,5,205.4,3.1,6.2,84.2,1,False
Bad Bunny - HOY COBRÉ,off-200/seeded_wrong_2s,-650,-626,24,25,82000,1,3,False,True,True,5,5,201.5,3.3,5.4,49.2,2,True
Bad Bunny - HOY COBRÉ,off+2s/cold,1550,1575,25,25,32000,1,5,True,True,True,5,5,192.8,3.3,5.1,79.9,1,True
Bad Bunny - HOY COBRÉ,off+2s/seeded_correct,1550,1573,23,25,32000,1,3,False,True,True,5,5,195.2,3.4,5.2,83.4,1,True
Bad Bunny - HOY COBRÉ,off+2s/seeded_wrong_2s,1550,1573,23,25,64500,1,3,False,True,True,5,5,187.0,3.2,4.7,59.5,1,True
Bad Bunny - HOY COBRÉ,off-2s/cold,-2450,-2428,22,450,,1,3,True,True,True,5,5,202.4,3.3,5.1,0.0,2,True
Bad Bunny - HOY COBRÉ,off-2s/seeded_correct,-2450,-2425,25,25,36000,1,2,False,True,True,5,5,198.6,3.0,5.3,84.1,2,True
Bad Bunny - HOY COBRÉ,off-2s/seeded_wrong_2s,-2450,-2000,450,450,,2,2,False,True,True,5,5,197.3,3.0,5.0,0.0,2,False
Bad Bunny - HOY COBRÉ,off+10s/cold,9550,2951,-6599,-9550,,2,2,False,False,False,5,5,205.4,3.4,4.9,0.0,0,False
Bad Bunny - HOY COBRÉ,off+10s/second_play,9550,9575,25,25,70000,1,2,False,False,False,6,5,204.6,3.1,5.2,53.7,1,True
Bad Bunny - HOY COBRÉ,off+10s/seeded_correct,9550,9577,27,25,32000,1,4,False,True,True,4,5,195.8,3.1,4.6,81.5,1,True
Bad Bunny - HOY COBRÉ,off+10s/seeded_wrong_2s,9550,9577,27,25,32000,1,4,False,True,True,4,5,192.7,3.2,4.8,78.8,1,True
Bad Bunny - HOY COBRÉ,off-10s/cold,-10450,,,10450,,0,0,False,False,False,5,5,203.9,3.0,5.0,0.0,0,False
Bad Bunny - HOY COBRÉ,off-10s/second_play,-10450,,,10450,,0,0,False,False,False,5,5,210.7,3.2,5.1,0.0,0,False
Bad Bunny - HOY COBRÉ,off-10s/seeded_correct,-10450,-10450,0,25,102000,0,0,False,True,False,7,5,210.0,3.2,5.4,50.6,2,True
Bad Bunny - HOY COBRÉ,off-10s/seeded_wrong_2s,-10450,-8450,2000,25,102000,0,0,False,True,False,7,5,203.3,3.0,5.0,40.4,2,False
Bad Bunny - HOY COBRÉ,off+25s/cold,24550,24577,27,25,44250,0,3,False,False,True,5,5,207.9,3.5,5.6,67.5,0,True
Bad Bunny - HOY COBRÉ,off+25s/second_play,24550,24575,25,25,44000,1,2,False,True,True,3,5,171.2,3.5,4.9,69.5,1,True
Bad Bunny - HOY COBRÉ,off+25s/seeded_correct,24550,24997,447,25,44000,1,1,False,True,True,3,5,170.4,3.5,4.9,69.5,1,False
Bad Bunny - HOY COBRÉ,off+25s/seeded_wrong_2s,24550,25000,450,25,44000,1,1,False,True,True,3,5,234.8,4.9,7.5,67.7,1,False
Bad Bunny - HOY COBRÉ,off-25s/cold,-25450,,,25450,,0,0,False,False,False,5,5,207.7,3.0,4.8,0.0,0,False
Bad Bunny - HOY COBRÉ,off-25s/second_play,-25450,,,25450,,0,0,False,False,False,5,5,208.1,3.0,4.7,0.0,0,False
Bad Bunny - HOY COBRÉ,off-25s/seeded_correct,-25450,-25450,0,0,,0,0,False,False,False,5,5,200.2,2.9,4.8,100.0,0,True
Bad Bunny - HOY COBRÉ,off-25s/seeded_wrong_2s,-25450,-23450,2000,2000,,0,0,False,False,False,5,5,200.0,2.9,4.6,0.0,0,False
Bad Bunny - HOY COBRÉ,noise0/cold,-450,-427,23,25,34000,1,4,True,True,True,4,5,170.8,3.0,4.3,78.9,1,True
Bad Bunny - HOY COBRÉ,noise0/seeded_correct,-450,0,450,25,34000,2,2,False,True,True,4,5,163.7,2.7,4.0,83.3,1,False
Bad Bunny - HOY COBRÉ,noise0/seeded_wrong_2s,-450,0,450,25,92000,2,2,False,True,True,5,5,169.8,2.8,4.1,42.9,2,False
Bad Bunny - HOY COBRÉ,noise-2s/cold,-2450,-2429,21,450,,0,2,True,True,True,6,5,178.2,2.8,4.3,0.0,2,True
Bad Bunny - HOY COBRÉ,noise-2s/seeded_correct,-2450,-2425,25,25,36000,1,2,False,True,True,5,5,186.1,2.8,4.9,84.1,2,True
Bad Bunny - HOY COBRÉ,noise-2s/seeded_wrong_2s,-2450,-2000,450,450,,1,1,False,True,True,6,5,187.4,2.9,4.9,0.0,2,False
Bad Bunny - HOY COBRÉ,cutin5s/cold,4550,4574,24,25,44250,1,4,True,True,True,5,5,189.1,3.3,4.8,71.7,1,True
Bad Bunny - HOY COBRÉ,cutin5s/second_play,4550,4575,25,25,44250,1,2,False,True,True,5,5,183.9,3.1,5.1,77.1,1,True
Bad Bunny - HOY COBRÉ,cutin5s/seeded_correct,4550,4575,25,25,44250,1,2,False,True,True,5,5,181.7,3.2,5.1,77.1,1,True
Bad Bunny - HOY COBRÉ,cutin5s/seeded_wrong_2s,4550,4575,25,25,44250,1,2,False,True,True,5,5,180.6,3.3,4.6,71.7,1,True
Bad Bunny - HOY COBRÉ,cutin15s/cold,14550,14580,30,25,36000,1,4,False,True,True,4,5,150.8,3.0,4.3,75.4,1,True
Bad Bunny - HOY COBRÉ,cutin15s/second_play,14550,14578,28,25,34000,1,4,False,True,True,3,5,153.1,2.5,3.9,79.5,1,True
Bad Bunny - HOY COBRÉ,cutin15s/seeded_correct,14550,14579,29,25,36000,1,4,False,True,True,4,5,140.4,2.8,3.9,78.1,1,True
Bad Bunny - HOY COBRÉ,cutin15s/seeded_wrong_2s,14550,14580,30,25,36000,1,4,False,True,True,4,5,142.2,2.8,4.1,75.4,1,True
Bad Bunny - HOY COBRÉ,cutin25s/cold,24550,24569,19,25,44250,0,3,False,False,True,5,5,185.1,3.3,4.6,67.5,0,True
Bad Bunny - HOY COBRÉ,cutin25s/second_play,24550,24572,22,25,32250,0,3,False,False,False,5,5,157.4,2.9,4.3,100.0,0,True
Bad Bunny - HOY COBRÉ,cutin25s/seeded_correct,24550,24570,20,25,32250,0,3,False,False,True,5,5,157.6,2.8,4.1,100.0,0,True
Bad Bunny - HOY COBRÉ,cutin25s/seeded_wrong_2s,24550,24566,16,25,39750,0,2,False,False,True,4,5,171.2,2.5,4.2,70.8,0,True
Bad Bunny - HOY COBRÉ,blend8s/cold,-450,-427,23,25,34000,1,4,True,True,True,4,5,201.8,3.2,5.1,78.9,1,True
Bad Bunny - HOY COBRÉ,blend8s/seeded_correct,-450,0,450,25,34000,2,2,False,True,True,4,5,195.5,3.1,4.8,87.9,1,False
Bad Bunny - HOY COBRÉ,blend8s/seeded_wrong_2s,-450,-425,25,25,64500,0,2,False,True,False,5,5,189.5,3.5,5.2,60.0,0,True
Bad Bunny - HOY COBRÉ,midshift+1.5s/cold,-450,1073,23,25,34000,1,4,True,True,True,5,5,251.5,4.3,6.6,72.5,2,True
Bad Bunny - HOY COBRÉ,midshift+1.5s/seeded_correct,-450,0,-1050,25,34000,2,3,False,True,True,5,5,227.9,3.9,6.0,76.8,2,False
Bad Bunny - HOY COBRÉ,midshift+1.5s/seeded_wrong_2s,-450,0,-1050,25,70000,2,2,False,True,True,5,5,242.0,4.0,6.1,56.2,2,False
Bad Bunny - HOY COBRÉ,midshift-1.5s/cold,-450,-1926,24,24,34000,1,4,True,True,True,4,5,220.8,3.9,5.3,59.9,2,True
Bad Bunny - HOY COBRÉ,midshift-1.5s/seeded_correct,-450,0,1950,1950,,2,2,False,True,True,4,5,219.3,3.4,6.1,20.3,2,False
Bad Bunny - HOY COBRÉ,midshift-1.5s/seeded_wrong_2s,-450,0,1950,1950,,1,1,False,True,True,3,5,210.7,3.8,5.4,0.0,2,False
Bad Bunny - HOY COBRÉ,gap400/cold,-450,-426,24,25,92000,0,4,True,True,False,5,5,204.7,3.5,5.5,42.9,1,True
Bad Bunny - HOY COBRÉ,gap400/seeded_correct,-450,-425,25,25,92000,0,3,False,True,True,5,5,198.9,3.7,5.3,47.3,1,True
Bad Bunny - HOY COBRÉ,gap400/seeded_wrong_2s,-450,1550,2000,25,92000,0,0,False,True,False,5,5,204.2,3.5,5.2,42.9,1,False
Bad Bunny - Si Estuviésemos Juntos,off0/cold,1844,1788,-56,-44,5500,0,3,False,True,True,3,13,227.0,2.7,5.2,96.7,0,True
Bad Bunny - Si Estuviésemos Juntos,off0/seeded_correct,1844,1791,-53,-44,5500,0,3,False,True,True,3,13,227.4,2.8,5.1,100.0,0,True
Bad Bunny - Si Estuviésemos Juntos,off0/seeded_wrong_2s,1844,1789,-55,-44,5500,0,3,False,True,True,3,13,233.9,3.1,5.2,96.7,0,True
Bad Bunny - Si Estuviésemos Juntos,off+200/cold,2044,1988,-56,-44,5500,0,3,False,True,True,3,13,237.5,3.1,5.3,96.7,0,True
Bad Bunny - Si Estuviésemos Juntos,off+200/seeded_correct,2044,1991,-53,-44,5500,0,3,False,True,True,3,13,225.2,2.9,5.3,100.0,0,True
Bad Bunny - Si Estuviésemos Juntos,off+200/seeded_wrong_2s,2044,1989,-55,-44,5500,0,3,False,True,True,3,13,240.8,3.0,5.2,96.7,0,True
Bad Bunny - Si Estuviésemos Juntos,off-200/cold,1644,1588,-56,-44,5500,0,3,False,True,True,3,13,232.2,2.9,5.3,96.7,0,True
Bad Bunny - Si Estuviésemos Juntos,off-200/seeded_correct,1644,1591,-53,-44,5500,0,3,False,True,True,3,13,222.2,2.9,4.8,100.0,0,True
Bad Bunny - Si Estuviésemos Juntos,off-200/seeded_wrong_2s,1644,1589,-55,-44,5500,0,3,False,True,True,3,13,236.4,2.9,5.8,96.7,0,True
Bad Bunny - Si Estuviésemos Juntos,off+2s/cold,3844,3832,-12,-19,58500,0,3,False,False,True,10,13,196.0,4.0,6.4,64.7,0,True
Bad Bunny - Si Estuviésemos Juntos,off+2s/seeded_correct,3844,3791,-53,-44,4000,0,3,False,True,True,3,13,226.9,3.0,5.1,100.0,0,True
Bad Bunny - Si Estuviésemos Juntos,off+2s/seeded_wrong_2s,3844,3789,-55,-44,4000,0,3,False,True,True,3,13,234.4,3.1,5.3,97.6,0,True
Bad Bunny - Si Estuviésemos Juntos,off-2s/cold,-156,-185,-29,-19,8500,0,4,False,True,True,4,13,250.9,2.9,5.9,100.0,1,True
Bad Bunny - Si Estuviésemos Juntos,off-2s/seeded_correct,-156,-170,-14,6,8500,0,3,False,True,True,3,13,237.8,3.0,5.5,100.0,1,True
Bad Bunny - Si Estuviésemos Juntos,off-2s/seeded_wrong_2s,-156,-170,-14,6,8500,0,4,False,True,True,4,13,241.7,3.1,5.7,95.0,1,True
Bad Bunny - Si Estuviésemos Juntos,off+10s/cold,11844,11837,-7,6,104000,2,5,False,False,True,11,13,185.0,4.7,8.8,34.0,0,True
Bad Bunny - Si Estuviésemos Juntos,off+10s/second_play,11844,11814,-30,-19,2500,0,3,False,True,True,3,13,235.8,3.2,6.2,100.0,1,True
Bad Bunny - Si Estuviésemos Juntos,off+10s/seeded_correct,11844,11800,-44,-50,2500,0,2,False,True,True,2,13,229.6,3.1,5.4,100.0,0,True
Bad Bunny - Si Estuviésemos Juntos,off+10s/seeded_wrong_2s,11844,11799,-45,-50,2500,0,2,False,True,True,2,13,244.0,2.9,7.2,98.4,0,True
Bad Bunny - Si Estuviésemos Juntos,off-10s/cold,-8156,25325,33481,33481,,2,2,False,False,True,14,13,199.0,4.4,8.9,0.0,2,False
Bad Bunny - Si Estuviésemos Juntos,off-10s/second_play,-8156,25325,33481,33481,,2,2,False,False,False,15,13,194.6,4.9,9.6,0.0,2,False
Bad Bunny - Si Estuviésemos Juntos,off-10s/seeded_correct,-8156,-8175,-19,-19,16000,1,2,False,True,False,14,13,174.7,4.5,8.5,100.0,1,True
Bad Bunny - Si Estuviésemos Juntos,off-10s/seeded_wrong_2s,-8156,-8175,-19,-19,16000,1,2,False,True,False,14,13,189.6,5.1,8.9,91.0,1,True
Bad Bunny - Si Estuviésemos Juntos,off+25s/cold,26844,26799,-45,-44,27500,0,3,False,False,True,4,13,238.9,3.4,5.6,80.7,0,True
Bad Bunny - Si Estuviésemos Juntos,off+25s/second_play,26844,26799,-45,-45,2500,0,1,False,True,True,1,13,229.5,3.3,5.9,100.0,0,True
Bad Bunny - Si Estuviésemos Juntos,off+25s/seeded_correct,26844,26837,-7,6,2500,0,3,False,True,True,3,13,228.7,3.3,6.5,100.0,1,True
Bad Bunny - Si Estuviésemos Juntos,off+25s/seeded_wrong_2s,26844,26836,-8,6,2500,0,3,False,True,True,4,13,225.2,3.3,5.9,98.2,1,True
Bad Bunny - Si Estuviésemos Juntos,off-25s/cold,-23156,-842,22314,33481,,4,4,False,False,True,15,13,201.5,4.3,8.7,0.0,2,False
Bad Bunny - Si Estuviésemos Juntos,off-25s/second_play,-23156,-840,22316,33481,,4,4,False,False,True,15,13,212.3,4.7,8.7,0.0,2,False
Bad Bunny - Si Estuviésemos Juntos,off-25s/seeded_correct,-23156,10325,33481,33481,,2,2,False,False,True,15,13,212.3,4.8,8.5,70.9,2,False
Bad Bunny - Si Estuviésemos Juntos,off-25s/seeded_wrong_2s,-23156,10325,33481,33481,,2,2,False,False,True,15,13,214.8,4.8,8.4,0.0,2,False
Bad Bunny - Si Estuviésemos Juntos,noise0/cold,1844,1788,-56,-44,5500,0,3,False,True,True,3,13,204.8,2.5,4.5,96.7,0,True
Bad Bunny - Si Estuviésemos Juntos,noise0/seeded_correct,1844,1790,-54,-44,5500,0,3,False,True,True,3,13,209.7,2.4,5.4,100.0,0,True
Bad Bunny - Si Estuviésemos Juntos,noise0/seeded_wrong_2s,1844,1789,-55,-44,5500,0,3,False,True,True,3,13,199.9,2.5,4.3,96.7,0,True
Bad Bunny - Si Estuviésemos Juntos,noise-2s/cold,-156,-184,-28,-19,8500,0,4,False,True,True,4,13,223.0,2.7,5.2,100.0,1,True
Bad Bunny - Si Estuviésemos Juntos,noise-2s/seeded_correct,-156,-170,-14,6,8500,0,3,False,True,True,3,13,205.8,2.4,4.6,100.0,1,True
Bad Bunny - Si Estuviésemos Juntos,noise-2s/seeded_wrong_2s,-156,-170,-14,6,8500,0,4,False,True,True,4,13,211.4,2.5,4.9,95.0,1,True
Bad Bunny - Si Estuviésemos Juntos,cutin5s/cold,6844,6815,-29,-19,4000,0,5,False,True,True,5,13,216.7,3.0,4.9,97.5,1,True
Bad Bunny - Si Estuviésemos Juntos,cutin5s/second_play,6844,6817,-27,6,4000,0,5,False,True,True,5,13,207.3,2.9,4.7,100.0,1,True
Bad Bunny - Si Estuviésemos Juntos,cutin5s/seeded_correct,6844,6817,-27,6,4000,0,5,False,True,True,5,13,213.5,3.0,4.7,100.0,1,True
Bad Bunny - Si Estuviésemos Juntos,cutin5s/seeded_wrong_2s,6844,6817,-27,6,4000,0,5,False,True,True,5,13,212.0,3.1,4.7,97.5,1,True
Bad Bunny - Si Estuviésemos Juntos,cutin15s/cold,16844,16800,-44,-44,4000,0,2,False,True,True,3,13,167.2,2.5,3.8,97.4,0,True
Bad Bunny - Si Estuviésemos Juntos,cutin15s/second_play,16844,16800,-44,-44,4000,0,2,False,True,True,3,13,166.0,2.3,4.1,100.0,0,True
Bad Bunny - Si Estuviésemos Juntos,cutin15s/seeded_correct,16844,16800,-44,-50,4000,0,3,False,True,True,3,13,164.8,2.3,3.8,100.0,0,True
Bad Bunny - Si Estuviésemos Juntos,cutin15s/seeded_wrong_2s,16844,16799,-45,-50,4000,0,2,False,True,True,3,13,163.6,2.3,3.8,97.4,0,True
Bad Bunny - Si Estuviésemos Juntos,cutin25s/cold,26844,26800,-44,-44,4000,0,2,False,True,True,4,13,170.4,2.9,4.4,97.2,0,True
Bad Bunny - Si Estuviésemos Juntos,cutin25s/second_play,26844,26800,-44,-44,4000,0,2,False,True,True,4,13,171.6,2.9,4.9,100.0,0,True
Bad Bunny - Si Estuviésemos Juntos,cutin25s/seeded_correct,26844,26835,-9,6,4000,0,3,False,True,True,6,13,168.8,2.8,4.6,100.0,1,True
Bad Bunny - Si Estuviésemos Juntos,cutin25s/seeded_wrong_2s,26844,26834,-10,6,4000,0,3,False,True,True,6,13,167.4,2.9,4.6,97.2,1,True
Bad Bunny - Si Estuviésemos Juntos,blend8s/cold,1844,1799,-45,-44,21000,0,2,False,False,True,3,13,238.9,2.6,6.5,87.5,0,True
Bad Bunny - Si Estuviésemos Juntos,blend8s/seeded_correct,1844,1801,-43,-44,16000,0,2,False,False,True,3,13,241.6,2.6,5.2,100.0,0,True
Bad Bunny - Si Estuviésemos Juntos,blend8s/seeded_wrong_2s,1844,1801,-43,-44,27500,0,2,False,False,True,3,13,248.7,2.8,5.3,83.6,0,True
Bad Bunny - Si Estuviésemos Juntos,midshift+1.5s/cold,1844,3319,-25,6,104000,1,6,False,True,True,9,13,249.7,4.2,8.3,70.2,2,True
Bad Bunny - Si Estuviésemos Juntos,midshift+1.5s/seeded_correct,1844,3316,-28,6,104000,1,5,False,True,True,8,13,262.0,4.3,7.5,73.5,2,True
Bad Bunny - Si Estuviésemos Juntos,midshift+1.5s/seeded_wrong_2s,1844,3317,-27,6,104000,1,5,False,True,True,8,13,262.9,4.3,7.0,70.2,2,True
Bad Bunny - Si Estuviésemos Juntos,midshift-1.5s/cold,1844,332,-12,6,5500,0,5,False,True,True,7,13,206.3,3.8,7.1,70.7,1,True
Bad Bunny - Si Estuviésemos Juntos,midshift-1.5s/seeded_correct,1844,342,-2,6,104000,1,6,False,True,True,7,13,198.2,3.4,7.0,74.0,1,True
Bad Bunny - Si Estuviésemos Juntos,midshift-1.5s/seeded_wrong_2s,1844,362,18,6,5500,1,6,False,True,True,7,13,217.8,4.0,8.6,70.7,1,True
Bad Bunny - Si Estuviésemos Juntos,gap400/cold,1844,1790,-54,-44,5500,0,3,False,True,True,3,13,242.8,3.1,5.9,96.7,0,True
Bad Bunny - Si Estuviésemos Juntos,gap400/seeded_correct,1844,1792,-52,-44,5500,0,3,False,True,True,3,13,237.2,3.2,6.0,100.0,0,True
Bad Bunny - Si Estuviésemos Juntos,gap400/seeded_wrong_2s,1844,1790,-54,-44,5500,0,3,False,True,True,3,13,239.9,3.3,6.8,96.7,0,True
