stem,scenario,expected_offset_ms,final_stored_offset_ms,final_stored_error_ms,engine_final_error_ms,time_to_first_correct_lock_ms,wrong_lock_events,n_saves,anchor_matched,progressive_matched,locked_via_stop,windows_evaluated,windows_planned,cpu_ms_total,cpu_ms_p50,cpu_ms_p95,engine_correct_time_pct,monitor_recoveries,correct
Bad Bunny - EoO,off0/cold,-1075,-1041,34,25,16000,0,2,True,True,True,2,21,799.4,2.3,4.2,92.2,0,True
Bad Bunny - EoO,off0/seeded_correct,-1075,-1061,14,25,16000,0,1,False,True,True,2,21,237.3,2.3,4.2,100.0,0,True
Bad Bunny - EoO,off0/seeded_wrong_2s,-1075,-1057,18,25,16000,0,1,False,True,True,2,21,238.2,2.3,4.1,92.2,0,True
Bad Bunny - EoO,off+200/cold,-875,-846,29,0,14500,0,3,True,True,True,1,21,235.4,2.4,4.1,92.9,0,True
Bad Bunny - EoO,off+200/seeded_correct,-875,-872,3,0,14500,0,2,False,True,True,1,21,234.9,2.3,4.2,100.0,0,True
Bad Bunny - EoO,off+200/seeded_wrong_2s,-875,-872,3,0,14500,0,2,False,True,True,1,21,233.3,2.3,4.1,92.9,0,True
Bad Bunny - EoO,off-200/cold,-1275,-1244,31,25,16000,0,2,True,True,True,2,21,237.1,2.3,4.1,92.2,0,True
Bad Bunny - EoO,off-200/seeded_correct,-1275,-1265,10,25,16000,0,1,False,True,True,2,21,236.3,2.3,4.0,100.0,0,True
Bad Bunny - EoO,off-200/seeded_wrong_2s,-1275,-1262,13,25,16000,0,1,False,True,True,2,21,235.2,2.3,4.1,92.2,0,True
Bad Bunny - EoO,off+2s/cold,925,954,29,0,13000,0,3,True,True,True,1,21,234.0,2.3,4.1,93.6,0,True
Bad Bunny - EoO,off+2s/seeded_correct,925,927,2,0,13000,0,2,False,True,True,1,21,234.8,2.3,4.2,100.0,0,True
Bad Bunny - EoO,off+2s/seeded_wrong_2s,925,928,3,0,13000,0,2,False,True,True,1,21,231.3,2.3,4.1,93.6,0,True
Bad Bunny - EoO,off-2s/cold,-3075,-3044,31,0,17500,0,2,True,True,True,3,21,238.4,2.3,4.1,91.5,0,True
Bad Bunny - EoO,off-2s/seeded_correct,-3075,-3074,1,0,17500,0,1,False,True,True,3,21,236.7,2.3,4.1,100.0,0,True
Bad Bunny - EoO,off-2s/seeded_wrong_2s,-3075,-3073,2,0,17500,0,1,False,True,True,3,21,237.0,2.3,4.1,91.5,0,True
Bad Bunny - EoO,off+10s/cold,8925,8925,0,0,77250,0,2,False,False,False,21,21,204.2,4.0,9.1,60.4,0,True
Bad Bunny - EoO,off+10s/second_play,8925,8928,3,0,5500,0,2,False,True,True,1,21,227.3,2.6,4.2,100.0,0,True
Bad Bunny - EoO,off+10s/seeded_correct,8925,8927,2,0,5500,0,2,False,True,True,1,21,227.1,2.6,4.1,100.0,0,True
Bad Bunny - EoO,off+10s/seeded_wrong_2s,8925,8928,3,0,5500,0,2,False,True,True,1,21,228.2,2.6,4.3,97.2,0,True
Bad Bunny - EoO,off-10s/cold,-11075,7775,18850,18850,,2,2,False,False,False,23,21,228.3,3.8,8.6,0.0,2,False
Bad Bunny - EoO,off-10s/second_play,-11075,7775,18850,18850,,2,2,False,False,False,23,21,225.3,3.9,8.6,0.0,2,False
Bad Bunny - EoO,off-10s/seeded_correct,-11075,7775,18850,0,25000,2,2,False,True,False,21,21,207.9,4.0,8.0,100.0,0,False
Bad Bunny - EoO,off-10s/seeded_wrong_2s,-11075,7775,18850,0,25000,2,2,False,True,False,21,21,207.1,3.8,8.0,88.4,0,False
Bad Bunny - EoO,off+25s/cold,23925,23926,1,0,77250,0,4,False,False,True,10,21,252.5,3.1,5.6,57.1,0,True
Bad Bunny - EoO,off+25s/second_play,23925,23929,4,5,2500,0,2,False,True,True,1,21,215.8,2.7,4.1,100.0,0,True
Bad Bunny - EoO,off+25s/seeded_correct,23925,23927,2,0,2500,0,2,False,True,True,1,21,215.7,2.7,4.1,100.0,0,True
Bad Bunny - EoO,off+25s/seeded_wrong_2s,23925,23928,3,0,2500,0,2,False,True,True,1,21,215.2,2.7,4.1,98.6,0,True
Bad Bunny - EoO,off-25s/cold,-26075,11575,37650,37650,,1,1,False,False,False,23,21,230.2,3.8,7.9,0.0,2,False
Bad Bunny - EoO,off-25s/second_play,-26075,11575,37650,37650,,1,1,False,False,False,23,21,227.5,3.8,7.9,0.0,2,False
Bad Bunny - EoO,off-25s/seeded_correct,-26075,11575,37650,37650,,1,1,False,False,False,23,21,225.1,3.8,7.8,74.7,2,False
Bad Bunny - EoO,off-25s/seeded_wrong_2s,-26075,11575,37650,37650,,1,1,False,False,False,23,21,226.7,3.8,8.0,0.0,2,False
Bad Bunny - EoO,noise0/cold,-1075,-1041,34,25,8500,0,2,True,True,True,2,21,229.8,2.4,4.1,95.9,0,True
Bad Bunny - EoO,noise0/seeded_correct,-1075,-1060,15,25,8500,0,1,False,True,True,2,21,231.0,2.4,4.2,100.0,0,True
Bad Bunny - EoO,noise0/seeded_wrong_2s,-1075,-1057,18,25,8500,0,1,False,True,True,2,21,229.8,2.4,4.1,95.9,0,True
Bad Bunny - EoO,noise-2s/cold,-3075,-3044,31,25,11500,0,1,True,True,True,3,21,232.5,2.4,4.1,94.4,0,True
Bad Bunny - EoO,noise-2s/seeded_correct,-3075,-3064,11,25,11500,0,1,False,True,True,3,21,231.0,2.4,4.1,100.0,0,True
Bad Bunny - EoO,noise-2s/seeded_wrong_2s,-3075,-1075,2000,25,11500,0,0,False,True,True,3,21,230.7,2.4,4.0,94.4,0,False
Bad Bunny - EoO,cutin5s/cold,3925,3930,5,0,10000,0,3,True,True,True,1,21,219.3,2.3,3.9,95.0,0,True
Bad Bunny - EoO,cutin5s/second_play,3925,3929,4,5,10000,0,2,False,True,True,1,21,220.2,2.4,4.0,100.0,0,True
Bad Bunny - EoO,cutin5s/seeded_correct,3925,3927,2,0,10000,0,2,False,True,True,1,21,218.1,2.3,4.0,100.0,0,True
Bad Bunny - EoO,cutin5s/seeded_wrong_2s,3925,3927,2,0,10000,0,2,False,True,True,1,21,218.9,2.3,4.0,95.0,0,True
Bad Bunny - EoO,cutin15s/cold,13925,13938,13,25,4000,0,2,False,True,True,1,21,211.1,2.5,4.1,97.9,0,True
Bad Bunny - EoO,cutin15s/second_play,13925,13947,22,13,4000,0,2,False,True,True,1,21,207.0,2.4,4.1,100.0,0,True
Bad Bunny - EoO,cutin15s/seeded_correct,13925,13935,10,25,4000,0,2,False,True,True,1,21,207.1,2.4,4.0,100.0,0,True
Bad Bunny - EoO,cutin15s/seeded_wrong_2s,13925,13938,13,25,4000,0,2,False,True,True,1,21,208.8,2.4,4.1,97.9,0,True
Bad Bunny - EoO,cutin25s/cold,23925,23930,5,0,20500,0,2,False,True,True,2,21,228.5,2.6,3.8,88.6,0,True
Bad Bunny - EoO,cutin25s/second_play,23925,23929,4,5,4000,0,2,False,True,True,1,21,188.1,2.4,3.9,100.0,0,True
Bad Bunny - EoO,cutin25s/seeded_correct,23925,23928,3,0,17500,0,2,False,True,True,1,21,198.7,2.2,3.9,100.0,0,True
Bad Bunny - EoO,cutin25s/seeded_wrong_2s,23925,23930,5,0,16000,0,2,False,True,True,2,21,198.4,2.2,3.8,91.1,0,True
Bad Bunny - EoO,blend8s/cold,-1075,-1041,34,25,16000,0,2,True,True,True,2,21,258.7,2.5,4.5,92.2,0,True
Bad Bunny - EoO,blend8s/seeded_correct,-1075,-1061,14,25,16000,0,1,False,True,True,2,21,257.6,2.5,4.6,100.0,0,True
Bad Bunny - EoO,blend8s/seeded_wrong_2s,-1075,-1057,18,25,16000,0,1,False,True,True,2,21,254.2,2.6,4.6,92.2,0,True
Bad Bunny - EoO,midshift+1.5s/cold,-1075,454,29,0,16000,0,5,True,True,True,5,21,248.6,3.6,5.8,83.7,1,True
Bad Bunny - EoO,midshift+1.5s/seeded_correct,-1075,432,7,25,16000,0,10,False,True,True,12,21,248.3,4.2,9.4,71.2,1,True
Bad Bunny - EoO,midshift+1.5s/seeded_wrong_2s,-1075,433,8,25,16000,0,10,False,True,True,12,21,244.7,4.1,9.4,83.7,1,True
Bad Bunny - EoO,midshift-1.5s/cold,-1075,-2546,29,0,16000,0,4,True,True,True,5,21,232.5,3.2,5.3,83.9,1,True
Bad Bunny - EoO,midshift-1.5s/seeded_correct,-1075,-2575,0,0,16000,0,3,False,True,True,15,21,225.1,3.2,9.2,91.6,1,True
Bad Bunny - EoO,midshift-1.5s/seeded_wrong_2s,-1075,-2575,0,0,16000,0,3,False,True,True,15,21,225.8,3.3,9.3,83.9,1,True
Bad Bunny - A Tu Merced,off0/cold,-1050,-1051,-1,-3,13000,0,3,True,True,True,1,10,190.9,2.3,3.8,92.6,0,True
Bad Bunny - A Tu Merced,off0/seeded_correct,-1050,-1051,-1,0,13000,0,2,False,True,True,1,10,191.8,2.2,3.8,100.0,0,True
Bad Bunny - A Tu Merced,off0/seeded_wrong_2s,-1050,-1051,-1,0,13000,0,2,False,True,True,1,10,191.6,2.3,4.0,92.6,0,True
Bad Bunny - A Tu Merced,off+200/cold,-850,-851,-1,-1,11500,0,3,True,True,True,1,10,190.6,2.2,4.0,93.5,0,True
Bad Bunny - A Tu Merced,off+200/seeded_correct,-850,-850,0,0,11500,0,2,False,True,True,1,10,191.5,2.3,3.8,100.0,0,True
Bad Bunny - A Tu Merced,off+200/seeded_wrong_2s,-850,-850,0,0,11500,0,2,False,True,True,1,10,193.4,2.3,4.1,93.5,0,True
Bad Bunny - A Tu Merced,off-200/cold,-1250,-1252,-2,0,13000,0,3,True,True,True,1,10,191.9,2.3,3.9,92.6,0,True
Bad Bunny - A Tu Merced,off-200/seeded_correct,-1250,-1250,0,0,13000,0,2,False,True,True,1,10,190.9,2.2,3.9,100.0,0,True
Bad Bunny - A Tu Merced,off-200/seeded_wrong_2s,-1250,-1250,0,0,13000,0,2,False,True,True,1,10,192.2,2.2,4.0,92.6,0,True
Bad Bunny - A Tu Merced,off+2s/cold,950,950,0,0,10000,0,3,True,True,True,1,10,190.7,2.3,4.0,94.3,0,True
Bad Bunny - A Tu Merced,off+2s/seeded_correct,950,950,0,0,10000,0,2,False,True,True,1,10,189.6,2.3,3.9,100.0,0,True
Bad Bunny - A Tu Merced,off+2s/seeded_wrong_2s,950,950,0,0,10000,0,2,False,True,True,1,10,190.2,2.3,3.9,94.3,0,True
Bad Bunny - A Tu Merced,off-2s/cold,-3050,-3052,-2,0,14500,0,5,True,True,True,5,10,192.1,2.7,4.1,91.9,0,True
Bad Bunny - A Tu Merced,off-2s/seeded_correct,-3050,-3050,0,0,14500,0,2,False,True,True,5,10,187.8,2.5,3.9,100.0,0,True
Bad Bunny - A Tu Merced,off-2s/seeded_wrong_2s,-3050,-3050,0,0,14500,0,2,False,True,True,5,10,187.6,2.5,3.9,91.9,0,True
Bad Bunny - A Tu Merced,off+10s/cold,8950,8951,1,0,44250,0,3,False,False,True,5,10,208.6,2.6,4.1,73.4,0,True
Bad Bunny - A Tu Merced,off+10s/second_play,8950,8950,0,1,2500,0,2,False,True,True,1,10,184.0,2.5,3.9,100.0,0,True
Bad Bunny - A Tu Merced,off+10s/seeded_correct,8950,8950,0,0,2500,0,2,False,True,True,1,10,182.7,2.4,3.9,100.0,0,True
Bad Bunny - A Tu Merced,off+10s/seeded_wrong_2s,8950,8950,0,0,2500,0,2,False,True,True,1,10,183.3,2.5,3.9,98.5,0,True
Bad Bunny - A Tu Merced,off-10s/cold,-11050,20250,31300,31300,,1,1,False,False,False,10,10,177.8,3.1,5.8,0.0,0,False
Bad Bunny - A Tu Merced,off-10s/second_play,-11050,20250,31300,31300,,1,1,False,False,False,10,10,169.9,3.1,5.9,0.0,0,False
Bad Bunny - A Tu Merced,off-10s/seeded_correct,-11050,20250,31300,31300,,1,1,False,True,False,10,10,168.5,3.1,5.8,49.5,0,False
Bad Bunny - A Tu Merced,off-10s/seeded_wrong_2s,-11050,20250,31300,31300,,1,1,False,True,False,10,10,166.6,3.0,5.8,37.7,0,False
Bad Bunny - A Tu Merced,off+25s/cold,23950,23951,1,0,44250,0,3,False,False,True,5,10,208.3,2.8,4.3,70.8,0,True
Bad Bunny - A Tu Merced,off+25s/second_play,23950,23950,0,1,2500,0,2,False,True,True,1,10,173.7,2.6,4.0,100.0,0,True
Bad Bunny - A Tu Merced,off+25s/seeded_correct,23950,23950,0,0,2500,0,2,False,True,True,1,10,173.1,2.6,3.9,100.0,0,True
Bad Bunny - A Tu Merced,off+25s/seeded_wrong_2s,23950,23950,0,0,2500,0,2,False,True,True,1,10,178.3,2.7,4.2,98.3,0,True
Bad Bunny - A Tu Merced,off-25s/cold,-26050,26125,52175,52175,,3,3,False,False,False,10,10,176.6,3.2,5.3,0.0,0,False
Bad Bunny - A Tu Merced,off-25s/second_play,-26050,26125,52175,52175,,3,3,False,False,False,10,10,170.7,3.1,5.2,0.0,0,False
Bad Bunny - A Tu Merced,off-25s/seeded_correct,-26050,26125,52175,52175,,3,3,False,False,False,10,10,169.5,3.2,5.0,45.8,0,False
Bad Bunny - A Tu Merced,off-25s/seeded_wrong_2s,-26050,26125,52175,52175,,3,3,False,False,False,10,10,171.4,3.1,5.0,0.0,0,False
Bad Bunny - A Tu Merced,noise0/cold,-1050,-1052,-2,-3,8500,0,3,True,True,True,1,10,181.3,2.2,3.7,95.2,0,True
Bad Bunny - A Tu Merced,noise0/seeded_correct,-1050,-1051,-1,0,8500,0,2,False,True,True,1,10,180.5,2.2,3.6,100.0,0,True
Bad Bunny - A Tu Merced,noise0/seeded_wrong_2s,-1050,-1050,0,0,8500,0,3,False,True,True,2,10,181.4,2.2,3.7,95.2,0,True
Bad Bunny - A Tu Merced,noise-2s/cold,-3050,-3053,-3,0,11500,0,2,True,True,True,2,10,183.3,2.2,3.7,93.6,0,True
Bad Bunny - A Tu Merced,noise-2s/seeded_correct,-3050,-3050,0,0,11500,0,1,False,True,True,2,10,183.0,2.1,3.6,100.0,0,True
Bad Bunny - A Tu Merced,noise-2s/seeded_wrong_2s,-3050,-3050,0,0,11500,0,2,False,True,True,3,10,183.0,2.2,3.7,93.6,0,True
Bad Bunny - A Tu Merced,cutin5s/cold,3950,3948,-2,0,7000,0,3,True,True,True,1,10,171.8,2.2,3.6,95.9,0,True
Bad Bunny - A Tu Merced,cutin5s/second_play,3950,3949,-1,-2,7000,0,2,False,True,True,1,10,171.6,2.2,3.7,100.0,0,True
Bad Bunny - A Tu Merced,cutin5s/seeded_correct,3950,3949,-1,0,7000,0,2,False,True,True,1,10,173.4,2.2,3.7,100.0,0,True
Bad Bunny - A Tu Merced,cutin5s/seeded_wrong_2s,3950,3949,-1,0,7000,0,2,False,True,True,1,10,172.5,2.2,3.6,95.9,0,True
Bad Bunny - A Tu Merced,cutin15s/cold,13950,13950,0,0,4000,0,2,False,True,True,1,10,150.0,2.2,3.3,97.5,0,True
Bad Bunny - A Tu Merced,cutin15s/second_play,13950,13950,0,0,4000,0,2,False,True,True,1,10,148.1,2.1,3.4,100.0,0,True
Bad Bunny - A Tu Merced,cutin15s/seeded_correct,13950,13950,0,0,4000,0,2,False,True,True,1,10,148.3,2.1,3.4,100.0,0,True
Bad Bunny - A Tu Merced,cutin15s/seeded_wrong_2s,13950,13950,0,0,4000,0,2,False,True,True,1,10,148.2,2.1,3.3,97.5,0,True
Bad Bunny - A Tu Merced,cutin25s/cold,23950,23952,2,0,4000,0,2,False,True,True,2,10,144.7,2.2,3.4,97.4,0,True
Bad Bunny - A Tu Merced,cutin25s/second_play,23950,23952,2,2,4000,0,2,False,True,True,2,10,138.2,2.2,3.3,100.0,0,True
Bad Bunny - A Tu Merced,cutin25s/seeded_correct,23950,23952,2,0,4000,0,2,False,True,True,2,10,139.8,2.1,3.4,100.0,0,True
Bad Bunny - A Tu Merced,cutin25s/seeded_wrong_2s,23950,23952,2,0,4000,0,2,False,True,True,2,10,138.6,2.2,3.3,97.4,0,True
Bad Bunny - A Tu Merced,blend8s/cold,-1050,-1052,-2,-3,22850,0,3,True,True,True,1,10,205.1,2.0,3.8,87.0,0,True
Bad Bunny - A Tu Merced,blend8s/seeded_correct,-1050,-1051,-1,0,25000,0,2,False,True,True,1,10,204.6,2.0,3.9,100.0,0,True
Bad Bunny - A Tu Merced,blend8s/seeded_wrong_2s,-1050,-1050,0,0,25000,0,3,False,True,True,2,10,204.9,2.1,4.0,85.8,0,True
Bad Bunny - A Tu Merced,midshift+1.5s/cold,-1050,453,3,0,13000,0,5,True,True,True,4,10,276.4,4.4,6.3,78.0,1,True
Bad Bunny - A Tu Merced,midshift+1.5s/seeded_correct,-1050,452,2,0,13000,0,3,False,True,True,4,10,197.2,2.8,4.6,81.6,1,True
Bad Bunny - A Tu Merced,midshift+1.5s/seeded_wrong_2s,-1050,455,5,7,13000,0,4,False,True,True,4,10,197.8,2.7,4.8,78.0,1,True
Bad Bunny - A Tu Merced,midshift-1.5s/cold,-1050,-2553,-3,0,13000,0,4,True,True,True,5,10,186.5,3.1,5.1,78.4,1,True
Bad Bunny - A Tu Merced,midshift-1.5s/seeded_correct,-1050,-2554,-4,0,13000,0,3,False,True,True,5,10,181.1,3.0,4.8,85.7,1,True
Bad Bunny - A Tu Merced,midshift-1.5s/seeded_wrong_2s,-1050,-2542,8,0,13000,0,3,False,True,True,5,10,181.7,2.9,4.7,78.4,1,True
Bad Bunny - KLOuFRENS,off0/cold,-950,-952,-2,-3,44000,0,4,True,True,True,4,12,243.3,2.7,4.5,77.9,1,True
Bad Bunny - KLOuFRENS,off0/seeded_correct,-950,-951,-1,0,36000,0,4,False,True,True,4,12,243.0,2.7,4.4,85.4,1,True
Bad Bunny - KLOuFRENS,off0/seeded_wrong_2s,-950,-951,-1,0,44000,0,3,False,True,True,4,12,242.7,2.7,4.5,77.9,1,True
Bad Bunny - KLOuFRENS,off+200/cold,-750,-751,-1,0,44000,0,4,True,True,True,4,12,246.0,2.7,4.5,77.9,1,True
Bad Bunny - KLOuFRENS,off+200/seeded_correct,-750,-751,-1,0,36000,0,4,False,True,True,4,12,244.3,2.7,4.5,85.4,1,True
Bad Bunny - KLOuFRENS,off+200/seeded_wrong_2s,-750,-752,-2,0,44000,0,3,False,True,True,4,12,246.0,2.7,4.6,77.9,1,True
Bad Bunny - KLOuFRENS,off-200/cold,-1150,-1152,-2,0,44000,0,4,True,True,True,4,12,247.4,2.8,4.5,77.9,1,True
Bad Bunny - KLOuFRENS,off-200/seeded_correct,-1150,-1148,2,0,62500,0,4,False,True,True,5,12,238.7,3.0,4.7,72.9,1,True
Bad Bunny - KLOuFRENS,off-200/seeded_wrong_2s,-1150,-1147,3,0,44000,0,4,False,True,True,5,12,237.8,3.0,4.5,77.9,1,True
Bad Bunny - KLOuFRENS,off+2s/cold,1050,1050,0,0,44000,0,4,True,True,True,4,12,246.1,2.8,4.5,77.7,1,True
Bad Bunny - KLOuFRENS,off+2s/seeded_correct,1050,1049,-1,0,36000,0,3,False,True,True,3,12,245.6,2.7,4.6,84.5,1,True
Bad Bunny - KLOuFRENS,off+2s/seeded_wrong_2s,1050,1048,-2,0,44000,0,3,False,True,True,4,12,253.9,2.9,4.8,77.7,1,True
Bad Bunny - KLOuFRENS,off-2s/cold,-2950,-2953,-3,0,68000,0,4,True,True,True,6,12,243.0,3.0,4.7,66.2,1,True
Bad Bunny - KLOuFRENS,off-2s/seeded_correct,-2950,-2952,-2,0,50000,0,3,False,True,True,5,12,245.8,2.8,4.4,80.1,1,True
Bad Bunny - KLOuFRENS,off-2s/seeded_wrong_2s,-2950,28350,31300,0,120000,3,4,False,True,False,13,12,233.4,3.6,6.6,40.3,1,False
Bad Bunny - KLOuFRENS,off+10s/cold,9050,9047,-3,0,45000,0,5,False,False,True,8,12,258.3,3.2,5.6,76.2,0,True
Bad Bunny - KLOuFRENS,off+10s/second_play,9050,9049,-1,0,36000,0,3,False,True,True,3,12,238.6,2.9,4.6,82.3,1,True
Bad Bunny - KLOuFRENS,off+10s/seeded_correct,9050,9049,-1,0,36000,0,3,False,True,True,3,12,241.5,2.9,4.6,82.3,1,True
Bad Bunny - KLOuFRENS,off+10s/seeded_wrong_2s,9050,9048,-2,0,44000,0,3,False,True,True,4,12,240.7,3.0,4.6,76.7,1,True
Bad Bunny - KLOuFRENS,off-10s/cold,-10950,20352,31302,31300,,2,2,False,False,True,13,12,256.2,3.4,6.2,0.0,2,False
Bad Bunny - KLOuFRENS,off-10s/second_play,-10950,20351,31301,31302,,2,2,False,False,True,12,12,253.7,3.3,5.5,0.0,2,False
Bad Bunny - KLOuFRENS,off-10s/seeded_correct,-10950,20350,31300,0,116000,3,4,False,True,True,13,12,238.8,3.6,6.1,52.9,1,False
Bad Bunny - KLOuFRENS,off-10s/seeded_wrong_2s,-10950,20350,31300,0,116000,3,4,False,True,True,13,12,238.5,3.5,6.1,44.5,1,False
Bad Bunny - KLOuFRENS,off+25s/cold,24050,24048,-2,0,45000,0,3,False,False,True,5,12,254.1,3.3,5.0,74.1,0,True
Bad Bunny - KLOuFRENS,off+25s/second_play,24050,24049,-1,-2,4000,0,2,False,True,True,1,12,227.2,3.0,4.5,100.0,0,True
Bad Bunny - KLOuFRENS,off+25s/seeded_correct,24050,24050,0,0,4000,0,2,False,True,True,1,12,230.4,3.0,4.7,100.0,0,True
Bad Bunny - KLOuFRENS,off+25s/seeded_wrong_2s,24050,24050,0,0,4000,0,2,False,True,True,1,12,285.3,4.2,6.1,97.7,0,True
Bad Bunny - KLOuFRENS,off-25s/cold,-25950,5352,31302,31300,,2,2,False,False,True,13,12,252.7,3.4,5.7,0.0,2,False
Bad Bunny - KLOuFRENS,off-25s/second_play,-25950,5351,31301,31302,,2,2,False,False,True,12,12,248.5,3.2,5.4,0.0,2,False
Bad Bunny - KLOuFRENS,off-25s/seeded_correct,-25950,5351,31301,31300,,2,2,False,False,True,14,12,249.2,3.5,5.8,27.9,2,False
Bad Bunny - KLOuFRENS,off-25s/seeded_wrong_2s,-25950,5351,31301,31300,,2,2,False,False,True,14,12,249.0,3.6,5.8,0.0,2,False
Bad Bunny - KLOuFRENS,noise0/cold,-950,-952,-2,-3,44000,0,4,True,True,True,4,12,231.9,2.6,4.3,77.9,1,True
Bad Bunny - KLOuFRENS,noise0/seeded_correct,-950,-951,-1,0,36000,0,4,False,True,True,4,12,230.8,2.6,4.2,85.4,1,True
Bad Bunny - KLOuFRENS,noise0/seeded_wrong_2s,-950,-951,-1,0,44000,0,3,False,True,True,4,12,230.3,2.6,4.2,77.9,1,True
Bad Bunny - KLOuFRENS,noise-2s/cold,-2950,-2953,-3,0,68000,0,4,True,True,True,6,12,228.2,2.8,4.4,66.2,1,True
Bad Bunny - KLOuFRENS,noise-2s/seeded_correct,-2950,-2952,-2,0,68000,0,4,False,True,True,10,12,212.7,3.2,5.3,71.1,1,True
Bad Bunny - KLOuFRENS,noise-2s/seeded_wrong_2s,-2950,28350,31300,0,120000,3,4,False,True,False,13,12,221.7,3.4,6.2,40.3,1,False
Bad Bunny - KLOuFRENS,cutin5s/cold,4050,4048,-2,-3,45000,0,4,True,True,True,4,12,230.7,2.8,4.3,76.8,0,True
Bad Bunny - KLOuFRENS,cutin5s/second_play,4050,4050,0,0,38500,0,4,False,True,True,4,12,229.8,2.7,4.3,82.2,0,True
Bad Bunny - KLOuFRENS,cutin5s/seeded_correct,4050,4049,-1,0,38500,0,3,False,True,True,4,12,228.0,2.8,4.4,82.2,0,True
Bad Bunny - KLOuFRENS,cutin5s/seeded_wrong_2s,4050,4049,-1,0,38500,0,3,False,True,True,4,12,228.0,2.8,4.4,80.2,0,True
Bad Bunny - KLOuFRENS,cutin15s/cold,14050,14050,0,0,4000,0,2,False,True,True,1,12,193.7,2.4,3.8,97.8,0,True
Bad Bunny - KLOuFRENS,cutin15s/second_play,14050,14050,0,0,4000,0,2,False,True,True,1,12,191.4,2.4,3.9,100.0,0,True
Bad Bunny - KLOuFRENS,cutin15s/seeded_correct,14050,14050,0,0,4000,0,2,False,True,True,1,12,191.2,2.4,3.9,100.0,0,True
Bad Bunny - KLOuFRENS,cutin15s/seeded_wrong_2s,14050,14050,0,0,4000,0,2,False,True,True,1,12,191.2,2.3,3.8,97.8,0,True
Bad Bunny - KLOuFRENS,cutin25s/cold,24050,24051,1,0,4000,0,2,False,True,True,2,12,189.6,2.6,3.9,97.7,0,True
Bad Bunny - KLOuFRENS,cutin25s/second_play,24050,24051,1,1,4000,0,3,False,True,True,2,12,183.3,2.5,3.9,100.0,0,True
Bad Bunny - KLOuFRENS,cutin25s/seeded_correct,24050,24051,1,0,4000,0,3,False,True,True,2,12,183.5,2.5,3.9,100.0,0,True
Bad Bunny - KLOuFRENS,cutin25s/seeded_wrong_2s,24050,24051,1,0,4000,0,2,False,True,True,2,12,183.1,2.4,3.9,97.7,0,True
Bad Bunny - KLOuFRENS,blend8s/cold,-950,-952,-2,-3,38500,0,5,True,True,True,4,12,246.3,2.7,4.6,80.7,0,True
Bad Bunny - KLOuFRENS,blend8s/seeded_correct,-950,-951,-1,0,38500,0,3,False,True,True,4,12,244.3,2.7,4.6,85.7,0,True
Bad Bunny - KLOuFRENS,blend8s/seeded_wrong_2s,-950,-951,-1,0,38500,0,4,False,True,True,4,12,244.5,2.8,4.7,80.7,0,True
Bad Bunny - KLOuFRENS,midshift+1.5s/cold,-950,-950,-1500,20675,,3,5,True,True,True,5,12,285.1,3.1,5.4,8.1,2,False
Bad Bunny - KLOuFRENS,midshift+1.5s/seeded_correct,-950,547,-3,0,93750,1,6,False,True,True,7,12,269.4,3.4,6.1,68.2,2,True
Bad Bunny - KLOuFRENS,midshift+1.5s/seeded_wrong_2s,-950,550,0,0,93750,1,5,False,True,True,7,12,267.0,3.4,5.7,60.6,2,True
Bad Bunny - KLOuFRENS,midshift-1.5s/cold,-950,-953,1497,0,68000,2,5,True,True,True,5,12,277.2,3.0,5.3,74.1,2,False
Bad Bunny - KLOuFRENS,midshift-1.5s/seeded_correct,-950,-2450,0,0,36000,0,5,False,True,True,10,12,264.5,3.8,6.3,81.5,2,True
Bad Bunny - KLOuFRENS,midshift-1.5s/seeded_wrong_2s,-950,-2450,0,0,44000,0,4,False,True,True,10,12,267.7,3.7,6.4,74.1,2,True
Bad Bunny - NADIE SABE,off0/cold,-1000,-1001,-1,-3,66875,2,5,True,True,True,4,8,746.5,7.6,10.7,82.3,2,True
Bad Bunny - NADIE SABE,off0/seeded_correct,-1000,-996,4,0,201500,2,5,False,True,True,5,8,624.6,8.1,11.0,48.4,2,True
Bad Bunny - NADIE SABE,off0/seeded_wrong_2s,-1000,-995,5,0,201500,2,5,False,True,True,5,8,621.4,8.1,11.1,46.5,2,True
Bad Bunny - NADIE SABE,off+200/cold,-800,-800,0,-1,66875,2,5,True,True,True,4,8,752.4,7.6,11.0,82.3,2,True
Bad Bunny - NADIE SABE,off+200/seeded_correct,-800,-795,5,0,201500,2,5,False,True,True,5,8,631.0,8.4,11.3,48.4,2,True
Bad Bunny - NADIE SABE,off+200/seeded_wrong_2s,-800,-795,5,0,201500,2,5,False,True,True,5,8,634.1,8.3,11.2,46.5,2,True
Bad Bunny - NADIE SABE,off-200/cold,-1200,-1203,-3,-6,66875,2,5,True,True,True,4,8,757.3,7.5,11.1,82.3,2,True
Bad Bunny - NADIE SABE,off-200/seeded_correct,-1200,-1195,5,0,201500,2,5,False,True,True,5,8,643.1,8.4,11.1,49.6,2,True
Bad Bunny - NADIE SABE,off-200/seeded_wrong_2s,-1200,-1195,5,0,201500,2,5,False,True,True,5,8,632.1,8.3,11.2,46.6,2,True
Bad Bunny - NADIE SABE,off+2s/cold,1000,1000,0,0,45000,2,5,True,True,True,5,8,754.8,7.6,11.0,88.0,2,True
Bad Bunny - NADIE SABE,off+2s/seeded_correct,1000,1002,2,0,45000,2,4,False,True,True,5,8,755.5,7.5,11.1,90.7,2,True
Bad Bunny - NADIE SABE,off+2s/seeded_wrong_2s,1000,1002,2,0,45000,2,4,False,True,True,5,8,750.8,7.6,10.9,88.0,2,True
Bad Bunny - NADIE SABE,off-2s/cold,-3000,-3003,-3,-6,66875,2,5,True,True,True,5,8,764.2,7.5,10.9,82.4,2,True
Bad Bunny - NADIE SABE,off-2s/seeded_correct,-3000,-2998,2,0,201500,2,4,False,True,True,8,8,345.0,9.8,15.0,50.3,2,True
Bad Bunny - NADIE SABE,off-2s/seeded_wrong_2s,-3000,-2998,2,0,201500,2,4,False,True,True,8,8,345.0,9.9,14.7,46.8,2,True
Bad Bunny - NADIE SABE,off+10s/cold,9000,9005,5,0,201500,0,3,False,False,True,7,8,304.6,9.9,12.9,45.1,0,True
Bad Bunny - NADIE SABE,off+10s/second_play,9000,8999,-1,-4,45000,1,4,False,True,True,5,8,731.4,8.1,10.9,88.4,1,True
Bad Bunny - NADIE SABE,off+10s/seeded_correct,9000,9000,0,0,45000,1,4,False,True,True,5,8,727.8,8.1,10.9,88.4,1,True
Bad Bunny - NADIE SABE,off+10s/seeded_wrong_2s,9000,9000,0,0,45000,1,3,False,True,True,5,8,729.1,8.0,10.9,87.7,1,True
Bad Bunny - NADIE SABE,off-10s/cold,-11000,,,11000,,0,0,False,False,False,8,8,369.1,9.9,14.6,0.0,0,False
Bad Bunny - NADIE SABE,off-10s/second_play,-11000,,,11000,,0,0,False,False,False,8,8,371.2,9.8,15.6,0.0,0,False
Bad Bunny - NADIE SABE,off-10s/seeded_correct,-11000,-11000,0,0,336000,0,0,False,True,False,9,8,389.1,10.0,18.6,18.9,1,True
Bad Bunny - NADIE SABE,off-10s/seeded_wrong_2s,-11000,-9000,2000,0,336000,0,0,False,True,False,9,8,390.8,10.0,18.8,13.2,1,False
Bad Bunny - NADIE SABE,off+25s/cold,24000,23998,-2,0,41000,0,3,False,False,True,5,8,704.9,8.3,10.8,88.4,0,True
Bad Bunny - NADIE SABE,off+25s/second_play,24000,23999,-1,0,30000,1,3,False,True,True,3,8,967.3,5.8,10.8,92.2,1,True
Bad Bunny - NADIE SABE,off+25s/seeded_correct,24000,23998,-2,0,30000,1,3,False,True,True,3,8,965.9,5.5,10.7,92.2,1,True
Bad Bunny - NADIE SABE,off+25s/seeded_wrong_2s,24000,23997,-3,0,30000,1,4,False,True,True,4,8,966.6,5.7,10.6,91.5,1,True
Bad Bunny - NADIE SABE,off-25s/cold,-26000,,,26000,,0,0,False,False,False,8,8,417.5,10.0,13.8,0.0,0,False
Bad Bunny - NADIE SABE,off-25s/second_play,-26000,,,26000,,0,0,False,False,False,8,8,421.8,10.0,13.5,0.0,0,False
Bad Bunny - NADIE SABE,off-25s/seeded_correct,-26000,-26000,0,0,,0,0,False,False,False,8,8,420.4,9.9,13.4,100.0,0,True
Bad Bunny - NADIE SABE,off-25s/seeded_wrong_2s,-26000,-24000,2000,2000,,0,0,False,False,False,8,8,418.2,10.0,13.8,0.0,0,False
Bad Bunny - NADIE SABE,noise0/cold,-1000,-1001,-1,-3,66875,2,5,True,True,True,4,8,723.9,7.2,11.3,82.3,2,True
Bad Bunny - NADIE SABE,noise0/seeded_correct,-1000,-995,5,0,201500,2,5,False,True,True,5,8,615.2,8.0,11.4,48.4,2,True
Bad Bunny - NADIE SABE,noise0/seeded_wrong_2s,-1000,-995,5,0,201500,2,5,False,True,True,5,8,616.4,8.0,11.3,46.5,2,True
Bad Bunny - NADIE SABE,noise-2s/cold,-3000,-3003,-3,-6,66875,2,5,True,True,True,5,8,732.6,6.9,11.2,82.4,2,True
Bad Bunny - NADIE SABE,noise-2s/seeded_correct,-3000,-2998,2,0,201500,2,4,False,True,True,8,8,344.7,10.0,14.3,49.5,2,True
Bad Bunny - NADIE SABE,noise-2s/seeded_wrong_2s,-3000,-2000,1000,0,201500,3,3,False,True,True,8,8,343.4,9.7,14.5,46.8,2,False
Bad Bunny - NADIE SABE,cutin5s/cold,4000,4000,0,-3,66875,2,5,True,True,True,5,8,793.7,8.2,12.8,82.0,2,True
Bad Bunny - NADIE SABE,cutin5s/second_play,4000,4004,4,0,45000,2,4,False,True,True,5,8,789.2,8.2,12.2,89.4,2,True
Bad Bunny - NADIE SABE,cutin5s/seeded_correct,4000,4004,4,0,45000,2,4,False,True,True,5,8,794.9,8.5,12.2,89.4,2,True
Bad Bunny - NADIE SABE,cutin5s/seeded_wrong_2s,4000,4005,5,0,45000,2,4,False,True,True,5,8,790.1,8.3,12.3,87.9,2,True
Bad Bunny - NADIE SABE,cutin15s/cold,14000,13997,-3,0,41000,1,4,False,True,True,4,8,804.3,4.4,9.1,88.7,1,True
Bad Bunny - NADIE SABE,cutin15s/second_play,14000,13999,-1,0,30000,1,3,False,True,True,3,8,811.2,4.4,9.6,92.8,1,True
Bad Bunny - NADIE SABE,cutin15s/seeded_correct,14000,13998,-2,0,30000,1,3,False,True,True,3,8,801.1,4.3,9.3,92.8,1,True
Bad Bunny - NADIE SABE,cutin15s/seeded_wrong_2s,14000,13997,-3,0,30000,1,4,False,True,True,4,8,816.7,4.4,9.6,91.7,1,True
Bad Bunny - NADIE SABE,cutin25s/cold,24000,23998,-2,0,11500,0,2,False,True,True,3,8,1237.5,6.6,14.4,96.7,0,True
Bad Bunny - NADIE SABE,cutin25s/second_play,24000,23998,-2,-2,10000,0,2,False,True,True,3,8,1203.7,6.7,15.9,100.0,0,True
Bad Bunny - NADIE SABE,cutin25s/seeded_correct,24000,23998,-2,0,10000,0,2,False,True,True,3,8,1098.7,5.7,12.6,100.0,0,True
Bad Bunny - NADIE SABE,cutin25s/seeded_wrong_2s,24000,23998,-2,0,11500,0,2,False,True,True,3,8,1086.9,6.2,12.8,96.7,0,True
Bad Bunny - NADIE SABE,blend8s/cold,-1000,-1001,-1,-3,66875,3,6,True,False,True,5,8,842.2,8.2,12.0,82.3,2,True
Bad Bunny - NADIE SABE,blend8s/seeded_correct,-1000,-997,3,0,201500,3,6,False,False,True,6,8,694.7,8.6,12.1,53.0,2,True
Bad Bunny - NADIE SABE,blend8s/seeded_wrong_2s,-1000,-996,4,0,201500,3,6,False,False,True,6,8,694.9,8.9,12.2,46.5,2,True
Bad Bunny - NADIE SABE,midshift+1.5s/cold,-1000,498,-2,-3,78750,2,5,True,True,True,4,8,1081.8,11.3,14.5,79.0,2,True
Bad Bunny - NADIE SABE,midshift+1.5s/seeded_correct,-1000,502,2,0,201500,2,5,False,True,True,5,8,886.9,12.5,14.9,48.2,2,True
Bad Bunny - NADIE SABE,midshift+1.5s/seeded_wrong_2s,-1000,503,3,0,201500,2,5,False,True,True,5,8,904.1,12.6,15.1,46.3,2,True
Bad Bunny - NADIE SABE,midshift-1.5s/cold,-1000,-2501,-1,-3,78750,2,5,True,True,True,4,8,952.5,9.8,13.7,79.2,2,True
Bad Bunny - NADIE SABE,midshift-1.5s/seeded_correct,-1000,-2493,7,0,201500,2,4,False,True,True,6,8,422.8,12.2,14.8,48.6,2,True
Bad Bunny - NADIE SABE,midshift-1.5s/seeded_wrong_2s,-1000,-2481,19,0,201500,2,4,False,True,True,6,8,420.4,11.8,17.3,46.8,2,True
Bad Bunny - 120,off0/cold,-1025,-1027,-2,-3,46575,0,3,True,True,True,5,6,191.7,3.3,5.5,69.1,0,True
Bad Bunny - 120,off0/seeded_correct,-1025,-1028,-3,0,57750,0,4,False,True,True,5,6,185.2,3.3,4.8,69.3,0,True
Bad Bunny - 120,off0/seeded_wrong_2s,-1025,-1028,-3,-3,57750,0,2,False,True,True,5,6,176.9,3.0,4.8,61.7,0,True
Bad Bunny - 120,off+200/cold,-825,-826,-1,0,57750,0,3,True,True,True,5,6,176.7,3.3,4.5,61.7,0,True
Bad Bunny - 120,off+200/seeded_correct,-825,-828,-3,0,57750,0,4,False,True,True,5,6,183.0,3.2,4.9,68.3,0,True
Bad Bunny - 120,off+200/seeded_wrong_2s,-825,-829,-4,-4,57750,0,2,False,True,True,5,6,186.2,3.3,5.0,61.7,0,True
Bad Bunny - 120,off-200/cold,-1225,-1227,-2,-6,44850,0,4,True,True,True,5,6,192.2,3.6,5.4,70.3,0,True
Bad Bunny - 120,off-200/seeded_correct,-1225,-1223,2,0,57750,0,3,False,True,True,5,6,190.6,3.4,4.9,69.4,0,True
Bad Bunny - 120,off-200/seeded_wrong_2s,-1225,-1223,2,2,57750,0,2,False,True,True,5,6,178.4,2.9,4.8,61.8,0,True
Bad Bunny - 120,off+2s/cold,975,974,-1,0,57750,0,3,True,True,True,5,6,199.5,3.6,5.9,61.2,0,True
Bad Bunny - 120,off+2s/seeded_correct,975,972,-3,0,57750,0,4,False,True,True,5,6,194.0,3.5,5.7,66.9,0,True
Bad Bunny - 120,off+2s/seeded_wrong_2s,975,971,-4,-4,57750,0,2,False,True,True,5,6,182.7,3.4,4.8,61.2,0,True
Bad Bunny - 120,off-2s/cold,-3025,-3027,-2,1025,,0,4,True,True,False,8,6,215.6,3.5,6.0,0.0,2,True
Bad Bunny - 120,off-2s/seeded_correct,-3025,-3025,0,-25,108000,0,0,False,True,False,8,6,206.8,3.4,6.0,37.8,2,True
Bad Bunny - 120,off-2s/seeded_wrong_2s,-3025,-1025,2000,1025,,0,0,False,True,False,8,6,217.1,3.4,6.1,0.0,2,False
Bad Bunny - 120,off+10s/cold,8975,8975,0,0,57750,0,1,False,False,False,6,6,209.0,3.5,5.0,59.0,0,True
Bad Bunny - 120,off+10s/second_play,8975,8972,-3,-3,57750,0,3,False,True,True,5,6,184.0,3.7,5.5,60.8,0,True
Bad Bunny - 120,off+10s/seeded_correct,8975,8972,-3,0,57750,0,4,False,True,True,5,6,178.0,3.7,5.2,60.8,0,True
Bad Bunny - 120,off+10s/seeded_wrong_2s,8975,8971,-4,-4,57750,0,2,False,True,True,5,6,183.1,3.9,4.9,59.0,0,True
Bad Bunny - 120,off-10s/cold,-11025,,,11025,,0,0,False,True,False,8,6,217.7,3.5,5.4,0.0,2,False
Bad Bunny - 120,off-10s/second_play,-11025,,,11025,,0,0,False,True,False,8,6,213.8,3.3,5.3,0.0,2,False
Bad Bunny - 120,off-10s/seeded_correct,-11025,-11025,0,1025,,0,0,False,True,False,8,6,198.2,2.7,4.9,12.7,2,True
Bad Bunny - 120,off-10s/seeded_wrong_2s,-11025,-9025,2000,1025,,0,0,False,True,False,8,6,214.3,3.2,5.6,0.0,2,False
Bad Bunny - 120,off+25s/cold,23975,23975,0,0,57750,0,2,False,False,False,6,6,204.2,3.7,6.4,54.1,0,True
Bad Bunny - 120,off+25s/second_play,23975,23972,-3,0,2500,0,2,False,True,True,1,6,178.0,3.7,4.7,100.0,0,True
Bad Bunny - 120,off+25s/seeded_correct,23975,23972,-3,0,2500,0,2,False,True,True,1,6,168.0,3.2,4.9,100.0,0,True
Bad Bunny - 120,off+25s/seeded_wrong_2s,23975,23972,-3,0,2500,0,2,False,True,True,1,6,187.4,3.8,5.3,98.0,0,True
Bad Bunny - 120,off-25s/cold,-26025,,,26025,,0,0,False,False,False,6,6,195.8,3.1,4.6,0.0,0,False
Bad Bunny - 120,off-25s/second_play,-26025,,,26025,,0,0,False,False,False,6,6,201.4,3.1,5.1,0.0,0,False
Bad Bunny - 120,off-25s/seeded_correct,-26025,-26025,0,0,,0,0,False,False,False,6,6,200.5,3.1,5.2,100.0,0,True
Bad Bunny - 120,off-25s/seeded_wrong_2s,-26025,-24025,2000,2000,,0,0,False,False,False,6,6,196.6,3.3,4.9,0.0,0,False
Bad Bunny - 120,noise0/cold,-1025,-1027,-2,-25,100000,0,3,True,True,True,6,6,142.3,2.4,3.9,33.7,1,True
Bad Bunny - 120,noise0/seeded_correct,-1025,-1028,-3,1025,,0,1,False,True,True,6,6,149.6,2.3,3.3,4.6,2,True
Bad Bunny - 120,noise0/seeded_wrong_2s,-1025,-1027,-2,1025,,0,2,False,True,True,7,6,148.8,2.4,4.1,0.0,2,True
Bad Bunny - 120,noise-2s/cold,-3025,-3028,-3,1025,,0,2,True,True,True,6,6,152.6,2.2,3.9,0.0,2,True
Bad Bunny - 120,noise-2s/seeded_correct,-3025,-3025,0,-25,108000,0,0,False,True,False,8,6,157.4,2.5,4.6,35.9,2,True
Bad Bunny - 120,noise-2s/seeded_wrong_2s,-3025,-1025,2000,1025,,0,0,False,True,False,8,6,151.1,2.4,4.7,0.0,2,False
Bad Bunny - 120,cutin5s/cold,3975,3973,-2,0,57750,0,3,True,True,True,5,6,131.3,2.5,3.9,60.4,0,True
Bad Bunny - 120,cutin5s/second_play,3975,3973,-2,-2,57750,0,3,False,True,True,5,6,123.1,2.4,3.4,64.2,0,True
Bad Bunny - 120,cutin5s/seeded_correct,3975,3972,-3,-3,57750,0,3,False,True,True,5,6,132.9,2.5,3.6,64.2,0,True
Bad Bunny - 120,cutin5s/seeded_wrong_2s,3975,3971,-4,-4,57750,0,2,False,True,True,5,6,128.3,2.5,3.4,60.4,0,True
Bad Bunny - 120,cutin15s/cold,13975,13972,-3,0,10000,0,2,False,True,True,1,6,117.9,1.8,2.8,92.6,0,True
Bad Bunny - 120,cutin15s/second_play,13975,13972,-3,-3,4000,0,2,False,True,True,1,6,109.2,2.0,2.9,100.0,0,True
Bad Bunny - 120,cutin15s/seeded_correct,13975,13972,-3,0,4000,0,2,False,True,True,1,6,109.1,1.9,3.0,100.0,0,True
Bad Bunny - 120,cutin15s/seeded_wrong_2s,13975,13971,-4,0,4000,0,2,False,True,True,1,6,108.6,1.9,2.9,97.1,0,True
Bad Bunny - 120,cutin25s/cold,23975,23972,-3,0,4000,0,2,False,True,True,1,6,107.3,2.0,2.9,96.8,0,True
Bad Bunny - 120,cutin25s/second_play,23975,23972,-3,-3,4000,0,2,False,True,True,1,6,101.6,1.9,2.9,100.0,0,True
Bad Bunny - 120,cutin25s/seeded_correct,23975,23972,-3,0,4000,0,2,False,True,True,1,6,104.0,1.9,2.9,100.0,0,True
Bad Bunny - 120,cutin25s/seeded_wrong_2s,23975,23972,-3,0,4000,0,2,False,True,True,1,6,104.5,2.1,2.9,96.8,0,True
Bad Bunny - 120,blend8s/cold,-1025,-1027,-2,-3,46575,0,3,True,True,True,5,6,150.6,2.7,4.0,69.1,0,True
Bad Bunny - 120,blend8s/seeded_correct,-1025,-1028,-3,0,57750,0,4,False,True,True,5,6,146.8,2.5,4.1,69.3,0,True
Bad Bunny - 120,blend8s/seeded_wrong_2s,-1025,-1028,-3,-3,57750,0,2,False,True,True,5,6,146.0,2.5,3.8,61.7,0,True
Bad Bunny - 120,midshift+1.5s/cold,-1025,-1027,-1502,1275,,0,2,True,True,True,7,6,169.9,2.9,5.2,9.0,2,False
Bad Bunny - 120,midshift+1.5s/seeded_correct,-1025,-1025,-1500,-1500,57750,0,3,False,True,True,7,6,175.4,2.9,5.3,9.2,2,False
Bad Bunny - 120,midshift+1.5s/seeded_wrong_2s,-1025,-1028,-1503,1275,,0,1,False,True,True,7,6,183.5,3.1,5.0,1.5,2,False
Bad Bunny - 120,midshift-1.5s/cold,-1025,-1026,1499,1499,,1,3,True,True,True,7,6,168.0,2.6,4.8,8.8,2,False
Bad Bunny - 120,midshift-1.5s/seeded_correct,-1025,-1025,1500,0,57750,0,3,False,True,True,7,6,164.1,2.6,4.0,60.4,2,False
Bad Bunny - 120,midshift-1.5s/seeded_wrong_2s,-1025,-1028,1497,1497,57750,0,1,False,True,True,7,6,166.1,2.6,4.6,1.5,2,False
"Arcángel, Bad Bunny - La Jumpa",off0/cold,350,348,-2,0,7000,0,3,True,True,True,1,13,489.6,3.6,8.3,97.2,0,True
"Arcángel, Bad Bunny - La Jumpa",off0/seeded_correct,350,349,-1,0,7000,0,2,False,True,True,1,13,479.8,3.6,8.2,100.0,0,True
"Arcángel, Bad Bunny - La Jumpa",off0/seeded_wrong_2s,350,349,-1,0,7000,0,2,False,True,True,1,13,478.6,3.2,7.9,97.2,0,True
"Arcángel, Bad Bunny - La Jumpa",off+200/cold,550,549,-1,0,7000,0,3,True,True,True,1,13,475.3,3.7,7.6,97.2,0,True
"Arcángel, Bad Bunny - La Jumpa",off+200/seeded_correct,550,549,-1,0,7000,0,2,False,True,True,1,13,488.4,3.7,8.1,100.0,0,True
"Arcángel, Bad Bunny - La Jumpa",off+200/seeded_wrong_2s,550,549,-1,0,7000,0,2,False,True,True,1,13,478.0,3.6,7.9,97.2,0,True
"Arcángel, Bad Bunny - La Jumpa",off-200/cold,150,147,-3,0,7000,0,3,True,True,True,1,13,481.8,4.0,7.7,100.0,0,True
"Arcángel, Bad Bunny - La Jumpa",off-200/seeded_correct,150,149,-1,0,7000,0,2,False,True,True,1,13,481.2,3.7,7.9,100.0,0,True
"Arcángel, Bad Bunny - La Jumpa",off-200/seeded_wrong_2s,150,149,-1,0,7000,0,2,False,True,True,1,13,470.5,3.7,7.5,97.3,0,True
"Arcángel, Bad Bunny - La Jumpa",off+2s/cold,2350,2350,0,0,5500,0,3,True,True,True,1,13,506.2,3.7,8.5,97.8,0,True
"Arcángel, Bad Bunny - La Jumpa",off+2s/seeded_correct,2350,2349,-1,0,5500,0,2,False,True,True,1,13,538.2,4.8,8.1,100.0,0,True
"Arcángel, Bad Bunny - La Jumpa",off+2s/seeded_wrong_2s,2350,2349,-1,0,5500,0,2,False,True,True,1,13,478.8,3.9,8.0,97.8,0,True
"Arcángel, Bad Bunny - La Jumpa",off-2s/cold,-1650,-1653,-3,0,10000,0,3,True,True,True,2,13,490.6,3.3,8.0,96.1,0,True
"Arcángel, Bad Bunny - La Jumpa",off-2s/seeded_correct,-1650,-1650,0,0,10000,0,2,False,True,True,1,13,483.9,3.6,8.0,100.0,0,True
"Arcángel, Bad Bunny - La Jumpa",off-2s/seeded_wrong_2s,-1650,-1651,-1,0,10000,0,2,False,True,True,2,13,481.4,3.8,8.0,96.1,0,True
"Arcángel, Bad Bunny - La Jumpa",off+10s/cold,10350,10344,-6,0,40000,0,3,False,False,True,5,13,508.6,4.2,7.9,83.6,0,True
"Arcángel, Bad Bunny - La Jumpa",off+10s/second_play,10350,10348,-2,-6,2500,0,2,False,True,True,1,13,474.1,3.6,8.4,100.0,0,True
"Arcángel, Bad Bunny - La Jumpa",off+10s/seeded_correct,10350,10349,-1,0,2500,0,2,False,True,True,1,13,473.2,4.4,7.8,100.0,0,True
"Arcángel, Bad Bunny - La Jumpa",off+10s/seeded_wrong_2s,10350,10349,-1,0,2500,0,2,False,True,True,1,13,480.5,4.0,8.2,99.0,0,True
"Arcángel, Bad Bunny - La Jumpa",off-10s/cold,-9650,100,9750,0,226000,2,3,False,False,False,14,13,299.8,6.7,13.4,14.6,1,False
"Arcángel, Bad Bunny - La Jumpa",off-10s/second_play,-9650,100,9750,0,226000,2,3,False,False,False,14,13,302.9,6.8,14.5,14.6,1,False
"Arcángel, Bad Bunny - La Jumpa",off-10s/seeded_correct,-9650,100,9750,0,17500,1,1,False,True,False,13,13,280.8,7.2,13.0,100.0,0,False
"Arcángel, Bad Bunny - La Jumpa",off-10s/seeded_wrong_2s,-9650,100,9750,0,17500,1,1,False,True,False,13,13,266.5,6.1,11.8,93.4,0,False
"Arcángel, Bad Bunny - La Jumpa",off+25s/cold,25350,25343,-7,0,40000,0,3,False,False,True,4,13,508.6,4.2,8.0,82.6,0,True
"Arcángel, Bad Bunny - La Jumpa",off+25s/second_play,25350,25348,-2,-7,2500,0,2,False,True,True,1,13,493.4,4.4,8.5,100.0,0,True
"Arcángel, Bad Bunny - La Jumpa",off+25s/seeded_correct,25350,25349,-1,0,2500,0,2,False,True,True,1,13,461.8,4.4,8.1,100.0,0,True
"Arcángel, Bad Bunny - La Jumpa",off+25s/seeded_wrong_2s,25350,25349,-1,0,2500,0,2,False,True,True,1,13,462.2,4.4,8.2,98.9,0,True
"Arcángel, Bad Bunny - La Jumpa",off-25s/cold,-24650,,,24650,,0,0,False,False,False,13,13,311.7,7.1,10.8,0.0,0,False
"Arcángel, Bad Bunny - La Jumpa",off-25s/second_play,-24650,,,24650,,0,0,False,False,False,13,13,314.0,6.7,11.8,0.0,0,False
"Arcángel, Bad Bunny - La Jumpa",off-25s/seeded_correct,-24650,-24650,0,0,,0,0,False,False,False,13,13,306.8,7.1,11.6,100.0,0,True
"Arcángel, Bad Bunny - La Jumpa",off-25s/seeded_wrong_2s,-24650,-22650,2000,2000,,0,0,False,False,False,13,13,296.5,6.7,12.1,0.0,0,False
"Arcángel, Bad Bunny - La Jumpa",noise0/cold,350,346,-4,-3,7000,0,3,True,True,True,1,13,445.4,3.5,7.2,97.2,0,True
"Arcángel, Bad Bunny - La Jumpa",noise0/seeded_correct,350,342,-8,-25,7000,0,2,False,True,True,1,13,449.6,3.4,7.7,100.0,0,True
"Arcángel, Bad Bunny - La Jumpa",noise0/seeded_wrong_2s,350,340,-10,-25,7000,0,2,False,True,True,1,13,444.6,3.1,7.4,97.2,0,True
"Arcángel, Bad Bunny - La Jumpa",noise-2s/cold,-1650,-1655,-5,-25,10000,0,3,True,True,True,2,13,452.2,3.5,7.4,96.1,0,True
"Arcángel, Bad Bunny - La Jumpa",noise-2s/seeded_correct,-1650,-1657,-7,-25,10000,0,2,False,True,True,1,13,449.4,3.5,7.8,100.0,0,True
"Arcángel, Bad Bunny - La Jumpa",noise-2s/seeded_wrong_2s,-1650,-1659,-9,-25,10000,0,2,False,True,True,2,13,438.5,3.6,7.2,96.1,0,True
"Arcángel, Bad Bunny - La Jumpa",cutin5s/cold,5350,5349,-1,0,4000,0,2,False,True,True,1,13,491.3,4.0,7.7,98.4,0,True
"Arcángel, Bad Bunny - La Jumpa",cutin5s/second_play,5350,5349,-1,-1,4000,0,2,False,True,True,1,13,474.3,3.9,7.7,100.0,0,True
"Arcángel, Bad Bunny - La Jumpa",cutin5s/seeded_correct,5350,5349,-1,0,4000,0,2,False,True,True,1,13,475.5,4.2,8.2,100.0,0,True
"Arcángel, Bad Bunny - La Jumpa",cutin5s/seeded_wrong_2s,5350,5349,-1,0,4000,0,2,False,True,True,1,13,471.7,3.6,7.7,98.4,0,True
"Arcángel, Bad Bunny - La Jumpa",cutin15s/cold,15350,15349,-1,0,4000,0,2,False,True,True,1,13,357.6,3.0,6.2,98.3,0,True
"Arcángel, Bad Bunny - La Jumpa",cutin15s/second_play,15350,15349,-1,-1,4000,0,2,False,True,True,1,13,354.0,3.0,6.2,100.0,0,True
"Arcángel, Bad Bunny - La Jumpa",cutin15s/seeded_correct,15350,15349,-1,0,4000,0,2,False,True,True,1,13,348.8,3.0,5.9,100.0,0,True
"Arcángel, Bad Bunny - La Jumpa",cutin15s/seeded_wrong_2s,15350,15349,-1,0,4000,0,2,False,True,True,1,13,340.5,3.0,6.0,98.3,0,True
"Arcángel, Bad Bunny - La Jumpa",cutin25s/cold,25350,25347,-3,0,17500,0,2,False,True,True,3,13,471.8,4.1,8.3,92.4,0,True
"Arcángel, Bad Bunny - La Jumpa",cutin25s/second_play,25350,25347,-3,-3,5500,0,3,False,True,True,3,13,444.2,3.9,8.7,100.0,0,True
"Arcángel, Bad Bunny - La Jumpa",cutin25s/seeded_correct,25350,25349,-1,0,17500,0,2,False,True,True,2,13,447.8,3.6,8.3,100.0,0,True
"Arcángel, Bad Bunny - La Jumpa",cutin25s/seeded_wrong_2s,25350,25347,-3,0,17500,0,2,False,True,True,3,13,445.6,3.5,8.0,92.4,0,True
"Arcángel, Bad Bunny - La Jumpa",blend8s/cold,350,347,-3,0,26000,0,4,True,False,True,3,13,483.1,3.3,7.7,89.8,0,True
"Arcángel, Bad Bunny - La Jumpa",blend8s/seeded_correct,350,347,-3,0,26000,0,3,False,False,True,2,13,505.5,3.5,7.3,100.0,0,True
"Arcángel, Bad Bunny - La Jumpa",blend8s/seeded_wrong_2s,350,345,-5,0,26000,0,3,False,False,True,3,13,507.4,3.7,8.1,89.8,0,True
"Arcángel, Bad Bunny - La Jumpa",midshift+1.5s/cold,350,350,-1500,0,7000,2,4,True,True,True,3,13,621.0,5.6,9.3,91.6,1,False
"Arcángel, Bad Bunny - La Jumpa",midshift+1.5s/seeded_correct,350,1845,-5,-7,7000,0,4,False,True,True,5,13,518.3,6.7,9.5,87.9,1,True
"Arcángel, Bad Bunny - La Jumpa",midshift+1.5s/seeded_wrong_2s,350,1847,-3,-4,7000,0,4,False,True,True,5,13,521.6,6.5,9.1,85.2,1,True
"Arcángel, Bad Bunny - La Jumpa",midshift-1.5s/cold,350,337,1487,0,7000,2,4,True,True,True,4,13,512.9,4.8,8.0,91.7,1,False
"Arcángel, Bad Bunny - La Jumpa",midshift-1.5s/seeded_correct,350,-1148,2,0,7000,0,4,False,True,True,5,13,447.7,4.9,8.6,94.4,1,True
"Arcángel, Bad Bunny - La Jumpa",midshift-1.5s/seeded_wrong_2s,350,-1135,15,0,7000,0,3,False,True,True,6,13,397.2,5.8,8.8,58.6,1,True
Bad Bunny - 258,off0/cold,-1112,-1025,87,87,11500,0,3,False,True,True,5,5,444.6,4.3,7.3,95.2,2,True
Bad Bunny - 258,off0/seeded_correct,-1112,-1025,87,87,11500,0,4,False,True,True,5,5,433.1,3.6,7.6,100.0,2,True
Bad Bunny - 258,off0/seeded_wrong_2s,-1112,-1025,87,87,11500,0,3,False,True,True,5,5,437.9,4.2,7.2,95.2,2,True
Bad Bunny - 258,off+200/cold,-912,-825,87,87,11500,0,3,False,True,True,5,5,444.6,3.8,7.4,95.2,2,True
Bad Bunny - 258,off+200/seeded_correct,-912,-825,87,87,11500,0,4,False,True,True,5,5,440.4,4.1,7.2,100.0,2,True
Bad Bunny - 258,off+200/seeded_wrong_2s,-912,-825,87,87,11500,0,3,False,True,True,5,5,442.5,4.3,7.3,95.2,2,True
Bad Bunny - 258,off-200/cold,-1312,-1225,87,87,11500,0,3,False,True,True,5,5,445.7,4.3,7.3,95.3,2,True
Bad Bunny - 258,off-200/seeded_correct,-1312,-1225,87,87,11500,0,4,False,True,True,5,5,442.5,4.3,7.0,100.0,2,True
Bad Bunny - 258,off-200/seeded_wrong_2s,-1312,-1225,87,87,11500,0,3,False,True,True,5,5,446.4,4.1,7.5,95.3,2,True
Bad Bunny - 258,off+2s/cold,888,975,87,87,10000,0,3,False,True,True,5,5,446.4,4.6,7.4,95.8,2,True
Bad Bunny - 258,off+2s/seeded_correct,888,975,87,87,10000,0,4,False,True,True,5,5,443.7,4.1,7.3,100.0,2,True
Bad Bunny - 258,off+2s/seeded_wrong_2s,888,975,87,87,10000,0,3,False,True,True,5,5,441.4,4.4,7.6,95.8,2,True
Bad Bunny - 258,off-2s/cold,-3112,-3025,87,37,13000,0,2,False,True,False,7,5,444.0,4.1,7.2,94.7,2,True
Bad Bunny - 258,off-2s/seeded_correct,-3112,-3025,87,87,13000,0,2,False,True,True,7,5,447.8,4.3,7.7,100.0,2,True
Bad Bunny - 258,off-2s/seeded_wrong_2s,-3112,-3025,87,87,13000,0,1,False,True,False,7,5,440.8,4.3,7.1,94.7,2,True
Bad Bunny - 258,off+10s/cold,8888,2575,-6313,-8888,,1,1,False,False,False,5,5,441.7,3.9,7.5,0.0,0,False
Bad Bunny - 258,off+10s/second_play,8888,8975,87,87,86000,0,1,False,False,False,7,5,454.9,4.4,7.4,62.9,2,True
Bad Bunny - 258,off+10s/seeded_correct,8888,8975,87,87,2500,0,4,False,True,True,5,5,423.2,5.0,7.2,100.0,2,True
Bad Bunny - 258,off+10s/seeded_wrong_2s,8888,8975,87,87,2500,0,3,False,True,True,5,5,430.5,4.6,7.4,98.9,2,True
Bad Bunny - 258,off-10s/cold,-11112,,,11112,,0,0,False,False,False,5,5,438.3,4.2,7.3,0.0,0,False
Bad Bunny - 258,off-10s/second_play,-11112,,,11112,,0,0,False,False,False,5,5,459.0,4.0,8.6,0.0,0,False
Bad Bunny - 258,off-10s/seeded_correct,-11112,-11112,0,37,22000,0,0,False,True,False,7,5,450.2,4.3,7.4,100.0,2,True
Bad Bunny - 258,off-10s/seeded_wrong_2s,-11112,-9112,2000,37,22000,0,0,False,True,False,7,5,441.4,4.1,7.2,91.3,2,False
Bad Bunny - 258,off+25s/cold,23888,24000,112,112,,0,3,False,False,False,7,5,468.5,4.7,7.5,81.3,2,True
Bad Bunny - 258,off+25s/second_play,23888,23919,31,37,2500,0,4,False,True,True,5,5,429.4,4.8,7.6,100.0,2,True
Bad Bunny - 258,off+25s/seeded_correct,23888,23975,87,87,2500,0,3,False,True,True,6,5,407.2,4.9,7.6,100.0,2,True
Bad Bunny - 258,off+25s/seeded_wrong_2s,23888,23975,87,87,2500,0,2,False,True,True,5,5,443.5,5.0,8.0,98.8,2,True
Bad Bunny - 258,off-25s/cold,-26112,,,26112,,0,0,False,False,False,5,5,434.3,4.1,7.6,0.0,0,False
Bad Bunny - 258,off-25s/second_play,-26112,,,26112,,0,0,False,False,False,5,5,432.0,4.2,7.7,0.0,0,False
Bad Bunny - 258,off-25s/seeded_correct,-26112,-26112,0,0,,0,0,False,False,False,5,5,435.4,3.8,7.1,100.0,0,True
Bad Bunny - 258,off-25s/seeded_wrong_2s,-26112,-24112,2000,2000,,0,0,False,False,False,5,5,429.2,3.9,7.2,0.0,0,False
Bad Bunny - 258,noise0/cold,-1112,-1025,87,87,19000,0,3,False,True,True,5,5,403.4,3.1,6.6,92.2,2,True
Bad Bunny - 258,noise0/seeded_correct,-1112,-1025,87,87,17500,0,4,False,True,True,7,5,403.2,3.6,7.0,100.0,2,True
Bad Bunny - 258,noise0/seeded_wrong_2s,-1112,-1025,87,87,17500,0,4,False,True,True,7,5,402.6,3.6,7.1,92.8,2,True
Bad Bunny - 258,noise-2s/cold,-3112,-3025,87,37,22000,0,3,False,True,True,6,5,407.7,3.6,6.6,91.0,2,True
Bad Bunny - 258,noise-2s/seeded_correct,-3112,-3025,87,87,20500,0,1,False,True,False,7,5,391.8,3.3,6.3,100.0,2,True
Bad Bunny - 258,noise-2s/seeded_wrong_2s,-3112,-3025,87,87,20500,0,1,False,True,False,7,5,396.3,3.5,6.8,91.6,2,True
Bad Bunny - 258,cutin5s/cold,3888,3975,87,37,4000,0,5,False,True,True,7,5,400.9,4.2,7.2,98.3,2,True
Bad Bunny - 258,cutin5s/second_play,3888,3975,87,87,4000,0,4,False,True,True,5,5,397.9,4.0,7.3,100.0,2,True
Bad Bunny - 258,cutin5s/seeded_correct,3888,3975,87,87,4000,0,4,False,True,True,5,5,404.5,4.3,7.1,100.0,2,True
Bad Bunny - 258,cutin5s/seeded_wrong_2s,3888,3975,87,87,4000,0,3,False,True,True,5,5,414.8,4.5,7.2,98.3,2,True
Bad Bunny - 258,cutin15s/cold,13888,13975,87,-13,4000,0,2,False,True,True,5,5,307.6,3.3,5.7,98.2,2,True
Bad Bunny - 258,cutin15s/second_play,13888,13975,87,87,4000,0,3,False,True,True,5,5,306.5,3.4,5.8,100.0,2,True
Bad Bunny - 258,cutin15s/seeded_correct,13888,13975,87,87,4000,0,4,False,True,True,5,5,316.7,3.8,5.5,100.0,2,True
Bad Bunny - 258,cutin15s/seeded_wrong_2s,13888,13975,87,87,4000,0,3,False,True,True,5,5,287.5,3.3,5.1,98.2,2,True
Bad Bunny - 258,cutin25s/cold,23888,23975,87,37,4000,0,3,False,True,True,5,5,363.1,4.3,7.0,98.2,2,True
Bad Bunny - 258,cutin25s/second_play,23888,23975,87,87,4000,0,4,False,True,True,5,5,336.0,4.0,6.4,100.0,2,True
Bad Bunny - 258,cutin25s/seeded_correct,23888,23975,87,87,4000,0,4,False,True,True,5,5,340.6,4.2,6.5,100.0,2,True
Bad Bunny - 258,cutin25s/seeded_wrong_2s,23888,23975,87,87,4000,0,4,False,True,True,5,5,335.0,4.1,6.6,98.2,2,True
Bad Bunny - 258,blend8s/cold,-1112,-1025,87,87,20500,0,3,False,True,True,5,5,466.5,4.0,8.5,91.5,2,True
Bad Bunny - 258,blend8s/seeded_correct,-1112,-1025,87,87,20500,0,2,False,True,True,4,5,454.4,3.7,7.3,100.0,2,True
Bad Bunny - 258,blend8s/seeded_wrong_2s,-1112,-1025,87,87,20500,0,3,False,True,True,5,5,449.3,3.9,7.3,91.5,2,True
Bad Bunny - 258,midshift+1.5s/cold,-1112,-1112,-1500,-1500,,1,3,False,True,True,5,5,542.0,5.1,9.5,20.2,2,False
Bad Bunny - 258,midshift+1.5s/seeded_correct,-1112,-1122,-1510,-1510,,1,4,False,True,True,5,5,539.2,4.8,9.4,24.9,2,False
Bad Bunny - 258,midshift+1.5s/seeded_wrong_2s,-1112,-1122,-1510,-1463,11500,1,3,False,True,True,5,5,538.2,5.0,9.3,20.2,2,False
Bad Bunny - 258,midshift-1.5s/cold,-1112,-1112,1500,62,11500,1,4,False,True,True,5,5,448.7,3.9,7.0,87.1,2,False
Bad Bunny - 258,midshift-1.5s/seeded_correct,-1112,-1122,1490,62,11500,1,5,False,True,True,5,5,480.9,4.5,8.1,91.8,2,False
Bad Bunny - 258,midshift-1.5s/seeded_wrong_2s,-1112,-1122,1490,62,11500,1,4,False,True,True,5,5,462.2,4.3,7.5,87.1,2,False
ACDC - Thunderstruck,off0/cold,-1050,-1045,5,0,37000,2,5,True,True,True,4,20,751.6,5.3,10.0,87.4,1,True
ACDC - Thunderstruck,off0/seeded_correct,-1050,-1047,3,5,37000,1,5,False,True,True,5,20,749.0,5.3,10.4,89.8,1,True
ACDC - Thunderstruck,off0/seeded_wrong_2s,-1050,-1047,3,5,41000,1,4,False,True,True,5,20,756.5,5.2,10.7,86.0,1,True
ACDC - Thunderstruck,off+200/cold,-850,-846,4,0,37000,2,5,True,True,True,4,20,775.9,5.2,10.2,87.4,1,True
ACDC - Thunderstruck,off+200/seeded_correct,-850,-847,3,0,37000,1,4,False,True,True,4,20,753.3,5.3,10.2,89.8,1,True
ACDC - Thunderstruck,off+200/seeded_wrong_2s,-850,-848,2,4,41000,1,4,False,True,True,5,20,765.4,5.3,10.4,86.0,1,True
ACDC - Thunderstruck,off-200/cold,-1250,-1252,-2,-6,26425,1,4,True,True,True,3,20,760.1,5.1,10.1,91.0,1,True
ACDC - Thunderstruck,off-200/seeded_correct,-1250,-1248,2,3,41000,1,4,False,True,True,5,20,770.5,5.6,10.9,88.9,1,True
ACDC - Thunderstruck,off-200/seeded_wrong_2s,-1250,-1247,3,4,41000,1,4,False,True,True,5,20,775.3,4.9,10.4,86.1,1,True
ACDC - Thunderstruck,off+2s/cold,950,951,1,0,30650,1,4,True,True,True,3,20,781.1,5.7,10.6,89.5,1,True
ACDC - Thunderstruck,off+2s/seeded_correct,950,952,2,5,37000,1,4,False,True,True,4,20,757.8,5.2,10.3,89.2,1,True
ACDC - Thunderstruck,off+2s/seeded_wrong_2s,950,951,1,3,41000,1,4,False,True,True,5,20,768.8,5.6,10.4,86.0,1,True
ACDC - Thunderstruck,off-2s/cold,-3050,-3053,-3,-6,26425,1,3,True,True,True,3,20,751.0,4.8,10.4,91.1,1,True
ACDC - Thunderstruck,off-2s/seeded_correct,-3050,-3052,-2,-2,45000,1,3,False,True,True,5,20,755.6,5.1,10.4,88.2,1,True
ACDC - Thunderstruck,off-2s/seeded_wrong_2s,-3050,-3052,-2,3575,,3,5,False,True,True,16,20,575.4,6.6,12.4,0.0,2,True
ACDC - Thunderstruck,off+10s/cold,8950,8946,-4,0,41000,0,3,False,False,True,7,20,770.2,6.0,11.2,85.6,0,True
ACDC - Thunderstruck,off+10s/second_play,8950,8956,6,0,22000,1,4,False,True,True,3,20,755.0,5.7,10.6,93.1,1,True
ACDC - Thunderstruck,off+10s/seeded_correct,8950,8955,5,0,22000,1,4,False,True,True,3,20,748.3,5.9,10.4,93.1,1,True
ACDC - Thunderstruck,off+10s/seeded_wrong_2s,8950,8957,7,0,22000,1,4,False,True,True,3,20,755.4,5.8,10.2,92.2,1,True
ACDC - Thunderstruck,off-10s/cold,-11050,-246,10804,10825,,1,1,False,False,False,22,20,583.5,9.1,16.4,0.0,2,False
ACDC - Thunderstruck,off-10s/second_play,-11050,-249,10801,10804,,2,2,False,False,False,22,20,579.1,8.8,17.6,0.0,2,False
ACDC - Thunderstruck,off-10s/seeded_correct,-11050,-11050,0,0,,0,0,False,False,False,20,20,557.8,9.1,15.1,100.0,0,True
ACDC - Thunderstruck,off-10s/seeded_wrong_2s,-11050,-9050,2000,2000,,0,0,False,False,False,20,20,540.1,8.6,13.3,0.0,0,False
ACDC - Thunderstruck,off+25s/cold,23950,23946,-4,0,80000,0,3,False,False,True,6,20,738.3,6.4,10.6,70.2,1,True
ACDC - Thunderstruck,off+25s/second_play,23950,23958,8,8,46000,1,4,False,False,True,4,20,743.1,5.9,10.2,89.3,1,True
ACDC - Thunderstruck,off+25s/seeded_correct,23950,23957,7,7,46000,1,4,False,False,True,4,20,753.7,6.1,10.1,89.3,1,True
ACDC - Thunderstruck,off+25s/seeded_wrong_2s,23950,23960,10,10,46000,1,3,False,False,True,4,20,737.4,5.5,10.4,82.9,1,True
ACDC - Thunderstruck,off-25s/cold,-26050,,,25225,,0,0,False,False,False,22,20,605.2,8.7,14.6,0.0,2,False
ACDC - Thunderstruck,off-25s/second_play,-26050,,,25225,,0,0,False,False,False,22,20,612.0,8.6,15.5,0.0,2,False
ACDC - Thunderstruck,off-25s/seeded_correct,-26050,-26050,0,0,,0,0,False,False,False,20,20,567.1,8.5,12.6,100.0,0,True
ACDC - Thunderstruck,off-25s/seeded_wrong_2s,-26050,-24050,2000,2000,,0,0,False,False,False,20,20,581.8,8.7,13.8,0.0,0,False
ACDC - Thunderstruck,noise0/cold,-1050,-1046,4,0,37000,2,5,True,True,True,4,20,608.1,4.0,8.7,87.4,1,True
ACDC - Thunderstruck,noise0/seeded_correct,-1050,-1048,2,5,37000,1,5,False,True,True,5,20,623.1,3.7,9.4,89.8,1,True
ACDC - Thunderstruck,noise0/seeded_wrong_2s,-1050,-1047,3,4,41000,1,4,False,True,True,5,20,594.7,3.8,8.6,86.0,1,True
ACDC - Thunderstruck,noise-2s/cold,-3050,-3054,-4,-6,26425,1,3,True,True,True,3,20,612.0,3.8,9.1,91.1,1,True
ACDC - Thunderstruck,noise-2s/seeded_correct,-3050,-3053,-3,-3,52500,1,3,False,True,True,6,20,573.6,3.8,7.8,85.6,1,True
ACDC - Thunderstruck,noise-2s/seeded_wrong_2s,-3050,-3053,-3,3575,,3,4,False,True,True,16,20,458.0,4.7,10.7,0.0,2,True
ACDC - Thunderstruck,cutin5s/cold,3950,3956,6,0,22000,1,4,False,True,True,3,20,658.7,4.5,9.6,92.4,1,True
ACDC - Thunderstruck,cutin5s/second_play,3950,3952,2,0,22000,1,4,False,True,True,3,20,663.9,4.3,10.0,93.8,1,True
ACDC - Thunderstruck,cutin5s/seeded_correct,3950,3955,5,0,22000,1,4,False,True,True,3,20,657.7,4.5,9.5,93.8,1,True
ACDC - Thunderstruck,cutin5s/seeded_wrong_2s,3950,3956,6,0,22000,1,4,False,True,True,3,20,674.7,4.7,10.2,92.4,1,True
ACDC - Thunderstruck,cutin15s/cold,13950,13958,8,0,7000,0,2,False,True,True,2,20,497.2,3.6,7.3,97.5,0,True
ACDC - Thunderstruck,cutin15s/second_play,13950,13958,8,8,7000,0,2,False,True,True,2,20,499.5,3.8,7.7,100.0,0,True
ACDC - Thunderstruck,cutin15s/seeded_correct,13950,13956,6,0,7000,0,2,False,True,True,2,20,496.0,3.5,7.8,100.0,0,True
ACDC - Thunderstruck,cutin15s/seeded_wrong_2s,13950,13958,8,0,7000,0,2,False,True,True,2,20,482.0,3.5,7.1,97.5,0,True
ACDC - Thunderstruck,cutin25s/cold,23950,23949,-1,0,4000,0,2,False,True,True,2,20,581.2,4.5,8.9,98.5,0,True
ACDC - Thunderstruck,cutin25s/second_play,23950,23949,-1,-1,4000,0,2,False,True,True,2,20,564.5,4.6,8.6,100.0,0,True
ACDC - Thunderstruck,cutin25s/seeded_correct,23950,23949,-1,0,4000,0,2,False,True,True,2,20,562.9,4.4,8.3,100.0,0,True
ACDC - Thunderstruck,cutin25s/seeded_wrong_2s,23950,23949,-1,0,4000,0,2,False,True,True,2,20,572.5,4.6,8.6,98.5,0,True
ACDC - Thunderstruck,blend8s/cold,-1050,-1051,-1,-3,26425,1,4,True,True,True,3,20,696.9,4.6,10.1,91.0,1,True
ACDC - Thunderstruck,blend8s/seeded_correct,-1050,-1047,3,5,37000,1,5,False,True,True,5,20,699.2,4.6,10.4,89.8,1,True
ACDC - Thunderstruck,blend8s/seeded_wrong_2s,-1050,-1047,3,5,41000,1,4,False,True,True,5,20,705.2,4.5,9.8,86.0,1,True
ACDC - Thunderstruck,midshift+1.5s/cold,-1050,437,-13,0,37000,2,7,True,True,True,7,20,925.2,6.8,12.1,81.8,2,True
ACDC - Thunderstruck,midshift+1.5s/seeded_correct,-1050,433,-17,0,37000,1,7,False,True,True,8,20,893.8,6.7,12.0,84.2,2,True
ACDC - Thunderstruck,midshift+1.5s/seeded_wrong_2s,-1050,435,-15,0,41000,1,6,False,True,True,8,20,877.2,6.9,11.7,80.4,2,True
ACDC - Thunderstruck,midshift-1.5s/cold,-1050,-2550,0,0,37000,2,7,True,True,True,8,20,708.5,5.6,9.1,84.8,2,True
ACDC - Thunderstruck,midshift-1.5s/seeded_correct,-1050,-2551,-1,-1,37000,1,9,False,True,True,18,20,498.3,7.9,12.5,82.9,2,True
ACDC - Thunderstruck,midshift-1.5s/seeded_wrong_2s,-1050,-2548,2,1505,41000,1,9,False,True,True,18,20,495.1,7.7,12.8,6.4,2,True
Bad Bunny - LA MuDANZA,off0/cold,-1100,-1092,8,22,10000,0,2,True,True,True,2,8,363.8,3.2,6.8,95.3,0,True
Bad Bunny - LA MuDANZA,off0/seeded_correct,-1100,-1096,4,0,10000,0,5,False,True,False,8,8,199.2,5.5,8.2,100.0,0,True
Bad Bunny - LA MuDANZA,off0/seeded_wrong_2s,-1100,-1096,4,0,10000,0,4,False,True,False,8,8,195.4,5.7,7.6,95.3,0,True
Bad Bunny - LA MuDANZA,off+200/cold,-900,-900,0,-1,10000,0,2,True,True,True,2,8,348.8,3.3,6.5,95.3,0,True
Bad Bunny - LA MuDANZA,off+200/seeded_correct,-900,-897,3,0,10000,0,4,False,True,False,8,8,200.5,5.4,10.0,100.0,0,True
Bad Bunny - LA MuDANZA,off+200/seeded_wrong_2s,-900,-897,3,0,10000,0,5,False,True,False,8,8,200.9,5.6,8.1,95.3,0,True
Bad Bunny - LA MuDANZA,off-200/cold,-1300,-1292,8,19,10000,0,2,True,True,True,2,8,344.6,3.3,6.5,95.3,0,True
Bad Bunny - LA MuDANZA,off-200/seeded_correct,-1300,-1296,4,0,10000,0,4,False,True,False,8,8,190.4,5.4,7.5,100.0,0,True
Bad Bunny - LA MuDANZA,off-200/seeded_wrong_2s,-1300,-1296,4,0,10000,0,6,False,True,False,8,8,204.5,5.7,9.6,95.3,0,True
Bad Bunny - LA MuDANZA,off+2s/cold,900,901,1,0,7000,0,2,True,True,True,2,8,357.2,3.5,6.5,96.7,0,True
Bad Bunny - LA MuDANZA,off+2s/seeded_correct,900,903,3,0,7000,0,4,False,True,False,8,8,190.9,5.5,8.6,100.0,0,True
Bad Bunny - LA MuDANZA,off+2s/seeded_wrong_2s,900,903,3,0,7000,0,5,False,True,False,8,8,189.0,5.6,8.9,96.7,0,True
Bad Bunny - LA MuDANZA,off-2s/cold,-3100,-3092,8,19,11500,0,2,True,True,True,2,8,358.5,3.1,6.3,94.6,0,True
Bad Bunny - LA MuDANZA,off-2s/seeded_correct,-3100,-3098,2,0,11500,0,3,False,True,False,8,8,200.8,5.3,9.6,100.0,0,True
Bad Bunny - LA MuDANZA,off-2s/seeded_wrong_2s,-3100,-3098,2,0,11500,0,3,False,True,False,8,8,199.9,5.2,8.0,94.6,0,True
Bad Bunny - LA MuDANZA,off+10s/cold,8900,8905,5,-8900,,0,4,False,False,False,8,8,196.0,5.6,8.4,0.0,0,True
Bad Bunny - LA MuDANZA,off+10s/second_play,8900,8902,2,4,2500,0,1,False,True,True,2,8,329.4,3.2,6.3,100.0,0,True
Bad Bunny - LA MuDANZA,off+10s/seeded_correct,8900,8901,1,0,2500,0,1,False,True,True,2,8,335.8,3.4,6.1,100.0,0,True
Bad Bunny - LA MuDANZA,off+10s/seeded_wrong_2s,8900,8902,2,0,2500,0,1,False,True,True,2,8,326.4,3.3,6.3,98.8,0,True
Bad Bunny - LA MuDANZA,off-10s/cold,-11100,,,11100,,0,0,False,False,False,8,8,212.6,5.1,7.5,0.0,0,False
Bad Bunny - LA MuDANZA,off-10s/second_play,-11100,,,11100,,0,0,False,False,False,8,8,216.2,4.8,8.9,0.0,0,False
Bad Bunny - LA MuDANZA,off-10s/seeded_correct,-11100,-11100,0,0,,0,0,False,False,False,8,8,224.6,5.3,8.4,100.0,0,True
Bad Bunny - LA MuDANZA,off-10s/seeded_wrong_2s,-11100,-9100,2000,2000,,0,0,False,False,False,8,8,208.4,5.0,7.6,0.0,0,False
Bad Bunny - LA MuDANZA,off+25s/cold,23900,23905,5,-23900,,0,4,False,False,False,8,8,162.4,5.2,11.2,0.0,0,True
Bad Bunny - LA MuDANZA,off+25s/second_play,23900,23902,2,4,2500,0,1,False,True,True,2,8,439.9,3.6,10.6,100.0,0,True
Bad Bunny - LA MuDANZA,off+25s/seeded_correct,23900,23901,1,0,2500,0,1,False,True,True,2,8,311.0,3.7,6.0,100.0,0,True
Bad Bunny - LA MuDANZA,off+25s/seeded_wrong_2s,23900,23902,2,0,2500,0,1,False,True,True,2,8,311.2,3.5,6.6,98.7,0,True
Bad Bunny - LA MuDANZA,off-25s/cold,-26100,,,26100,,0,0,False,False,False,8,8,278.9,6.1,8.4,0.0,0,False
Bad Bunny - LA MuDANZA,off-25s/second_play,-26100,,,26100,,0,0,False,False,False,8,8,269.3,6.1,7.7,0.0,0,False
Bad Bunny - LA MuDANZA,off-25s/seeded_correct,-26100,-26100,0,0,,0,0,False,False,False,8,8,248.7,5.5,7.4,100.0,0,True
Bad Bunny - LA MuDANZA,off-25s/seeded_wrong_2s,-26100,-24100,2000,2000,,0,0,False,False,False,8,8,255.3,5.6,9.1,0.0,0,False
Bad Bunny - LA MuDANZA,noise0/cold,-1100,-1092,8,22,10000,0,2,True,True,True,2,8,304.2,2.8,5.5,95.3,0,True
Bad Bunny - LA MuDANZA,noise0/seeded_correct,-1100,-1096,4,0,10000,0,5,False,True,False,8,8,167.5,4.8,6.5,100.0,0,True
Bad Bunny - LA MuDANZA,noise0/seeded_wrong_2s,-1100,-1096,4,0,10000,0,5,False,True,False,8,8,167.5,4.7,6.7,95.3,0,True
Bad Bunny - LA MuDANZA,noise-2s/cold,-3100,-3081,19,19,11500,0,1,True,True,True,2,8,288.6,2.5,5.6,94.6,0,True
Bad Bunny - LA MuDANZA,noise-2s/seeded_correct,-3100,-3098,2,0,11500,0,3,False,True,False,8,8,173.1,4.7,6.3,100.0,0,True
Bad Bunny - LA MuDANZA,noise-2s/seeded_wrong_2s,-3100,-3098,2,0,11500,0,3,False,True,False,8,8,165.0,4.2,6.3,94.6,0,True
Bad Bunny - LA MuDANZA,cutin5s/cold,3900,3904,4,9,4000,0,4,True,True,True,4,8,310.4,3.4,6.0,98.1,0,True
Bad Bunny - LA MuDANZA,cutin5s/second_play,3900,3902,2,4,4000,0,2,False,True,True,7,8,164.1,5.2,7.1,100.0,0,True
Bad Bunny - LA MuDANZA,cutin5s/seeded_correct,3900,3903,3,0,4000,0,4,False,True,False,8,8,156.8,5.0,7.7,100.0,0,True
Bad Bunny - LA MuDANZA,cutin5s/seeded_wrong_2s,3900,3903,3,0,4000,0,3,False,True,False,8,8,224.8,7.7,10.5,98.1,0,True
Bad Bunny - LA MuDANZA,cutin15s/cold,13900,13903,3,0,4000,0,4,False,True,False,8,8,116.5,4.3,7.7,98.0,0,True
Bad Bunny - LA MuDANZA,cutin15s/second_play,13900,13902,2,2,4000,0,2,False,True,True,7,8,117.7,4.2,5.6,100.0,0,True
Bad Bunny - LA MuDANZA,cutin15s/seeded_correct,13900,13903,3,0,4000,0,6,False,True,False,8,8,113.1,4.3,7.4,100.0,0,True
Bad Bunny - LA MuDANZA,cutin15s/seeded_wrong_2s,13900,13903,3,0,4000,0,4,False,True,False,8,8,125.6,4.8,7.9,98.0,0,True
Bad Bunny - LA MuDANZA,cutin25s/cold,23900,23902,2,0,4000,0,4,False,True,True,7,8,114.2,4.9,6.8,97.9,0,True
Bad Bunny - LA MuDANZA,cutin25s/second_play,23900,23902,2,2,4000,0,4,False,True,True,7,8,109.1,4.9,6.4,100.0,0,True
Bad Bunny - LA MuDANZA,cutin25s/seeded_correct,23900,23901,1,0,4000,0,2,False,True,True,7,8,111.3,5.0,7.1,100.0,0,True
Bad Bunny - LA MuDANZA,cutin25s/seeded_wrong_2s,23900,23902,2,0,4000,0,4,False,True,True,7,8,99.8,4.3,6.8,97.9,0,True
Bad Bunny - LA MuDANZA,blend8s/cold,-1100,-1092,8,22,10000,0,2,True,True,True,2,8,286.6,2.7,5.1,95.3,0,True
Bad Bunny - LA MuDANZA,blend8s/seeded_correct,-1100,-1096,4,0,10000,0,5,False,True,False,8,8,160.6,4.5,6.7,100.0,0,True
Bad Bunny - LA MuDANZA,blend8s/seeded_wrong_2s,-1100,-1096,4,0,10000,0,5,False,True,False,8,8,163.5,4.5,6.9,95.3,0,True
Bad Bunny - LA MuDANZA,midshift+1.5s/cold,-1100,-1089,-1489,0,10000,1,3,True,True,True,6,8,213.5,2.3,6.9,48.9,1,False
Bad Bunny - LA MuDANZA,midshift+1.5s/seeded_correct,-1100,-1100,-1500,0,10000,1,5,False,True,False,9,8,198.6,5.6,11.7,48.9,1,False
Bad Bunny - LA MuDANZA,midshift+1.5s/seeded_wrong_2s,-1100,-1100,-1500,0,10000,1,4,False,True,False,9,8,195.4,5.4,10.4,44.2,1,False
Bad Bunny - LA MuDANZA,midshift-1.5s/cold,-1100,-1092,1508,1522,10000,0,2,True,True,True,7,8,211.7,3.8,6.5,23.3,2,False
Bad Bunny - LA MuDANZA,midshift-1.5s/seeded_correct,-1100,-1100,1500,0,10000,1,4,False,True,False,10,8,209.1,4.8,10.0,46.8,2,False
Bad Bunny - LA MuDANZA,midshift-1.5s/seeded_wrong_2s,-1100,-1100,1500,1500,,1,3,False,True,False,10,8,223.3,5.6,11.1,23.3,2,False
Bad Bunny - Soy Peor,off0/cold,-938,-925,13,13,40250,0,6,False,True,True,9,10,332.8,4.4,8.2,84.3,2,True
Bad Bunny - Soy Peor,off0/seeded_correct,-938,15700,16638,16638,,1,4,False,True,True,8,10,367.4,4.5,9.1,58.1,2,False
Bad Bunny - Soy Peor,off0/seeded_wrong_2s,-938,15700,16638,16638,,1,4,False,True,True,8,10,371.4,4.3,9.7,54.2,2,False
Bad Bunny - Soy Peor,off+200/cold,-738,-725,13,13,40250,0,6,False,True,True,9,10,356.1,4.5,9.6,84.3,2,True
Bad Bunny - Soy Peor,off+200/seeded_correct,-738,15900,16638,16638,,1,4,False,True,True,8,10,394.8,4.1,11.5,57.6,2,False
Bad Bunny - Soy Peor,off+200/seeded_wrong_2s,-738,15900,16638,16638,,1,4,False,True,True,8,10,372.1,4.4,10.1,54.3,2,False
Bad Bunny - Soy Peor,off-200/cold,-1138,-1125,13,13,40250,0,6,False,True,True,9,10,348.6,4.4,10.3,84.3,2,True
Bad Bunny - Soy Peor,off-200/seeded_correct,-1138,15500,16638,16638,,1,4,False,True,True,8,10,362.8,4.3,10.2,58.1,2,False
Bad Bunny - Soy Peor,off-200/seeded_wrong_2s,-1138,15500,16638,16638,,1,4,False,True,True,8,10,369.8,4.1,11.4,54.2,2,False
Bad Bunny - Soy Peor,off+2s/cold,1062,1075,13,13,40250,0,6,False,True,True,9,10,335.5,4.6,10.3,84.2,2,True
Bad Bunny - Soy Peor,off+2s/seeded_correct,1062,17700,16638,16638,,1,4,False,True,True,8,10,364.8,4.4,10.7,57.4,2,False
Bad Bunny - Soy Peor,off+2s/seeded_wrong_2s,1062,17700,16638,16638,,1,4,False,True,True,8,10,359.4,4.5,10.5,54.7,2,False
Bad Bunny - Soy Peor,off-2s/cold,-2938,-2825,113,113,,0,2,False,True,False,12,10,250.7,8.1,17.2,7.2,2,True
Bad Bunny - Soy Peor,off-2s/seeded_correct,-2938,13700,16638,16638,,1,1,False,True,False,12,10,242.9,8.2,15.9,4.4,2,False
Bad Bunny - Soy Peor,off-2s/seeded_wrong_2s,-2938,13700,16638,16638,,1,1,False,True,False,12,10,239.0,7.6,17.4,0.0,2,False
Bad Bunny - Soy Peor,off+10s/cold,9062,9125,63,13,40250,0,3,False,False,True,11,10,278.7,6.3,14.4,83.7,1,True
Bad Bunny - Soy Peor,off+10s/second_play,9062,9075,13,13,50000,0,5,False,True,True,9,10,294.3,3.8,8.8,80.7,2,True
Bad Bunny - Soy Peor,off+10s/seeded_correct,9062,9075,13,13,50000,0,5,False,True,True,9,10,342.5,5.0,9.5,80.7,2,True
Bad Bunny - Soy Peor,off+10s/seeded_wrong_2s,9062,9075,13,13,94750,0,5,False,True,True,9,10,341.5,4.8,10.1,61.6,2,True
Bad Bunny - Soy Peor,off-10s/cold,-10938,22125,33063,33063,,1,1,False,False,False,12,10,276.5,7.4,16.4,0.0,2,False
Bad Bunny - Soy Peor,off-10s/second_play,-10938,22125,33063,33063,,1,1,False,False,False,12,10,276.0,7.7,15.8,0.0,2,False
Bad Bunny - Soy Peor,off-10s/seeded_correct,-10938,22125,33063,33063,,1,1,False,True,False,12,10,289.6,8.1,17.8,7.1,2,False
Bad Bunny - Soy Peor,off-10s/seeded_wrong_2s,-10938,22125,33063,33063,,1,1,False,True,False,12,10,277.6,8.0,17.2,0.0,2,False
Bad Bunny - Soy Peor,off+25s/cold,24062,24125,63,13,40250,0,3,False,False,True,11,10,191.9,3.1,16.9,82.6,1,True
Bad Bunny - Soy Peor,off+25s/second_play,24062,24061,-1,13,2500,0,4,False,True,True,6,10,465.7,5.3,8.8,100.0,2,True
Bad Bunny - Soy Peor,off+25s/seeded_correct,24062,24060,-2,13,2500,0,4,False,True,True,7,10,404.1,6.8,10.5,100.0,2,True
Bad Bunny - Soy Peor,off+25s/seeded_wrong_2s,24062,24075,13,13,2500,0,4,False,True,True,9,10,257.4,4.8,13.5,98.9,2,True
Bad Bunny - Soy Peor,off-25s/cold,-25938,7142,33080,49688,,2,2,False,False,False,12,10,301.9,7.4,14.9,0.0,2,False
Bad Bunny - Soy Peor,off-25s/second_play,-25938,7125,33063,33063,,1,1,False,False,True,12,10,307.6,7.4,11.7,0.0,2,False
Bad Bunny - Soy Peor,off-25s/seeded_correct,-25938,7142,33080,49688,,2,2,False,False,False,12,10,299.7,7.8,14.8,33.6,2,False
Bad Bunny - Soy Peor,off-25s/seeded_wrong_2s,-25938,7142,33080,49688,,2,2,False,False,False,12,10,310.5,8.1,13.9,0.0,2,False
Bad Bunny - Soy Peor,noise0/cold,-938,-925,13,13,50000,0,6,False,True,True,8,10,329.4,3.6,8.6,80.5,2,True
Bad Bunny - Soy Peor,noise0/seeded_correct,-938,-925,13,13,50000,0,5,False,True,True,8,10,318.6,3.6,8.3,83.3,2,True
Bad Bunny - Soy Peor,noise0/seeded_wrong_2s,-938,-925,13,13,94750,0,5,False,True,True,8,10,323.4,3.7,8.4,63.1,2,True
Bad Bunny - Soy Peor,noise-2s/cold,-2938,-2825,113,113,,0,2,False,True,False,12,10,214.6,6.6,14.8,7.2,2,True
Bad Bunny - Soy Peor,noise-2s/seeded_correct,-2938,13700,16638,16638,,2,2,False,True,False,12,10,225.0,7.6,15.6,3.9,2,False
Bad Bunny - Soy Peor,noise-2s/seeded_wrong_2s,-2938,13700,16638,16638,,2,2,False,True,False,12,10,224.4,7.4,15.9,0.0,2,False
Bad Bunny - Soy Peor,cutin5s/cold,4062,4050,-12,-12,40250,0,5,False,True,True,9,10,305.1,4.5,10.3,84.0,2,True
Bad Bunny - Soy Peor,cutin5s/second_play,4062,4050,-12,113,,0,2,False,True,True,7,10,314.1,4.3,8.6,64.0,1,True
Bad Bunny - Soy Peor,cutin5s/seeded_correct,4062,4050,-12,113,,0,2,False,True,True,7,10,317.2,4.5,8.8,64.0,1,True
Bad Bunny - Soy Peor,cutin5s/seeded_wrong_2s,4062,4050,-12,113,,0,2,False,True,True,7,10,322.7,4.5,8.8,62.4,1,True
Bad Bunny - Soy Peor,cutin15s/cold,14062,14100,38,38,40250,0,6,False,True,True,11,10,189.7,3.6,9.2,83.4,2,True
Bad Bunny - Soy Peor,cutin15s/second_play,14062,14100,38,38,94750,0,3,False,True,True,8,10,214.8,3.3,8.4,62.5,1,True
Bad Bunny - Soy Peor,cutin15s/seeded_correct,14062,14100,38,38,94750,0,3,False,True,True,8,10,214.4,3.5,7.9,62.5,1,True
Bad Bunny - Soy Peor,cutin15s/seeded_wrong_2s,14062,14100,38,38,94750,0,3,False,True,True,8,10,209.8,3.3,7.9,60.8,1,True
Bad Bunny - Soy Peor,cutin25s/cold,24062,24075,13,13,4000,0,4,False,True,True,9,10,228.5,3.5,11.3,98.3,2,True
Bad Bunny - Soy Peor,cutin25s/second_play,24062,24175,113,113,,0,5,False,True,True,9,10,283.0,4.3,13.0,100.0,2,True
Bad Bunny - Soy Peor,cutin25s/seeded_correct,24062,24175,113,113,,0,4,False,True,True,9,10,286.1,4.4,12.6,100.0,2,True
Bad Bunny - Soy Peor,cutin25s/seeded_wrong_2s,24062,24175,113,113,,0,5,False,True,True,9,10,265.5,4.2,11.7,98.3,2,True
Bad Bunny - Soy Peor,blend8s/cold,-938,-925,13,13,26000,0,6,False,False,True,9,10,371.3,4.1,9.4,89.9,2,True
Bad Bunny - Soy Peor,blend8s/seeded_correct,-938,-981,-43,16638,,1,5,False,False,True,8,10,402.4,4.3,9.1,91.1,2,True
Bad Bunny - Soy Peor,blend8s/seeded_wrong_2s,-938,-925,13,13,40250,0,6,False,False,True,9,10,371.8,4.1,8.7,84.3,2,True
Bad Bunny - Soy Peor,midshift+1.5s/cold,-938,562,0,0,40250,0,6,False,True,True,12,10,435.7,9.4,18.0,70.6,2,True
Bad Bunny - Soy Peor,midshift+1.5s/seeded_correct,-938,17200,16638,16638,,1,3,False,True,True,8,10,483.3,6.0,13.2,58.5,2,False
Bad Bunny - Soy Peor,midshift+1.5s/seeded_wrong_2s,-938,17200,16638,16638,,1,3,False,True,True,8,10,489.2,6.1,11.8,54.6,2,False
Bad Bunny - Soy Peor,midshift-1.5s/cold,-938,14200,16638,16638,,2,4,False,True,True,12,10,260.7,6.4,14.2,34.1,2,False
Bad Bunny - Soy Peor,midshift-1.5s/seeded_correct,-938,14200,16638,16638,,1,2,False,True,False,12,10,240.2,7.5,16.8,30.3,2,False
Bad Bunny - Soy Peor,midshift-1.5s/seeded_wrong_2s,-938,14200,16638,16638,,1,2,False,True,False,12,10,248.0,8.0,16.9,26.4,2,False
Bad Bunny - BATICANO,off0/cold,-1031,-1080,-49,6,8500,0,1,False,True,True,10,11,403.5,6.2,9.7,96.7,2,True
Bad Bunny - BATICANO,off0/seeded_correct,-1031,-1034,-3,6,8500,0,2,False,True,True,8,11,392.6,5.9,9.1,100.0,2,True
Bad Bunny - BATICANO,off0/seeded_wrong_2s,-1031,-1036,-5,6,8500,0,2,False,True,True,10,11,403.6,6.0,10.7,96.7,2,True
Bad Bunny - BATICANO,off+200/cold,-831,-834,-3,6,8500,0,2,False,True,True,11,11,406.9,5.8,9.8,96.7,2,True
Bad Bunny - BATICANO,off+200/seeded_correct,-831,-830,1,6,8500,0,3,False,True,True,8,11,404.2,6.3,9.3,100.0,2,True
Bad Bunny - BATICANO,off+200/seeded_wrong_2s,-831,-831,0,6,8500,0,3,False,True,True,9,11,404.2,6.1,8.9,96.7,2,True
Bad Bunny - BATICANO,off-200/cold,-1231,-1125,106,106,,0,2,False,True,True,7,11,544.3,4.6,8.9,96.7,2,True
Bad Bunny - BATICANO,off-200/seeded_correct,-1231,-1234,-3,6,8500,0,2,False,True,True,9,11,399.9,5.2,10.0,100.0,2,True
Bad Bunny - BATICANO,off-200/seeded_wrong_2s,-1231,-1235,-4,6,8500,0,2,False,True,True,10,11,401.2,6.0,10.0,96.7,2,True
Bad Bunny - BATICANO,off+2s/cold,969,966,-3,6,7000,0,3,False,True,True,11,11,400.6,6.4,10.2,97.2,2,True
Bad Bunny - BATICANO,off+2s/seeded_correct,969,970,1,6,7000,0,3,False,True,True,8,11,390.5,5.9,9.4,100.0,2,True
Bad Bunny - BATICANO,off+2s/seeded_wrong_2s,969,968,-1,6,7000,0,3,False,True,True,9,11,401.9,5.7,13.3,97.2,2,True
Bad Bunny - BATICANO,off-2s/cold,-3031,,,-69,11500,0,0,False,True,True,11,11,391.1,6.3,10.6,95.5,2,False
Bad Bunny - BATICANO,off-2s/seeded_correct,-3031,-3031,0,6,11500,0,0,False,True,True,9,11,388.4,6.1,9.1,100.0,2,True
Bad Bunny - BATICANO,off-2s/seeded_wrong_2s,-3031,-3060,-29,6,11500,0,1,False,True,True,10,11,382.5,6.3,11.2,95.5,2,True
Bad Bunny - BATICANO,off+10s/cold,8969,8982,13,-8969,,0,5,False,False,False,11,11,348.7,6.6,10.3,0.0,0,True
Bad Bunny - BATICANO,off+10s/second_play,8969,8967,-2,6,2500,0,4,False,True,True,10,11,381.8,6.3,11.6,100.0,2,True
Bad Bunny - BATICANO,off+10s/seeded_correct,8969,8970,1,6,2500,0,6,False,True,True,10,11,371.0,5.6,11.0,100.0,2,True
Bad Bunny - BATICANO,off+10s/seeded_wrong_2s,8969,8969,0,6,2500,0,5,False,True,True,11,11,389.8,6.8,11.0,99.0,2,True
Bad Bunny - BATICANO,off-10s/cold,-11031,,,11031,,0,0,False,False,False,11,11,380.3,6.8,9.2,0.0,0,False
Bad Bunny - BATICANO,off-10s/second_play,-11031,,,11031,,0,0,False,False,False,11,11,383.0,6.8,8.8,0.0,0,False
Bad Bunny - BATICANO,off-10s/seeded_correct,-11031,-11031,0,0,,0,0,False,False,False,11,11,373.7,6.6,8.9,100.0,0,True
Bad Bunny - BATICANO,off-10s/seeded_wrong_2s,-11031,-9031,2000,2000,,0,0,False,False,False,11,11,384.8,6.7,9.2,0.0,0,False
Bad Bunny - BATICANO,off+25s/cold,23969,23982,13,-23969,,0,5,False,False,False,11,11,335.4,7.8,10.6,0.0,0,True
Bad Bunny - BATICANO,off+25s/second_play,23969,23998,29,56,2500,0,5,False,True,True,6,11,519.4,5.0,8.5,100.0,2,True
Bad Bunny - BATICANO,off+25s/seeded_correct,23969,23982,13,106,,0,6,False,True,True,11,11,339.4,7.1,13.1,100.0,2,True
Bad Bunny - BATICANO,off+25s/seeded_wrong_2s,23969,23982,13,106,,0,6,False,True,True,12,11,340.4,7.2,13.1,98.9,2,True
Bad Bunny - BATICANO,off-25s/cold,-26031,,,26031,,0,0,False,False,False,11,11,408.5,6.7,9.1,0.0,0,False
Bad Bunny - BATICANO,off-25s/second_play,-26031,,,26031,,0,0,False,False,False,11,11,403.4,6.3,9.2,0.0,0,False
Bad Bunny - BATICANO,off-25s/seeded_correct,-26031,-26031,0,0,,0,0,False,False,False,11,11,396.7,6.2,9.0,100.0,0,True
Bad Bunny - BATICANO,off-25s/seeded_wrong_2s,-26031,-24031,2000,2000,,0,0,False,False,False,11,11,396.9,6.3,9.1,0.0,0,False
Bad Bunny - BATICANO,noise0/cold,-1031,-1079,-48,6,8500,0,1,False,True,True,10,11,350.5,5.2,9.6,96.7,2,True
Bad Bunny - BATICANO,noise0/seeded_correct,-1031,-1034,-3,6,8500,0,2,False,True,True,8,11,350.5,5.3,8.8,100.0,2,True
Bad Bunny - BATICANO,noise0/seeded_wrong_2s,-1031,-1036,-5,6,8500,0,2,False,True,True,10,11,344.1,5.2,8.4,96.7,2,True
Bad Bunny - BATICANO,noise-2s/cold,-3031,,,-69,11500,0,0,False,True,True,11,11,323.7,5.6,9.2,95.5,2,False
Bad Bunny - BATICANO,noise-2s/seeded_correct,-3031,-3031,0,6,11500,0,0,False,True,True,9,11,321.2,5.0,7.3,100.0,2,True
Bad Bunny - BATICANO,noise-2s/seeded_wrong_2s,-3031,-3060,-29,6,11500,0,1,False,True,True,10,11,348.9,5.5,10.9,95.5,2,True
Bad Bunny - BATICANO,cutin5s/cold,3969,3974,5,-69,4000,0,5,False,True,False,13,11,382.0,7.2,13.2,98.4,2,True
Bad Bunny - BATICANO,cutin5s/second_play,3969,4075,106,106,,0,7,False,True,False,13,11,368.6,7.1,12.3,100.0,2,True
Bad Bunny - BATICANO,cutin5s/seeded_correct,3969,4075,106,106,,0,7,False,True,False,13,11,354.8,6.9,13.6,100.0,2,True
Bad Bunny - BATICANO,cutin5s/seeded_wrong_2s,3969,4075,106,106,,0,6,False,True,False,13,11,344.9,6.8,11.9,98.4,2,True
Bad Bunny - BATICANO,cutin15s/cold,13969,14100,131,-69,4000,0,4,False,True,False,13,11,249.2,5.0,10.3,98.3,2,True
Bad Bunny - BATICANO,cutin15s/second_play,13969,14075,106,106,,0,6,False,True,False,13,11,261.3,5.2,10.4,100.0,2,True
Bad Bunny - BATICANO,cutin15s/seeded_correct,13969,14075,106,106,,0,6,False,True,False,13,11,258.3,5.1,10.5,100.0,2,True
Bad Bunny - BATICANO,cutin15s/seeded_wrong_2s,13969,14075,106,106,,0,5,False,True,False,13,11,254.6,5.3,11.1,98.3,2,True
Bad Bunny - BATICANO,cutin25s/cold,23969,23947,-22,-44,4000,0,4,False,True,False,13,11,285.1,6.4,14.2,98.3,2,True
Bad Bunny - BATICANO,cutin25s/second_play,23969,23977,8,106,,0,5,False,True,False,12,11,259.9,6.4,12.6,100.0,1,True
Bad Bunny - BATICANO,cutin25s/seeded_correct,23969,23977,8,106,,0,6,False,True,False,12,11,268.0,6.3,13.3,100.0,1,True
Bad Bunny - BATICANO,cutin25s/seeded_wrong_2s,23969,23977,8,106,,0,5,False,True,False,12,11,265.9,6.5,12.4,98.3,1,True
Bad Bunny - BATICANO,blend8s/cold,-1031,-1079,-48,6,14500,0,1,False,True,True,10,11,417.1,6.1,10.4,94.3,2,True
Bad Bunny - BATICANO,blend8s/seeded_correct,-1031,-1034,-3,6,14500,0,2,False,True,True,9,11,426.2,5.9,10.5,100.0,2,True
Bad Bunny - BATICANO,blend8s/seeded_wrong_2s,-1031,-1035,-4,6,14500,0,2,False,True,True,10,11,422.7,6.7,9.5,94.3,2,True
Bad Bunny - BATICANO,midshift+1.5s/cold,-1031,479,10,6,8500,0,4,False,True,True,12,11,470.1,8.2,12.8,86.2,2,True
Bad Bunny - BATICANO,midshift+1.5s/seeded_correct,-1031,480,11,6,8500,0,4,False,True,True,10,11,487.0,8.9,12.6,89.5,2,True
Bad Bunny - BATICANO,midshift+1.5s/seeded_wrong_2s,-1031,480,11,6,8500,0,4,False,True,True,12,11,467.3,7.9,12.6,86.2,2,True
Bad Bunny - BATICANO,midshift-1.5s/cold,-1031,-2475,56,1431,8500,0,2,False,True,True,12,11,452.3,7.4,13.4,20.1,2,True
Bad Bunny - BATICANO,midshift-1.5s/seeded_correct,-1031,-2512,19,19,8500,0,2,False,True,True,10,11,444.1,6.7,12.0,54.1,2,True
Bad Bunny - BATICANO,midshift-1.5s/seeded_wrong_2s,-1031,-2512,19,1450,8500,0,2,False,True,True,12,11,433.9,6.9,13.6,20.1,2,True
"Arcángel, Bad Bunny, Mambo Kingz, DJ Luian - Tu No Vive Asi (feat. Mambo Kingz & DJ Luian)",off0/cold,-2183,5870,8053,8083,,6,6,False,False,True,10,18,519.0,4.5,9.3,0.0,2,False
"Arcángel, Bad Bunny, Mambo Kingz, DJ Luian - Tu No Vive Asi (feat. Mambo Kingz & DJ Luian)",off0/seeded_correct,-2183,5900,8083,8083,,4,6,False,False,True,16,18,536.0,5.7,9.9,44.8,2,False
"Arcángel, Bad Bunny, Mambo Kingz, DJ Luian - Tu No Vive Asi (feat. Mambo Kingz & DJ Luian)",off0/seeded_wrong_2s,-2183,1745,3928,8083,,8,8,False,False,True,16,18,530.7,6.1,10.4,0.0,2,False
"Arcángel, Bad Bunny, Mambo Kingz, DJ Luian - Tu No Vive Asi (feat. Mambo Kingz & DJ Luian)",off+200/cold,-1983,6070,8053,8083,,6,6,False,False,True,10,18,529.0,4.8,10.4,0.0,2,False
"Arcángel, Bad Bunny, Mambo Kingz, DJ Luian - Tu No Vive Asi (feat. Mambo Kingz & DJ Luian)",off+200/seeded_correct,-1983,6100,8083,8083,,4,6,False,False,True,16,18,541.2,5.3,10.3,44.8,2,False
"Arcángel, Bad Bunny, Mambo Kingz, DJ Luian - Tu No Vive Asi (feat. Mambo Kingz & DJ Luian)",off+200/seeded_wrong_2s,-1983,1945,3928,8083,,8,8,False,False,True,16,18,549.9,6.0,9.9,0.0,2,False
"Arcángel, Bad Bunny, Mambo Kingz, DJ Luian - Tu No Vive Asi (feat. Mambo Kingz & DJ Luian)",off-200/cold,-2383,5670,8053,8258,,6,6,False,False,True,10,18,543.9,5.1,9.1,0.0,2,False
"Arcángel, Bad Bunny, Mambo Kingz, DJ Luian - Tu No Vive Asi (feat. Mambo Kingz & DJ Luian)",off-200/seeded_correct,-2383,5642,8025,8258,,4,5,False,False,True,15,18,506.3,5.4,9.7,42.9,2,False
"Arcángel, Bad Bunny, Mambo Kingz, DJ Luian - Tu No Vive Asi (feat. Mambo Kingz & DJ Luian)",off-200/seeded_wrong_2s,-2383,1545,3928,8083,,8,8,False,False,True,16,18,539.5,5.6,10.4,0.0,2,False
"Arcángel, Bad Bunny, Mambo Kingz, DJ Luian - Tu No Vive Asi (feat. Mambo Kingz & DJ Luian)",off+2s/cold,-183,7863,8046,8083,,6,7,False,False,True,11,18,525.7,4.7,9.7,24.0,2,False
"Arcángel, Bad Bunny, Mambo Kingz, DJ Luian - Tu No Vive Asi (feat. Mambo Kingz & DJ Luian)",off+2s/seeded_correct,-183,7900,8083,8083,,5,6,False,False,True,12,18,506.7,4.9,11.1,46.0,2,False
"Arcángel, Bad Bunny, Mambo Kingz, DJ Luian - Tu No Vive Asi (feat. Mambo Kingz & DJ Luian)",off+2s/seeded_wrong_2s,-183,7816,7999,8258,,4,5,False,False,False,20,18,459.6,7.3,14.6,31.7,2,False
"Arcángel, Bad Bunny, Mambo Kingz, DJ Luian - Tu No Vive Asi (feat. Mambo Kingz & DJ Luian)",off-2s/cold,-4183,3900,8083,8083,,5,5,True,False,True,9,18,582.0,4.7,9.6,0.0,2,False
"Arcángel, Bad Bunny, Mambo Kingz, DJ Luian - Tu No Vive Asi (feat. Mambo Kingz & DJ Luian)",off-2s/seeded_correct,-4183,3862,8045,8083,,6,6,False,False,True,16,18,546.2,6.5,10.2,32.2,2,False
"Arcángel, Bad Bunny, Mambo Kingz, DJ Luian - Tu No Vive Asi (feat. Mambo Kingz & DJ Luian)",off-2s/seeded_wrong_2s,-4183,-250,3933,8083,,7,7,False,False,True,15,18,539.5,5.1,9.7,0.0,2,False
"Arcángel, Bad Bunny, Mambo Kingz, DJ Luian - Tu No Vive Asi (feat. Mambo Kingz & DJ Luian)",off+10s/cold,7817,15828,8011,7958,,5,5,False,False,True,11,18,561.7,4.2,12.2,0.0,2,False
"Arcángel, Bad Bunny, Mambo Kingz, DJ Luian - Tu No Vive Asi (feat. Mambo Kingz & DJ Luian)",off+10s/second_play,7817,15844,8027,8058,,4,4,False,True,True,4,18,542.5,5.1,9.3,0.0,2,False
"Arcángel, Bad Bunny, Mambo Kingz, DJ Luian - Tu No Vive Asi (feat. Mambo Kingz & DJ Luian)",off+10s/seeded_correct,7817,15775,7958,7958,,4,5,False,False,True,14,18,480.8,4.8,12.9,44.3,2,False
"Arcángel, Bad Bunny, Mambo Kingz, DJ Luian - Tu No Vive Asi (feat. Mambo Kingz & DJ Luian)",off+10s/seeded_wrong_2s,7817,15832,8015,7958,,2,3,False,False,False,20,18,441.8,7.6,15.8,32.7,2,False
"Arcángel, Bad Bunny, Mambo Kingz, DJ Luian - Tu No Vive Asi (feat. Mambo Kingz & DJ Luian)",off-10s/cold,-12183,-4241,7942,8058,,4,4,True,False,True,8,18,602.2,4.7,9.9,0.0,2,False
"Arcángel, Bad Bunny, Mambo Kingz, DJ Luian - Tu No Vive Asi (feat. Mambo Kingz & DJ Luian)",off-10s/second_play,-12183,28775,40958,40958,,3,3,False,True,True,17,18,462.7,7.4,11.7,0.0,2,False
"Arcángel, Bad Bunny, Mambo Kingz, DJ Luian - Tu No Vive Asi (feat. Mambo Kingz & DJ Luian)",off-10s/seeded_correct,-12183,3781,15964,8083,,6,6,False,False,True,18,18,476.8,6.9,12.7,22.9,2,False
"Arcángel, Bad Bunny, Mambo Kingz, DJ Luian - Tu No Vive Asi (feat. Mambo Kingz & DJ Luian)",off-10s/seeded_wrong_2s,-12183,3781,15964,8083,,6,6,False,False,True,18,18,474.1,6.8,12.8,0.0,2,False
"Arcángel, Bad Bunny, Mambo Kingz, DJ Luian - Tu No Vive Asi (feat. Mambo Kingz & DJ Luian)",off+25s/cold,22817,-1250,-24067,-23642,,2,2,False,False,True,13,18,422.7,4.2,15.6,0.0,2,False
"Arcángel, Bad Bunny, Mambo Kingz, DJ Luian - Tu No Vive Asi (feat. Mambo Kingz & DJ Luian)",off+25s/second_play,22817,-1260,-24077,-23642,,5,5,False,False,True,18,18,412.6,6.9,15.3,0.0,2,False
"Arcángel, Bad Bunny, Mambo Kingz, DJ Luian - Tu No Vive Asi (feat. Mambo Kingz & DJ Luian)",off+25s/seeded_correct,22817,22800,-17,-17,26000,0,3,False,False,True,15,18,436.8,5.0,15.4,100.0,2,True
"Arcángel, Bad Bunny, Mambo Kingz, DJ Luian - Tu No Vive Asi (feat. Mambo Kingz & DJ Luian)",off+25s/seeded_wrong_2s,22817,22750,-67,358,,0,1,False,False,False,20,18,410.4,7.6,17.3,52.9,2,True
"Arcángel, Bad Bunny, Mambo Kingz, DJ Luian - Tu No Vive Asi (feat. Mambo Kingz & DJ Luian)",off-25s/cold,-27183,12875,40058,40058,,4,4,False,False,True,20,18,493.9,7.8,12.7,0.0,2,False
"Arcángel, Bad Bunny, Mambo Kingz, DJ Luian - Tu No Vive Asi (feat. Mambo Kingz & DJ Luian)",off-25s/second_play,-27183,12875,40058,40058,,4,4,False,False,True,20,18,483.0,7.7,13.5,0.0,2,False
"Arcángel, Bad Bunny, Mambo Kingz, DJ Luian - Tu No Vive Asi (feat. Mambo Kingz & DJ Luian)",off-25s/seeded_correct,-27183,12875,40058,40058,,4,4,False,False,True,20,18,472.4,7.3,12.0,21.7,2,False
"Arcángel, Bad Bunny, Mambo Kingz, DJ Luian - Tu No Vive Asi (feat. Mambo Kingz & DJ Luian)",off-25s/seeded_wrong_2s,-27183,12875,40058,40058,,4,4,False,False,True,20,18,477.7,7.3,13.5,0.0,2,False
"Arcángel, Bad Bunny, Mambo Kingz, DJ Luian - Tu No Vive Asi (feat. Mambo Kingz & DJ Luian)",noise0/cold,-2183,5870,8053,8083,,6,6,False,False,True,10,18,426.4,3.4,8.9,0.0,2,False
"Arcángel, Bad Bunny, Mambo Kingz, DJ Luian - Tu No Vive Asi (feat. Mambo Kingz & DJ Luian)",noise0/seeded_correct,-2183,5900,8083,8083,,4,6,False,False,True,16,18,441.7,4.2,10.2,44.8,2,False
"Arcángel, Bad Bunny, Mambo Kingz, DJ Luian - Tu No Vive Asi (feat. Mambo Kingz & DJ Luian)",noise0/seeded_wrong_2s,-2183,1745,3928,8083,,8,8,False,False,True,16,18,472.3,4.6,10.3,0.0,2,False
"Arcángel, Bad Bunny, Mambo Kingz, DJ Luian - Tu No Vive Asi (feat. Mambo Kingz & DJ Luian)",noise-2s/cold,-4183,3900,8083,8083,,5,5,True,False,True,9,18,474.3,3.1,8.6,0.0,2,False
"Arcángel, Bad Bunny, Mambo Kingz, DJ Luian - Tu No Vive Asi (feat. Mambo Kingz & DJ Luian)",noise-2s/seeded_correct,-4183,3862,8045,8083,,6,6,False,False,True,16,18,422.7,4.1,9.4,32.2,2,False
"Arcángel, Bad Bunny, Mambo Kingz, DJ Luian - Tu No Vive Asi (feat. Mambo Kingz & DJ Luian)",noise-2s/seeded_wrong_2s,-4183,-250,3933,8083,,7,7,False,False,True,15,18,432.9,4.6,7.7,0.0,2,False
"Arcángel, Bad Bunny, Mambo Kingz, DJ Luian - Tu No Vive Asi (feat. Mambo Kingz & DJ Luian)",cutin5s/cold,2817,10900,8083,8083,,6,6,False,False,True,17,18,453.3,5.4,11.7,0.0,2,False
"Arcángel, Bad Bunny, Mambo Kingz, DJ Luian - Tu No Vive Asi (feat. Mambo Kingz & DJ Luian)",cutin5s/second_play,2817,10841,8024,8058,,4,4,False,True,True,5,18,471.6,3.2,9.6,0.0,2,False
"Arcángel, Bad Bunny, Mambo Kingz, DJ Luian - Tu No Vive Asi (feat. Mambo Kingz & DJ Luian)",cutin5s/seeded_correct,2817,10830,8013,8058,,4,5,False,False,True,11,18,435.0,5.6,9.3,45.8,2,False
"Arcángel, Bad Bunny, Mambo Kingz, DJ Luian - Tu No Vive Asi (feat. Mambo Kingz & DJ Luian)",cutin5s/seeded_wrong_2s,2817,10900,8083,8083,,5,5,False,False,True,17,18,464.4,5.5,10.6,0.0,2,False
"Arcángel, Bad Bunny, Mambo Kingz, DJ Luian - Tu No Vive Asi (feat. Mambo Kingz & DJ Luian)",cutin15s/cold,12817,20825,8008,8058,,6,6,False,False,True,15,18,341.5,3.9,7.5,0.0,2,False
"Arcángel, Bad Bunny, Mambo Kingz, DJ Luian - Tu No Vive Asi (feat. Mambo Kingz & DJ Luian)",cutin15s/second_play,12817,20900,8083,8083,,4,4,False,True,True,6,18,299.7,2.6,7.3,0.0,2,False
"Arcángel, Bad Bunny, Mambo Kingz, DJ Luian - Tu No Vive Asi (feat. Mambo Kingz & DJ Luian)",cutin15s/seeded_correct,12817,28764,15947,7958,,6,7,False,False,True,12,18,370.1,3.3,7.1,43.6,2,False
"Arcángel, Bad Bunny, Mambo Kingz, DJ Luian - Tu No Vive Asi (feat. Mambo Kingz & DJ Luian)",cutin15s/seeded_wrong_2s,12817,20838,8021,8058,,6,6,False,False,True,16,18,322.9,3.6,8.5,0.0,2,False
"Arcángel, Bad Bunny, Mambo Kingz, DJ Luian - Tu No Vive Asi (feat. Mambo Kingz & DJ Luian)",cutin25s/cold,22817,22758,-59,-67,8500,0,3,False,True,True,17,18,303.8,5.9,13.8,96.4,2,True
"Arcángel, Bad Bunny, Mambo Kingz, DJ Luian - Tu No Vive Asi (feat. Mambo Kingz & DJ Luian)",cutin25s/second_play,22817,22800,-17,-17,4000,0,4,False,True,True,15,18,309.6,5.3,12.0,100.0,2,True
"Arcángel, Bad Bunny, Mambo Kingz, DJ Luian - Tu No Vive Asi (feat. Mambo Kingz & DJ Luian)",cutin25s/seeded_correct,22817,22800,-17,-17,159750,2,4,False,True,True,9,18,328.0,3.1,12.0,47.8,2,True
"Arcángel, Bad Bunny, Mambo Kingz, DJ Luian - Tu No Vive Asi (feat. Mambo Kingz & DJ Luian)",cutin25s/seeded_wrong_2s,22817,22800,-17,7933,,2,4,False,True,True,11,18,313.7,4.0,11.8,13.9,2,True
"Arcángel, Bad Bunny, Mambo Kingz, DJ Luian - Tu No Vive Asi (feat. Mambo Kingz & DJ Luian)",blend8s/cold,-2183,5870,8053,8083,,6,6,False,False,True,10,18,489.9,3.7,10.2,0.0,2,False
"Arcángel, Bad Bunny, Mambo Kingz, DJ Luian - Tu No Vive Asi (feat. Mambo Kingz & DJ Luian)",blend8s/seeded_correct,-2183,5900,8083,8083,,4,6,False,False,True,16,18,503.6,4.7,9.9,44.8,2,False
"Arcángel, Bad Bunny, Mambo Kingz, DJ Luian - Tu No Vive Asi (feat. Mambo Kingz & DJ Luian)",blend8s/seeded_wrong_2s,-2183,1745,3928,8083,,8,8,False,False,True,16,18,505.7,5.1,9.0,0.0,2,False
"Arcángel, Bad Bunny, Mambo Kingz, DJ Luian - Tu No Vive Asi (feat. Mambo Kingz & DJ Luian)",midshift+1.5s/cold,-2183,7400,8083,8083,,7,7,False,False,True,17,18,590.7,6.4,12.6,0.0,2,False
"Arcángel, Bad Bunny, Mambo Kingz, DJ Luian - Tu No Vive Asi (feat. Mambo Kingz & DJ Luian)",midshift+1.5s/seeded_correct,-2183,7400,8083,8083,,4,6,False,False,True,19,18,537.2,8.5,16.3,38.7,2,False
"Arcángel, Bad Bunny, Mambo Kingz, DJ Luian - Tu No Vive Asi (feat. Mambo Kingz & DJ Luian)",midshift+1.5s/seeded_wrong_2s,-2183,7298,7981,8258,,7,7,False,False,False,20,18,513.6,8.8,15.3,0.0,2,False
"Arcángel, Bad Bunny, Mambo Kingz, DJ Luian - Tu No Vive Asi (feat. Mambo Kingz & DJ Luian)",midshift-1.5s/cold,-2183,4400,8083,8083,,6,6,False,False,True,14,18,521.4,5.2,10.4,0.0,2,False
"Arcángel, Bad Bunny, Mambo Kingz, DJ Luian - Tu No Vive Asi (feat. Mambo Kingz & DJ Luian)",midshift-1.5s/seeded_correct,-2183,4400,8083,8083,,5,5,False,False,True,15,18,563.9,6.0,10.4,23.1,2,False
"Arcángel, Bad Bunny, Mambo Kingz, DJ Luian - Tu No Vive Asi (feat. Mambo Kingz & DJ Luian)",midshift-1.5s/seeded_wrong_2s,-2183,4364,8047,8083,,6,6,False,False,True,20,18,471.5,7.9,14.0,0.0,2,False
Bad Bunny - BENDICIONES,off0/cold,2225,-1105,-3330,-3328,,6,6,True,True,True,6,13,192.1,3.4,4.6,0.0,1,False
Bad Bunny - BENDICIONES,off0/seeded_correct,2225,-1100,-3325,-3325,,2,3,False,True,True,12,13,149.9,3.6,8.2,4.5,1,False
Bad Bunny - BENDICIONES,off0/seeded_wrong_2s,2225,2227,2,-3325,,1,3,False,True,True,8,13,183.0,3.2,6.2,0.0,0,True
Bad Bunny - BENDICIONES,off+200/cold,2425,-905,-3330,-3327,,6,6,True,True,True,6,13,201.9,3.5,5.4,0.0,1,False
Bad Bunny - BENDICIONES,off+200/seeded_correct,2425,-900,-3325,-3325,,2,3,False,True,True,12,13,158.8,4.2,8.9,4.5,1,False
Bad Bunny - BENDICIONES,off+200/seeded_wrong_2s,2425,2425,0,0,39750,0,4,False,False,False,13,13,163.7,4.4,7.1,74.4,0,True
Bad Bunny - BENDICIONES,off-200/cold,2025,-1306,-3331,-3329,,6,6,True,True,True,6,13,195.3,3.1,5.3,0.0,1,False
Bad Bunny - BENDICIONES,off-200/seeded_correct,2025,-1300,-3325,-3325,,2,3,False,True,True,12,13,149.4,3.7,7.7,5.5,1,False
Bad Bunny - BENDICIONES,off-200/seeded_wrong_2s,2025,2027,2,-3325,,1,3,False,True,True,8,13,191.4,3.5,6.2,0.0,0,True
Bad Bunny - BENDICIONES,off+2s/cold,4225,896,-3329,-3327,,6,6,True,True,True,6,13,191.9,3.3,5.1,0.0,1,False
Bad Bunny - BENDICIONES,off+2s/seeded_correct,4225,900,-3325,-3325,,2,3,False,True,True,12,13,154.8,4.2,8.8,3.6,1,False
Bad Bunny - BENDICIONES,off+2s/seeded_wrong_2s,4225,4225,0,0,39750,0,4,False,False,False,13,13,163.6,4.2,8.0,74.1,0,True
Bad Bunny - BENDICIONES,off-2s/cold,225,-3106,-3331,-3325,,6,6,True,True,True,6,13,199.2,3.0,5.2,6.4,1,False
Bad Bunny - BENDICIONES,off-2s/seeded_correct,225,225,0,-3325,,1,6,False,True,True,12,13,162.0,4.3,8.3,21.5,1,True
Bad Bunny - BENDICIONES,off-2s/seeded_wrong_2s,225,225,0,0,39750,0,4,False,False,False,13,13,159.7,4.2,7.0,74.7,0,True
Bad Bunny - BENDICIONES,off+10s/cold,12225,8890,-3335,-3325,,4,4,False,False,True,12,13,193.3,4.0,9.0,0.0,0,False
Bad Bunny - BENDICIONES,off+10s/second_play,12225,8896,-3329,-3335,,2,2,False,True,True,1,13,192.7,2.5,5.2,0.0,0,False
Bad Bunny - BENDICIONES,off+10s/seeded_correct,12225,12225,0,0,34250,0,4,False,False,False,13,13,149.2,4.3,8.0,100.0,0,True
Bad Bunny - BENDICIONES,off+10s/seeded_wrong_2s,12225,12225,0,0,39750,0,4,False,False,False,13,13,153.2,4.1,7.7,72.6,0,True
Bad Bunny - BENDICIONES,off-10s/cold,-7775,,,36675,,0,0,False,False,False,15,13,192.1,4.1,8.5,0.0,2,False
Bad Bunny - BENDICIONES,off-10s/second_play,-7775,,,36675,,0,0,False,False,False,15,13,194.4,4.1,8.4,0.0,2,False
Bad Bunny - BENDICIONES,off-10s/seeded_correct,-7775,2225,10000,-2225,,1,1,False,True,False,15,13,189.2,4.1,8.0,10.6,2,False
Bad Bunny - BENDICIONES,off-10s/seeded_wrong_2s,-7775,2225,10000,10000,,1,1,False,False,False,13,13,166.4,4.0,7.5,0.0,0,False
Bad Bunny - BENDICIONES,off+25s/cold,27225,23891,-3334,-3325,,3,3,False,False,True,8,13,200.2,4.0,7.9,0.0,0,False
Bad Bunny - BENDICIONES,off+25s/second_play,27225,23897,-3328,-3334,,2,2,False,True,True,1,13,178.7,3.5,4.6,0.0,0,False
Bad Bunny - BENDICIONES,off+25s/seeded_correct,27225,27225,0,0,10000,0,3,False,True,False,13,13,127.9,5.0,8.6,100.0,0,True
Bad Bunny - BENDICIONES,off+25s/seeded_wrong_2s,27225,27225,0,0,10000,0,4,False,True,False,13,13,135.3,5.9,8.9,92.3,0,True
Bad Bunny - BENDICIONES,off-25s/cold,-22775,13894,36669,36669,,1,1,False,False,True,15,13,192.1,4.1,6.8,0.0,2,False
Bad Bunny - BENDICIONES,off-25s/second_play,-22775,13896,36671,36669,,1,1,False,False,True,14,13,211.9,3.5,6.6,0.0,2,False
Bad Bunny - BENDICIONES,off-25s/seeded_correct,-22775,13895,36670,36670,,1,1,False,False,True,14,13,211.8,3.8,6.5,55.3,2,False
Bad Bunny - BENDICIONES,off-25s/seeded_wrong_2s,-22775,13895,36670,36670,,1,1,False,False,True,14,13,205.1,3.7,6.7,0.0,2,False
Bad Bunny - BENDICIONES,noise0/cold,2225,-1102,-3327,-3325,,3,3,True,True,True,1,13,151.6,1.9,3.8,0.0,0,False
Bad Bunny - BENDICIONES,noise0/seeded_correct,2225,2225,0,0,34250,0,4,False,False,False,13,13,116.9,3.1,5.2,100.0,0,True
Bad Bunny - BENDICIONES,noise0/seeded_wrong_2s,2225,2226,1,0,39750,0,3,False,False,False,13,13,116.2,3.0,5.4,74.4,0,True
Bad Bunny - BENDICIONES,noise-2s/cold,225,-3103,-3328,-3325,,2,2,True,True,True,2,13,152.3,2.2,4.0,7.3,0,False
Bad Bunny - BENDICIONES,noise-2s/seeded_correct,225,225,0,0,34250,0,4,False,False,False,13,13,121.5,3.1,5.2,100.0,0,True
Bad Bunny - BENDICIONES,noise-2s/seeded_wrong_2s,225,226,1,0,39750,0,3,False,False,False,13,13,117.3,3.0,5.0,74.7,0,True
Bad Bunny - BENDICIONES,cutin5s/cold,7225,3898,-3327,-3328,,3,3,True,True,True,2,13,142.6,2.3,3.6,0.0,0,False
Bad Bunny - BENDICIONES,cutin5s/second_play,7225,3898,-3327,-3327,,2,2,False,True,True,1,13,144.2,2.0,3.4,0.0,0,False
Bad Bunny - BENDICIONES,cutin5s/seeded_correct,7225,3890,-3335,-3325,,3,3,False,False,True,12,13,147.5,2.8,6.2,39.8,0,False
Bad Bunny - BENDICIONES,cutin5s/seeded_wrong_2s,7225,3890,-3335,-3325,,3,3,False,False,True,12,13,157.1,3.4,5.6,0.0,0,False
Bad Bunny - BENDICIONES,cutin15s/cold,17225,13894,-3331,-3325,,6,6,False,True,True,7,13,125.2,2.5,4.4,0.0,0,False
Bad Bunny - BENDICIONES,cutin15s/second_play,17225,13898,-3327,-3330,,2,2,False,True,True,1,13,123.0,1.9,3.2,0.0,0,False
Bad Bunny - BENDICIONES,cutin15s/seeded_correct,17225,17225,0,0,34250,0,4,False,False,False,13,13,96.5,2.9,5.2,100.0,0,True
Bad Bunny - BENDICIONES,cutin15s/seeded_wrong_2s,17225,17226,1,-3325,,1,4,False,False,True,12,13,117.7,2.7,5.1,42.8,0,True
Bad Bunny - BENDICIONES,cutin25s/cold,27225,23894,-3331,-3325,,5,5,False,True,True,7,13,119.3,2.5,4.3,0.0,0,False
Bad Bunny - BENDICIONES,cutin25s/second_play,27225,23895,-3330,-3330,,5,5,False,True,True,7,13,115.4,2.6,4.5,0.0,0,False
Bad Bunny - BENDICIONES,cutin25s/seeded_correct,27225,27225,0,-3325,,1,4,False,True,True,7,13,120.2,2.2,4.6,45.9,0,True
Bad Bunny - BENDICIONES,cutin25s/seeded_wrong_2s,27225,23890,-3335,-3325,,3,3,False,False,True,11,13,121.4,3.0,6.1,0.0,0,False
Bad Bunny - BENDICIONES,blend8s/cold,2225,-1102,-3327,-3328,,3,3,True,True,True,2,13,163.0,2.1,4.1,0.0,0,False
Bad Bunny - BENDICIONES,blend8s/seeded_correct,2225,2225,0,0,34250,0,4,False,False,False,13,13,129.5,3.4,5.4,100.0,0,True
Bad Bunny - BENDICIONES,blend8s/seeded_wrong_2s,2225,2225,0,0,39750,0,4,False,False,False,13,13,128.1,3.2,5.9,74.4,0,True
Bad Bunny - BENDICIONES,midshift+1.5s/cold,2225,386,-3339,-3325,,7,7,True,True,True,12,13,191.4,3.6,7.4,0.0,2,False
Bad Bunny - BENDICIONES,midshift+1.5s/seeded_correct,2225,387,-3338,-3325,,2,3,False,True,True,11,13,165.3,3.7,7.5,4.6,1,False
Bad Bunny - BENDICIONES,midshift+1.5s/seeded_wrong_2s,2225,400,-3325,-3325,,3,3,False,True,False,13,13,147.3,4.2,8.4,0.0,0,False
Bad Bunny - BENDICIONES,midshift-1.5s/cold,2225,-1104,-1829,-3325,,7,7,True,True,True,7,13,175.5,2.6,4.8,0.0,2,False
Bad Bunny - BENDICIONES,midshift-1.5s/seeded_correct,2225,-2600,-3325,-3325,,2,3,False,True,True,12,13,152.0,3.7,7.2,7.3,1,False
Bad Bunny - BENDICIONES,midshift-1.5s/seeded_wrong_2s,2225,-1100,-1825,-1825,,1,1,False,True,False,15,13,157.9,3.9,8.4,0.0,2,False
Bad Bunny - Cuando Perriabas,off0/cold,1950,1947,-3,0,7000,0,4,True,True,True,3,10,2087.4,7.6,19.0,98.6,0,True
Bad Bunny - Cuando Perriabas,off0/seeded_correct,1950,1939,-11,0,5500,0,3,False,True,True,3,10,2090.9,8.4,17.9,100.0,0,True
Bad Bunny - Cuando Perriabas,off0/seeded_wrong_2s,1950,1938,-12,0,5500,0,3,False,True,True,3,10,2066.4,7.9,18.4,98.9,0,True
Bad Bunny - Cuando Perriabas,off+200/cold,2150,2144,-6,0,5500,0,4,True,True,True,3,10,2204.8,8.5,20.2,98.9,0,True
Bad Bunny - Cuando Perriabas,off+200/seeded_correct,2150,2139,-11,0,5500,0,3,False,True,True,3,10,2295.6,8.5,23.2,100.0,0,True
Bad Bunny - Cuando Perriabas,off+200/seeded_wrong_2s,2150,2138,-12,0,5500,0,3,False,True,True,3,10,2274.9,9.1,19.8,98.9,0,True
Bad Bunny - Cuando Perriabas,off-200/cold,1750,1744,-6,-25,8500,0,3,True,True,True,2,10,2361.2,8.9,19.4,98.3,0,True
Bad Bunny - Cuando Perriabas,off-200/seeded_correct,1750,1739,-11,0,5500,0,3,False,True,True,3,10,2304.9,9.0,19.5,100.0,0,True
Bad Bunny - Cuando Perriabas,off-200/seeded_wrong_2s,1750,1738,-12,0,5500,0,3,False,True,True,3,10,2296.6,8.8,19.7,98.9,0,True
Bad Bunny - Cuando Perriabas,off+2s/cold,3950,3949,-1,0,28300,0,3,True,False,True,4,10,2265.8,9.2,20.0,94.2,0,True
Bad Bunny - Cuando Perriabas,off+2s/seeded_correct,3950,3939,-11,0,4000,0,3,False,True,True,3,10,2322.2,9.0,19.8,100.0,0,True
Bad Bunny - Cuando Perriabas,off+2s/seeded_wrong_2s,3950,3938,-12,0,4000,0,3,False,True,True,3,10,2287.1,9.2,19.2,99.2,0,True
Bad Bunny - Cuando Perriabas,off-2s/cold,-50,-55,-5,0,8500,0,4,True,True,True,3,10,2300.0,9.0,19.9,100.0,0,True
Bad Bunny - Cuando Perriabas,off-2s/seeded_correct,-50,-57,-7,0,8500,0,3,False,True,True,3,10,2268.4,8.8,20.1,100.0,0,True
Bad Bunny - Cuando Perriabas,off-2s/seeded_wrong_2s,-50,-58,-8,0,8500,0,3,False,True,True,3,10,2082.8,9.0,17.8,98.3,0,True
Bad Bunny - Cuando Perriabas,off+10s/cold,11950,11944,-6,0,26000,0,3,False,False,True,4,10,1937.5,7.8,17.3,94.6,0,True
Bad Bunny - Cuando Perriabas,off+10s/second_play,11950,11947,-3,-6,2500,0,2,False,True,True,1,10,2116.2,8.9,19.4,100.0,0,True
Bad Bunny - Cuando Perriabas,off+10s/seeded_correct,11950,11948,-2,0,2500,0,2,False,True,True,1,10,2250.3,8.8,20.3,100.0,0,True
Bad Bunny - Cuando Perriabas,off+10s/seeded_wrong_2s,11950,11948,-2,0,2500,0,2,False,True,True,2,10,2285.1,8.8,19.9,99.5,0,True
Bad Bunny - Cuando Perriabas,off-10s/cold,-8050,-2200,5850,0,140000,1,2,False,False,False,11,10,2264.7,9.8,19.9,71.9,1,False
Bad Bunny - Cuando Perriabas,off-10s/second_play,-8050,-2200,5850,0,140000,4,5,False,False,True,11,10,2225.7,9.4,19.6,71.9,2,False
Bad Bunny - Cuando Perriabas,off-10s/seeded_correct,-8050,-2200,5850,0,140000,2,3,False,False,True,11,10,2279.3,10.4,20.2,86.6,1,False
Bad Bunny - Cuando Perriabas,off-10s/seeded_wrong_2s,-8050,-2200,5850,0,140000,1,2,False,False,False,11,10,2261.7,10.1,20.1,71.9,1,False
Bad Bunny - Cuando Perriabas,off+25s/cold,26950,26944,-6,0,26000,0,3,False,False,True,4,10,2315.1,9.6,20.0,94.4,0,True
Bad Bunny - Cuando Perriabas,off+25s/second_play,26950,26947,-3,-6,2500,0,2,False,True,True,1,10,2348.0,9.7,20.2,100.0,0,True
Bad Bunny - Cuando Perriabas,off+25s/seeded_correct,26950,26949,-1,0,2500,0,2,False,True,True,1,10,2297.5,9.6,20.0,100.0,0,True
Bad Bunny - Cuando Perriabas,off+25s/seeded_wrong_2s,26950,26948,-2,0,2500,0,2,False,True,True,2,10,2294.0,9.2,20.3,99.5,0,True
Bad Bunny - Cuando Perriabas,off-25s/cold,-23050,,,23050,,0,0,False,False,False,10,10,2257.0,9.6,19.8,0.0,0,False
Bad Bunny - Cuando Perriabas,off-25s/second_play,-23050,,,23050,,0,0,False,False,False,10,10,2250.3,9.5,20.3,0.0,0,False
Bad Bunny - Cuando Perriabas,off-25s/seeded_correct,-23050,-23050,0,0,,0,0,False,False,False,10,10,2341.0,10.2,19.8,100.0,0,True
Bad Bunny - Cuando Perriabas,off-25s/seeded_wrong_2s,-23050,-21050,2000,2000,,0,0,False,False,False,10,10,2247.7,9.9,19.9,0.0,0,False
Bad Bunny - Cuando Perriabas,noise0/cold,1950,1947,-3,0,7000,0,4,True,True,True,3,10,2202.6,8.3,20.6,98.6,0,True
Bad Bunny - Cuando Perriabas,noise0/seeded_correct,1950,1943,-7,0,5500,0,4,False,True,True,3,10,2201.7,8.1,19.7,100.0,0,True
Bad Bunny - Cuando Perriabas,noise0/seeded_wrong_2s,1950,1942,-8,0,5500,0,3,False,True,True,3,10,2175.6,8.0,20.0,98.9,0,True
Bad Bunny - Cuando Perriabas,noise-2s/cold,-50,-56,-6,0,8500,0,4,True,True,True,3,10,2283.7,8.2,19.6,100.0,0,True
Bad Bunny - Cuando Perriabas,noise-2s/seeded_correct,-50,-57,-7,0,8500,0,4,False,True,True,3,10,2215.4,7.8,20.7,100.0,0,True
Bad Bunny - Cuando Perriabas,noise-2s/seeded_wrong_2s,-50,-58,-8,0,8500,0,3,False,True,True,3,10,2166.7,7.9,19.7,98.3,0,True
Bad Bunny - Cuando Perriabas,cutin5s/cold,6950,6948,-2,0,4000,0,3,False,True,True,3,10,2680.1,11.0,22.8,99.2,0,True
Bad Bunny - Cuando Perriabas,cutin5s/second_play,6950,6948,-2,-2,4000,0,3,False,True,True,3,10,2673.1,10.6,23.1,100.0,0,True
Bad Bunny - Cuando Perriabas,cutin5s/seeded_correct,6950,6948,-2,0,4000,0,3,False,True,True,3,10,2676.8,10.8,23.0,100.0,0,True
Bad Bunny - Cuando Perriabas,cutin5s/seeded_wrong_2s,6950,6948,-2,0,4000,0,3,False,True,True,3,10,2659.0,10.7,22.8,99.2,0,True
Bad Bunny - Cuando Perriabas,cutin15s/cold,16950,16948,-2,0,4000,0,2,False,True,True,3,10,1774.6,6.8,16.7,99.2,0,True
Bad Bunny - Cuando Perriabas,cutin15s/second_play,16950,16948,-2,-2,4000,0,2,False,True,True,3,10,1724.8,6.6,16.3,100.0,0,True
Bad Bunny - Cuando Perriabas,cutin15s/seeded_correct,16950,16948,-2,0,4000,0,2,False,True,True,3,10,1753.5,6.9,16.6,100.0,0,True
Bad Bunny - Cuando Perriabas,cutin15s/seeded_wrong_2s,16950,16948,-2,0,4000,0,2,False,True,True,3,10,1736.8,6.7,15.8,99.2,0,True
Bad Bunny - Cuando Perriabas,cutin25s/cold,26950,26949,-1,0,4000,0,2,False,True,True,4,10,2160.1,9.5,18.4,99.1,0,True
Bad Bunny - Cuando Perriabas,cutin25s/second_play,26950,26949,-1,-1,4000,0,2,False,True,True,4,10,2207.7,10.1,18.7,100.0,0,True
Bad Bunny - Cuando Perriabas,cutin25s/seeded_correct,26950,26949,-1,0,4000,0,2,False,True,True,4,10,2162.4,9.4,17.8,100.0,0,True
Bad Bunny - Cuando Perriabas,cutin25s/seeded_wrong_2s,26950,26949,-1,0,4000,0,2,False,True,True,4,10,2192.7,9.7,18.4,99.1,0,True
Bad Bunny - Cuando Perriabas,blend8s/cold,1950,1946,-4,0,26000,0,3,True,False,True,3,10,2130.7,8.7,16.8,94.7,0,True
Bad Bunny - Cuando Perriabas,blend8s/seeded_correct,1950,1942,-8,0,16500,0,2,False,False,True,3,10,2083.0,8.7,16.1,100.0,0,True
Bad Bunny - Cuando Perriabas,blend8s/seeded_wrong_2s,1950,1940,-10,0,26000,0,2,False,False,True,3,10,2139.2,8.6,16.7,94.7,0,True
Bad Bunny - Cuando Perriabas,midshift+1.5s/cold,1950,1951,-1499,0,7000,1,5,True,True,True,5,10,2569.0,11.2,19.0,93.5,1,False
Bad Bunny - Cuando Perriabas,midshift+1.5s/seeded_correct,1950,1947,-1503,0,5500,1,4,False,True,True,5,10,2557.4,11.5,18.8,95.0,1,False
Bad Bunny - Cuando Perriabas,midshift+1.5s/seeded_wrong_2s,1950,1921,-1529,0,5500,1,4,False,True,True,6,10,2545.9,11.6,19.1,93.8,1,False
Bad Bunny - Cuando Perriabas,midshift-1.5s/cold,1950,1947,1497,0,7000,1,5,True,True,True,5,10,2222.1,9.2,17.1,93.6,1,False
Bad Bunny - Cuando Perriabas,midshift-1.5s/seeded_correct,1950,1921,1471,0,5500,1,4,False,True,True,6,10,2198.4,9.5,17.2,95.0,1,False
Bad Bunny - Cuando Perriabas,midshift-1.5s/seeded_wrong_2s,1950,1921,1471,0,5500,1,4,False,True,True,6,10,2210.5,9.5,17.2,93.9,1,False
Bad Bunny - 3,off0/cold,-1025,-1026,-1,6000,,1,4,False,False,False,8,7,225.0,4.5,9.0,62.4,1,True
Bad Bunny - 3,off0/seeded_correct,-1025,-1026,-1,0,24750,0,3,False,False,False,9,7,180.7,3.6,7.6,100.0,2,True
Bad Bunny - 3,off0/seeded_wrong_2s,-1025,-1026,-1,0,34250,0,2,False,False,False,9,7,180.4,3.6,6.9,77.7,2,True
Bad Bunny - 3,off+200/cold,-825,-825,0,6000,,1,5,False,False,False,8,7,199.1,4.4,6.9,68.7,1,True
Bad Bunny - 3,off+200/seeded_correct,-825,-825,0,0,24750,0,3,False,False,False,9,7,221.1,4.9,8.1,100.0,2,True
Bad Bunny - 3,off+200/seeded_wrong_2s,-825,-825,0,0,34250,0,3,False,False,False,9,7,209.7,4.2,8.8,77.7,2,True
Bad Bunny - 3,off-200/cold,-1225,-1225,0,6000,,1,4,False,False,False,8,7,183.8,4.1,6.1,59.5,1,True
Bad Bunny - 3,off-200/seeded_correct,-1225,-1223,2,0,24750,0,2,False,False,False,9,7,204.1,4.2,8.0,100.0,2,True
Bad Bunny - 3,off-200/seeded_wrong_2s,-1225,4775,6000,6000,,1,2,False,False,True,7,7,219.2,3.8,5.8,35.3,1,False
Bad Bunny - 3,off+2s/cold,975,975,0,6000,,1,5,False,False,False,8,7,180.5,3.8,7.3,68.1,1,True
Bad Bunny - 3,off+2s/seeded_correct,975,975,0,0,24750,0,3,False,False,False,9,7,209.2,4.4,8.1,100.0,2,True
Bad Bunny - 3,off+2s/seeded_wrong_2s,975,975,0,0,34250,0,3,False,False,False,9,7,253.5,5.5,9.3,77.4,2,True
Bad Bunny - 3,off-2s/cold,-3025,2975,6000,6000,,2,2,False,True,True,1,7,237.7,3.7,5.4,0.0,0,False
Bad Bunny - 3,off-2s/seeded_correct,-3025,-3025,0,6000,,1,2,False,False,True,5,7,229.5,3.2,5.3,33.3,0,True
Bad Bunny - 3,off-2s/seeded_wrong_2s,-3025,2975,6000,6000,,2,2,False,False,False,7,7,171.8,3.5,7.0,0.0,0,False
Bad Bunny - 3,off+10s/cold,8975,14975,6000,6000,,2,2,False,False,False,7,7,182.0,4.6,6.3,0.0,0,False
Bad Bunny - 3,off+10s/second_play,8975,14975,6000,6000,,2,2,False,True,True,1,7,214.3,3.5,6.1,0.0,0,False
Bad Bunny - 3,off+10s/seeded_correct,8975,8975,0,0,24750,0,3,False,False,False,9,7,193.5,4.5,8.9,100.0,2,True
Bad Bunny - 3,off+10s/seeded_wrong_2s,8975,8975,0,0,34250,0,3,False,False,False,9,7,198.1,4.6,8.6,76.1,2,True
Bad Bunny - 3,off-10s/cold,-11025,980,12005,12000,,1,1,False,False,False,9,7,187.1,3.5,7.8,0.0,2,False
Bad Bunny - 3,off-10s/second_play,-11025,976,12001,12005,,1,1,False,False,False,9,7,212.7,4.5,7.5,0.0,2,False
Bad Bunny - 3,off-10s/seeded_correct,-11025,-11025,0,0,,0,0,False,False,False,7,7,196.1,4.6,6.1,100.0,0,True
Bad Bunny - 3,off-10s/seeded_wrong_2s,-11025,-9025,2000,2000,,0,0,False,False,False,7,7,192.3,4.3,6.1,0.0,0,False
Bad Bunny - 3,off+25s/cold,23975,-25,-24000,6000,,3,3,False,False,True,7,7,218.0,4.8,6.3,0.0,1,False
Bad Bunny - 3,off+25s/second_play,23975,-26,-24001,6000,,4,4,False,False,True,8,7,165.0,4.0,9.3,0.0,1,False
Bad Bunny - 3,off+25s/seeded_correct,23975,23975,0,0,24750,0,3,False,False,False,9,7,191.0,4.8,10.6,100.0,2,True
Bad Bunny - 3,off+25s/seeded_wrong_2s,23975,23975,0,0,34250,0,3,False,False,False,9,7,183.9,4.7,10.2,73.3,2,True
Bad Bunny - 3,off-25s/cold,-26025,3975,30000,26025,,1,1,False,False,False,7,7,198.9,4.2,5.8,0.0,0,False
Bad Bunny - 3,off-25s/second_play,-26025,3975,30000,30000,,0,0,False,False,False,9,7,210.9,4.5,6.4,0.0,2,False
Bad Bunny - 3,off-25s/seeded_correct,-26025,-26025,0,0,,0,0,False,False,False,7,7,185.3,3.9,5.6,100.0,0,True
Bad Bunny - 3,off-25s/seeded_wrong_2s,-26025,-24025,2000,2000,,0,0,False,False,False,7,7,204.7,4.4,5.8,0.0,0,False
Bad Bunny - 3,noise0/cold,-1025,-1026,-1,6000,,1,4,False,False,False,8,7,129.3,2.7,4.2,62.4,1,True
Bad Bunny - 3,noise0/seeded_correct,-1025,-1026,-1,0,24750,0,3,False,False,False,9,7,130.6,2.6,4.9,100.0,2,True
Bad Bunny - 3,noise0/seeded_wrong_2s,-1025,-1026,-1,0,34250,0,2,False,False,False,9,7,131.0,2.6,4.8,77.7,2,True
Bad Bunny - 3,noise-2s/cold,-3025,2975,6000,6000,,2,2,False,True,True,1,7,136.2,2.0,3.2,0.0,0,False
Bad Bunny - 3,noise-2s/seeded_correct,-3025,-3025,0,6000,,1,2,False,False,True,5,7,150.0,2.0,3.3,33.3,0,True
Bad Bunny - 3,noise-2s/seeded_wrong_2s,-3025,2975,6000,6000,,2,2,False,False,False,7,7,117.3,2.5,3.4,0.0,0,False
Bad Bunny - 3,cutin5s/cold,3975,9975,6000,6000,,2,2,False,False,False,7,7,121.8,2.7,4.4,0.0,0,False
Bad Bunny - 3,cutin5s/second_play,3975,9975,6000,6000,,2,2,False,True,True,1,7,132.7,2.1,3.3,0.0,0,False
Bad Bunny - 3,cutin5s/seeded_correct,3975,3975,0,6000,,1,5,False,False,True,8,7,119.6,2.6,4.1,84.8,1,True
Bad Bunny - 3,cutin5s/seeded_wrong_2s,3975,9975,6000,6000,,1,2,False,False,True,7,7,141.4,2.4,3.4,33.8,1,False
Bad Bunny - 3,cutin15s/cold,13975,13975,0,-13975,,0,1,False,False,False,7,7,107.5,2.5,3.8,0.0,0,True
Bad Bunny - 3,cutin15s/second_play,13975,13973,-2,6000,,1,5,False,False,True,8,7,99.8,2.5,4.1,83.8,1,True
Bad Bunny - 3,cutin15s/seeded_correct,13975,13973,-2,6000,,1,5,False,False,True,8,7,100.3,2.5,4.2,83.8,1,True
Bad Bunny - 3,cutin15s/seeded_wrong_2s,13975,13975,0,6000,,1,5,False,False,False,8,7,100.6,2.5,4.1,59.0,1,True
Bad Bunny - 3,cutin25s/cold,23975,29975,6000,6000,,2,2,False,False,False,7,7,112.0,2.8,4.7,0.0,0,False
Bad Bunny - 3,cutin25s/second_play,23975,29976,6001,6000,,3,3,False,True,True,3,7,109.6,2.3,3.2,0.0,0,False
Bad Bunny - 3,cutin25s/seeded_correct,23975,23975,0,6000,,1,4,False,False,True,8,7,95.2,2.6,5.9,82.5,1,True
Bad Bunny - 3,cutin25s/seeded_wrong_2s,23975,29975,6000,6000,,2,2,False,False,False,7,7,86.2,2.5,4.6,0.0,0,False
Bad Bunny - 3,blend8s/cold,-1025,-1026,-1,6000,,1,4,False,False,False,8,7,146.9,3.1,4.9,62.4,1,True
Bad Bunny - 3,blend8s/seeded_correct,-1025,-1026,-1,0,24750,0,3,False,False,False,9,7,148.5,2.9,5.5,100.0,2,True
Bad Bunny - 3,blend8s/seeded_wrong_2s,-1025,-1026,-1,0,34250,0,2,False,False,False,9,7,151.8,3.0,5.7,77.7,2,True
Bad Bunny - 3,midshift+1.5s/cold,-1025,-1025,-1500,6000,,2,3,False,False,False,8,7,169.9,3.5,6.2,16.9,1,False
Bad Bunny - 3,midshift+1.5s/seeded_correct,-1025,-1025,-1500,6000,,2,4,False,False,False,8,7,165.7,3.3,6.0,39.5,1,False
Bad Bunny - 3,midshift+1.5s/seeded_wrong_2s,-1025,-1025,-1500,6000,,2,3,False,False,False,8,7,156.6,3.5,5.2,16.9,1,False
Bad Bunny - 3,midshift-1.5s/cold,-1025,-1025,1500,6000,,2,3,False,False,False,8,7,148.2,2.8,4.8,16.6,1,False
Bad Bunny - 3,midshift-1.5s/seeded_correct,-1025,-1025,1500,6000,,2,4,False,False,False,8,7,151.3,3.1,5.1,38.7,1,False
Bad Bunny - 3,midshift-1.5s/seeded_wrong_2s,-1025,-1025,1500,6000,,2,3,False,False,False,8,7,154.9,3.2,5.0,16.6,1,False
"Bad Bunny, Eladio Carrion - THUNDER Y LIGHTNING",off0/cold,-475,17972,18447,18450,,2,2,False,False,True,7,8,230.3,3.8,7.3,0.0,1,False
"Bad Bunny, Eladio Carrion - THUNDER Y LIGHTNING",off0/seeded_correct,-475,17979,18454,18450,,2,2,False,False,True,9,8,145.2,3.2,10.3,46.6,1,False
"Bad Bunny, Eladio Carrion - THUNDER Y LIGHTNING",off0/seeded_wrong_2s,-475,17974,18449,18450,,2,2,False,False,True,8,8,229.7,4.3,7.7,0.0,1,False
"Bad Bunny, Eladio Carrion - THUNDER Y LIGHTNING",off+200/cold,-275,18172,18447,18450,,2,2,False,False,True,7,8,234.7,4.5,6.7,46.6,1,False
"Bad Bunny, Eladio Carrion - THUNDER Y LIGHTNING",off+200/seeded_correct,-275,18179,18454,18450,,2,2,False,False,True,9,8,142.8,3.1,10.8,46.6,1,False
"Bad Bunny, Eladio Carrion - THUNDER Y LIGHTNING",off+200/seeded_wrong_2s,-275,18174,18449,18450,,2,2,False,False,True,8,8,234.7,3.9,8.0,0.0,1,False
"Bad Bunny, Eladio Carrion - THUNDER Y LIGHTNING",off-200/cold,-675,17772,18447,18450,,2,2,False,False,True,7,8,237.1,4.2,7.0,0.0,1,False
"Bad Bunny, Eladio Carrion - THUNDER Y LIGHTNING",off-200/seeded_correct,-675,17779,18454,18450,,2,2,False,False,True,9,8,145.2,2.9,10.6,46.5,1,False
"Bad Bunny, Eladio Carrion - THUNDER Y LIGHTNING",off-200/seeded_wrong_2s,-675,17774,18449,18450,,2,2,False,False,True,8,8,226.6,4.1,8.3,0.0,1,False
"Bad Bunny, Eladio Carrion - THUNDER Y LIGHTNING",off+2s/cold,1525,19972,18447,18450,,2,2,False,False,True,7,8,237.9,4.2,7.4,0.0,1,False
"Bad Bunny, Eladio Carrion - THUNDER Y LIGHTNING",off+2s/seeded_correct,1525,19979,18454,18450,,2,2,False,False,True,9,8,132.2,3.1,10.7,47.1,1,False
"Bad Bunny, Eladio Carrion - THUNDER Y LIGHTNING",off+2s/seeded_wrong_2s,1525,19974,18449,18450,,2,2,False,False,True,8,8,238.7,4.4,8.5,0.0,1,False
"Bad Bunny, Eladio Carrion - THUNDER Y LIGHTNING",off-2s/cold,-2475,15972,18447,18450,,2,2,False,False,True,7,8,227.8,4.1,6.6,0.0,1,False
"Bad Bunny, Eladio Carrion - THUNDER Y LIGHTNING",off-2s/seeded_correct,-2475,15974,18449,18450,,2,2,False,False,True,8,8,228.5,4.3,7.9,46.1,1,False
"Bad Bunny, Eladio Carrion - THUNDER Y LIGHTNING",off-2s/seeded_wrong_2s,-2475,15974,18449,18450,,2,2,False,False,True,8,8,234.0,4.1,8.3,0.0,1,False
"Bad Bunny, Eladio Carrion - THUNDER Y LIGHTNING",off+10s/cold,9525,27972,18447,18450,,2,2,False,False,True,7,8,223.6,4.4,7.5,0.0,1,False
"Bad Bunny, Eladio Carrion - THUNDER Y LIGHTNING",off+10s/second_play,9525,28025,18500,18500,,2,2,False,True,True,3,8,289.9,3.4,5.7,0.0,1,False
"Bad Bunny, Eladio Carrion - THUNDER Y LIGHTNING",off+10s/seeded_correct,9525,28000,18475,18450,,3,3,False,False,True,9,8,138.3,2.2,12.7,49.1,1,False
"Bad Bunny, Eladio Carrion - THUNDER Y LIGHTNING",off+10s/seeded_wrong_2s,9525,27974,18449,18450,,2,2,False,False,True,8,8,216.1,4.1,9.0,0.0,1,False
"Bad Bunny, Eladio Carrion - THUNDER Y LIGHTNING",off-10s/cold,-10475,7972,18447,18450,,2,2,False,False,True,7,8,239.2,4.3,6.5,0.0,1,False
"Bad Bunny, Eladio Carrion - THUNDER Y LIGHTNING",off-10s/second_play,-10475,7984,18459,18500,,3,3,False,True,True,6,8,274.0,4.0,6.4,0.0,1,False
"Bad Bunny, Eladio Carrion - THUNDER Y LIGHTNING",off-10s/seeded_correct,-10475,7974,18449,18450,,2,2,False,False,True,8,8,242.3,4.4,8.3,44.3,1,False
"Bad Bunny, Eladio Carrion - THUNDER Y LIGHTNING",off-10s/seeded_wrong_2s,-10475,7974,18449,18450,,2,2,False,False,True,8,8,235.5,4.1,7.6,0.0,1,False
"Bad Bunny, Eladio Carrion - THUNDER Y LIGHTNING",off+25s/cold,24525,,,-24525,,0,0,False,False,False,7,8,90.4,2.6,11.5,0.0,0,False
"Bad Bunny, Eladio Carrion - THUNDER Y LIGHTNING",off+25s/second_play,24525,,,-24525,,0,0,False,False,False,7,8,92.1,2.6,11.0,0.0,0,False
"Bad Bunny, Eladio Carrion - THUNDER Y LIGHTNING",off+25s/seeded_correct,24525,24525,0,0,129250,0,1,False,False,False,7,8,88.4,2.6,12.2,100.0,0,True
"Bad Bunny, Eladio Carrion - THUNDER Y LIGHTNING",off+25s/seeded_wrong_2s,24525,26525,2000,2000,,0,0,False,False,False,7,8,87.7,2.5,10.2,0.0,0,False
"Bad Bunny, Eladio Carrion - THUNDER Y LIGHTNING",off-25s/cold,-25475,,,24600,,0,0,False,False,False,10,8,189.2,5.0,12.4,0.0,2,False
"Bad Bunny, Eladio Carrion - THUNDER Y LIGHTNING",off-25s/second_play,-25475,,,24600,,0,0,False,False,False,10,8,194.2,5.7,11.3,0.0,2,False
"Bad Bunny, Eladio Carrion - THUNDER Y LIGHTNING",off-25s/seeded_correct,-25475,-25475,0,0,,0,0,False,False,False,8,8,151.9,5.0,7.7,100.0,0,True
"Bad Bunny, Eladio Carrion - THUNDER Y LIGHTNING",off-25s/seeded_wrong_2s,-25475,-23475,2000,2000,,0,0,False,False,False,8,8,165.9,5.4,8.0,0.0,0,False
"Bad Bunny, Eladio Carrion - THUNDER Y LIGHTNING",noise0/cold,-475,17972,18447,18450,,2,2,False,False,True,7,8,210.0,3.9,6.1,0.0,1,False
"Bad Bunny, Eladio Carrion - THUNDER Y LIGHTNING",noise0/seeded_correct,-475,17979,18454,18450,,2,2,False,False,True,9,8,131.5,2.7,9.5,46.6,1,False
"Bad Bunny, Eladio Carrion - THUNDER Y LIGHTNING",noise0/seeded_wrong_2s,-475,17974,18449,18450,,2,2,False,False,True,8,8,207.7,3.6,8.3,0.0,1,False
"Bad Bunny, Eladio Carrion - THUNDER Y LIGHTNING",noise-2s/cold,-2475,15972,18447,18450,,2,2,False,False,True,7,8,209.8,3.8,6.7,0.0,1,False
"Bad Bunny, Eladio Carrion - THUNDER Y LIGHTNING",noise-2s/seeded_correct,-2475,15974,18449,18450,,2,2,False,False,True,8,8,197.8,3.4,6.9,46.1,1,False
"Bad Bunny, Eladio Carrion - THUNDER Y LIGHTNING",noise-2s/seeded_wrong_2s,-2475,15974,18449,18450,,2,2,False,False,True,8,8,206.2,3.8,7.1,0.0,1,False
"Bad Bunny, Eladio Carrion - THUNDER Y LIGHTNING",cutin5s/cold,4525,22973,18448,18450,,2,2,False,False,True,7,8,203.8,3.8,5.9,0.0,1,False
"Bad Bunny, Eladio Carrion - THUNDER Y LIGHTNING",cutin5s/second_play,4525,22974,18449,18500,,2,2,False,True,True,6,8,225.3,3.5,6.3,0.0,1,False
"Bad Bunny, Eladio Carrion - THUNDER Y LIGHTNING",cutin5s/seeded_correct,4525,22980,18455,18450,,2,2,False,False,True,9,8,118.5,2.2,10.2,47.8,1,False
"Bad Bunny, Eladio Carrion - THUNDER Y LIGHTNING",cutin5s/seeded_wrong_2s,4525,22974,18449,18450,,2,2,False,False,True,8,8,201.6,3.8,7.7,0.0,1,False
"Bad Bunny, Eladio Carrion - THUNDER Y LIGHTNING",cutin15s/cold,14525,,,-14525,,0,0,False,False,False,8,8,89.5,2.4,8.1,0.0,0,False
"Bad Bunny, Eladio Carrion - THUNDER Y LIGHTNING",cutin15s/second_play,14525,,,-14525,,0,0,False,False,False,8,8,89.5,2.4,8.1,0.0,0,False
"Bad Bunny, Eladio Carrion - THUNDER Y LIGHTNING",cutin15s/seeded_correct,14525,32959,18434,18450,,2,2,False,False,True,7,8,152.9,3.3,5.5,50.4,1,False
"Bad Bunny, Eladio Carrion - THUNDER Y LIGHTNING",cutin15s/seeded_wrong_2s,14525,32972,18447,18450,,2,2,False,False,True,7,8,153.1,3.2,5.4,0.0,1,False
"Bad Bunny, Eladio Carrion - THUNDER Y LIGHTNING",cutin25s/cold,24525,,,-24525,,0,0,False,False,False,7,8,81.8,3.0,8.7,0.0,0,False
"Bad Bunny, Eladio Carrion - THUNDER Y LIGHTNING",cutin25s/second_play,24525,,,-24525,,0,0,False,False,False,7,8,82.5,3.0,8.9,0.0,0,False
"Bad Bunny, Eladio Carrion - THUNDER Y LIGHTNING",cutin25s/seeded_correct,24525,24525,0,0,129250,0,1,False,False,False,7,8,59.6,1.6,8.2,100.0,0,True
"Bad Bunny, Eladio Carrion - THUNDER Y LIGHTNING",cutin25s/seeded_wrong_2s,24525,26525,2000,2000,,0,0,False,False,False,7,8,57.5,1.5,8.3,0.0,0,False
"Bad Bunny, Eladio Carrion - THUNDER Y LIGHTNING",blend8s/cold,-475,17972,18447,18450,,2,2,False,False,True,7,8,251.6,4.5,8.1,0.0,1,False
"Bad Bunny, Eladio Carrion - THUNDER Y LIGHTNING",blend8s/seeded_correct,-475,17979,18454,18450,,2,2,False,False,True,9,8,162.4,3.2,11.1,46.6,1,False
"Bad Bunny, Eladio Carrion - THUNDER Y LIGHTNING",blend8s/seeded_wrong_2s,-475,17974,18449,18450,,2,2,False,False,True,8,8,245.9,4.4,9.2,0.0,1,False
"Bad Bunny, Eladio Carrion - THUNDER Y LIGHTNING",midshift+1.5s/cold,-475,19473,18448,18450,,2,2,False,False,True,8,8,281.3,5.6,9.7,0.0,1,False
"Bad Bunny, Eladio Carrion - THUNDER Y LIGHTNING",midshift+1.5s/seeded_correct,-475,19474,18449,18450,,2,2,False,False,True,8,8,266.1,5.3,10.0,30.5,1,False
"Bad Bunny, Eladio Carrion - THUNDER Y LIGHTNING",midshift+1.5s/seeded_wrong_2s,-475,19474,18449,18450,,2,2,False,False,True,8,8,267.9,4.9,9.5,0.0,1,False
"Bad Bunny, Eladio Carrion - THUNDER Y LIGHTNING",midshift-1.5s/cold,-475,16472,18447,18450,,2,2,False,False,True,8,8,212.6,3.9,8.2,0.0,1,False
"Bad Bunny, Eladio Carrion - THUNDER Y LIGHTNING",midshift-1.5s/seeded_correct,-475,16474,18449,18450,,2,2,False,False,True,8,8,205.1,3.8,7.8,30.1,1,False
"Bad Bunny, Eladio Carrion - THUNDER Y LIGHTNING",midshift-1.5s/seeded_wrong_2s,-475,16474,18449,18450,,2,2,False,False,True,8,8,211.7,3.9,7.7,0.0,1,False
Bad Bunny - EL MUNDO ES MÍO,off0/cold,-1100,-1100,0,0,10000,0,4,False,True,True,7,14,205.9,3.6,6.9,93.9,0,True
Bad Bunny - EL MUNDO ES MÍO,off0/seeded_correct,-1100,-1100,0,0,10000,0,5,False,True,True,7,14,181.9,3.1,4.8,100.0,0,True
Bad Bunny - EL MUNDO ES MÍO,off0/seeded_wrong_2s,-1100,-1100,0,0,10000,0,4,False,True,True,7,14,187.4,3.1,5.2,93.9,0,True
Bad Bunny - EL MUNDO ES MÍO,off+200/cold,-900,-900,0,0,10000,0,2,False,True,True,2,14,192.9,2.6,4.3,93.9,0,True
Bad Bunny - EL MUNDO ES MÍO,off+200/seeded_correct,-900,-900,0,0,10000,0,3,False,True,True,2,14,206.9,2.7,5.3,100.0,0,True
Bad Bunny - EL MUNDO ES MÍO,off+200/seeded_wrong_2s,-900,-900,0,0,10000,0,2,False,True,True,2,14,202.7,2.5,5.0,93.9,0,True
Bad Bunny - EL MUNDO ES MÍO,off-200/cold,-1300,-1300,0,0,10000,0,4,False,True,True,7,14,186.6,3.1,5.3,93.9,0,True
Bad Bunny - EL MUNDO ES MÍO,off-200/seeded_correct,-1300,-1300,0,0,10000,0,4,False,True,True,7,14,192.0,3.3,5.5,100.0,0,True
Bad Bunny - EL MUNDO ES MÍO,off-200/seeded_wrong_2s,-1300,-1300,0,0,10000,0,4,False,True,True,7,14,183.4,3.2,4.9,93.9,0,True
Bad Bunny - EL MUNDO ES MÍO,off+2s/cold,900,899,-1,0,8500,0,2,False,True,True,2,14,205.4,2.5,5.1,94.8,0,True
Bad Bunny - EL MUNDO ES MÍO,off+2s/seeded_correct,900,900,0,0,8500,0,3,False,True,True,2,14,190.0,2.7,4.5,100.0,0,True
Bad Bunny - EL MUNDO ES MÍO,off+2s/seeded_wrong_2s,900,899,-1,0,8500,0,2,False,True,True,2,14,205.2,2.8,4.7,94.8,0,True
Bad Bunny - EL MUNDO ES MÍO,off-2s/cold,-3100,-3104,-4,0,13000,0,3,False,True,True,7,14,199.0,3.1,5.5,92.2,0,True
Bad Bunny - EL MUNDO ES MÍO,off-2s/seeded_correct,-3100,-3104,-4,0,13000,0,3,False,True,True,7,14,182.4,3.0,4.8,100.0,0,True
Bad Bunny - EL MUNDO ES MÍO,off-2s/seeded_wrong_2s,-3100,-3104,-4,0,13000,0,3,False,True,True,7,14,188.7,3.1,4.9,92.2,0,True
Bad Bunny - EL MUNDO ES MÍO,off+10s/cold,8900,8891,-9,0,72750,0,3,False,False,True,8,14,195.3,3.5,6.3,52.9,0,True
Bad Bunny - EL MUNDO ES MÍO,off+10s/second_play,8900,8898,-2,-9,2500,0,2,False,True,True,1,14,184.0,2.4,4.8,100.0,0,True
Bad Bunny - EL MUNDO ES MÍO,off+10s/seeded_correct,8900,8900,0,0,2500,0,2,False,True,True,1,14,200.4,2.6,4.7,100.0,0,True
Bad Bunny - EL MUNDO ES MÍO,off+10s/seeded_wrong_2s,8900,8899,-1,0,2500,0,2,False,True,True,2,14,193.3,2.8,5.6,98.4,0,True
Bad Bunny - EL MUNDO ES MÍO,off-10s/cold,-11100,,,11100,,0,0,False,False,False,14,14,174.7,4.2,7.9,0.0,0,False
Bad Bunny - EL MUNDO ES MÍO,off-10s/second_play,-11100,,,11100,,0,0,False,False,False,14,14,169.3,3.6,7.5,0.0,0,False
Bad Bunny - EL MUNDO ES MÍO,off-10s/seeded_correct,-11100,-11100,0,0,,0,0,False,False,False,14,14,177.6,4.3,7.7,100.0,0,True
Bad Bunny - EL MUNDO ES MÍO,off-10s/seeded_wrong_2s,-11100,-9100,2000,2000,,0,0,False,False,False,14,14,174.3,4.4,7.8,0.0,0,False
Bad Bunny - EL MUNDO ES MÍO,off+25s/cold,23900,23895,-5,0,72750,0,3,False,False,True,7,14,187.9,3.4,6.9,47.8,0,True
Bad Bunny - EL MUNDO ES MÍO,off+25s/second_play,23900,23899,-1,-5,2500,0,2,False,True,True,1,14,188.1,2.8,4.8,100.0,0,True
Bad Bunny - EL MUNDO ES MÍO,off+25s/seeded_correct,23900,23900,0,0,2500,0,2,False,True,True,1,14,189.8,2.8,5.5,100.0,0,True
Bad Bunny - EL MUNDO ES MÍO,off+25s/seeded_wrong_2s,23900,23899,-1,0,2500,0,2,False,True,True,2,14,178.4,3.5,4.5,98.2,0,True
Bad Bunny - EL MUNDO ES MÍO,off-25s/cold,-26100,11300,37400,26100,,1,1,False,False,False,14,14,186.0,4.1,6.8,0.0,0,False
Bad Bunny - EL MUNDO ES MÍO,off-25s/second_play,-26100,11300,37400,37400,,0,0,False,False,False,15,14,189.3,4.0,6.7,0.0,1,False
Bad Bunny - EL MUNDO ES MÍO,off-25s/seeded_correct,-26100,11300,37400,0,,1,1,False,False,False,14,14,175.4,3.8,6.4,100.0,0,False
Bad Bunny - EL MUNDO ES MÍO,off-25s/seeded_wrong_2s,-26100,11300,37400,2000,,1,1,False,False,False,14,14,189.5,4.3,6.9,0.0,0,False
Bad Bunny - EL MUNDO ES MÍO,noise0/cold,-1100,-1098,2,0,32250,0,4,False,False,True,7,14,154.7,2.7,3.8,80.4,0,True
Bad Bunny - EL MUNDO ES MÍO,noise0/seeded_correct,-1100,-1098,2,0,16000,0,5,False,False,True,7,14,156.3,2.6,4.1,100.0,0,True
Bad Bunny - EL MUNDO ES MÍO,noise0/seeded_wrong_2s,-1100,-1098,2,0,32250,0,4,False,False,True,7,14,154.1,2.6,4.0,80.4,0,True
Bad Bunny - EL MUNDO ES MÍO,noise-2s/cold,-3100,-3108,-8,0,72750,0,2,False,False,True,9,14,168.6,2.9,5.0,56.3,0,True
Bad Bunny - EL MUNDO ES MÍO,noise-2s/seeded_correct,-3100,-3107,-7,0,60750,0,2,False,False,True,7,14,157.7,2.5,4.7,100.0,0,True
Bad Bunny - EL MUNDO ES MÍO,noise-2s/seeded_wrong_2s,-3100,-3109,-9,0,72750,0,2,False,False,True,7,14,166.1,2.7,4.9,56.3,0,True
Bad Bunny - EL MUNDO ES MÍO,cutin5s/cold,3900,3897,-3,0,5500,0,5,False,True,True,7,14,157.0,2.9,4.3,96.5,0,True
Bad Bunny - EL MUNDO ES MÍO,cutin5s/second_play,3900,3898,-2,-1,5500,0,3,False,True,True,7,14,152.9,2.8,4.5,100.0,0,True
Bad Bunny - EL MUNDO ES MÍO,cutin5s/seeded_correct,3900,3897,-3,0,5500,0,3,False,True,True,7,14,161.4,2.9,4.7,100.0,0,True
Bad Bunny - EL MUNDO ES MÍO,cutin5s/seeded_wrong_2s,3900,3897,-3,0,5500,0,5,False,True,True,7,14,151.9,2.9,4.2,96.5,0,True
Bad Bunny - EL MUNDO ES MÍO,cutin15s/cold,13900,13899,-1,0,4000,0,2,False,True,True,2,14,135.4,2.2,3.2,97.3,0,True
Bad Bunny - EL MUNDO ES MÍO,cutin15s/second_play,13900,13899,-1,-1,4000,0,2,False,True,True,2,14,133.2,2.1,3.3,100.0,0,True
Bad Bunny - EL MUNDO ES MÍO,cutin15s/seeded_correct,13900,13899,-1,0,4000,0,2,False,True,True,2,14,131.4,2.1,3.2,100.0,0,True
Bad Bunny - EL MUNDO ES MÍO,cutin15s/seeded_wrong_2s,13900,13899,-1,0,4000,0,2,False,True,True,2,14,133.4,2.1,3.4,97.3,0,True
Bad Bunny - EL MUNDO ES MÍO,cutin25s/cold,23900,23897,-3,0,4000,0,3,False,True,True,7,14,130.5,3.1,5.4,97.1,0,True
Bad Bunny - EL MUNDO ES MÍO,cutin25s/second_play,23900,23898,-2,-3,4000,0,3,False,True,True,7,14,123.6,2.8,5.4,100.0,0,True
Bad Bunny - EL MUNDO ES MÍO,cutin25s/seeded_correct,23900,23898,-2,0,4000,0,3,False,True,True,7,14,118.9,2.9,4.2,100.0,0,True
Bad Bunny - EL MUNDO ES MÍO,cutin25s/seeded_wrong_2s,23900,23897,-3,0,4000,0,3,False,True,True,7,14,123.8,2.8,4.4,97.1,0,True
Bad Bunny - EL MUNDO ES MÍO,blend8s/cold,-1100,-1100,0,0,32250,0,5,False,False,True,7,14,195.6,3.0,6.0,80.4,0,True
Bad Bunny - EL MUNDO ES MÍO,blend8s/seeded_correct,-1100,-1100,0,0,16000,0,4,False,False,True,7,14,191.7,3.1,5.0,100.0,0,True
Bad Bunny - EL MUNDO ES MÍO,blend8s/seeded_wrong_2s,-1100,-1100,0,0,32250,0,5,False,False,True,7,14,182.3,3.0,4.6,80.4,0,True
Bad Bunny - EL MUNDO ES MÍO,midshift+1.5s/cold,-1100,403,3,0,10000,0,5,False,True,False,14,14,177.5,4.8,9.2,73.4,0,True
Bad Bunny - EL MUNDO ES MÍO,midshift+1.5s/seeded_correct,-1100,403,3,0,10000,0,4,False,True,False,14,14,180.6,5.0,10.1,79.6,0,True
Bad Bunny - EL MUNDO ES MÍO,midshift+1.5s/seeded_wrong_2s,-1100,404,4,0,10000,0,6,False,True,False,14,14,164.5,4.3,9.0,73.4,0,True
Bad Bunny - EL MUNDO ES MÍO,midshift-1.5s/cold,-1100,-1097,1503,0,10000,1,4,False,True,True,7,14,179.4,3.2,4.8,86.3,0,False
Bad Bunny - EL MUNDO ES MÍO,midshift-1.5s/seeded_correct,-1100,-1097,1503,0,10000,1,4,False,True,True,7,14,179.6,3.3,4.6,92.3,0,False
Bad Bunny - EL MUNDO ES MÍO,midshift-1.5s/seeded_wrong_2s,-1100,-1100,1500,1500,,1,3,False,True,False,16,14,178.3,4.4,9.7,30.2,2,False
Bad Bunny - La Zona,off0/cold,-1094,-1101,-7,-9,21150,0,3,True,True,True,1,18,128.0,1.8,3.8,84.2,0,True
Bad Bunny - La Zona,off0/seeded_correct,-1094,-1098,-4,-6,30250,0,2,False,True,True,2,18,124.6,2.2,3.6,83.8,0,True
Bad Bunny - La Zona,off0/seeded_wrong_2s,-1094,-1100,-6,-6,30250,0,3,False,True,True,3,18,117.6,2.0,3.1,77.4,0,True
Bad Bunny - La Zona,off+200/cold,-894,-900,-6,-7,21150,0,3,True,True,True,1,18,126.0,2.2,3.4,84.2,0,True
Bad Bunny - La Zona,off+200/seeded_correct,-894,-898,-4,-6,30250,0,2,False,True,True,2,18,121.8,2.1,3.5,83.8,0,True
Bad Bunny - La Zona,off+200/seeded_wrong_2s,-894,-899,-5,-6,30250,0,3,False,True,True,3,18,121.4,2.3,3.4,77.4,0,True
Bad Bunny - La Zona,off-200/cold,-1294,-1303,-9,-12,21150,0,3,True,True,True,1,18,125.1,2.1,3.0,84.3,0,True
Bad Bunny - La Zona,off-200/seeded_correct,-1294,-1296,-2,-6,30250,0,2,False,True,True,2,18,124.2,2.2,3.4,83.8,0,True
Bad Bunny - La Zona,off-200/seeded_wrong_2s,-1294,-1301,-7,-6,30250,0,3,False,True,True,4,18,123.7,2.4,3.2,77.5,0,True
Bad Bunny - La Zona,off+2s/cold,906,901,-5,-6,21150,0,3,True,True,True,1,18,127.8,2.2,3.4,84.0,0,True
Bad Bunny - La Zona,off+2s/seeded_correct,906,902,-4,-6,30250,0,2,False,True,True,2,18,120.9,2.3,3.2,82.4,0,True
Bad Bunny - La Zona,off+2s/seeded_wrong_2s,906,902,-4,-6,30250,0,3,False,True,True,3,18,128.8,2.2,3.8,77.1,0,True
Bad Bunny - La Zona,off-2s/cold,-3094,-3103,-9,-12,21150,0,2,True,True,True,1,18,125.8,1.9,3.4,84.5,0,True
Bad Bunny - La Zona,off-2s/seeded_correct,-3094,-3097,-3,0,19000,0,2,False,True,True,2,18,130.2,1.9,3.6,100.0,0,True
Bad Bunny - La Zona,off-2s/seeded_wrong_2s,-3094,-3097,-3,0,19000,0,2,False,True,True,2,18,122.0,2.0,3.0,86.0,0,True
Bad Bunny - La Zona,off+10s/cold,8906,8900,-6,-6,40000,0,4,False,False,True,8,18,147.2,2.6,5.1,67.8,0,True
Bad Bunny - La Zona,off+10s/second_play,8906,8902,-4,-6,7000,0,2,False,True,True,1,18,125.9,2.3,3.4,100.0,0,True
Bad Bunny - La Zona,off+10s/seeded_correct,8906,8903,-3,0,7000,0,2,False,True,True,1,18,127.5,2.1,3.8,100.0,0,True
Bad Bunny - La Zona,off+10s/seeded_wrong_2s,8906,8904,-2,0,7000,0,2,False,True,True,2,18,118.3,2.2,3.5,94.4,0,True
Bad Bunny - La Zona,off-10s/cold,-11094,-881,10213,35744,,4,4,False,False,True,14,18,141.4,2.6,5.7,0.0,0,False
Bad Bunny - La Zona,off-10s/second_play,-11094,-879,10215,10213,,3,3,False,False,True,8,18,140.2,2.4,4.2,0.0,0,False
Bad Bunny - La Zona,off-10s/seeded_correct,-11094,24650,35744,35744,,2,2,False,True,False,18,18,145.2,2.9,7.0,13.2,0,False
Bad Bunny - La Zona,off-10s/seeded_wrong_2s,-11094,24650,35744,35744,,2,2,False,True,False,18,18,150.1,3.3,6.7,0.0,0,False
Bad Bunny - La Zona,off+25s/cold,23906,23900,-6,-6,40000,0,4,False,False,True,7,18,151.7,2.8,5.8,63.3,0,True
Bad Bunny - La Zona,off+25s/second_play,23906,23902,-4,-6,2500,0,2,False,True,True,1,18,107.4,2.4,3.2,100.0,0,True
Bad Bunny - La Zona,off+25s/seeded_correct,23906,23903,-3,0,2500,0,2,False,True,True,1,18,112.6,2.3,3.7,100.0,0,True
Bad Bunny - La Zona,off+25s/seeded_wrong_2s,23906,23904,-2,0,2500,0,2,False,True,True,2,18,116.3,2.7,3.7,97.7,0,True
Bad Bunny - La Zona,off-25s/cold,-26094,9650,35744,35744,,2,2,False,False,False,18,18,151.1,3.1,6.0,0.0,0,False
Bad Bunny - La Zona,off-25s/second_play,-26094,9650,35744,35744,,2,2,False,False,False,18,18,146.6,3.0,6.1,0.0,0,False
Bad Bunny - La Zona,off-25s/seeded_correct,-26094,9650,35744,35744,,2,2,False,False,False,18,18,150.8,3.0,6.3,56.3,0,False
Bad Bunny - La Zona,off-25s/seeded_wrong_2s,-26094,9650,35744,35744,,2,2,False,False,False,18,18,140.7,2.8,5.9,0.0,0,False
Bad Bunny - La Zona,noise0/cold,-1094,-1100,-6,-6,26000,0,4,True,True,True,2,18,118.6,1.8,3.1,80.6,1,True
Bad Bunny - La Zona,noise0/seeded_correct,-1094,-1099,-5,-6,36000,0,3,False,True,True,4,18,113.3,2.1,3.0,78.4,1,True
Bad Bunny - La Zona,noise0/seeded_wrong_2s,-1094,-1102,-8,-6,52000,0,5,False,True,True,6,18,117.7,2.1,3.2,61.2,1,True
Bad Bunny - La Zona,noise-2s/cold,-3094,-3101,-7,-6,26000,0,4,True,True,True,2,18,123.6,1.8,3.2,80.9,1,True
Bad Bunny - La Zona,noise-2s/seeded_correct,-3094,-3101,-7,-6,64000,0,3,False,True,True,10,18,121.1,2.4,3.5,60.3,1,True
Bad Bunny - La Zona,noise-2s/seeded_wrong_2s,-3094,-3075,19,19,118000,0,2,False,True,False,20,18,139.3,2.9,7.0,13.3,2,True
Bad Bunny - La Zona,cutin5s/cold,3906,3899,-7,-9,11500,0,3,True,True,True,1,18,111.6,1.8,3.0,91.1,0,True
Bad Bunny - La Zona,cutin5s/second_play,3906,3901,-5,-7,11500,0,2,False,True,True,1,18,109.6,1.8,3.0,100.0,0,True
Bad Bunny - La Zona,cutin5s/seeded_correct,3906,3903,-3,0,11500,0,2,False,True,True,1,18,111.2,1.8,3.2,100.0,0,True
Bad Bunny - La Zona,cutin5s/seeded_wrong_2s,3906,3903,-3,0,11500,0,3,False,True,True,2,18,109.1,2.0,3.1,91.1,0,True
Bad Bunny - La Zona,cutin15s/cold,13906,13903,-3,-6,4000,0,2,False,True,True,2,18,88.5,1.9,2.7,96.6,0,True
Bad Bunny - La Zona,cutin15s/second_play,13906,13903,-3,-3,4000,0,3,False,True,True,2,18,87.0,1.8,2.7,100.0,0,True
Bad Bunny - La Zona,cutin15s/seeded_correct,13906,13903,-3,0,4000,0,3,False,True,True,2,18,86.7,1.8,2.6,100.0,0,True
Bad Bunny - La Zona,cutin15s/seeded_wrong_2s,13906,13904,-2,0,4000,0,2,False,True,True,2,18,86.9,1.8,2.7,96.6,0,True
Bad Bunny - La Zona,cutin25s/cold,23906,23900,-6,-6,4000,0,2,False,True,True,2,18,82.9,2.0,2.9,96.3,0,True
Bad Bunny - La Zona,cutin25s/second_play,23906,23900,-6,-6,4000,0,2,False,True,True,2,18,79.7,1.9,2.7,100.0,0,True
Bad Bunny - La Zona,cutin25s/seeded_correct,23906,23902,-4,0,4000,0,2,False,True,True,2,18,79.7,2.0,2.7,100.0,0,True
Bad Bunny - La Zona,cutin25s/seeded_wrong_2s,23906,23902,-4,0,4000,0,2,False,True,True,2,18,75.6,1.8,2.5,96.3,0,True
Bad Bunny - La Zona,blend8s/cold,-1094,-1101,-7,-9,21150,0,3,True,False,True,1,18,140.5,1.8,3.5,84.2,0,True
Bad Bunny - La Zona,blend8s/seeded_correct,-1094,-1098,-4,0,21500,0,2,False,False,True,2,18,127.3,1.9,2.9,100.0,0,True
Bad Bunny - La Zona,blend8s/seeded_wrong_2s,-1094,-1100,-6,-6,30250,0,3,False,False,True,3,18,132.0,2.0,3.2,77.4,0,True
Bad Bunny - La Zona,midshift+1.5s/cold,-1094,422,16,19,80750,1,8,True,True,True,7,18,149.6,2.0,6.4,68.4,2,True
Bad Bunny - La Zona,midshift+1.5s/seeded_correct,-1094,419,13,19,30250,0,6,False,True,True,8,18,144.5,2.7,6.8,67.9,1,True
Bad Bunny - La Zona,midshift+1.5s/seeded_wrong_2s,-1094,421,15,19,30250,0,5,False,True,True,8,18,156.0,3.1,5.7,58.5,1,True
Bad Bunny - La Zona,midshift-1.5s/cold,-1094,-1100,1494,-6,21150,1,4,True,True,True,2,18,130.0,1.9,3.5,78.5,1,False
Bad Bunny - La Zona,midshift-1.5s/seeded_correct,-1094,-2600,-6,-6,30250,0,3,False,True,True,11,18,143.3,2.5,7.5,78.1,1,True
Bad Bunny - La Zona,midshift-1.5s/seeded_wrong_2s,-1094,-2600,-6,-6,30250,0,4,False,True,True,12,18,136.9,2.7,7.2,71.8,1,True
Bad Bunny - VOU 787,off0/cold,-1100,-1105,-5,0,36000,0,4,False,True,True,6,5,76.1,2.7,4.5,71.2,1,True
Bad Bunny - VOU 787,off0/seeded_correct,-1100,-1105,-5,-3,36000,0,4,False,True,True,6,5,78.0,2.6,4.2,76.8,1,True
Bad Bunny - VOU 787,off0/seeded_wrong_2s,-1100,-1105,-5,0,92750,0,4,False,True,True,6,5,74.5,2.7,4.3,25.7,1,True
Bad Bunny - VOU 787,off+200/cold,-900,-902,-2,0,11500,0,2,False,True,True,2,5,112.6,1.9,3.1,90.8,0,True
Bad Bunny - VOU 787,off+200/seeded_correct,-900,-901,-1,0,11500,0,2,False,True,True,1,5,102.8,1.6,2.8,100.0,0,True
Bad Bunny - VOU 787,off+200/seeded_wrong_2s,-900,-902,-2,0,11500,0,2,False,True,True,2,5,101.6,1.7,2.8,90.8,0,True
Bad Bunny - VOU 787,off-200/cold,-1300,-1301,-1,0,11500,0,2,False,True,True,2,5,104.0,1.8,2.8,90.8,0,True
Bad Bunny - VOU 787,off-200/seeded_correct,-1300,-1301,-1,0,11500,0,2,False,True,True,2,5,100.0,1.7,2.7,100.0,0,True
Bad Bunny - VOU 787,off-200/seeded_wrong_2s,-1300,-1301,-1,0,11500,0,2,False,True,True,2,5,100.4,1.7,2.7,90.8,0,True
Bad Bunny - VOU 787,off+2s/cold,900,899,-1,0,10000,0,2,False,True,True,2,5,103.0,1.8,3.0,91.9,0,True
Bad Bunny - VOU 787,off+2s/seeded_correct,900,899,-1,0,10000,0,2,False,True,True,1,5,101.7,1.6,2.8,100.0,0,True
Bad Bunny - VOU 787,off+2s/seeded_wrong_2s,900,899,-1,0,10000,0,2,False,True,True,2,5,99.2,1.8,2.7,91.9,0,True
Bad Bunny - VOU 787,off-2s/cold,-3100,,,3100,,0,0,False,False,False,5,5,64.6,2.4,3.9,0.0,0,False
Bad Bunny - VOU 787,off-2s/seeded_correct,-3100,-3100,0,0,92750,0,0,False,False,False,5,5,60.7,2.3,3.0,100.0,0,True
Bad Bunny - VOU 787,off-2s/seeded_wrong_2s,-3100,-1200,1900,0,110000,1,2,False,False,False,7,5,74.3,2.4,6.0,13.2,2,False
Bad Bunny - VOU 787,off+10s/cold,8900,,,-7700,,0,0,False,False,False,5,5,57.6,2.6,3.9,0.0,0,False
Bad Bunny - VOU 787,off+10s/second_play,8900,,,-7700,,0,0,False,False,False,5,5,57.7,2.6,4.0,0.0,0,False
Bad Bunny - VOU 787,off+10s/seeded_correct,8900,8899,-1,0,2500,0,2,False,True,True,1,5,96.6,1.8,2.7,100.0,0,True
Bad Bunny - VOU 787,off+10s/seeded_wrong_2s,8900,8899,-1,0,2500,0,2,False,True,True,2,5,98.6,2.0,3.7,97.8,0,True
Bad Bunny - VOU 787,off-10s/cold,-11100,,,11100,,0,0,False,False,False,5,5,79.5,2.9,4.3,0.0,0,False
Bad Bunny - VOU 787,off-10s/second_play,-11100,,,11100,,0,0,False,False,False,5,5,74.2,2.6,3.9,0.0,0,False
Bad Bunny - VOU 787,off-10s/seeded_correct,-11100,-11100,0,0,,0,0,False,False,False,5,5,74.7,2.6,3.6,100.0,0,True
Bad Bunny - VOU 787,off-10s/seeded_wrong_2s,-11100,-9100,2000,2000,,0,0,False,False,False,5,5,72.3,2.6,3.5,0.0,0,False
Bad Bunny - VOU 787,off+25s/cold,23900,23894,-6,0,92750,0,2,False,False,True,5,5,48.6,2.8,6.7,7.1,0,True
Bad Bunny - VOU 787,off+25s/second_play,23900,23897,-3,-6,2500,0,2,False,True,True,1,5,97.6,2.1,3.2,100.0,0,True
Bad Bunny - VOU 787,off+25s/seeded_correct,23900,23899,-1,0,2500,0,2,False,True,True,1,5,99.0,2.1,3.1,100.0,0,True
Bad Bunny - VOU 787,off+25s/seeded_wrong_2s,23900,23899,-1,0,2500,0,2,False,True,True,1,5,97.2,2.1,3.0,97.5,0,True
Bad Bunny - VOU 787,off-25s/cold,-26100,,,26100,,0,0,False,False,False,5,5,83.5,2.4,3.3,0.0,0,False
Bad Bunny - VOU 787,off-25s/second_play,-26100,,,26100,,0,0,False,False,False,5,5,84.9,2.4,3.4,0.0,0,False
Bad Bunny - VOU 787,off-25s/seeded_correct,-26100,-26100,0,0,,0,0,False,False,False,5,5,81.6,2.4,3.6,100.0,0,True
Bad Bunny - VOU 787,off-25s/seeded_wrong_2s,-26100,-24100,2000,2000,,0,0,False,False,False,5,5,83.6,2.4,3.8,0.0,0,False
Bad Bunny - VOU 787,noise0/cold,-1100,-1105,-5,0,54000,0,4,False,True,True,6,5,73.1,2.4,4.3,56.7,1,True
Bad Bunny - VOU 787,noise0/seeded_correct,-1100,-1104,-4,-3,36000,0,4,False,True,True,6,5,74.7,2.4,4.6,79.2,1,True
Bad Bunny - VOU 787,noise0/seeded_wrong_2s,-1100,-1102,-2,1900,,1,2,False,True,True,5,5,69.2,2.3,3.8,0.0,2,True
Bad Bunny - VOU 787,noise-2s/cold,-3100,,,950,,0,0,False,True,False,5,5,61.8,2.4,3.8,0.0,0,False
Bad Bunny - VOU 787,noise-2s/seeded_correct,-3100,-3100,0,950,,0,0,False,True,False,5,5,58.4,2.4,3.0,7.9,0,True
Bad Bunny - VOU 787,noise-2s/seeded_wrong_2s,-3100,-1100,2000,950,,0,0,False,True,False,5,5,58.8,2.3,2.9,0.0,0,False
Bad Bunny - VOU 787,cutin5s/cold,3900,3899,-1,0,7000,0,2,False,True,True,2,5,93.4,1.9,2.8,94.2,0,True
Bad Bunny - VOU 787,cutin5s/second_play,3900,3899,-1,-1,7000,0,2,False,True,True,1,5,96.1,1.6,2.9,100.0,0,True
Bad Bunny - VOU 787,cutin5s/seeded_correct,3900,3899,-1,0,7000,0,2,False,True,True,1,5,93.4,1.6,2.6,100.0,0,True
Bad Bunny - VOU 787,cutin5s/seeded_wrong_2s,3900,3899,-1,0,7000,0,2,False,True,True,2,5,90.8,1.7,2.8,94.2,0,True
Bad Bunny - VOU 787,cutin15s/cold,13900,13900,0,0,10000,0,2,False,True,True,2,5,82.0,1.7,2.4,90.9,0,True
Bad Bunny - VOU 787,cutin15s/second_play,13900,13900,0,0,10000,0,2,False,True,True,2,5,77.6,1.6,2.4,100.0,0,True
Bad Bunny - VOU 787,cutin15s/seeded_correct,13900,13900,0,0,10000,0,2,False,True,True,2,5,76.7,1.5,2.4,100.0,0,True
Bad Bunny - VOU 787,cutin15s/seeded_wrong_2s,13900,13899,-1,0,4000,0,3,False,True,True,3,5,74.5,1.7,2.4,96.4,0,True
Bad Bunny - VOU 787,cutin25s/cold,23900,23894,-6,0,4000,0,4,False,True,True,5,5,30.1,2.5,5.7,96.0,0,True
Bad Bunny - VOU 787,cutin25s/second_play,23900,23895,-5,-6,4000,0,2,False,True,True,3,5,68.7,1.8,2.5,100.0,0,True
Bad Bunny - VOU 787,cutin25s/seeded_correct,23900,23895,-5,0,4000,0,4,False,True,True,5,5,27.4,2.5,5.7,100.0,0,True
Bad Bunny - VOU 787,cutin25s/seeded_wrong_2s,23900,23894,-6,0,4000,0,4,False,True,True,5,5,27.5,2.4,5.9,96.0,0,True
Bad Bunny - VOU 787,blend8s/cold,-1100,-1103,-3,0,26000,0,3,False,False,True,3,5,110.1,1.9,3.0,79.2,0,True
Bad Bunny - VOU 787,blend8s/seeded_correct,-1100,-1102,-2,0,12000,0,2,False,False,True,2,5,104.4,1.8,2.7,100.0,0,True
Bad Bunny - VOU 787,blend8s/seeded_wrong_2s,-1100,-1103,-3,0,26000,0,3,False,False,True,3,5,107.1,1.8,3.0,79.2,0,True
Bad Bunny - VOU 787,midshift+1.5s/cold,-1100,-1103,-1503,0,36000,1,4,False,True,True,6,5,87.9,3.1,5.1,44.2,1,False
Bad Bunny - VOU 787,midshift+1.5s/seeded_correct,-1100,-1103,-1503,0,36000,1,4,False,True,True,6,5,77.5,2.9,4.6,49.9,1,False
Bad Bunny - VOU 787,midshift+1.5s/seeded_wrong_2s,-1100,-1103,-1503,0,92750,1,4,False,True,True,6,5,74.8,2.8,4.1,24.8,1,False
Bad Bunny - VOU 787,midshift-1.5s/cold,-1100,-1104,1496,0,36000,1,4,False,True,True,6,5,79.0,2.8,4.4,45.6,1,False
Bad Bunny - VOU 787,midshift-1.5s/seeded_correct,-1100,-1104,1496,0,36000,1,4,False,True,True,6,5,82.7,2.9,4.5,51.1,1,False
Bad Bunny - VOU 787,midshift-1.5s/seeded_wrong_2s,-1100,-1104,1496,0,92750,1,4,False,True,True,6,5,78.8,2.7,4.2,26.6,1,False
Bad Bunny - BOKeTE,off0/cold,-1062,-1050,12,12,8500,0,2,False,True,True,1,5,383.4,3.2,7.9,96.1,0,True
Bad Bunny - BOKeTE,off0/seeded_correct,-1062,-1030,32,25,8500,0,2,False,True,True,1,5,367.0,3.3,7.2,100.0,0,True
Bad Bunny - BOKeTE,off0/seeded_wrong_2s,-1062,-1030,32,25,8500,0,2,False,True,True,2,5,376.7,3.4,7.5,96.1,0,True
Bad Bunny - BOKeTE,off+200/cold,-862,-758,104,12,8500,0,3,True,True,True,1,5,385.7,3.5,7.6,96.1,0,True
Bad Bunny - BOKeTE,off+200/seeded_correct,-862,-830,32,25,8500,0,2,False,True,True,1,5,390.1,4.1,7.6,100.0,0,True
Bad Bunny - BOKeTE,off+200/seeded_wrong_2s,-862,-831,31,25,8500,0,2,False,True,True,2,5,383.1,3.1,7.3,96.1,0,True
Bad Bunny - BOKeTE,off-200/cold,-1262,-1248,14,12,8500,0,2,False,True,True,2,5,387.5,3.3,7.5,96.1,0,True
Bad Bunny - BOKeTE,off-200/seeded_correct,-1262,-1229,33,25,8500,0,2,False,True,True,1,5,385.8,3.5,8.0,100.0,0,True
Bad Bunny - BOKeTE,off-200/seeded_wrong_2s,-1262,-1229,33,25,8500,0,2,False,True,True,2,5,381.7,3.0,7.5,96.1,0,True
Bad Bunny - BOKeTE,off+2s/cold,938,949,11,12,8500,0,5,True,True,True,5,5,286.4,5.0,6.5,96.1,0,True
Bad Bunny - BOKeTE,off+2s/seeded_correct,938,970,32,25,16000,0,2,False,True,True,1,5,396.2,3.3,7.4,100.0,0,True
Bad Bunny - BOKeTE,off+2s/seeded_wrong_2s,938,969,31,25,16000,0,2,False,True,True,2,5,380.8,3.4,7.4,92.6,0,True
Bad Bunny - BOKeTE,off-2s/cold,-3062,-3051,11,12,11500,0,1,False,True,False,5,5,311.4,5.1,7.9,94.8,0,True
Bad Bunny - BOKeTE,off-2s/seeded_correct,-3062,-3031,31,25,11500,0,1,False,True,False,5,5,311.3,4.9,7.7,100.0,0,True
Bad Bunny - BOKeTE,off-2s/seeded_wrong_2s,-3062,-1062,2000,25,11500,0,0,False,True,False,5,5,320.0,4.8,8.2,94.8,0,False
Bad Bunny - BOKeTE,off+10s/cold,8938,,,-8938,,0,0,False,False,False,5,5,322.2,4.8,7.5,0.0,0,False
Bad Bunny - BOKeTE,off+10s/second_play,8938,,,-8938,,0,0,False,False,False,5,5,325.5,5.0,7.8,0.0,0,False
Bad Bunny - BOKeTE,off+10s/seeded_correct,8938,8970,32,25,7000,0,2,False,True,True,1,5,372.3,3.3,7.7,100.0,0,True
Bad Bunny - BOKeTE,off+10s/seeded_wrong_2s,8938,8969,31,25,7000,0,2,False,True,True,2,5,373.7,4.1,7.4,96.6,0,True
Bad Bunny - BOKeTE,off-10s/cold,-11062,,,11062,,0,0,False,False,False,5,5,330.9,4.7,7.8,0.0,0,False
Bad Bunny - BOKeTE,off-10s/second_play,-11062,,,11062,,0,0,False,False,False,5,5,316.3,4.8,6.7,0.0,0,False
Bad Bunny - BOKeTE,off-10s/seeded_correct,-11062,-11062,0,0,,0,0,False,False,False,5,5,331.0,4.6,7.9,100.0,0,True
Bad Bunny - BOKeTE,off-10s/seeded_wrong_2s,-11062,-9062,2000,2000,,0,0,False,False,False,5,5,335.4,4.7,8.0,0.0,0,False
Bad Bunny - BOKeTE,off+25s/cold,23938,,,-23938,,0,0,False,False,False,5,5,304.7,5.1,8.2,0.0,0,False
Bad Bunny - BOKeTE,off+25s/second_play,23938,,,-23938,,0,0,False,False,False,5,5,319.0,5.4,8.3,0.0,0,False
Bad Bunny - BOKeTE,off+25s/seeded_correct,23938,23969,31,25,2500,0,2,False,True,True,1,5,373.2,4.2,7.6,100.0,0,True
Bad Bunny - BOKeTE,off+25s/seeded_wrong_2s,23938,23969,31,25,2500,0,2,False,True,True,1,5,390.6,4.4,7.7,98.7,0,True
Bad Bunny - BOKeTE,off-25s/cold,-26062,,,26062,,0,0,False,False,False,5,5,345.4,4.9,8.4,0.0,0,False
Bad Bunny - BOKeTE,off-25s/second_play,-26062,,,26062,,0,0,False,False,False,5,5,377.6,5.6,8.4,0.0,0,False
Bad Bunny - BOKeTE,off-25s/seeded_correct,-26062,-26062,0,0,,0,0,False,False,False,5,5,341.3,4.8,7.8,100.0,0,True
Bad Bunny - BOKeTE,off-25s/seeded_wrong_2s,-26062,-24062,2000,2000,,0,0,False,False,False,5,5,342.3,5.4,7.5,0.0,0,False
Bad Bunny - BOKeTE,noise0/cold,-1062,-1050,12,12,8500,0,2,False,True,True,1,5,320.0,2.6,6.6,96.1,0,True
Bad Bunny - BOKeTE,noise0/seeded_correct,-1062,-1030,32,25,8500,0,2,False,True,True,1,5,319.2,2.9,6.3,100.0,0,True
Bad Bunny - BOKeTE,noise0/seeded_wrong_2s,-1062,-1030,32,25,8500,0,2,False,True,True,2,5,313.4,2.9,5.9,96.1,0,True
Bad Bunny - BOKeTE,noise-2s/cold,-3062,-3050,12,12,11500,0,1,False,True,True,2,5,317.2,3.0,5.9,94.8,0,True
Bad Bunny - BOKeTE,noise-2s/seeded_correct,-3062,-3031,31,25,11500,0,1,False,True,True,2,5,315.9,2.6,6.0,100.0,0,True
Bad Bunny - BOKeTE,noise-2s/seeded_wrong_2s,-3062,-3031,31,25,11500,0,1,False,True,True,2,5,316.6,2.8,6.0,94.8,0,True
Bad Bunny - BOKeTE,cutin5s/cold,3938,3948,10,9,5500,0,3,True,True,True,1,5,358.4,3.4,6.9,97.4,0,True
Bad Bunny - BOKeTE,cutin5s/second_play,3938,3950,12,10,5500,0,3,False,True,False,5,5,269.7,4.7,7.0,100.0,0,True
Bad Bunny - BOKeTE,cutin5s/seeded_correct,3938,3968,30,25,5500,0,3,False,True,False,5,5,263.9,4.5,6.9,100.0,0,True
Bad Bunny - BOKeTE,cutin5s/seeded_wrong_2s,3938,3968,30,25,5500,0,4,False,True,False,5,5,267.5,4.3,7.1,97.4,0,True
Bad Bunny - BOKeTE,cutin15s/cold,13938,13949,11,12,4000,0,4,False,True,False,5,5,196.3,3.7,5.2,98.0,0,True
Bad Bunny - BOKeTE,cutin15s/second_play,13938,13949,11,11,4000,0,5,False,True,False,5,5,193.5,3.7,5.3,100.0,0,True
Bad Bunny - BOKeTE,cutin15s/seeded_correct,13938,13967,29,25,4000,0,2,False,True,False,5,5,195.0,3.8,5.0,100.0,0,True
Bad Bunny - BOKeTE,cutin15s/seeded_wrong_2s,13938,13966,28,25,4000,0,2,False,True,False,5,5,194.0,3.7,5.1,98.0,0,True
Bad Bunny - BOKeTE,cutin25s/cold,23938,23954,16,12,4000,0,3,False,True,False,5,5,219.8,4.4,7.1,97.9,0,True
Bad Bunny - BOKeTE,cutin25s/second_play,23938,23953,15,13,4000,0,3,False,True,False,5,5,204.3,4.5,5.6,100.0,0,True
Bad Bunny - BOKeTE,cutin25s/seeded_correct,23938,23972,34,25,4000,0,2,False,True,False,5,5,209.7,4.4,6.3,100.0,0,True
Bad Bunny - BOKeTE,cutin25s/seeded_wrong_2s,23938,23972,34,25,4000,0,3,False,True,False,5,5,203.9,4.4,6.0,97.9,0,True
Bad Bunny - BOKeTE,blend8s/cold,-1062,-1050,12,15,30000,0,3,False,False,False,5,5,350.5,5.2,7.9,86.2,0,True
Bad Bunny - BOKeTE,blend8s/seeded_correct,-1062,-1031,31,0,25750,0,3,False,False,False,5,5,322.0,4.3,8.2,100.0,0,True
Bad Bunny - BOKeTE,blend8s/seeded_wrong_2s,-1062,-1032,30,34,30000,0,2,False,False,False,5,5,348.4,5.2,9.1,86.2,0,True
Bad Bunny - BOKeTE,midshift+1.5s/cold,-1062,-1050,-1488,-38,8500,0,1,False,True,True,4,5,397.3,5.4,8.4,71.2,2,False
Bad Bunny - BOKeTE,midshift+1.5s/seeded_correct,-1062,-1030,-1468,-38,8500,0,1,False,True,True,4,5,412.9,5.2,10.1,73.1,2,False
Bad Bunny - BOKeTE,midshift+1.5s/seeded_wrong_2s,-1062,-1030,-1468,-38,8500,0,1,False,True,True,5,5,385.3,5.3,8.5,71.2,2,False
Bad Bunny - BOKeTE,midshift-1.5s/cold,-1062,-2525,37,37,8500,0,2,False,True,True,4,5,336.1,4.3,7.3,69.6,2,True
Bad Bunny - BOKeTE,midshift-1.5s/seeded_correct,-1062,-2525,37,37,8500,0,2,False,True,True,4,5,344.1,4.4,7.1,73.5,2,True
Bad Bunny - BOKeTE,midshift-1.5s/seeded_wrong_2s,-1062,-1037,1525,37,8500,1,3,False,True,True,5,5,342.5,4.4,7.4,69.6,2,False
Bad Bunny - BAILE INoLVIDABLE,off0/cold,-1008,-900,108,108,,0,4,False,True,True,7,5,1117.7,6.8,12.4,76.7,2,True
Bad Bunny - BAILE INoLVIDABLE,off0/seeded_correct,-1008,-900,108,108,,0,4,False,True,True,7,5,1120.3,6.8,12.8,79.0,2,True
Bad Bunny - BAILE INoLVIDABLE,off0/seeded_wrong_2s,-1008,-900,108,108,,0,4,False,True,True,7,5,1082.2,6.5,12.5,76.7,2,True
Bad Bunny - BAILE INoLVIDABLE,off+200/cold,-808,-789,19,108,,0,5,True,True,True,7,5,1132.5,6.6,12.9,76.6,2,True
Bad Bunny - BAILE INoLVIDABLE,off+200/seeded_correct,-808,-700,108,108,,0,4,False,True,True,7,5,1126.5,7.0,12.9,78.5,2,True
Bad Bunny - BAILE INoLVIDABLE,off+200/seeded_wrong_2s,-808,-700,108,108,,0,4,False,True,True,7,5,1116.3,7.0,12.6,76.6,2,True
Bad Bunny - BAILE INoLVIDABLE,off-200/cold,-1208,-1100,108,108,,0,4,False,True,True,7,5,1119.4,6.5,12.8,76.7,2,True
Bad Bunny - BAILE INoLVIDABLE,off-200/seeded_correct,-1208,-1125,83,83,86000,0,3,False,True,True,7,5,1122.8,6.9,12.8,79.0,2,True
Bad Bunny - BAILE INoLVIDABLE,off-200/seeded_wrong_2s,-1208,-1125,83,83,86000,0,3,False,True,True,7,5,1126.9,7.0,12.4,76.7,2,True
Bad Bunny - BAILE INoLVIDABLE,off+2s/cold,992,1011,19,108,,0,5,True,True,True,7,5,1126.7,7.6,12.8,76.5,2,True
Bad Bunny - BAILE INoLVIDABLE,off+2s/seeded_correct,992,1100,108,108,,0,4,False,True,True,7,5,1113.0,7.1,12.8,78.0,2,True
Bad Bunny - BAILE INoLVIDABLE,off+2s/seeded_wrong_2s,992,1100,108,108,,0,4,False,True,True,7,5,1110.8,6.9,12.7,76.5,2,True
Bad Bunny - BAILE INoLVIDABLE,off-2s/cold,-3008,-2900,108,108,,0,2,False,True,True,7,5,1124.8,6.9,13.1,76.8,2,True
Bad Bunny - BAILE INoLVIDABLE,off-2s/seeded_correct,-3008,-2975,33,83,86000,0,1,False,True,False,7,5,1110.1,6.8,12.6,79.5,2,True
Bad Bunny - BAILE INoLVIDABLE,off-2s/seeded_wrong_2s,-3008,-2975,33,83,86000,0,1,False,True,False,7,5,1108.3,7.0,12.5,76.8,2,True
Bad Bunny - BAILE INoLVIDABLE,off+10s/cold,8992,9175,183,183,,0,4,False,False,False,7,5,1143.1,7.0,13.4,77.2,2,True
Bad Bunny - BAILE INoLVIDABLE,off+10s/second_play,8992,9100,108,108,,0,3,False,True,False,7,5,1143.9,7.2,12.9,76.7,2,True
Bad Bunny - BAILE INoLVIDABLE,off+10s/seeded_correct,8992,9100,108,108,,0,4,False,True,False,7,5,1122.7,7.4,12.9,76.7,2,True
Bad Bunny - BAILE INoLVIDABLE,off+10s/seeded_wrong_2s,8992,9100,108,108,,0,3,False,True,False,7,5,1095.4,6.9,12.9,76.0,2,True
Bad Bunny - BAILE INoLVIDABLE,off-10s/cold,-11008,,,11008,,0,0,False,False,False,5,5,1077.3,6.5,12.0,0.0,0,False
Bad Bunny - BAILE INoLVIDABLE,off-10s/second_play,-11008,,,11008,,0,0,False,False,False,5,5,1101.7,6.7,12.6,0.0,0,False
Bad Bunny - BAILE INoLVIDABLE,off-10s/seeded_correct,-11008,-11008,0,0,,0,0,False,False,False,5,5,1081.5,6.3,12.8,100.0,0,True
Bad Bunny - BAILE INoLVIDABLE,off-10s/seeded_wrong_2s,-11008,-9008,2000,2000,,0,0,False,False,False,5,5,1083.5,6.5,12.7,0.0,0,False
Bad Bunny - BAILE INoLVIDABLE,off+25s/cold,23992,24200,208,208,,0,4,False,False,False,7,5,1100.2,6.8,12.7,76.2,2,True
Bad Bunny - BAILE INoLVIDABLE,off+25s/second_play,23992,24100,108,108,,0,2,False,True,True,7,5,1092.8,7.4,13.1,75.7,2,True
Bad Bunny - BAILE INoLVIDABLE,off+25s/seeded_correct,23992,24100,108,108,,0,4,False,True,True,7,5,1071.6,7.3,12.6,75.7,2,True
Bad Bunny - BAILE INoLVIDABLE,off+25s/seeded_wrong_2s,23992,24100,108,108,,0,4,False,True,True,7,5,1067.9,7.4,12.4,75.0,2,True
Bad Bunny - BAILE INoLVIDABLE,off-25s/cold,-26008,,,26008,,0,0,False,False,False,5,5,1096.4,6.3,12.5,0.0,0,False
Bad Bunny - BAILE INoLVIDABLE,off-25s/second_play,-26008,,,26008,,0,0,False,False,False,5,5,1085.2,6.2,12.5,0.0,0,False
Bad Bunny - BAILE INoLVIDABLE,off-25s/seeded_correct,-26008,-26008,0,0,,0,0,False,False,False,5,5,1099.0,6.3,13.4,100.0,0,True
Bad Bunny - BAILE INoLVIDABLE,off-25s/seeded_wrong_2s,-26008,-24008,2000,2000,,0,0,False,False,False,5,5,1134.7,6.3,14.0,0.0,0,False
Bad Bunny - BAILE INoLVIDABLE,noise0/cold,-1008,-900,108,108,,0,4,False,True,True,7,5,1072.6,6.4,13.8,76.7,2,True
Bad Bunny - BAILE INoLVIDABLE,noise0/seeded_correct,-1008,-900,108,108,,0,4,False,True,True,7,5,1059.4,6.2,12.7,79.0,2,True
Bad Bunny - BAILE INoLVIDABLE,noise0/seeded_wrong_2s,-1008,-900,108,108,,0,4,False,True,True,7,5,1083.4,6.4,14.3,76.7,2,True
Bad Bunny - BAILE INoLVIDABLE,noise-2s/cold,-3008,-2900,108,108,,0,2,False,True,False,7,5,1057.4,6.0,13.3,76.8,2,True
Bad Bunny - BAILE INoLVIDABLE,noise-2s/seeded_correct,-3008,-2975,33,83,86000,0,1,False,True,False,7,5,1057.6,6.0,13.9,79.5,2,True
Bad Bunny - BAILE INoLVIDABLE,noise-2s/seeded_wrong_2s,-3008,-2975,33,83,86000,0,1,False,True,False,7,5,1055.4,6.1,13.3,76.8,2,True
Bad Bunny - BAILE INoLVIDABLE,cutin5s/cold,3992,4125,133,58,81750,0,2,False,True,False,7,5,1228.8,7.5,14.7,77.5,2,True
Bad Bunny - BAILE INoLVIDABLE,cutin5s/second_play,3992,4175,183,183,,0,2,False,True,False,7,5,1252.8,7.5,15.3,79.0,2,True
Bad Bunny - BAILE INoLVIDABLE,cutin5s/seeded_correct,3992,4175,183,183,,0,2,False,True,False,7,5,1239.0,7.7,14.8,79.0,2,True
Bad Bunny - BAILE INoLVIDABLE,cutin5s/seeded_wrong_2s,3992,4175,183,183,,0,2,False,True,False,7,5,1238.9,7.6,14.7,77.5,2,True
Bad Bunny - BAILE INoLVIDABLE,cutin15s/cold,13992,14200,208,208,,0,5,False,True,True,7,5,918.8,5.7,12.2,98.4,2,True
Bad Bunny - BAILE INoLVIDABLE,cutin15s/second_play,13992,14100,108,108,,0,5,False,True,False,7,5,892.0,5.6,11.8,100.0,2,True
Bad Bunny - BAILE INoLVIDABLE,cutin15s/seeded_correct,13992,14200,208,208,,0,5,False,True,True,7,5,896.4,5.7,12.0,100.0,2,True
Bad Bunny - BAILE INoLVIDABLE,cutin15s/seeded_wrong_2s,13992,14200,208,208,,0,5,False,True,True,7,5,891.0,5.3,11.6,98.4,2,True
Bad Bunny - BAILE INoLVIDABLE,cutin25s/cold,23992,24175,183,108,,0,4,False,True,True,7,5,1091.7,7.0,14.1,98.4,2,True
Bad Bunny - BAILE INoLVIDABLE,cutin25s/second_play,23992,24150,158,158,,0,3,False,True,True,7,5,1067.5,7.2,13.6,100.0,2,True
Bad Bunny - BAILE INoLVIDABLE,cutin25s/seeded_correct,23992,24175,183,183,,0,4,False,True,True,7,5,1109.6,7.3,14.2,100.0,2,True
Bad Bunny - BAILE INoLVIDABLE,cutin25s/seeded_wrong_2s,23992,24175,183,183,,0,3,False,True,True,7,5,1095.4,7.2,13.3,98.4,2,True
Bad Bunny - BAILE INoLVIDABLE,blend8s/cold,-1008,-825,183,183,,0,4,False,True,False,7,5,1368.0,8.6,15.2,77.8,2,True
Bad Bunny - BAILE INoLVIDABLE,blend8s/seeded_correct,-1008,-825,183,183,,0,3,False,False,False,7,5,1358.3,8.8,15.0,100.0,2,True
Bad Bunny - BAILE INoLVIDABLE,blend8s/seeded_wrong_2s,-1008,-900,108,108,,0,3,False,False,True,7,5,1326.4,8.6,14.5,76.7,2,True
Bad Bunny - BAILE INoLVIDABLE,midshift+1.5s/cold,-1008,600,108,108,,0,4,False,True,False,7,5,1445.7,9.3,15.0,76.6,2,True
Bad Bunny - BAILE INoLVIDABLE,midshift+1.5s/seeded_correct,-1008,600,108,108,,0,4,False,True,False,7,5,1434.5,9.6,14.8,78.9,2,True
Bad Bunny - BAILE INoLVIDABLE,midshift+1.5s/seeded_wrong_2s,-1008,600,108,108,,0,4,False,True,False,7,5,1449.0,9.3,15.1,76.6,2,True
Bad Bunny - BAILE INoLVIDABLE,midshift-1.5s/cold,-1008,-2400,108,108,,0,2,False,True,False,7,5,1158.8,7.3,12.7,76.7,2,True
Bad Bunny - BAILE INoLVIDABLE,midshift-1.5s/seeded_correct,-1008,-2475,33,83,86000,0,1,False,True,False,7,5,1157.3,7.2,12.6,79.0,2,True
Bad Bunny - BAILE INoLVIDABLE,midshift-1.5s/seeded_wrong_2s,-1008,-2475,33,33,86000,0,1,False,True,False,7,5,1244.8,8.2,13.3,76.7,2,True
Bad Bunny - Estamos Bien,off0/cold,306,379,73,144,,0,7,True,False,True,5,14,1885.2,5.8,15.3,97.2,2,True
Bad Bunny - Estamos Bien,off0/seeded_correct,306,413,107,144,,0,7,False,False,True,6,14,1805.0,6.0,15.2,100.0,2,True
Bad Bunny - Estamos Bien,off0/seeded_wrong_2s,306,411,105,144,,0,7,False,False,True,6,14,1829.2,6.3,14.9,97.2,2,True
Bad Bunny - Estamos Bien,off+200/cold,506,578,72,144,,0,7,True,False,True,5,14,1871.1,6.1,14.7,97.2,2,True
Bad Bunny - Estamos Bien,off+200/seeded_correct,506,613,107,144,,0,7,False,False,True,6,14,1866.4,6.4,15.4,100.0,2,True
Bad Bunny - Estamos Bien,off+200/seeded_wrong_2s,506,611,105,144,,0,7,False,False,True,6,14,1900.6,6.3,15.3,97.2,2,True
Bad Bunny - Estamos Bien,off-200/cold,106,179,73,144,,0,7,True,False,True,5,14,1914.6,5.8,15.1,100.0,2,True
Bad Bunny - Estamos Bien,off-200/seeded_correct,106,213,107,144,,0,7,False,False,True,6,14,1911.7,6.6,15.4,100.0,2,True
Bad Bunny - Estamos Bien,off-200/seeded_wrong_2s,106,211,105,144,,0,7,False,False,True,6,14,1875.6,5.8,15.1,97.2,2,True
Bad Bunny - Estamos Bien,off+2s/cold,2306,2378,72,144,,0,7,True,False,True,5,14,1925.4,5.8,17.2,97.2,2,True
Bad Bunny - Estamos Bien,off+2s/seeded_correct,2306,2412,106,144,,0,7,False,False,True,6,14,1881.0,6.3,15.2,100.0,2,True
Bad Bunny - Estamos Bien,off+2s/seeded_wrong_2s,2306,2410,104,144,,0,7,False,False,True,6,14,1876.7,6.5,15.5,97.2,2,True
Bad Bunny - Estamos Bien,off-2s/cold,-1694,-1550,144,144,,0,4,True,False,True,7,14,1875.2,6.7,14.0,95.4,2,True
Bad Bunny - Estamos Bien,off-2s/seeded_correct,-1694,-1550,144,144,,0,3,False,False,True,8,14,1894.7,6.9,15.2,100.0,2,True
Bad Bunny - Estamos Bien,off-2s/seeded_wrong_2s,-1694,-1550,144,144,,0,4,False,False,True,9,14,1870.0,7.1,15.3,90.2,2,True
Bad Bunny - Estamos Bien,off+10s/cold,10306,10475,169,169,,0,6,False,False,True,9,14,1670.3,6.3,13.6,90.0,2,True
Bad Bunny - Estamos Bien,off+10s/second_play,10306,10421,115,144,,0,5,False,True,True,5,14,1672.3,5.4,14.7,100.0,2,True
Bad Bunny - Estamos Bien,off+10s/seeded_correct,10306,10418,112,144,,0,5,False,True,True,5,14,1772.3,6.3,15.3,100.0,2,True
Bad Bunny - Estamos Bien,off+10s/seeded_wrong_2s,10306,10416,110,144,,0,5,False,True,True,5,14,1772.6,6.9,15.6,98.4,2,True
Bad Bunny - Estamos Bien,off-10s/cold,-9694,,,9694,,0,0,False,False,False,14,14,1661.7,8.2,14.9,0.0,0,False
Bad Bunny - Estamos Bien,off-10s/second_play,-9694,,,9694,,0,0,False,False,False,14,14,1664.0,8.3,14.9,0.0,0,False
Bad Bunny - Estamos Bien,off-10s/seeded_correct,-9694,-9694,0,0,,0,0,False,False,False,14,14,1724.7,8.4,15.1,100.0,0,True
Bad Bunny - Estamos Bien,off-10s/seeded_wrong_2s,-9694,-7694,2000,2000,,0,0,False,False,False,14,14,1710.1,8.7,15.1,0.0,0,False
Bad Bunny - Estamos Bien,off+25s/cold,25306,25433,127,144,,0,7,False,False,True,10,14,1813.9,7.3,15.4,89.7,2,True
Bad Bunny - Estamos Bien,off+25s/second_play,25306,25401,95,94,149000,0,5,False,True,True,5,14,1826.4,7.3,15.2,100.0,2,True
Bad Bunny - Estamos Bien,off+25s/seeded_correct,25306,25388,82,94,149000,0,6,False,True,True,6,14,1863.2,7.4,15.5,100.0,2,True
Bad Bunny - Estamos Bien,off+25s/seeded_wrong_2s,25306,25388,82,94,149000,0,6,False,True,True,6,14,1816.5,7.3,15.3,99.5,2,True
Bad Bunny - Estamos Bien,off-25s/cold,-24694,,,24019,,0,0,False,False,False,16,14,1614.1,7.2,14.2,0.0,2,False
Bad Bunny - Estamos Bien,off-25s/second_play,-24694,,,24019,,0,0,False,False,False,16,14,1684.8,7.9,15.1,0.0,2,False
Bad Bunny - Estamos Bien,off-25s/seeded_correct,-24694,-24694,0,0,,0,0,False,False,False,14,14,1750.6,8.5,15.3,100.0,0,True
Bad Bunny - Estamos Bien,off-25s/seeded_wrong_2s,-24694,-22694,2000,2000,,0,0,False,False,False,14,14,1730.7,7.5,15.7,0.0,0,False
Bad Bunny - Estamos Bien,noise0/cold,306,337,31,69,31075,1,5,True,False,True,7,14,1702.7,5.0,16.1,94.3,2,True
Bad Bunny - Estamos Bien,noise0/seeded_correct,306,356,50,69,53000,1,5,False,False,True,8,14,1705.2,5.1,16.1,93.0,2,True
Bad Bunny - Estamos Bien,noise0/seeded_wrong_2s,306,286,-20,144,,0,5,False,False,True,7,14,1705.7,5.1,15.7,96.3,2,True
Bad Bunny - Estamos Bien,noise-2s/cold,-1694,-1550,144,144,,0,4,True,False,True,7,14,1703.4,4.8,16.1,95.4,2,True
Bad Bunny - Estamos Bien,noise-2s/seeded_correct,-1694,-1550,144,144,,0,3,False,False,True,8,14,1694.6,4.9,15.0,100.0,2,True
Bad Bunny - Estamos Bien,noise-2s/seeded_wrong_2s,-1694,-1550,144,144,,0,4,False,False,True,9,14,1684.6,5.6,16.1,90.2,2,True
Bad Bunny - Estamos Bien,cutin5s/cold,5306,5417,111,144,,0,5,False,True,True,5,14,2187.5,6.9,18.9,97.6,2,True
Bad Bunny - Estamos Bien,cutin5s/second_play,5306,5425,119,144,,0,5,False,True,True,4,14,2236.9,6.6,18.7,100.0,2,True
Bad Bunny - Estamos Bien,cutin5s/seeded_correct,5306,5417,111,144,,0,5,False,True,True,5,14,2184.0,6.9,19.3,100.0,2,True
Bad Bunny - Estamos Bien,cutin5s/seeded_wrong_2s,5306,5416,110,144,,0,5,False,True,True,5,14,2149.5,7.2,18.6,97.6,2,True
Bad Bunny - Estamos Bien,cutin15s/cold,15306,15419,113,144,,0,6,False,True,True,6,14,1596.9,5.0,15.3,99.2,2,True
Bad Bunny - Estamos Bien,cutin15s/second_play,15306,15422,116,144,,0,6,False,True,True,6,14,1522.4,4.6,14.4,100.0,2,True
Bad Bunny - Estamos Bien,cutin15s/seeded_correct,15306,15419,113,144,,0,6,False,True,True,6,14,1559.4,4.7,15.2,100.0,2,True
Bad Bunny - Estamos Bien,cutin15s/seeded_wrong_2s,15306,15416,110,144,,0,6,False,True,True,9,14,1528.8,5.0,14.2,99.2,2,True
Bad Bunny - Estamos Bien,cutin25s/cold,25306,25391,85,94,149000,1,6,False,True,True,9,14,1953.1,7.7,17.4,91.9,2,True
Bad Bunny - Estamos Bien,cutin25s/second_play,25306,25432,126,144,,0,5,False,True,True,9,14,2033.3,7.3,17.9,100.0,2,True
Bad Bunny - Estamos Bien,cutin25s/seeded_correct,25306,25391,85,94,149000,0,5,False,True,True,9,14,1939.8,7.7,17.6,100.0,2,True
Bad Bunny - Estamos Bien,cutin25s/seeded_wrong_2s,25306,25391,85,94,149000,0,5,False,True,True,9,14,1931.2,7.8,17.4,99.2,2,True
Bad Bunny - Estamos Bien,blend8s/cold,306,379,73,144,,0,7,True,False,True,5,14,2061.5,6.2,17.8,97.2,2,True
Bad Bunny - Estamos Bien,blend8s/seeded_correct,306,412,106,144,,0,7,False,False,True,6,14,2076.6,6.4,18.5,100.0,2,True
Bad Bunny - Estamos Bien,blend8s/seeded_wrong_2s,306,411,105,144,,0,7,False,False,True,6,14,2040.9,6.6,17.8,97.2,2,True
Bad Bunny - Estamos Bien,midshift+1.5s/cold,306,1866,60,69,15000,0,8,True,False,True,7,14,2210.0,8.7,18.1,92.0,2,True
Bad Bunny - Estamos Bien,midshift+1.5s/seeded_correct,306,281,-1525,144,,1,7,False,False,True,6,14,2237.9,7.8,18.2,98.3,2,False
Bad Bunny - Estamos Bien,midshift+1.5s/seeded_wrong_2s,306,1950,144,144,,0,8,False,False,True,8,14,2257.5,8.7,18.5,95.5,2,True
Bad Bunny - Estamos Bien,midshift-1.5s/cold,306,-1177,17,19,15000,0,7,True,False,True,6,14,1927.6,7.1,15.0,95.8,2,True
Bad Bunny - Estamos Bien,midshift-1.5s/seeded_correct,306,281,1475,144,,1,7,False,False,True,6,14,1891.1,7.0,15.4,98.3,2,False
Bad Bunny - Estamos Bien,midshift-1.5s/seeded_wrong_2s,306,-1050,144,144,,0,8,False,False,True,8,14,1875.9,6.7,15.4,95.6,2,True
Bad Bunny - Después de la Playa,off0/cold,1700,1698,-2,-3,5500,0,3,True,True,True,3,10,495.6,4.9,8.1,97.6,0,True
Bad Bunny - Después de la Playa,off0/seeded_correct,1700,1698,-2,0,5500,0,3,False,True,True,5,10,471.8,5.7,8.4,100.0,0,True
Bad Bunny - Después de la Playa,off0/seeded_wrong_2s,1700,1698,-2,0,5500,0,4,False,True,True,5,10,462.6,5.5,8.8,97.6,0,True
Bad Bunny - Después de la Playa,off+200/cold,1900,1899,-1,-1,5500,0,2,True,True,True,3,10,496.4,5.1,8.3,97.6,0,True
Bad Bunny - Después de la Playa,off+200/seeded_correct,1900,1898,-2,0,5500,0,3,False,True,True,5,10,481.0,5.8,8.5,100.0,0,True
Bad Bunny - Después de la Playa,off+200/seeded_wrong_2s,1900,1898,-2,0,5500,0,4,False,True,True,5,10,482.4,6.0,8.5,97.6,0,True
Bad Bunny - Después de la Playa,off-200/cold,1500,1494,-6,-6,7000,0,2,True,True,True,2,10,528.2,5.6,8.2,97.0,0,True
Bad Bunny - Después de la Playa,off-200/seeded_correct,1500,1498,-2,0,5500,0,3,False,True,True,5,10,479.1,5.7,8.9,100.0,0,True
Bad Bunny - Después de la Playa,off-200/seeded_wrong_2s,1500,1498,-2,0,5500,0,4,False,True,True,5,10,479.3,5.8,8.8,97.6,0,True
Bad Bunny - Después de la Playa,off+2s/cold,3700,3699,-1,0,28350,0,2,True,False,True,3,10,496.2,4.7,8.8,87.5,0,True
Bad Bunny - Después de la Playa,off+2s/seeded_correct,3700,3699,-1,0,4000,0,1,False,True,True,1,10,513.6,4.7,8.5,100.0,0,True
Bad Bunny - Después de la Playa,off+2s/seeded_wrong_2s,3700,3699,-1,0,4000,0,1,False,True,True,2,10,501.3,4.8,8.2,98.2,0,True
Bad Bunny - Después de la Playa,off-2s/cold,-300,-306,-6,-6,8500,0,2,True,True,True,2,10,518.8,5.2,8.4,100.0,0,True
Bad Bunny - Después de la Playa,off-2s/seeded_correct,-300,-301,-1,0,8500,0,1,False,True,True,1,10,512.7,4.7,8.3,100.0,0,True
Bad Bunny - Después de la Playa,off-2s/seeded_wrong_2s,-300,-301,-1,0,8500,0,1,False,True,True,2,10,505.4,4.6,8.1,96.3,0,True
Bad Bunny - Después de la Playa,off+10s/cold,11700,11695,-5,0,77250,0,3,False,False,True,6,10,477.6,5.7,8.7,64.8,0,True
Bad Bunny - Después de la Playa,off+10s/second_play,11700,11698,-2,-5,2500,0,2,False,True,True,1,10,520.9,4.9,8.9,100.0,0,True
Bad Bunny - Después de la Playa,off+10s/seeded_correct,11700,11699,-1,0,2500,0,1,False,True,True,1,10,500.1,5.0,8.4,100.0,0,True
Bad Bunny - Después de la Playa,off+10s/seeded_wrong_2s,11700,11699,-1,0,2500,0,1,False,True,True,2,10,527.8,5.7,8.8,98.9,0,True
Bad Bunny - Después de la Playa,off-10s/cold,-8300,,,8300,,0,0,False,False,False,10,10,268.0,7.4,12.4,0.0,0,False
Bad Bunny - Después de la Playa,off-10s/second_play,-8300,,,8300,,0,0,False,False,False,10,10,269.0,7.5,12.4,0.0,0,False
Bad Bunny - Después de la Playa,off-10s/seeded_correct,-8300,-8300,0,0,16000,0,0,False,True,False,10,10,259.4,7.7,11.6,100.0,0,True
Bad Bunny - Después de la Playa,off-10s/seeded_wrong_2s,-8300,-6300,2000,0,16000,0,0,False,True,False,10,10,265.2,7.8,11.5,93.3,0,False
Bad Bunny - Después de la Playa,off+25s/cold,26700,26695,-5,0,77250,0,3,False,False,True,6,10,463.0,6.1,9.8,62.2,0,True
Bad Bunny - Después de la Playa,off+25s/second_play,26700,26698,-2,-5,2500,0,2,False,True,True,1,10,486.5,5.1,8.2,100.0,0,True
Bad Bunny - Después de la Playa,off+25s/seeded_correct,26700,26699,-1,0,2500,0,1,False,True,True,1,10,498.3,5.4,8.6,100.0,0,True
Bad Bunny - Después de la Playa,off+25s/seeded_wrong_2s,26700,26699,-1,0,2500,0,1,False,True,True,2,10,495.1,5.6,8.6,98.8,0,True
Bad Bunny - Después de la Playa,off-25s/cold,-23300,,,23300,,0,0,False,False,False,10,10,306.7,7.5,11.7,0.0,0,False
Bad Bunny - Después de la Playa,off-25s/second_play,-23300,,,23300,,0,0,False,False,False,10,10,293.7,6.6,10.3,0.0,0,False
Bad Bunny - Después de la Playa,off-25s/seeded_correct,-23300,-23300,0,0,,0,0,False,False,False,10,10,297.3,7.5,10.7,100.0,0,True
Bad Bunny - Después de la Playa,off-25s/seeded_wrong_2s,-23300,-21300,2000,2000,,0,0,False,False,False,10,10,305.0,7.5,10.4,0.0,0,False
Bad Bunny - Después de la Playa,noise0/cold,1700,1698,-2,-3,5500,0,3,True,True,True,3,10,332.0,3.3,6.1,97.6,0,True
Bad Bunny - Después de la Playa,noise0/seeded_correct,1700,1698,-2,0,5500,0,3,False,True,True,5,10,327.5,3.6,6.6,100.0,0,True
Bad Bunny - Después de la Playa,noise0/seeded_wrong_2s,1700,1698,-2,0,5500,0,4,False,True,True,5,10,312.6,3.5,6.1,97.6,0,True
Bad Bunny - Después de la Playa,noise-2s/cold,-300,-306,-6,-6,8500,0,2,True,True,True,2,10,333.7,2.9,6.0,100.0,0,True
Bad Bunny - Después de la Playa,noise-2s/seeded_correct,-300,-301,-1,0,8500,0,1,False,True,True,1,10,340.3,2.8,5.9,100.0,0,True
Bad Bunny - Después de la Playa,noise-2s/seeded_wrong_2s,-300,-301,-1,0,8500,0,1,False,True,True,2,10,328.0,2.7,5.7,96.3,0,True
Bad Bunny - Después de la Playa,cutin5s/cold,6700,6698,-2,0,4000,0,4,False,True,True,5,10,359.0,4.2,7.6,98.2,0,True
Bad Bunny - Después de la Playa,cutin5s/second_play,6700,6698,-2,-2,4000,0,4,False,True,True,5,10,319.3,3.7,7.0,100.0,0,True
Bad Bunny - Después de la Playa,cutin5s/seeded_correct,6700,6698,-2,0,4000,0,3,False,True,True,5,10,311.9,3.8,6.1,100.0,0,True
Bad Bunny - Después de la Playa,cutin5s/seeded_wrong_2s,6700,6698,-2,0,4000,0,4,False,True,True,5,10,309.8,3.6,6.1,98.2,0,True
Bad Bunny - Después de la Playa,cutin15s/cold,16700,16698,-2,0,4000,0,3,False,True,True,5,10,262.5,3.2,5.6,98.1,0,True
Bad Bunny - Después de la Playa,cutin15s/second_play,16700,16698,-2,-2,4000,0,4,False,True,True,5,10,261.7,3.2,5.4,100.0,0,True
Bad Bunny - Después de la Playa,cutin15s/seeded_correct,16700,16698,-2,0,4000,0,4,False,True,True,5,10,257.6,3.3,5.1,100.0,0,True
Bad Bunny - Después de la Playa,cutin15s/seeded_wrong_2s,16700,16698,-2,0,4000,0,3,False,True,True,5,10,264.9,3.2,5.9,98.1,0,True
Bad Bunny - Después de la Playa,cutin25s/cold,26700,26698,-2,0,4000,0,2,False,True,True,5,10,275.6,3.9,5.8,98.0,0,True
Bad Bunny - Después de la Playa,cutin25s/second_play,26700,26698,-2,-2,4000,0,3,False,True,True,5,10,277.6,3.7,6.9,100.0,0,True
Bad Bunny - Después de la Playa,cutin25s/seeded_correct,26700,26699,-1,0,4000,0,3,False,True,True,5,10,271.6,3.7,6.0,100.0,0,True
Bad Bunny - Después de la Playa,cutin25s/seeded_wrong_2s,26700,26698,-2,0,4000,0,2,False,True,True,5,10,279.3,4.0,6.0,98.0,0,True
Bad Bunny - Después de la Playa,blend8s/cold,1700,1698,-2,-3,7000,0,3,True,True,True,3,10,376.7,3.7,6.9,96.9,0,True
Bad Bunny - Después de la Playa,blend8s/seeded_correct,1700,1698,-2,0,5500,0,3,False,True,True,5,10,384.0,4.6,7.4,100.0,0,True
Bad Bunny - Después de la Playa,blend8s/seeded_wrong_2s,1700,1698,-2,0,5500,0,4,False,True,True,5,10,361.0,3.8,7.1,97.6,0,True
Bad Bunny - Después de la Playa,midshift+1.5s/cold,1700,1697,-1503,0,5500,1,5,True,True,True,5,10,470.5,4.5,8.1,90.0,1,False
Bad Bunny - Después de la Playa,midshift+1.5s/seeded_correct,1700,1700,-1500,0,5500,2,4,False,True,False,10,10,205.3,7.4,10.6,65.4,0,False
Bad Bunny - Después de la Playa,midshift+1.5s/seeded_wrong_2s,1700,1700,-1500,0,5500,2,5,False,True,False,10,10,217.9,7.8,12.9,63.0,0,False
Bad Bunny - Después de la Playa,midshift-1.5s/cold,1700,1700,1500,0,5500,1,5,True,True,True,5,10,395.4,3.8,7.0,90.1,1,False
Bad Bunny - Después de la Playa,midshift-1.5s/seeded_correct,1700,197,-3,0,5500,1,4,False,True,True,11,10,200.0,6.1,10.6,40.2,1,True
Bad Bunny - Después de la Playa,midshift-1.5s/seeded_wrong_2s,1700,1701,1501,0,5500,2,5,False,True,True,9,10,301.3,5.2,7.7,63.5,0,False
Bad Bunny - CYBERTRUCK,off0/cold,-1100,-1101,-1,0,10000,0,3,True,True,True,1,13,261.7,2.5,5.1,94.8,0,True
Bad Bunny - CYBERTRUCK,off0/seeded_correct,-1100,-1099,1,0,10000,0,2,False,True,True,1,13,256.3,2.5,5.1,100.0,0,True
Bad Bunny - CYBERTRUCK,off0/seeded_wrong_2s,-1100,-1099,1,0,10000,0,2,False,True,True,1,13,254.8,2.7,4.9,94.8,0,True
Bad Bunny - CYBERTRUCK,off+200/cold,-900,-900,0,0,10000,0,3,True,True,True,1,13,267.4,2.7,5.6,94.8,0,True
Bad Bunny - CYBERTRUCK,off+200/seeded_correct,-900,-899,1,0,10000,0,2,False,True,True,1,13,263.0,2.7,5.7,100.0,0,True
Bad Bunny - CYBERTRUCK,off+200/seeded_wrong_2s,-900,-899,1,0,10000,0,2,False,True,True,1,13,250.9,2.7,5.0,94.8,0,True
Bad Bunny - CYBERTRUCK,off-200/cold,-1300,-1302,-2,0,10000,0,3,True,True,True,1,13,263.3,2.5,5.4,94.8,0,True
Bad Bunny - CYBERTRUCK,off-200/seeded_correct,-1300,-1299,1,0,10000,0,2,False,True,True,1,13,256.3,2.6,5.3,100.0,0,True
Bad Bunny - CYBERTRUCK,off-200/seeded_wrong_2s,-1300,-1298,2,0,10000,0,2,False,True,True,1,13,256.4,2.6,5.3,94.8,0,True
Bad Bunny - CYBERTRUCK,off+2s/cold,900,900,0,0,8500,0,3,True,True,True,1,13,269.4,2.9,5.4,95.5,0,True
Bad Bunny - CYBERTRUCK,off+2s/seeded_correct,900,901,1,0,8500,0,2,False,True,True,1,13,268.2,2.7,5.3,100.0,0,True
Bad Bunny - CYBERTRUCK,off+2s/seeded_wrong_2s,900,901,1,0,8500,0,2,False,True,True,1,13,254.8,2.6,5.2,95.5,0,True
Bad Bunny - CYBERTRUCK,off-2s/cold,-3100,-3102,-2,-6,11500,0,5,True,True,True,5,13,254.8,3.4,5.0,94.1,0,True
Bad Bunny - CYBERTRUCK,off-2s/seeded_correct,-3100,-3098,2,0,11500,0,3,False,True,True,8,13,237.3,3.3,5.4,100.0,0,True
Bad Bunny - CYBERTRUCK,off-2s/seeded_wrong_2s,-3100,-3098,2,0,11500,0,4,False,True,True,8,13,242.0,3.6,5.2,94.1,0,True
Bad Bunny - CYBERTRUCK,off+10s/cold,8900,8903,3,0,38750,0,3,False,False,True,5,13,257.6,3.3,5.4,78.7,0,True
Bad Bunny - CYBERTRUCK,off+10s/second_play,8900,8901,1,3,2500,0,2,False,True,True,1,13,254.6,2.7,5.2,100.0,0,True
Bad Bunny - CYBERTRUCK,off+10s/seeded_correct,8900,8901,1,0,2500,0,2,False,True,True,1,13,256.0,2.8,5.5,100.0,0,True
Bad Bunny - CYBERTRUCK,off+10s/seeded_wrong_2s,8900,8901,1,0,2500,0,2,False,True,True,1,13,263.9,2.8,6.2,98.6,0,True
Bad Bunny - CYBERTRUCK,off-10s/cold,-11100,26800,37900,11100,,1,1,False,False,False,13,13,229.8,4.3,9.0,0.0,0,False
Bad Bunny - CYBERTRUCK,off-10s/second_play,-11100,26800,37900,37900,,0,0,False,False,False,15,13,244.8,4.3,8.3,0.0,2,False
Bad Bunny - CYBERTRUCK,off-10s/seeded_correct,-11100,26800,37900,0,,1,1,False,False,False,13,13,213.2,4.1,7.6,100.0,0,False
Bad Bunny - CYBERTRUCK,off-10s/seeded_wrong_2s,-11100,26800,37900,2000,,1,1,False,False,False,13,13,213.2,4.3,7.6,0.0,0,False
Bad Bunny - CYBERTRUCK,off+25s/cold,23900,23903,3,0,38750,0,3,False,False,True,5,13,256.6,3.3,6.2,76.8,0,True
Bad Bunny - CYBERTRUCK,off+25s/second_play,23900,23901,1,3,2500,0,2,False,True,True,1,13,236.9,3.1,5.3,100.0,0,True
Bad Bunny - CYBERTRUCK,off+25s/seeded_correct,23900,23901,1,0,2500,0,2,False,True,True,1,13,237.8,3.0,5.1,100.0,0,True
Bad Bunny - CYBERTRUCK,off+25s/seeded_wrong_2s,23900,23901,1,0,2500,0,2,False,True,True,1,13,237.6,3.0,5.0,98.5,0,True
Bad Bunny - CYBERTRUCK,off-25s/cold,-26100,11800,37900,25250,,1,1,False,False,False,15,13,252.0,4.5,7.8,0.0,2,False
Bad Bunny - CYBERTRUCK,off-25s/second_play,-26100,11800,37900,37900,,0,0,False,False,False,15,13,245.7,4.2,8.0,0.0,2,False
Bad Bunny - CYBERTRUCK,off-25s/seeded_correct,-26100,11800,37900,0,,1,1,False,False,False,13,13,230.3,4.3,6.9,100.0,0,False
Bad Bunny - CYBERTRUCK,off-25s/seeded_wrong_2s,-26100,11800,37900,2000,,1,1,False,False,False,13,13,220.4,4.1,6.8,0.0,0,False
Bad Bunny - CYBERTRUCK,noise0/cold,-1100,-1101,-1,3,26000,0,4,True,True,True,3,13,228.5,2.4,4.3,86.5,1,True
Bad Bunny - CYBERTRUCK,noise0/seeded_correct,-1100,-1098,2,2,26000,0,3,False,True,True,3,13,230.7,2.3,4.4,90.1,1,True
Bad Bunny - CYBERTRUCK,noise0/seeded_wrong_2s,-1100,-1097,3,3,26000,0,3,False,True,True,3,13,228.5,2.3,4.3,86.5,1,True
Bad Bunny - CYBERTRUCK,noise-2s/cold,-3100,-3102,-2,0,82250,0,5,True,True,True,8,13,217.4,2.9,4.8,57.6,1,True
Bad Bunny - CYBERTRUCK,noise-2s/seeded_correct,-3100,-3098,2,0,66000,0,4,False,True,True,8,13,218.2,2.8,5.1,71.1,1,True
Bad Bunny - CYBERTRUCK,noise-2s/seeded_wrong_2s,-3100,-3097,3,0,66000,0,4,False,True,True,8,13,217.3,2.9,4.8,66.0,1,True
Bad Bunny - CYBERTRUCK,cutin5s/cold,3900,3899,-1,0,5500,0,3,True,True,True,1,13,224.2,2.3,4.3,97.1,0,True
Bad Bunny - CYBERTRUCK,cutin5s/second_play,3900,3900,0,-1,5500,0,2,False,True,True,1,13,220.3,2.4,4.4,100.0,0,True
Bad Bunny - CYBERTRUCK,cutin5s/seeded_correct,3900,3900,0,0,5500,0,2,False,True,True,1,13,222.8,2.5,4.4,100.0,0,True
Bad Bunny - CYBERTRUCK,cutin5s/seeded_wrong_2s,3900,3900,0,0,5500,0,2,False,True,True,1,13,221.7,2.5,4.4,97.1,0,True
Bad Bunny - CYBERTRUCK,cutin15s/cold,13900,13901,1,0,4000,0,2,False,True,True,1,13,186.7,2.3,3.7,97.7,0,True
Bad Bunny - CYBERTRUCK,cutin15s/second_play,13900,13901,1,1,4000,0,2,False,True,True,1,13,185.9,2.2,3.8,100.0,0,True
Bad Bunny - CYBERTRUCK,cutin15s/seeded_correct,13900,13901,1,0,4000,0,2,False,True,True,1,13,183.7,2.2,3.7,100.0,0,True
Bad Bunny - CYBERTRUCK,cutin15s/seeded_wrong_2s,13900,13901,1,0,4000,0,2,False,True,True,1,13,185.5,2.2,3.8,97.7,0,True
Bad Bunny - CYBERTRUCK,cutin25s/cold,23900,23901,1,0,7000,0,2,False,True,True,4,13,184.6,2.6,3.9,95.8,0,True
Bad Bunny - CYBERTRUCK,cutin25s/second_play,23900,23901,1,1,7000,0,2,False,True,True,4,13,180.4,2.4,4.2,100.0,0,True
Bad Bunny - CYBERTRUCK,cutin25s/seeded_correct,23900,23901,1,0,7000,0,2,False,True,True,4,13,183.6,2.5,3.9,100.0,0,True
Bad Bunny - CYBERTRUCK,cutin25s/seeded_wrong_2s,23900,23901,1,0,7000,0,2,False,True,True,4,13,183.1,2.4,4.2,95.8,0,True
Bad Bunny - CYBERTRUCK,blend8s/cold,-1100,-1101,-1,0,16250,0,4,True,False,True,2,13,263.6,2.3,4.8,91.5,0,True
Bad Bunny - CYBERTRUCK,blend8s/seeded_correct,-1100,-1097,3,0,16250,0,3,False,False,True,2,13,245.5,2.4,4.5,100.0,0,True
Bad Bunny - CYBERTRUCK,blend8s/seeded_wrong_2s,-1100,-1096,4,0,16250,0,3,False,False,True,2,13,337.8,3.1,7.3,91.5,0,True
Bad Bunny - CYBERTRUCK,midshift+1.5s/cold,-1100,-1137,-1537,0,10000,1,4,True,True,True,4,13,274.9,3.1,5.6,85.6,1,False
Bad Bunny - CYBERTRUCK,midshift+1.5s/seeded_correct,-1100,410,10,0,10000,0,4,False,True,True,6,13,258.8,3.3,5.9,79.9,1,True
Bad Bunny - CYBERTRUCK,midshift+1.5s/seeded_wrong_2s,-1100,412,12,0,10000,0,4,False,True,True,6,13,279.0,3.3,7.0,74.7,1,True
Bad Bunny - CYBERTRUCK,midshift-1.5s/cold,-1100,-1066,1534,0,82250,1,4,True,True,True,4,13,250.6,2.8,5.0,83.3,1,False
Bad Bunny - CYBERTRUCK,midshift-1.5s/seeded_correct,-1100,-2600,0,0,136750,0,2,False,True,True,9,13,248.9,4.0,7.9,60.4,1,True
Bad Bunny - CYBERTRUCK,midshift-1.5s/seeded_wrong_2s,-1100,-2600,0,2375,,0,3,False,True,True,10,13,262.4,3.8,9.0,25.8,2,True
"Bad Bunny, Zion & Lennox - MÁS DE UNA CITA",off0/cold,-1075,-1071,4,0,43250,0,9,True,True,True,18,17,239.7,5.8,9.8,76.6,1,True
"Bad Bunny, Zion & Lennox - MÁS DE UNA CITA",off0/seeded_correct,-1075,-1069,6,0,43250,0,9,False,True,True,18,17,228.2,5.2,9.6,80.4,1,True
"Bad Bunny, Zion & Lennox - MÁS DE UNA CITA",off0/seeded_wrong_2s,-1075,-1069,6,0,43250,0,9,False,True,True,18,17,236.6,5.1,9.8,76.6,1,True
"Bad Bunny, Zion & Lennox - MÁS DE UNA CITA",off+200/cold,-875,-871,4,0,43250,0,10,True,True,True,18,17,293.8,7.0,14.6,76.6,1,True
"Bad Bunny, Zion & Lennox - MÁS DE UNA CITA",off+200/seeded_correct,-875,-870,5,-1,43250,0,9,False,True,True,17,17,295.9,7.4,12.2,80.4,1,True
"Bad Bunny, Zion & Lennox - MÁS DE UNA CITA",off+200/seeded_wrong_2s,-875,-869,6,0,43250,0,10,False,True,True,18,17,231.9,5.0,10.9,76.6,1,True
"Bad Bunny, Zion & Lennox - MÁS DE UNA CITA",off-200/cold,-1275,-1271,4,0,43250,0,10,True,True,True,18,17,232.4,5.0,9.8,76.6,1,True
"Bad Bunny, Zion & Lennox - MÁS DE UNA CITA",off-200/seeded_correct,-1275,-1268,7,0,43250,0,9,False,True,True,18,17,221.8,5.2,9.6,81.2,1,True
"Bad Bunny, Zion & Lennox - MÁS DE UNA CITA",off-200/seeded_wrong_2s,-1275,-1269,6,0,174000,0,10,False,True,True,19,17,246.6,5.6,10.8,6.0,2,True
"Bad Bunny, Zion & Lennox - MÁS DE UNA CITA",off+2s/cold,925,929,4,0,43250,0,8,True,True,True,18,17,233.0,5.6,10.5,76.4,1,True
"Bad Bunny, Zion & Lennox - MÁS DE UNA CITA",off+2s/seeded_correct,925,931,6,0,43250,0,10,False,True,True,17,17,217.2,5.3,10.4,79.4,1,True
"Bad Bunny, Zion & Lennox - MÁS DE UNA CITA",off+2s/seeded_wrong_2s,925,931,6,0,43250,0,10,False,True,True,18,17,228.0,5.2,11.0,76.4,1,True
"Bad Bunny, Zion & Lennox - MÁS DE UNA CITA",off-2s/cold,-3075,-3073,2,0,176000,0,10,True,True,True,19,17,254.2,5.1,10.3,5.9,2,True
"Bad Bunny, Zion & Lennox - MÁS DE UNA CITA",off-2s/seeded_correct,-3075,-1794,1281,0,176000,1,3,False,True,True,18,17,261.7,5.7,11.7,11.2,2,False
"Bad Bunny, Zion & Lennox - MÁS DE UNA CITA",off-2s/seeded_wrong_2s,-3075,-3075,0,5,85250,0,3,False,True,True,16,17,231.3,5.3,10.2,54.4,1,True
"Bad Bunny, Zion & Lennox - MÁS DE UNA CITA",off+10s/cold,8925,8934,9,-9025,,0,9,False,False,False,19,17,246.9,5.9,11.8,0.0,2,True
"Bad Bunny, Zion & Lennox - MÁS DE UNA CITA",off+10s/second_play,8925,8904,-21,-17,4000,0,2,False,True,True,1,17,253.2,2.9,5.7,100.0,0,True
"Bad Bunny, Zion & Lennox - MÁS DE UNA CITA",off+10s/seeded_correct,8925,8925,0,0,4000,0,2,False,True,True,1,17,262.7,3.2,5.5,100.0,0,True
"Bad Bunny, Zion & Lennox - MÁS DE UNA CITA",off+10s/seeded_wrong_2s,8925,8925,0,0,4000,0,2,False,True,True,1,17,255.2,2.9,5.7,97.7,0,True
"Bad Bunny, Zion & Lennox - MÁS DE UNA CITA",off-10s/cold,-11075,-750,10325,0,182000,1,2,False,False,False,19,17,258.0,5.2,10.3,6.6,2,False
"Bad Bunny, Zion & Lennox - MÁS DE UNA CITA",off-10s/second_play,-11075,-750,10325,0,182000,1,2,False,False,False,19,17,253.4,5.1,10.3,6.6,2,False
"Bad Bunny, Zion & Lennox - MÁS DE UNA CITA",off-10s/seeded_correct,-11075,7000,18075,0,,1,1,False,False,False,17,17,217.8,5.2,8.6,100.0,0,False
"Bad Bunny, Zion & Lennox - MÁS DE UNA CITA",off-10s/seeded_wrong_2s,-11075,7000,18075,2000,,1,1,False,False,False,17,17,229.8,5.2,9.3,0.0,0,False
"Bad Bunny, Zion & Lennox - MÁS DE UNA CITA",off+25s/cold,23925,23932,7,-23925,,0,7,False,False,False,17,17,204.6,5.9,12.9,0.0,0,True
"Bad Bunny, Zion & Lennox - MÁS DE UNA CITA",off+25s/second_play,23925,23904,-21,-19,2500,0,2,False,True,True,1,17,249.9,3.2,5.5,100.0,0,True
"Bad Bunny, Zion & Lennox - MÁS DE UNA CITA",off+25s/seeded_correct,23925,23925,0,0,2500,0,2,False,True,True,1,17,210.6,2.7,4.8,100.0,0,True
"Bad Bunny, Zion & Lennox - MÁS DE UNA CITA",off+25s/seeded_wrong_2s,23925,23925,0,0,2500,0,2,False,True,True,1,17,209.8,3.0,4.5,98.4,0,True
"Bad Bunny, Zion & Lennox - MÁS DE UNA CITA",off-25s/cold,-26075,,,26075,,0,0,False,False,False,17,17,203.4,3.9,7.9,0.0,0,False
"Bad Bunny, Zion & Lennox - MÁS DE UNA CITA",off-25s/second_play,-26075,,,26075,,0,0,False,False,False,17,17,203.7,3.9,7.6,0.0,0,False
"Bad Bunny, Zion & Lennox - MÁS DE UNA CITA",off-25s/seeded_correct,-26075,-26075,0,0,,0,0,False,False,False,17,17,202.5,4.0,7.1,100.0,0,True
"Bad Bunny, Zion & Lennox - MÁS DE UNA CITA",off-25s/seeded_wrong_2s,-26075,-24075,2000,2000,,0,0,False,False,False,17,17,199.0,4.0,7.0,0.0,0,False
"Bad Bunny, Zion & Lennox - MÁS DE UNA CITA",noise0/cold,-1075,-1076,-1,0,14500,0,3,True,True,True,1,17,201.2,2.1,4.0,92.2,0,True
"Bad Bunny, Zion & Lennox - MÁS DE UNA CITA",noise0/seeded_correct,-1075,-1074,1,0,14500,0,2,False,True,True,1,17,228.0,2.3,6.0,100.0,0,True
"Bad Bunny, Zion & Lennox - MÁS DE UNA CITA",noise0/seeded_wrong_2s,-1075,-1074,1,0,14500,0,2,False,True,True,1,17,201.0,2.1,3.9,92.2,0,True
"Bad Bunny, Zion & Lennox - MÁS DE UNA CITA",noise-2s/cold,-3075,-3078,-3,-6,20200,0,2,True,False,True,3,17,200.5,2.1,3.9,89.2,0,True
"Bad Bunny, Zion & Lennox - MÁS DE UNA CITA",noise-2s/seeded_correct,-3075,-3071,4,0,176000,0,7,False,False,True,18,17,164.5,3.6,7.0,55.7,1,True
"Bad Bunny, Zion & Lennox - MÁS DE UNA CITA",noise-2s/seeded_wrong_2s,-3075,-1775,1300,0,176000,1,2,False,False,False,18,17,178.9,3.8,7.9,43.0,1,False
"Bad Bunny, Zion & Lennox - MÁS DE UNA CITA",cutin5s/cold,3925,3923,-2,-3,8500,0,3,True,True,True,1,17,201.0,2.2,4.1,95.3,0,True
"Bad Bunny, Zion & Lennox - MÁS DE UNA CITA",cutin5s/second_play,3925,3924,-1,-2,8500,0,2,False,True,True,1,17,197.4,2.2,3.9,100.0,0,True
"Bad Bunny, Zion & Lennox - MÁS DE UNA CITA",cutin5s/seeded_correct,3925,3925,0,0,8500,0,2,False,True,True,1,17,220.1,2.6,4.5,100.0,0,True
"Bad Bunny, Zion & Lennox - MÁS DE UNA CITA",cutin5s/seeded_wrong_2s,3925,3924,-1,0,8500,0,2,False,True,True,1,17,221.0,2.3,4.8,95.3,0,True
"Bad Bunny, Zion & Lennox - MÁS DE UNA CITA",cutin15s/cold,13925,13929,4,0,4000,0,9,False,True,False,17,17,144.8,4.1,8.4,97.6,0,True
"Bad Bunny, Zion & Lennox - MÁS DE UNA CITA",cutin15s/second_play,13925,13925,0,3,4000,0,5,False,True,True,8,17,163.2,2.8,4.9,100.0,0,True
"Bad Bunny, Zion & Lennox - MÁS DE UNA CITA",cutin15s/seeded_correct,13925,13928,3,0,4000,0,9,False,True,False,17,17,133.2,4.0,8.0,100.0,0,True
"Bad Bunny, Zion & Lennox - MÁS DE UNA CITA",cutin15s/seeded_wrong_2s,13925,13929,4,0,4000,0,9,False,True,False,17,17,133.6,4.0,7.8,97.6,0,True
"Bad Bunny, Zion & Lennox - MÁS DE UNA CITA",cutin25s/cold,23925,23931,6,0,4000,0,8,False,True,False,17,17,134.5,5.2,8.9,97.5,0,True
"Bad Bunny, Zion & Lennox - MÁS DE UNA CITA",cutin25s/second_play,23925,23931,6,5,4000,0,7,False,True,False,17,17,146.6,5.8,9.7,100.0,0,True
"Bad Bunny, Zion & Lennox - MÁS DE UNA CITA",cutin25s/seeded_correct,23925,23931,6,0,4000,0,9,False,True,False,17,17,137.8,5.5,9.1,100.0,0,True
"Bad Bunny, Zion & Lennox - MÁS DE UNA CITA",cutin25s/seeded_wrong_2s,23925,23931,6,0,4000,0,8,False,True,False,17,17,137.1,5.4,9.4,97.5,0,True
"Bad Bunny, Zion & Lennox - MÁS DE UNA CITA",blend8s/cold,-1075,-1076,-1,-3,13000,0,4,True,True,True,2,17,258.1,2.6,5.5,93.0,0,True
"Bad Bunny, Zion & Lennox - MÁS DE UNA CITA",blend8s/seeded_correct,-1075,-1074,1,0,13000,0,2,False,True,True,1,17,243.1,2.2,5.1,100.0,0,True
"Bad Bunny, Zion & Lennox - MÁS DE UNA CITA",blend8s/seeded_wrong_2s,-1075,-1074,1,0,13000,0,3,False,True,True,2,17,241.2,2.5,5.0,93.0,0,True
"Bad Bunny, Zion & Lennox - MÁS DE UNA CITA",midshift+1.5s/cold,-1075,380,-45,0,43250,0,4,True,True,True,18,17,246.8,5.8,12.0,71.8,1,True
"Bad Bunny, Zion & Lennox - MÁS DE UNA CITA",midshift+1.5s/seeded_correct,-1075,380,-45,0,43250,1,4,False,True,True,18,17,238.9,5.7,10.8,75.6,1,True
"Bad Bunny, Zion & Lennox - MÁS DE UNA CITA",midshift+1.5s/seeded_wrong_2s,-1075,435,10,0,43250,1,5,False,True,True,18,17,247.2,6.1,10.7,71.8,1,True
"Bad Bunny, Zion & Lennox - MÁS DE UNA CITA",midshift-1.5s/cold,-1075,-1133,1442,1442,,1,4,True,True,True,19,17,236.2,4.8,10.3,9.0,2,False
"Bad Bunny, Zion & Lennox - MÁS DE UNA CITA",midshift-1.5s/seeded_correct,-1075,-1203,1372,0,176000,5,8,False,True,True,19,17,242.2,5.0,10.6,18.3,2,False
"Bad Bunny, Zion & Lennox - MÁS DE UNA CITA",midshift-1.5s/seeded_wrong_2s,-1075,-1155,1420,2800,,5,7,False,True,True,19,17,234.1,5.1,9.4,9.0,2,False
Bad Bunny - Efecto,off0/cold,-1050,-1070,-20,-16,11500,0,2,True,True,True,1,15,379.3,3.6,7.3,94.6,0,True
Bad Bunny - Efecto,off0/seeded_correct,-1050,-1057,-7,-25,11500,0,3,False,True,False,15,15,274.2,6.1,12.6,100.0,0,True
Bad Bunny - Efecto,off0/seeded_wrong_2s,-1050,-1057,-7,-25,11500,0,5,False,True,False,15,15,282.7,6.3,11.9,94.6,0,True
Bad Bunny - Efecto,off+200/cold,-850,-860,-10,-14,11500,0,2,True,True,True,1,15,372.7,3.5,7.4,94.6,0,True
Bad Bunny - Efecto,off+200/seeded_correct,-850,-857,-7,-25,11500,0,6,False,True,False,15,15,267.8,6.1,11.4,100.0,0,True
Bad Bunny - Efecto,off+200/seeded_wrong_2s,-850,-858,-8,-25,11500,0,5,False,True,False,15,15,272.3,6.1,12.3,94.6,0,True
Bad Bunny - Efecto,off-200/cold,-1250,-1256,-6,-6,11500,0,2,True,True,True,1,15,380.3,3.6,7.3,94.6,0,True
Bad Bunny - Efecto,off-200/seeded_correct,-1250,-1257,-7,-25,11500,0,4,False,True,False,15,15,297.7,6.4,11.7,100.0,0,True
Bad Bunny - Efecto,off-200/seeded_wrong_2s,-1250,-1258,-8,-25,11500,0,4,False,True,False,15,15,266.5,5.8,11.5,94.6,0,True
Bad Bunny - Efecto,off+2s/cold,950,941,-9,-13,8500,0,2,True,True,True,1,15,393.4,4.0,7.2,96.0,0,True
Bad Bunny - Efecto,off+2s/seeded_correct,950,943,-7,-25,8500,0,4,False,True,False,15,15,280.1,6.7,13.3,100.0,0,True
Bad Bunny - Efecto,off+2s/seeded_wrong_2s,950,942,-8,-25,8500,0,5,False,True,False,15,15,280.6,6.6,11.8,96.0,0,True
Bad Bunny - Efecto,off-2s/cold,-3050,-3056,-6,-6,13000,0,2,True,True,True,1,15,388.7,3.9,7.6,93.9,0,True
Bad Bunny - Efecto,off-2s/seeded_correct,-3050,-3058,-8,-25,13000,0,4,False,True,False,15,15,284.6,6.1,11.6,100.0,0,True
Bad Bunny - Efecto,off-2s/seeded_wrong_2s,-3050,-3059,-9,-25,13000,0,2,False,True,False,15,15,295.6,6.7,11.9,93.9,0,True
Bad Bunny - Efecto,off+10s/cold,8950,8944,-6,-9800,,0,3,False,False,False,15,15,292.1,6.1,11.9,0.0,0,True
Bad Bunny - Efecto,off+10s/second_play,8950,8948,-2,-6,2500,0,1,False,True,True,2,15,391.3,4.1,7.8,100.0,0,True
Bad Bunny - Efecto,off+10s/seeded_correct,8950,8941,-9,-25,2500,0,1,False,True,True,2,15,376.4,4.1,7.2,100.0,0,True
Bad Bunny - Efecto,off+10s/seeded_wrong_2s,8950,8939,-11,-25,2500,0,1,False,True,True,3,15,360.6,3.5,7.9,98.8,0,True
Bad Bunny - Efecto,off-10s/cold,-11050,,,11050,,0,0,False,False,False,15,15,260.2,5.0,8.8,0.0,0,False
Bad Bunny - Efecto,off-10s/second_play,-11050,,,11050,,0,0,False,False,False,15,15,286.0,5.2,9.3,0.0,0,False
Bad Bunny - Efecto,off-10s/seeded_correct,-11050,-11050,0,-25,20500,0,0,False,True,False,15,15,296.9,6.1,10.5,100.0,0,True
Bad Bunny - Efecto,off-10s/seeded_wrong_2s,-11050,-9050,2000,-25,20500,0,0,False,True,False,15,15,294.1,6.0,10.3,90.8,0,False
Bad Bunny - Efecto,off+25s/cold,23950,23944,-6,-23950,,0,3,False,False,False,15,15,268.6,6.9,13.5,0.0,0,True
Bad Bunny - Efecto,off+25s/second_play,23950,23948,-2,-6,2500,0,1,False,True,True,2,15,354.5,4.2,7.7,100.0,0,True
Bad Bunny - Efecto,off+25s/seeded_correct,23950,23949,-1,0,2500,0,1,False,True,True,2,15,352.2,4.6,6.5,100.0,0,True
Bad Bunny - Efecto,off+25s/seeded_wrong_2s,23950,23948,-2,0,2500,0,1,False,True,True,3,15,351.6,4.4,6.8,98.7,0,True
Bad Bunny - Efecto,off-25s/cold,-26050,,,26050,,0,0,False,False,False,15,15,316.4,6.1,8.5,0.0,0,False
Bad Bunny - Efecto,off-25s/second_play,-26050,,,26050,,0,0,False,False,False,15,15,308.8,5.7,11.3,0.0,0,False
Bad Bunny - Efecto,off-25s/seeded_correct,-26050,-26050,0,0,,0,0,False,False,False,15,15,333.3,6.4,10.7,100.0,0,True
Bad Bunny - Efecto,off-25s/seeded_wrong_2s,-26050,-24050,2000,2000,,0,0,False,False,False,15,15,329.8,6.0,10.5,0.0,0,False
Bad Bunny - Efecto,noise0/cold,-1050,-1070,-20,-16,11500,0,2,True,True,True,3,15,326.3,2.8,5.9,94.6,2,True
Bad Bunny - Efecto,noise0/seeded_correct,-1050,-1057,-7,-25,11500,0,2,False,True,False,17,15,249.8,5.0,10.9,100.0,2,True
Bad Bunny - Efecto,noise0/seeded_wrong_2s,-1050,-1057,-7,-25,11500,0,4,False,True,False,17,15,241.8,4.7,10.4,94.6,2,True
Bad Bunny - Efecto,noise-2s/cold,-3050,-3056,-6,-6,13000,0,1,True,True,True,2,15,310.4,2.9,5.4,93.9,1,True
Bad Bunny - Efecto,noise-2s/seeded_correct,-3050,-3058,-8,-25,13000,0,3,False,True,False,17,15,246.8,4.5,10.8,100.0,2,True
Bad Bunny - Efecto,noise-2s/seeded_wrong_2s,-3050,-3060,-10,-25,13000,0,1,False,True,False,17,15,251.2,4.6,10.8,93.9,2,True
Bad Bunny - Efecto,cutin5s/cold,3950,3948,-2,-3,4000,0,2,True,True,True,1,15,306.8,3.2,5.8,98.1,0,True
Bad Bunny - Efecto,cutin5s/second_play,3950,3945,-5,-3,4000,0,5,False,True,False,15,15,221.9,5.7,10.1,100.0,0,True
Bad Bunny - Efecto,cutin5s/seeded_correct,3950,3946,-4,0,4000,0,5,False,True,False,15,15,228.5,5.6,11.2,100.0,0,True
Bad Bunny - Efecto,cutin5s/seeded_wrong_2s,3950,3945,-5,0,4000,0,5,False,True,False,15,15,214.6,5.7,8.9,98.1,0,True
Bad Bunny - Efecto,cutin15s/cold,13950,13950,0,25,4000,0,9,False,True,False,15,15,204.9,6.6,9.3,98.0,0,True
Bad Bunny - Efecto,cutin15s/second_play,13950,13950,0,0,4000,0,9,False,True,False,15,15,181.1,5.1,9.8,100.0,0,True
Bad Bunny - Efecto,cutin15s/seeded_correct,13950,13950,0,0,4000,0,9,False,True,False,15,15,163.6,4.6,8.9,100.0,0,True
Bad Bunny - Efecto,cutin15s/seeded_wrong_2s,13950,13950,0,0,4000,0,9,False,True,False,15,15,158.0,4.5,8.2,98.0,0,True
Bad Bunny - Efecto,cutin25s/cold,23950,23945,-5,0,4000,0,5,False,True,False,15,15,165.8,5.1,10.8,97.9,0,True
Bad Bunny - Efecto,cutin25s/second_play,23950,23945,-5,-4,4000,0,4,False,True,False,15,15,158.3,5.1,10.4,100.0,0,True
Bad Bunny - Efecto,cutin25s/seeded_correct,23950,23946,-4,0,4000,0,5,False,True,False,15,15,141.3,5.0,8.8,100.0,0,True
Bad Bunny - Efecto,cutin25s/seeded_wrong_2s,23950,23945,-5,0,4000,0,5,False,True,False,15,15,147.8,4.9,9.5,97.9,0,True
Bad Bunny - Efecto,blend8s/cold,-1050,-1058,-8,-16,16000,0,2,True,True,True,1,15,346.4,3.0,6.6,92.5,0,True
Bad Bunny - Efecto,blend8s/seeded_correct,-1050,-1053,-3,0,16000,0,7,False,True,False,15,15,238.1,5.3,8.9,100.0,0,True
Bad Bunny - Efecto,blend8s/seeded_wrong_2s,-1050,-1054,-4,0,16000,0,6,False,True,False,15,15,243.8,5.5,8.8,92.5,0,True
Bad Bunny - Efecto,midshift+1.5s/cold,-1050,444,-6,0,11500,0,4,True,True,True,10,15,309.0,5.9,11.6,74.7,1,True
Bad Bunny - Efecto,midshift+1.5s/seeded_correct,-1050,448,-2,0,11500,0,5,False,True,False,16,15,308.3,6.8,13.9,46.8,1,True
Bad Bunny - Efecto,midshift+1.5s/seeded_wrong_2s,-1050,450,0,0,11500,0,5,False,True,False,16,15,309.2,6.6,13.6,41.4,1,True
Bad Bunny - Efecto,midshift-1.5s/cold,-1050,-2553,-3,0,11500,0,4,True,True,True,11,15,305.1,5.7,12.6,43.1,2,True
Bad Bunny - Efecto,midshift-1.5s/seeded_correct,-1050,-1071,1479,0,11500,1,4,False,True,False,16,15,293.9,6.0,12.4,48.5,1,False
Bad Bunny - Efecto,midshift-1.5s/seeded_wrong_2s,-1050,-1071,1479,0,11500,1,4,False,True,False,16,15,285.1,6.4,12.0,43.1,1,False
Bad Bunny - TRELLAS,off0/cold,-1000,-978,22,22,17500,0,4,True,True,False,6,6,194.0,2.7,5.3,89.0,0,True
Bad Bunny - TRELLAS,off0/seeded_correct,-1000,-1034,-34,-75,17500,0,5,False,True,False,8,6,201.4,2.8,5.0,100.0,2,True
Bad Bunny - TRELLAS,off0/seeded_wrong_2s,-1000,-1036,-36,-75,17500,0,3,False,True,False,8,6,208.1,2.9,5.4,89.0,2,True
Bad Bunny - TRELLAS,off+200/cold,-800,-789,11,11,17500,0,4,True,True,False,6,6,191.8,2.8,4.6,89.0,0,True
Bad Bunny - TRELLAS,off+200/seeded_correct,-800,-835,-35,-75,17500,0,5,False,True,False,8,6,201.2,2.6,5.0,100.0,2,True
Bad Bunny - TRELLAS,off+200/seeded_wrong_2s,-800,-836,-36,-75,17500,0,3,False,True,False,8,6,205.6,3.2,4.2,89.0,2,True
Bad Bunny - TRELLAS,off-200/cold,-1200,-1156,44,44,28000,0,2,True,False,False,6,6,190.3,3.0,4.7,82.4,0,True
Bad Bunny - TRELLAS,off-200/seeded_correct,-1200,-1212,-12,-75,18250,0,2,False,False,False,8,6,205.1,2.9,5.2,100.0,2,True
Bad Bunny - TRELLAS,off-200/seeded_wrong_2s,-1200,-1215,-15,0,38750,0,1,False,False,False,6,6,202.3,2.9,5.0,75.7,0,True
Bad Bunny - TRELLAS,off+2s/cold,1000,1012,12,12,16000,0,5,True,True,False,6,6,191.3,2.7,4.6,89.8,0,True
Bad Bunny - TRELLAS,off+2s/seeded_correct,1000,965,-35,-75,16000,0,5,False,True,False,8,6,203.1,2.9,4.3,100.0,2,True
Bad Bunny - TRELLAS,off+2s/seeded_wrong_2s,1000,964,-36,-75,16000,0,4,False,True,False,8,6,203.9,2.9,5.1,89.8,2,True
Bad Bunny - TRELLAS,off-2s/cold,-3000,-2956,44,44,86150,0,1,True,False,False,6,6,196.9,3.0,4.6,46.5,0,True
Bad Bunny - TRELLAS,off-2s/seeded_correct,-3000,-3000,0,25,18250,0,0,False,False,False,7,6,198.0,2.8,4.7,100.0,1,True
Bad Bunny - TRELLAS,off-2s/seeded_wrong_2s,-3000,-1000,2000,0,50500,0,0,False,False,False,6,6,187.2,2.9,4.5,68.6,0,False
Bad Bunny - TRELLAS,off+10s/cold,9000,,,-9000,,0,0,False,False,False,6,6,206.9,3.2,5.9,0.0,0,False
Bad Bunny - TRELLAS,off+10s/second_play,9000,,,-9000,,0,0,False,False,False,6,6,198.7,3.2,5.2,0.0,0,False
Bad Bunny - TRELLAS,off+10s/seeded_correct,9000,8966,-34,-75,8500,0,5,False,True,False,8,6,190.1,2.8,5.1,100.0,2,True
Bad Bunny - TRELLAS,off+10s/seeded_wrong_2s,9000,8964,-36,-75,8500,0,3,False,True,False,8,6,195.2,3.3,4.8,94.3,2,True
Bad Bunny - TRELLAS,off-10s/cold,-11000,,,11000,,0,0,False,False,False,6,6,193.4,2.8,4.6,0.0,0,False
Bad Bunny - TRELLAS,off-10s/second_play,-11000,,,11000,,0,0,False,False,False,6,6,200.8,2.8,4.8,0.0,0,False
Bad Bunny - TRELLAS,off-10s/seeded_correct,-11000,-11000,0,0,,0,0,False,False,False,6,6,182.7,2.7,4.7,100.0,0,True
Bad Bunny - TRELLAS,off-10s/seeded_wrong_2s,-11000,-9000,2000,2000,,0,0,False,False,False,6,6,195.2,3.0,4.6,0.0,0,False
Bad Bunny - TRELLAS,off+25s/cold,24000,,,-24000,,0,0,False,False,False,6,6,186.7,3.4,5.4,0.0,0,False
Bad Bunny - TRELLAS,off+25s/second_play,24000,,,-24000,,0,0,False,False,False,6,6,192.1,3.3,6.5,0.0,0,False
Bad Bunny - TRELLAS,off+25s/seeded_correct,24000,23950,-50,-50,2500,0,1,False,True,True,3,6,187.4,3.3,4.6,100.0,1,True
Bad Bunny - TRELLAS,off+25s/seeded_wrong_2s,24000,23959,-41,-50,2500,0,1,False,True,True,4,6,172.3,3.1,4.7,98.1,1,True
Bad Bunny - TRELLAS,off-25s/cold,-26000,,,26000,,0,0,False,False,False,6,6,196.6,2.8,4.4,0.0,0,False
Bad Bunny - TRELLAS,off-25s/second_play,-26000,,,26000,,0,0,False,False,False,6,6,199.4,2.6,4.7,0.0,0,False
Bad Bunny - TRELLAS,off-25s/seeded_correct,-26000,-26000,0,0,,0,0,False,False,False,6,6,200.0,2.9,4.8,100.0,0,True
Bad Bunny - TRELLAS,off-25s/seeded_wrong_2s,-26000,-24000,2000,2000,,0,0,False,False,False,6,6,197.7,2.7,4.8,0.0,0,False
Bad Bunny - TRELLAS,noise0/cold,-1000,-953,47,47,28000,0,2,True,False,False,6,6,165.9,2.4,4.1,82.4,0,True
Bad Bunny - TRELLAS,noise0/seeded_correct,-1000,-1013,-13,-75,18250,0,2,False,False,False,8,6,171.3,2.4,3.9,100.0,2,True
Bad Bunny - TRELLAS,noise0/seeded_wrong_2s,-1000,-1016,-16,0,38750,0,1,False,False,False,6,6,155.8,2.3,3.6,75.6,0,True
Bad Bunny - TRELLAS,noise-2s/cold,-3000,-2956,44,44,86150,0,1,True,False,False,6,6,165.7,2.3,3.9,46.5,0,True
Bad Bunny - TRELLAS,noise-2s/seeded_correct,-3000,-3000,0,25,18250,0,0,False,False,False,7,6,164.8,2.4,3.6,100.0,1,True
Bad Bunny - TRELLAS,noise-2s/seeded_wrong_2s,-3000,-1000,2000,2000,,0,0,False,False,False,6,6,158.3,2.3,3.7,0.0,0,False
Bad Bunny - TRELLAS,cutin5s/cold,4000,3956,-44,-125,,0,1,False,True,False,8,6,165.6,2.7,4.6,97.4,2,True
Bad Bunny - TRELLAS,cutin5s/second_play,4000,3943,-57,-119,,0,2,False,True,False,8,6,164.4,2.7,4.8,100.0,2,True
Bad Bunny - TRELLAS,cutin5s/seeded_correct,4000,3958,-42,-125,,0,1,False,True,False,8,6,160.2,2.6,4.6,100.0,2,True
Bad Bunny - TRELLAS,cutin5s/seeded_wrong_2s,4000,3956,-44,-125,,0,1,False,True,False,8,6,159.9,2.7,4.7,97.4,2,True
Bad Bunny - TRELLAS,cutin15s/cold,14000,13971,-29,-50,4000,0,4,False,True,False,7,6,138.2,2.6,4.3,97.2,1,True
Bad Bunny - TRELLAS,cutin15s/second_play,14000,13972,-28,-58,4000,0,5,False,True,False,8,6,142.2,2.4,4.5,100.0,2,True
Bad Bunny - TRELLAS,cutin15s/seeded_correct,14000,13972,-28,-50,4000,0,5,False,True,False,7,6,134.4,2.3,3.9,100.0,1,True
Bad Bunny - TRELLAS,cutin15s/seeded_wrong_2s,14000,13971,-29,-50,4000,0,4,False,True,False,7,6,134.0,2.6,3.9,97.2,1,True
Bad Bunny - TRELLAS,cutin25s/cold,24000,,,-24000,,0,0,False,False,False,6,6,127.9,2.5,4.5,0.0,0,False
Bad Bunny - TRELLAS,cutin25s/second_play,24000,,,-24000,,0,0,False,False,False,6,6,120.9,2.4,4.2,0.0,0,False
Bad Bunny - TRELLAS,cutin25s/seeded_correct,24000,23998,-2,0,38750,0,1,False,False,False,6,6,120.2,2.2,4.2,100.0,0,True
Bad Bunny - TRELLAS,cutin25s/seeded_wrong_2s,24000,26000,2000,0,43000,0,0,False,False,False,6,6,120.1,2.3,4.9,67.9,0,False
Bad Bunny - TRELLAS,blend8s/cold,-1000,-978,22,22,17500,0,4,True,True,False,6,6,185.1,2.9,4.2,89.0,0,True
Bad Bunny - TRELLAS,blend8s/seeded_correct,-1000,-1034,-34,-75,17500,0,5,False,True,False,8,6,183.8,2.5,4.7,100.0,2,True
Bad Bunny - TRELLAS,blend8s/seeded_wrong_2s,-1000,-1036,-36,-75,17500,0,3,False,True,False,8,6,188.9,2.5,4.4,89.0,2,True
Bad Bunny - TRELLAS,midshift+1.5s/cold,-1000,-1036,-1536,-1575,17500,0,3,False,True,False,8,6,217.0,3.1,5.3,27.0,2,False
Bad Bunny - TRELLAS,midshift+1.5s/seeded_correct,-1000,-1034,-1534,-1575,17500,0,5,False,True,False,8,6,210.8,3.0,5.0,38.1,2,False
Bad Bunny - TRELLAS,midshift+1.5s/seeded_wrong_2s,-1000,-1036,-1536,-1575,17500,0,3,False,True,False,8,6,204.9,2.9,5.3,27.0,2,False
Bad Bunny - TRELLAS,midshift-1.5s/cold,-1000,-2453,47,47,17500,0,4,True,True,False,8,6,199.7,2.8,4.9,72.8,2,True
Bad Bunny - TRELLAS,midshift-1.5s/seeded_correct,-1000,-1034,1466,1425,17500,0,5,False,True,False,8,6,198.8,2.7,5.2,37.4,2,False
Bad Bunny - TRELLAS,midshift-1.5s/seeded_wrong_2s,-1000,-1036,1464,1425,17500,0,3,False,True,False,8,6,200.2,2.9,4.4,26.5,2,False
Bad Bunny - BYE ME FUI,off0/cold,-1025,-1028,-3,-3,35775,0,3,True,True,True,3,10,225.8,2.9,4.9,79.9,0,True
Bad Bunny - BYE ME FUI,off0/seeded_correct,-1025,-1031,-6,0,44500,0,4,False,True,True,10,10,173.7,4.0,7.2,80.7,0,True
Bad Bunny - BYE ME FUI,off0/seeded_wrong_2s,-1025,-1031,-6,0,44500,0,5,False,True,True,10,10,167.2,3.8,7.0,75.1,0,True
Bad Bunny - BYE ME FUI,off+200/cold,-825,-827,-2,-1,13000,0,3,True,True,True,3,10,214.3,2.7,4.4,92.7,0,True
Bad Bunny - BYE ME FUI,off+200/seeded_correct,-825,-828,-3,0,13000,0,2,False,True,True,3,10,229.8,2.9,4.6,100.0,0,True
Bad Bunny - BYE ME FUI,off+200/seeded_wrong_2s,-825,-829,-4,0,13000,0,2,False,True,True,3,10,227.4,2.8,5.0,92.7,0,True
Bad Bunny - BYE ME FUI,off-200/cold,-1225,-1228,-3,-6,14500,0,3,True,True,True,3,10,242.7,2.8,6.1,91.9,0,True
Bad Bunny - BYE ME FUI,off-200/seeded_correct,-1225,-1227,-2,0,14500,0,2,False,True,True,3,10,232.6,2.7,4.9,100.0,0,True
Bad Bunny - BYE ME FUI,off-200/seeded_wrong_2s,-1225,-1227,-2,0,14500,0,2,False,True,True,3,10,229.9,2.8,4.9,91.9,0,True
Bad Bunny - BYE ME FUI,off+2s/cold,975,973,-2,0,35775,0,3,True,True,True,3,10,228.6,2.9,5.0,79.7,0,True
Bad Bunny - BYE ME FUI,off+2s/seeded_correct,975,969,-6,0,44500,0,5,False,True,True,10,10,172.6,4.2,7.6,79.6,0,True
Bad Bunny - BYE ME FUI,off+2s/seeded_wrong_2s,975,971,-4,0,11500,0,2,False,True,True,3,10,229.1,2.8,5.6,93.5,0,True
Bad Bunny - BYE ME FUI,off-2s/cold,-3025,-3029,-4,-6,35775,0,3,True,True,True,3,10,228.3,2.8,5.1,80.2,0,True
Bad Bunny - BYE ME FUI,off-2s/seeded_correct,-3025,-3025,0,0,128000,0,1,False,True,False,11,10,199.8,4.4,8.2,35.4,1,True
Bad Bunny - BYE ME FUI,off-2s/seeded_wrong_2s,-3025,-3025,0,0,128000,0,1,False,True,False,11,10,189.4,4.1,7.9,29.0,1,True
Bad Bunny - BYE ME FUI,off+10s/cold,8975,8975,0,0,123250,0,2,False,False,False,10,10,188.3,4.0,9.2,26.8,0,True
Bad Bunny - BYE ME FUI,off+10s/second_play,8975,8972,-3,0,4000,0,2,False,True,True,3,10,232.1,3.3,5.6,100.0,0,True
Bad Bunny - BYE ME FUI,off+10s/seeded_correct,8975,8972,-3,0,4000,0,2,False,True,True,3,10,217.2,3.1,5.1,100.0,0,True
Bad Bunny - BYE ME FUI,off+10s/seeded_wrong_2s,8975,8971,-4,0,4000,0,2,False,True,True,3,10,221.9,3.1,5.4,97.6,0,True
Bad Bunny - BYE ME FUI,off-10s/cold,-11025,-365,10660,10650,,2,2,False,False,False,11,10,204.8,4.0,8.2,0.0,1,False
Bad Bunny - BYE ME FUI,off-10s/second_play,-11025,-372,10653,10660,,3,3,False,False,False,11,10,200.8,4.0,6.9,0.0,1,False
Bad Bunny - BYE ME FUI,off-10s/seeded_correct,-11025,-11025,0,0,138000,0,0,False,True,False,11,10,197.2,4.0,7.3,37.6,1,True
Bad Bunny - BYE ME FUI,off-10s/seeded_wrong_2s,-11025,-9025,2000,2000,,0,0,False,False,False,10,10,196.1,4.0,7.9,0.0,0,False
Bad Bunny - BYE ME FUI,off+25s/cold,23975,23967,-8,0,40500,0,3,False,False,True,8,10,176.1,4.2,6.2,73.6,0,True
Bad Bunny - BYE ME FUI,off+25s/second_play,23975,23972,-3,-8,2500,0,1,False,True,True,2,10,248.3,3.7,5.8,100.0,0,True
Bad Bunny - BYE ME FUI,off+25s/seeded_correct,23975,23974,-1,0,2500,0,1,False,True,True,2,10,222.7,3.2,5.8,100.0,0,True
Bad Bunny - BYE ME FUI,off+25s/seeded_wrong_2s,23975,23972,-3,0,2500,0,2,False,True,True,3,10,221.2,3.6,5.9,98.4,0,True
Bad Bunny - BYE ME FUI,off-25s/cold,-26025,,,26025,,0,0,False,False,False,10,10,235.8,4.9,7.3,0.0,0,False
Bad Bunny - BYE ME FUI,off-25s/second_play,-26025,,,26025,,0,0,False,False,False,10,10,208.4,3.9,7.2,0.0,0,False
Bad Bunny - BYE ME FUI,off-25s/seeded_correct,-26025,-26025,0,0,,0,0,False,False,False,10,10,218.8,4.2,7.1,100.0,0,True
Bad Bunny - BYE ME FUI,off-25s/seeded_wrong_2s,-26025,-24025,2000,2000,,0,0,False,False,False,10,10,224.5,4.3,7.5,0.0,0,False
Bad Bunny - BYE ME FUI,noise0/cold,-1025,-1029,-4,-4,46000,0,7,True,True,True,10,10,178.8,4.1,7.7,74.2,1,True
Bad Bunny - BYE ME FUI,noise0/seeded_correct,-1025,-1031,-6,-8,57000,0,6,False,True,True,10,10,165.1,3.7,7.8,72.0,1,True
Bad Bunny - BYE ME FUI,noise0/seeded_wrong_2s,-1025,-1031,-6,0,50000,0,5,False,True,True,10,10,171.1,3.8,7.9,72.0,1,True
Bad Bunny - BYE ME FUI,noise-2s/cold,-3025,-3030,-5,2650,,0,3,True,True,True,10,10,183.7,4.1,7.9,0.0,1,True
Bad Bunny - BYE ME FUI,noise-2s/seeded_correct,-3025,-3025,0,0,128000,0,1,False,True,False,11,10,180.8,3.9,8.1,34.6,1,True
Bad Bunny - BYE ME FUI,noise-2s/seeded_wrong_2s,-3025,-3025,0,0,128000,0,1,False,True,False,11,10,171.4,3.4,7.4,29.0,1,True
Bad Bunny - BYE ME FUI,cutin5s/cold,3975,3970,-5,-3,8500,0,3,True,True,True,3,10,208.1,2.8,4.6,95.1,0,True
Bad Bunny - BYE ME FUI,cutin5s/second_play,3975,3973,-2,0,44500,0,5,False,True,True,10,10,151.5,3.8,7.2,77.5,0,True
Bad Bunny - BYE ME FUI,cutin5s/seeded_correct,3975,3969,-6,0,44500,0,5,False,True,True,10,10,163.0,4.0,8.5,77.5,0,True
Bad Bunny - BYE ME FUI,cutin5s/seeded_wrong_2s,3975,3966,-9,0,8500,0,6,False,True,True,10,10,180.8,4.4,8.7,95.1,0,True
Bad Bunny - BYE ME FUI,cutin15s/cold,13975,13972,-3,0,4000,0,2,False,True,True,3,10,159.6,2.4,3.6,97.6,0,True
Bad Bunny - BYE ME FUI,cutin15s/second_play,13975,13972,-3,-3,4000,0,3,False,True,True,3,10,162.0,2.5,3.6,100.0,0,True
Bad Bunny - BYE ME FUI,cutin15s/seeded_correct,13975,13972,-3,0,4000,0,3,False,True,True,3,10,162.3,2.5,3.8,100.0,0,True
Bad Bunny - BYE ME FUI,cutin15s/seeded_wrong_2s,13975,13972,-3,0,4000,0,2,False,True,True,3,10,164.7,2.4,4.0,97.6,0,True
Bad Bunny - BYE ME FUI,cutin25s/cold,23975,23971,-4,0,5500,0,2,False,True,True,3,10,193.9,2.6,6.2,96.4,0,True
Bad Bunny - BYE ME FUI,cutin25s/second_play,23975,23972,-3,-4,4000,0,2,False,True,True,3,10,161.7,2.7,3.8,100.0,0,True
Bad Bunny - BYE ME FUI,cutin25s/seeded_correct,23975,23972,-3,0,4000,0,2,False,True,True,3,10,161.7,2.8,3.9,100.0,0,True
Bad Bunny - BYE ME FUI,cutin25s/seeded_wrong_2s,23975,23971,-4,0,4000,0,2,False,True,True,3,10,174.3,2.9,4.8,97.4,0,True
Bad Bunny - BYE ME FUI,blend8s/cold,-1025,-1028,-3,-3,31000,0,3,True,False,True,3,10,238.6,2.7,5.0,82.6,0,True
Bad Bunny - BYE ME FUI,blend8s/seeded_correct,-1025,-1030,-5,0,23250,0,2,False,False,True,3,10,225.3,2.5,4.4,100.0,0,True
Bad Bunny - BYE ME FUI,blend8s/seeded_wrong_2s,-1025,-1033,-8,0,31000,0,3,False,False,True,4,10,228.2,2.7,4.3,82.6,0,True
Bad Bunny - BYE ME FUI,midshift+1.5s/cold,-1025,467,-8,0,35775,0,4,True,True,True,8,10,217.6,4.3,8.4,49.0,1,True
Bad Bunny - BYE ME FUI,midshift+1.5s/seeded_correct,-1025,-1010,-1485,0,44500,1,3,False,True,True,10,10,188.9,4.8,7.2,49.7,0,False
Bad Bunny - BYE ME FUI,midshift+1.5s/seeded_wrong_2s,-1025,475,0,0,44500,0,3,False,True,False,10,10,189.5,4.6,8.4,44.0,0,True
Bad Bunny - BYE ME FUI,midshift-1.5s/cold,-1025,-1027,1498,0,35775,1,4,True,True,True,8,10,196.9,3.8,8.8,44.9,1,False
Bad Bunny - BYE ME FUI,midshift-1.5s/seeded_correct,-1025,-1069,1456,0,44500,1,3,False,True,False,11,10,194.6,4.1,7.9,43.0,1,False
Bad Bunny - BYE ME FUI,midshift-1.5s/seeded_wrong_2s,-1025,-1025,1500,0,44500,1,3,False,True,False,11,10,178.8,4.1,7.2,37.5,1,False
Bad Bunny - BOOKER T,off0/cold,-1075,-1078,-3,0,11500,0,3,True,True,True,2,4,205.0,2.5,5.0,92.6,0,True
Bad Bunny - BOOKER T,off0/seeded_correct,-1075,-1077,-2,0,11500,0,2,False,True,True,1,4,194.2,1.9,4.9,100.0,0,True
Bad Bunny - BOOKER T,off0/seeded_wrong_2s,-1075,-1080,-5,0,11500,0,2,False,True,True,2,4,202.7,2.1,5.4,92.6,0,True
Bad Bunny - BOOKER T,off+200/cold,-875,-877,-2,0,11500,0,3,True,True,True,2,4,191.1,2.3,4.5,92.6,0,True
Bad Bunny - BOOKER T,off+200/seeded_correct,-875,-877,-2,0,11500,0,2,False,True,True,1,4,190.6,2.1,4.8,100.0,0,True
Bad Bunny - BOOKER T,off+200/seeded_wrong_2s,-875,-880,-5,0,11500,0,2,False,True,True,2,4,189.6,2.1,4.9,92.6,0,True
Bad Bunny - BOOKER T,off-200/cold,-1275,-1280,-5,0,16000,0,3,True,False,True,4,4,184.1,2.5,5.0,89.7,0,True
Bad Bunny - BOOKER T,off-200/seeded_correct,-1275,-1276,-1,0,11500,0,2,False,True,True,1,4,189.5,2.3,4.8,100.0,0,True
Bad Bunny - BOOKER T,off-200/seeded_wrong_2s,-1275,-1286,-11,0,16000,0,2,False,False,True,4,4,179.8,2.7,4.7,89.7,0,True
Bad Bunny - BOOKER T,off+2s/cold,925,922,-3,0,11500,0,3,True,False,True,3,4,187.8,2.8,5.0,92.5,0,True
Bad Bunny - BOOKER T,off+2s/seeded_correct,925,917,-8,0,11500,0,2,False,False,True,2,4,185.9,2.3,4.3,100.0,0,True
Bad Bunny - BOOKER T,off+2s/seeded_wrong_2s,925,913,-12,0,16000,0,2,False,False,True,3,4,184.2,2.9,4.3,89.6,0,True
Bad Bunny - BOOKER T,off-2s/cold,-3075,-3078,-3,0,112000,1,4,True,False,True,5,4,193.8,2.6,4.3,29.0,1,True
Bad Bunny - BOOKER T,off-2s/seeded_correct,-3075,-3082,-7,0,11500,0,2,False,False,False,4,4,188.1,2.8,4.7,100.0,0,True
Bad Bunny - BOOKER T,off-2s/seeded_wrong_2s,-3075,-3077,-2,0,112000,1,3,False,False,True,5,4,202.3,3.0,4.9,29.0,1,True
Bad Bunny - BOOKER T,off+10s/cold,8925,8925,0,0,34250,0,3,False,False,False,4,4,200.8,3.2,5.7,76.5,0,True
Bad Bunny - BOOKER T,off+10s/second_play,8925,8917,-8,0,11500,0,2,False,False,True,2,4,170.2,2.4,4.0,100.0,0,True
Bad Bunny - BOOKER T,off+10s/seeded_correct,8925,8917,-8,0,11500,0,2,False,False,True,2,4,190.5,2.5,4.7,100.0,0,True
Bad Bunny - BOOKER T,off+10s/seeded_wrong_2s,8925,8913,-12,0,16000,0,2,False,False,True,3,4,194.3,2.7,5.2,89.0,0,True
Bad Bunny - BOOKER T,off-10s/cold,-11075,14175,25250,25250,,1,1,False,False,False,6,4,204.6,3.0,5.1,0.0,2,False
Bad Bunny - BOOKER T,off-10s/second_play,-11075,14175,25250,25250,,1,1,False,False,False,6,4,200.3,2.4,5.0,0.0,2,False
Bad Bunny - BOOKER T,off-10s/seeded_correct,-11075,-11075,0,0,,0,0,False,False,False,4,4,187.2,2.4,5.3,100.0,0,True
Bad Bunny - BOOKER T,off-10s/seeded_wrong_2s,-11075,-9075,2000,2000,,0,0,False,False,False,4,4,188.0,2.5,5.4,0.0,0,False
Bad Bunny - BOOKER T,off+25s/cold,23925,-1350,-25275,0,66000,1,2,False,False,False,5,4,200.7,3.7,5.0,49.5,1,False
Bad Bunny - BOOKER T,off+25s/second_play,23925,-1350,-25275,0,66000,1,2,False,False,True,5,4,202.6,3.6,5.0,49.5,1,False
Bad Bunny - BOOKER T,off+25s/seeded_correct,23925,23923,-2,0,2500,0,2,False,True,True,1,4,203.3,3.7,4.6,100.0,0,True
Bad Bunny - BOOKER T,off+25s/seeded_wrong_2s,23925,23920,-5,0,2500,0,2,False,True,True,2,4,191.8,3.0,5.5,98.1,0,True
Bad Bunny - BOOKER T,off-25s/cold,-26075,-825,25250,25250,,1,1,False,False,False,6,4,204.8,2.5,4.9,0.0,2,False
Bad Bunny - BOOKER T,off-25s/second_play,-26075,-825,25250,25250,,1,1,False,False,False,6,4,205.5,2.5,5.0,0.0,2,False
Bad Bunny - BOOKER T,off-25s/seeded_correct,-26075,-26075,0,0,,0,0,False,False,False,4,4,188.7,2.2,4.9,100.0,0,True
Bad Bunny - BOOKER T,off-25s/seeded_wrong_2s,-26075,-24075,2000,2000,,0,0,False,False,False,4,4,194.0,2.1,5.1,0.0,0,False
Bad Bunny - BOOKER T,noise0/cold,-1075,-1078,-3,0,11500,0,3,True,True,True,2,4,155.5,1.9,3.3,92.6,0,True
Bad Bunny - BOOKER T,noise0/seeded_correct,-1075,-1077,-2,0,11500,0,2,False,True,True,1,4,156.3,1.8,3.6,100.0,0,True
Bad Bunny - BOOKER T,noise0/seeded_wrong_2s,-1075,-1080,-5,0,11500,0,2,False,True,True,2,4,154.4,1.8,3.5,92.6,0,True
Bad Bunny - BOOKER T,noise-2s/cold,-3075,-3078,-3,0,112000,1,4,True,False,True,5,4,160.4,2.1,3.7,29.0,1,True
Bad Bunny - BOOKER T,noise-2s/seeded_correct,-3075,-3082,-7,0,11500,0,2,False,False,False,4,4,147.4,2.1,3.5,100.0,0,True
Bad Bunny - BOOKER T,noise-2s/seeded_wrong_2s,-3075,-3077,-2,0,112000,1,3,False,False,True,5,4,159.7,2.2,3.8,29.0,1,True
Bad Bunny - BOOKER T,cutin5s/cold,3925,3915,-10,0,11500,0,4,True,False,True,4,4,145.0,2.2,3.6,92.4,0,True
Bad Bunny - BOOKER T,cutin5s/second_play,3925,3925,0,-10,11500,0,3,False,False,True,2,4,151.7,1.9,3.6,100.0,0,True
Bad Bunny - BOOKER T,cutin5s/seeded_correct,3925,3918,-7,0,11500,0,3,False,False,True,2,4,153.0,2.0,3.6,100.0,0,True
Bad Bunny - BOOKER T,cutin5s/seeded_wrong_2s,3925,3914,-11,0,11500,0,3,False,False,True,4,4,144.7,2.3,3.7,92.4,0,True
Bad Bunny - BOOKER T,cutin15s/cold,13925,13921,-4,0,4000,0,3,False,True,True,4,4,124.5,2.2,3.2,97.2,0,True
Bad Bunny - BOOKER T,cutin15s/second_play,13925,13922,-3,-4,4000,0,2,False,True,True,3,4,119.9,2.0,3.2,100.0,0,True
Bad Bunny - BOOKER T,cutin15s/seeded_correct,13925,13923,-2,0,4000,0,2,False,True,True,3,4,119.7,2.0,3.2,100.0,0,True
Bad Bunny - BOOKER T,cutin15s/seeded_wrong_2s,13925,13922,-3,0,4000,0,2,False,True,True,3,4,121.5,2.0,3.4,97.2,0,True
Bad Bunny - BOOKER T,cutin25s/cold,23925,23925,0,0,8500,0,3,False,True,False,4,4,130.4,2.3,3.5,93.5,0,True
Bad Bunny - BOOKER T,cutin25s/second_play,23925,23923,-2,0,4000,0,2,False,True,True,3,4,113.6,2.1,3.3,100.0,0,True
Bad Bunny - BOOKER T,cutin25s/seeded_correct,23925,23923,-2,0,4000,0,2,False,True,True,3,4,108.5,2.0,3.0,100.0,0,True
Bad Bunny - BOOKER T,cutin25s/seeded_wrong_2s,23925,23922,-3,0,4000,0,2,False,True,True,3,4,113.4,2.2,3.4,96.9,0,True
Bad Bunny - BOOKER T,blend8s/cold,-1075,-1078,-3,0,16000,0,3,True,False,True,3,4,168.7,2.3,4.1,89.7,0,True
Bad Bunny - BOOKER T,blend8s/seeded_correct,-1075,-1083,-8,0,11500,0,2,False,False,True,2,4,174.5,1.9,4.3,100.0,0,True
Bad Bunny - BOOKER T,blend8s/seeded_wrong_2s,-1075,-1087,-12,0,16000,0,2,False,False,True,3,4,168.2,2.1,4.4,89.7,0,True
Bad Bunny - BOOKER T,midshift+1.5s/cold,-1075,424,-1,0,11500,0,4,True,True,True,3,4,205.3,3.0,4.3,88.7,1,True
Bad Bunny - BOOKER T,midshift+1.5s/seeded_correct,-1075,425,0,0,11500,0,2,False,True,True,2,4,193.2,2.4,4.4,96.1,1,True
Bad Bunny - BOOKER T,midshift+1.5s/seeded_wrong_2s,-1075,-1075,-1500,0,11500,1,3,False,True,True,3,4,200.6,2.4,4.7,88.7,1,False
Bad Bunny - BOOKER T,midshift-1.5s/cold,-1075,-2578,-3,0,11500,0,4,True,True,True,4,4,203.7,2.4,4.8,83.8,2,True
Bad Bunny - BOOKER T,midshift-1.5s/seeded_correct,-1075,-2575,0,0,11500,0,3,False,True,True,3,4,199.3,2.2,4.7,91.1,2,True
Bad Bunny - BOOKER T,midshift-1.5s/seeded_wrong_2s,-1075,-1075,1500,0,11500,1,3,False,True,True,4,4,195.0,2.2,4.9,83.8,2,False
Bad Bunny - MONACO,off0/cold,-619,-525,94,94,38000,1,4,False,True,True,5,5,543.7,4.8,9.1,85.7,2,True
Bad Bunny - MONACO,off0/seeded_correct,-619,-2,617,19,88000,1,1,False,True,True,5,5,535.7,4.8,9.4,69.4,2,False
Bad Bunny - MONACO,off0/seeded_wrong_2s,-619,0,619,19,88000,1,1,False,True,True,5,5,536.1,4.8,9.2,66.8,2,False
Bad Bunny - MONACO,off+200/cold,-419,-300,119,119,,1,4,False,True,True,5,5,564.6,4.9,9.4,85.7,2,True
Bad Bunny - MONACO,off+200/seeded_correct,-419,198,617,19,88000,1,1,False,True,True,5,5,541.7,4.7,9.3,69.4,2,False
Bad Bunny - MONACO,off+200/seeded_wrong_2s,-419,200,619,19,88000,1,1,False,True,True,5,5,538.3,4.7,9.2,66.8,2,False
Bad Bunny - MONACO,off-200/cold,-819,-725,94,94,38000,1,4,False,True,True,5,5,551.5,4.7,9.4,85.7,2,True
Bad Bunny - MONACO,off-200/seeded_correct,-819,-202,617,625,,1,1,False,True,True,4,5,559.1,4.6,9.3,3.2,2,False
Bad Bunny - MONACO,off-200/seeded_wrong_2s,-819,-200,619,625,,1,1,False,True,True,4,5,551.5,4.5,9.5,0.0,2,False
Bad Bunny - MONACO,off+2s/cold,1381,1475,94,94,36000,1,4,False,True,True,5,5,545.9,5.0,9.5,86.3,2,True
Bad Bunny - MONACO,off+2s/seeded_correct,1381,1998,617,19,88000,1,1,False,True,True,5,5,541.2,5.0,9.0,68.6,2,False
Bad Bunny - MONACO,off+2s/seeded_wrong_2s,1381,2000,619,19,88000,1,1,False,True,True,5,5,538.7,5.2,8.9,66.6,2,False
Bad Bunny - MONACO,off-2s/cold,-2619,-2000,619,619,,2,2,False,True,True,4,5,551.4,4.4,9.2,0.0,2,False
Bad Bunny - MONACO,off-2s/seeded_correct,-2619,-2002,617,19,88000,1,1,False,True,True,4,5,540.9,4.8,9.1,70.8,2,False
Bad Bunny - MONACO,off-2s/seeded_wrong_2s,-2619,-2000,619,19,88000,1,1,False,True,True,4,5,538.3,4.6,9.1,67.1,2,False
Bad Bunny - MONACO,off+10s/cold,9381,9500,119,-6,45750,0,2,False,False,False,7,5,551.0,5.0,9.3,82.1,2,True
Bad Bunny - MONACO,off+10s/second_play,9381,9475,94,94,32000,1,4,False,True,True,5,5,580.1,4.5,9.8,89.6,2,True
Bad Bunny - MONACO,off+10s/seeded_correct,9381,9475,94,94,45750,1,3,False,True,True,6,5,574.4,4.3,9.6,84.2,2,True
Bad Bunny - MONACO,off+10s/seeded_wrong_2s,9381,9475,94,94,45750,1,3,False,True,True,6,5,562.8,4.2,9.1,82.1,2,True
Bad Bunny - MONACO,off-10s/cold,-10619,,,10619,,0,0,False,False,False,5,5,546.3,4.8,9.5,0.0,0,False
Bad Bunny - MONACO,off-10s/second_play,-10619,,,10619,,0,0,False,False,False,5,5,547.3,4.1,10.1,0.0,0,False
Bad Bunny - MONACO,off-10s/seeded_correct,-10619,-10619,0,119,,0,0,False,True,False,7,5,564.3,5.0,10.1,74.4,2,True
Bad Bunny - MONACO,off-10s/seeded_wrong_2s,-10619,-8619,2000,119,,0,0,False,True,False,7,5,561.5,5.3,9.1,68.0,2,False
Bad Bunny - MONACO,off+25s/cold,24381,24500,119,-6,45750,0,3,False,False,True,7,5,550.2,5.8,9.2,80.9,2,True
Bad Bunny - MONACO,off+25s/second_play,24381,24475,94,94,26000,1,4,False,True,True,5,5,562.0,4.8,9.6,90.2,2,True
Bad Bunny - MONACO,off+25s/seeded_correct,24381,24475,94,94,26000,1,4,False,True,True,5,5,598.3,4.5,9.8,90.2,2,True
Bad Bunny - MONACO,off+25s/seeded_wrong_2s,24381,24475,94,94,26000,1,4,False,True,True,6,5,561.5,4.9,9.2,89.2,2,True
Bad Bunny - MONACO,off-25s/cold,-25619,,,25619,,0,0,False,False,False,5,5,543.0,4.4,9.5,0.0,0,False
Bad Bunny - MONACO,off-25s/second_play,-25619,,,25619,,0,0,False,False,False,5,5,550.2,4.5,9.5,0.0,0,False
Bad Bunny - MONACO,off-25s/seeded_correct,-25619,-25619,0,0,,0,0,False,False,False,5,5,544.2,4.3,9.6,100.0,0,True
Bad Bunny - MONACO,off-25s/seeded_wrong_2s,-25619,-23619,2000,2000,,0,0,False,False,False,5,5,538.8,4.4,9.2,0.0,0,False
Bad Bunny - MONACO,noise0/cold,-619,-525,94,94,38000,1,4,False,True,True,5,5,501.7,4.3,9.3,85.7,2,True
Bad Bunny - MONACO,noise0/seeded_correct,-619,-624,-5,119,,1,2,False,True,True,5,5,474.9,4.2,7.1,74.2,2,True
Bad Bunny - MONACO,noise0/seeded_wrong_2s,-619,0,619,19,88000,1,1,False,True,True,5,5,501.5,4.5,8.6,66.8,2,False
Bad Bunny - MONACO,noise-2s/cold,-2619,-2625,-6,619,,0,1,False,True,False,7,5,505.3,4.2,9.1,0.0,2,True
Bad Bunny - MONACO,noise-2s/seeded_correct,-2619,-2619,0,119,,0,0,False,True,False,7,5,485.5,4.3,8.3,73.0,2,True
Bad Bunny - MONACO,noise-2s/seeded_wrong_2s,-2619,-619,2000,119,,0,0,False,True,False,7,5,486.6,4.6,8.5,67.1,2,False
Bad Bunny - MONACO,cutin5s/cold,4381,4475,94,-6,45750,1,3,False,True,True,5,5,547.0,4.2,8.6,82.4,2,True
Bad Bunny - MONACO,cutin5s/second_play,4381,4475,94,94,34000,1,3,False,True,True,5,5,542.6,3.8,8.4,88.5,2,True
Bad Bunny - MONACO,cutin5s/seeded_correct,4381,4380,-1,119,,1,2,False,True,True,5,5,512.1,4.8,8.7,69.6,2,True
Bad Bunny - MONACO,cutin5s/seeded_wrong_2s,4381,5000,619,119,,1,1,False,True,True,5,5,520.1,4.6,9.1,68.1,2,False
Bad Bunny - MONACO,cutin15s/cold,14381,14500,119,-6,45750,1,4,False,True,True,7,5,405.0,4.3,7.4,81.7,2,True
Bad Bunny - MONACO,cutin15s/second_play,14381,14380,-1,144,,0,1,False,True,False,6,5,397.0,3.9,7.1,68.4,1,True
Bad Bunny - MONACO,cutin15s/seeded_correct,14381,14997,616,144,,1,1,False,True,False,6,5,386.4,3.9,6.8,68.4,1,False
Bad Bunny - MONACO,cutin15s/seeded_wrong_2s,14381,16381,2000,144,,0,0,False,True,False,6,5,413.0,4.3,7.5,66.8,1,False
Bad Bunny - MONACO,cutin25s/cold,24381,24525,144,-6,45750,0,3,False,True,True,7,5,450.8,4.9,8.4,80.9,2,True
Bad Bunny - MONACO,cutin25s/second_play,24381,24376,-5,194,,0,1,False,True,False,7,5,448.1,4.8,8.4,67.1,2,True
Bad Bunny - MONACO,cutin25s/seeded_correct,24381,24374,-7,194,,0,2,False,True,False,7,5,450.8,4.6,8.2,67.1,2,True
Bad Bunny - MONACO,cutin25s/seeded_wrong_2s,24381,24374,-7,194,,0,1,False,True,False,7,5,462.6,4.9,8.7,65.4,2,True
Bad Bunny - MONACO,blend8s/cold,-619,-525,94,94,38000,1,4,False,True,True,5,5,633.2,5.5,10.2,85.7,2,True
Bad Bunny - MONACO,blend8s/seeded_correct,-619,-2,617,19,88000,1,1,False,True,True,5,5,628.3,5.4,10.0,72.8,2,False
Bad Bunny - MONACO,blend8s/seeded_wrong_2s,-619,0,619,19,88000,1,1,False,True,True,5,5,625.3,5.3,10.3,66.8,2,False
Bad Bunny - MONACO,midshift+1.5s/cold,-619,0,-881,19,38000,2,3,False,True,True,5,5,650.2,6.0,10.0,75.0,2,False
Bad Bunny - MONACO,midshift+1.5s/seeded_correct,-619,-2,-883,144,,1,1,False,True,True,5,5,629.6,6.1,10.4,71.2,2,False
Bad Bunny - MONACO,midshift+1.5s/seeded_wrong_2s,-619,0,-881,144,,1,1,False,True,True,5,5,652.1,6.1,10.2,68.5,2,False
Bad Bunny - MONACO,midshift-1.5s/cold,-619,0,2119,2119,,2,3,False,True,True,5,5,522.1,4.6,8.3,8.3,2,False
Bad Bunny - MONACO,midshift-1.5s/seeded_correct,-619,-2,2117,2125,,1,1,False,True,True,5,5,519.5,4.6,8.0,2.6,2,False
Bad Bunny - MONACO,midshift-1.5s/seeded_wrong_2s,-619,0,2119,2125,,1,1,False,True,True,5,5,529.5,4.7,8.3,0.0,2,False
Bad Bunny - HACIENDO QUE ME AMAS,off0/cold,-1050,-1047,3,-3,10000,0,5,True,True,True,5,7,274.6,4.6,6.2,95.4,0,True
Bad Bunny - HACIENDO QUE ME AMAS,off0/seeded_correct,-1050,-1037,13,0,10000,0,5,False,True,False,7,7,219.3,5.7,9.2,100.0,0,True
Bad Bunny - HACIENDO QUE ME AMAS,off0/seeded_wrong_2s,-1050,-1036,14,0,10000,0,6,False,True,False,7,7,208.9,5.3,9.2,95.4,0,True
Bad Bunny - HACIENDO QUE ME AMAS,off+200/cold,-850,-846,4,-1,10000,0,5,True,True,True,5,7,268.0,4.4,6.5,95.4,0,True
Bad Bunny - HACIENDO QUE ME AMAS,off+200/seeded_correct,-850,-838,12,0,10000,0,6,False,True,False,7,7,192.3,5.1,9.0,100.0,0,True
Bad Bunny - HACIENDO QUE ME AMAS,off+200/seeded_wrong_2s,-850,-836,14,0,10000,0,6,False,True,False,7,7,192.0,5.3,8.9,95.4,0,True
Bad Bunny - HACIENDO QUE ME AMAS,off-200/cold,-1250,-1242,8,6,10000,0,5,True,True,True,5,7,280.0,4.4,7.8,95.4,0,True
Bad Bunny - HACIENDO QUE ME AMAS,off-200/seeded_correct,-1250,-1237,13,0,10000,0,5,False,True,False,7,7,195.5,5.3,9.9,100.0,0,True
Bad Bunny - HACIENDO QUE ME AMAS,off-200/seeded_wrong_2s,-1250,-1235,15,0,10000,0,6,False,True,False,7,7,202.1,5.3,9.6,95.4,0,True
Bad Bunny - HACIENDO QUE ME AMAS,off+2s/cold,950,958,8,0,7000,0,5,True,True,False,7,7,188.2,5.5,7.7,96.7,0,True
Bad Bunny - HACIENDO QUE ME AMAS,off+2s/seeded_correct,950,962,12,0,7000,0,5,False,True,False,7,7,193.6,5.4,9.9,100.0,0,True
Bad Bunny - HACIENDO QUE ME AMAS,off+2s/seeded_wrong_2s,950,963,13,0,7000,0,6,False,True,False,7,7,190.2,5.2,9.3,96.7,0,True
Bad Bunny - HACIENDO QUE ME AMAS,off-2s/cold,-3050,-3042,8,6,11500,0,2,True,True,True,5,7,275.4,4.4,6.4,94.7,0,True
Bad Bunny - HACIENDO QUE ME AMAS,off-2s/seeded_correct,-3050,-3037,13,0,11500,0,2,False,True,False,8,7,210.4,5.2,9.9,100.0,1,True
Bad Bunny - HACIENDO QUE ME AMAS,off-2s/seeded_wrong_2s,-3050,-3036,14,0,11500,0,2,False,True,False,8,7,211.8,5.6,9.0,94.7,1,True
Bad Bunny - HACIENDO QUE ME AMAS,off+10s/cold,8950,8950,0,-8950,,0,2,False,False,False,7,7,209.8,5.4,8.8,0.0,0,True
Bad Bunny - HACIENDO QUE ME AMAS,off+10s/second_play,8950,8950,0,0,2500,0,1,False,True,True,2,7,331.3,3.6,6.2,100.0,0,True
Bad Bunny - HACIENDO QUE ME AMAS,off+10s/seeded_correct,8950,8950,0,0,2500,0,1,False,True,True,2,7,335.4,3.8,6.2,100.0,0,True
Bad Bunny - HACIENDO QUE ME AMAS,off+10s/seeded_wrong_2s,8950,8950,0,0,2500,0,1,False,True,True,3,7,333.6,3.8,6.2,98.8,0,True
Bad Bunny - HACIENDO QUE ME AMAS,off-10s/cold,-11050,244,11294,11275,,1,1,False,True,False,9,7,256.8,5.8,10.6,0.0,2,False
Bad Bunny - HACIENDO QUE ME AMAS,off-10s/second_play,-11050,249,11299,11299,,1,1,False,False,False,8,7,227.8,5.1,8.4,0.0,1,False
Bad Bunny - HACIENDO QUE ME AMAS,off-10s/seeded_correct,-11050,-11050,0,0,19000,0,0,False,True,False,8,7,221.1,5.1,8.9,100.0,1,True
Bad Bunny - HACIENDO QUE ME AMAS,off-10s/seeded_wrong_2s,-11050,-9050,2000,0,19000,0,0,False,True,False,8,7,224.9,5.2,8.4,91.6,1,False
Bad Bunny - HACIENDO QUE ME AMAS,off+25s/cold,23950,23950,0,-23950,,0,2,False,False,False,7,7,175.6,5.3,10.6,0.0,0,True
Bad Bunny - HACIENDO QUE ME AMAS,off+25s/second_play,23950,23950,0,0,2500,0,1,False,True,True,2,7,315.9,3.9,6.3,100.0,0,True
Bad Bunny - HACIENDO QUE ME AMAS,off+25s/seeded_correct,23950,23950,0,0,2500,0,1,False,True,True,2,7,324.4,3.8,6.6,100.0,0,True
Bad Bunny - HACIENDO QUE ME AMAS,off+25s/seeded_wrong_2s,23950,23950,0,0,2500,0,1,False,True,True,2,7,309.7,3.8,5.8,98.7,0,True
Bad Bunny - HACIENDO QUE ME AMAS,off-25s/cold,-26050,,,26050,,0,0,False,False,False,7,7,236.1,5.4,7.4,0.0,0,False
Bad Bunny - HACIENDO QUE ME AMAS,off-25s/second_play,-26050,,,26050,,0,0,False,False,False,7,7,237.3,5.0,7.9,0.0,0,False
Bad Bunny - HACIENDO QUE ME AMAS,off-25s/seeded_correct,-26050,-26050,0,0,,0,0,False,False,False,7,7,233.7,5.0,7.5,100.0,0,True
Bad Bunny - HACIENDO QUE ME AMAS,off-25s/seeded_wrong_2s,-26050,-24050,2000,2000,,0,0,False,False,False,7,7,234.4,5.0,7.4,0.0,0,False
Bad Bunny - HACIENDO QUE ME AMAS,noise0/cold,-1050,-1046,4,-3,10000,0,5,True,True,True,5,7,248.8,3.9,6.8,95.4,0,True
Bad Bunny - HACIENDO QUE ME AMAS,noise0/seeded_correct,-1050,-1037,13,0,10000,0,6,False,True,False,7,7,165.4,4.2,7.6,100.0,0,True
Bad Bunny - HACIENDO QUE ME AMAS,noise0/seeded_wrong_2s,-1050,-1036,14,0,10000,0,6,False,True,False,7,7,163.8,4.4,7.7,95.4,0,True
Bad Bunny - HACIENDO QUE ME AMAS,noise-2s/cold,-3050,-3042,8,6,11500,0,2,True,True,True,5,7,227.2,3.5,5.4,94.7,0,True
Bad Bunny - HACIENDO QUE ME AMAS,noise-2s/seeded_correct,-3050,-3037,13,0,11500,0,2,False,True,False,8,7,175.2,4.3,8.2,100.0,1,True
Bad Bunny - HACIENDO QUE ME AMAS,noise-2s/seeded_wrong_2s,-3050,-3036,14,0,11500,0,2,False,True,False,8,7,183.0,4.4,8.1,94.7,1,True
Bad Bunny - HACIENDO QUE ME AMAS,cutin5s/cold,3950,3952,2,-3,5500,0,5,True,True,True,5,7,336.9,5.7,9.6,97.4,0,True
Bad Bunny - HACIENDO QUE ME AMAS,cutin5s/second_play,3950,3959,9,0,5500,0,5,False,True,False,7,7,166.7,5.1,9.1,100.0,0,True
Bad Bunny - HACIENDO QUE ME AMAS,cutin5s/seeded_correct,3950,3958,8,0,5500,0,5,False,True,False,7,7,164.4,4.7,8.4,100.0,0,True
Bad Bunny - HACIENDO QUE ME AMAS,cutin5s/seeded_wrong_2s,3950,3959,9,0,5500,0,6,False,True,False,7,7,162.8,4.9,8.0,97.4,0,True
Bad Bunny - HACIENDO QUE ME AMAS,cutin15s/cold,13950,13950,0,0,4000,0,2,False,True,False,7,7,120.0,4.2,7.0,98.0,0,True
Bad Bunny - HACIENDO QUE ME AMAS,cutin15s/second_play,13950,13950,0,0,4000,0,2,False,True,False,7,7,113.7,4.1,6.4,100.0,0,True
Bad Bunny - HACIENDO QUE ME AMAS,cutin15s/seeded_correct,13950,13950,0,0,4000,0,2,False,True,False,7,7,113.4,4.2,6.5,100.0,0,True
Bad Bunny - HACIENDO QUE ME AMAS,cutin15s/seeded_wrong_2s,13950,13950,0,0,4000,0,2,False,True,False,7,7,112.4,4.2,6.6,98.0,0,True
Bad Bunny - HACIENDO QUE ME AMAS,cutin25s/cold,23950,23950,0,0,4000,0,2,False,True,False,7,7,111.1,4.6,8.5,97.9,0,True
Bad Bunny - HACIENDO QUE ME AMAS,cutin25s/second_play,23950,23950,0,0,4000,0,2,False,True,False,7,7,104.7,4.3,7.7,100.0,0,True
Bad Bunny - HACIENDO QUE ME AMAS,cutin25s/seeded_correct,23950,23950,0,0,4000,0,2,False,True,False,7,7,118.0,5.2,9.0,100.0,0,True
Bad Bunny - HACIENDO QUE ME AMAS,cutin25s/seeded_wrong_2s,23950,23950,0,0,4000,0,2,False,True,False,7,7,118.1,5.2,9.3,97.9,0,True
Bad Bunny - HACIENDO QUE ME AMAS,blend8s/cold,-1050,-1051,-1,-3,35750,0,3,True,False,True,5,7,333.7,3.9,9.2,83.5,0,True
Bad Bunny - HACIENDO QUE ME AMAS,blend8s/seeded_correct,-1050,-1049,1,0,24500,0,2,False,False,False,7,7,221.8,5.1,7.9,100.0,0,True
Bad Bunny - HACIENDO QUE ME AMAS,blend8s/seeded_wrong_2s,-1050,-1049,1,0,35750,0,2,False,False,False,7,7,215.3,5.1,8.3,83.5,0,True
Bad Bunny - HACIENDO QUE ME AMAS,midshift+1.5s/cold,-1050,-1000,-1450,0,10000,1,3,False,True,False,7,7,253.3,7.4,11.2,61.9,0,False
Bad Bunny - HACIENDO QUE ME AMAS,midshift+1.5s/seeded_correct,-1050,-1034,-1484,0,10000,0,2,False,True,False,7,7,238.4,7.2,10.9,66.6,0,False
Bad Bunny - HACIENDO QUE ME AMAS,midshift+1.5s/seeded_wrong_2s,-1050,-1031,-1481,0,10000,0,2,False,True,False,7,7,244.9,6.6,12.7,61.9,0,False
Bad Bunny - HACIENDO QUE ME AMAS,midshift-1.5s/cold,-1050,-1031,1519,1575,10000,0,2,False,True,False,9,7,246.7,6.3,10.5,23.0,2,False
Bad Bunny - HACIENDO QUE ME AMAS,midshift-1.5s/seeded_correct,-1050,-1034,1516,0,10000,0,2,False,True,False,8,7,245.3,6.3,10.2,50.4,1,False
Bad Bunny - HACIENDO QUE ME AMAS,midshift-1.5s/seeded_wrong_2s,-1050,-1031,1519,1575,10000,0,2,False,True,False,9,7,254.3,6.2,12.7,23.0,2,False
Bad Bunny - MALDITA POBREZA,off0/cold,-1000,-1002,-2,0,46000,0,1,False,True,True,4,4,358.8,3.5,6.8,78.4,1,True
Bad Bunny - MALDITA POBREZA,off0/seeded_correct,-1000,-1001,-1,0,46000,0,1,False,True,True,4,4,362.8,3.7,7.0,81.7,1,True
Bad Bunny - MALDITA POBREZA,off0/seeded_wrong_2s,-1000,-1002,-2,0,46000,0,1,False,True,True,4,4,348.7,3.4,6.9,78.4,1,True
Bad Bunny - MALDITA POBREZA,off+200/cold,-800,-802,-2,0,50000,0,3,False,True,False,5,4,379.3,3.6,7.9,76.5,1,True
Bad Bunny - MALDITA POBREZA,off+200/seeded_correct,-800,-802,-2,0,50000,0,2,False,True,False,5,4,358.4,3.3,6.7,81.9,1,True
Bad Bunny - MALDITA POBREZA,off+200/seeded_wrong_2s,-800,-802,-2,0,50000,0,3,False,True,False,5,4,361.8,3.7,6.7,76.5,1,True
Bad Bunny - MALDITA POBREZA,off-200/cold,-1200,-1202,-2,0,50000,0,3,False,True,False,5,4,366.6,3.8,6.2,76.6,1,True
Bad Bunny - MALDITA POBREZA,off-200/seeded_correct,-1200,-1201,-1,0,50000,0,3,False,True,False,5,4,463.9,5.3,7.7,82.0,1,True
Bad Bunny - MALDITA POBREZA,off-200/seeded_wrong_2s,-1200,-1202,-2,0,50000,0,3,False,True,False,5,4,394.0,3.3,10.0,76.6,1,True
Bad Bunny - MALDITA POBREZA,off+2s/cold,1000,998,-2,0,50000,0,3,False,True,False,5,4,362.0,3.6,6.6,76.3,1,True
Bad Bunny - MALDITA POBREZA,off+2s/seeded_correct,1000,998,-2,0,50000,0,2,False,True,False,5,4,360.7,3.7,7.1,81.1,1,True
Bad Bunny - MALDITA POBREZA,off+2s/seeded_wrong_2s,1000,998,-2,0,50000,0,3,False,True,False,5,4,348.1,3.7,6.6,76.3,1,True
Bad Bunny - MALDITA POBREZA,off-2s/cold,-3000,,,1000,,0,0,False,True,False,6,4,371.7,3.5,7.0,0.0,2,False
Bad Bunny - MALDITA POBREZA,off-2s/seeded_correct,-3000,-3000,0,0,50000,0,0,False,True,False,5,4,344.7,3.3,6.8,82.8,1,True
Bad Bunny - MALDITA POBREZA,off-2s/seeded_wrong_2s,-3000,-1000,2000,0,50000,0,0,False,True,False,5,4,371.0,3.5,6.8,76.8,1,False
Bad Bunny - MALDITA POBREZA,off+10s/cold,9000,,,-9000,,0,0,False,False,False,4,4,381.4,3.6,6.8,0.0,0,False
Bad Bunny - MALDITA POBREZA,off+10s/second_play,9000,,,-9000,,0,0,False,False,False,4,4,381.8,3.6,7.1,0.0,0,False
Bad Bunny - MALDITA POBREZA,off+10s/seeded_correct,9000,8999,-1,0,56000,0,1,False,True,False,6,4,361.3,3.9,7.3,73.7,2,True
Bad Bunny - MALDITA POBREZA,off+10s/seeded_wrong_2s,9000,8998,-2,0,56000,0,2,False,True,False,6,4,363.4,3.9,7.6,72.4,2,True
Bad Bunny - MALDITA POBREZA,off-10s/cold,-11000,,,14250,,0,0,False,True,False,6,4,367.1,3.1,6.6,0.0,2,False
Bad Bunny - MALDITA POBREZA,off-10s/second_play,-11000,,,14250,,0,0,False,True,False,6,4,372.1,3.4,6.8,0.0,2,False
Bad Bunny - MALDITA POBREZA,off-10s/seeded_correct,-11000,-11000,0,0,50000,0,0,False,True,False,5,4,360.3,3.3,6.1,87.5,1,True
Bad Bunny - MALDITA POBREZA,off-10s/seeded_wrong_2s,-11000,-9000,2000,0,50000,0,0,False,True,False,5,4,370.1,3.4,7.3,77.6,1,False
Bad Bunny - MALDITA POBREZA,off+25s/cold,24000,,,-24000,,0,0,False,False,False,4,4,380.5,3.6,6.9,0.0,0,False
Bad Bunny - MALDITA POBREZA,off+25s/second_play,24000,,,-24000,,0,0,False,False,False,4,4,383.1,3.6,7.1,0.0,0,False
Bad Bunny - MALDITA POBREZA,off+25s/seeded_correct,24000,23999,-1,0,5500,0,2,False,True,True,2,4,343.8,4.1,7.0,100.0,0,True
Bad Bunny - MALDITA POBREZA,off+25s/seeded_wrong_2s,24000,23999,-1,0,5500,0,2,False,True,True,2,4,343.1,4.0,7.7,97.1,0,True
Bad Bunny - MALDITA POBREZA,off-25s/cold,-26000,,,26000,,0,0,False,False,False,4,4,367.0,3.7,6.6,0.0,0,False
Bad Bunny - MALDITA POBREZA,off-25s/second_play,-26000,,,26000,,0,0,False,False,False,4,4,384.1,3.6,7.6,0.0,0,False
Bad Bunny - MALDITA POBREZA,off-25s/seeded_correct,-26000,-26000,0,0,,0,0,False,False,False,4,4,372.6,3.4,7.0,100.0,0,True
Bad Bunny - MALDITA POBREZA,off-25s/seeded_wrong_2s,-26000,-24000,2000,2000,,0,0,False,False,False,4,4,372.8,3.2,7.9,0.0,0,False
Bad Bunny - MALDITA POBREZA,noise0/cold,-1000,-1002,-2,0,46000,0,1,False,True,True,4,4,308.2,3.0,5.5,78.4,1,True
Bad Bunny - MALDITA POBREZA,noise0/seeded_correct,-1000,-1001,-1,0,46000,0,1,False,True,True,4,4,313.4,3.0,6.3,81.7,1,True
Bad Bunny - MALDITA POBREZA,noise0/seeded_wrong_2s,-1000,-1002,-2,0,46000,0,1,False,True,True,4,4,295.9,2.9,5.4,78.4,1,True
Bad Bunny - MALDITA POBREZA,noise-2s/cold,-3000,-3000,0,0,50000,0,1,False,True,False,5,4,315.4,3.2,6.3,76.8,1,True
Bad Bunny - MALDITA POBREZA,noise-2s/seeded_correct,-3000,-3000,0,0,50000,0,1,False,True,False,5,4,306.7,2.9,6.0,82.8,1,True
Bad Bunny - MALDITA POBREZA,noise-2s/seeded_wrong_2s,-3000,-3000,0,0,50000,0,1,False,True,False,5,4,297.0,2.9,5.3,76.8,1,True
Bad Bunny - MALDITA POBREZA,cutin5s/cold,4000,3998,-2,1000,,0,3,False,True,False,6,4,328.0,3.6,5.8,0.0,2,True
Bad Bunny - MALDITA POBREZA,cutin5s/second_play,4000,3998,-2,0,50000,0,2,False,True,False,5,4,318.4,3.6,5.9,79.3,1,True
Bad Bunny - MALDITA POBREZA,cutin5s/seeded_correct,4000,3998,-2,0,50000,0,2,False,True,False,5,4,325.5,3.4,6.2,79.3,1,True
Bad Bunny - MALDITA POBREZA,cutin5s/seeded_wrong_2s,4000,3998,-2,0,50000,0,3,False,True,False,5,4,317.2,3.4,6.2,76.0,1,True
Bad Bunny - MALDITA POBREZA,cutin15s/cold,14000,13999,-1,0,5500,0,2,False,True,True,2,4,256.4,3.2,4.8,97.2,0,True
Bad Bunny - MALDITA POBREZA,cutin15s/second_play,14000,13999,-1,-1,5500,0,3,False,True,True,2,4,237.0,2.7,4.6,100.0,0,True
Bad Bunny - MALDITA POBREZA,cutin15s/seeded_correct,14000,13999,-1,0,5500,0,3,False,True,True,2,4,239.2,2.7,4.9,100.0,0,True
Bad Bunny - MALDITA POBREZA,cutin15s/seeded_wrong_2s,14000,13999,-1,0,5500,0,2,False,True,True,2,4,244.3,2.8,5.3,97.2,0,True
Bad Bunny - MALDITA POBREZA,cutin25s/cold,24000,23998,-2,0,4000,0,2,False,True,True,2,4,266.5,3.4,5.3,97.9,0,True
Bad Bunny - MALDITA POBREZA,cutin25s/second_play,24000,23998,-2,-2,4000,0,2,False,True,True,2,4,277.4,3.4,5.9,100.0,0,True
Bad Bunny - MALDITA POBREZA,cutin25s/seeded_correct,24000,23998,-2,0,4000,0,2,False,True,True,2,4,259.8,2.8,5.4,100.0,0,True
Bad Bunny - MALDITA POBREZA,cutin25s/seeded_wrong_2s,24000,23998,-2,0,4000,0,2,False,True,True,2,4,260.8,3.1,5.5,97.9,0,True
Bad Bunny - MALDITA POBREZA,blend8s/cold,-1000,-1002,-2,0,50000,0,2,False,True,False,5,4,360.3,3.3,6.7,76.5,1,True
Bad Bunny - MALDITA POBREZA,blend8s/seeded_correct,-1000,-1002,-2,0,50000,0,2,False,True,False,5,4,354.9,3.4,7.1,81.9,1,True
Bad Bunny - MALDITA POBREZA,blend8s/seeded_wrong_2s,-1000,-1002,-2,0,50000,0,2,False,True,False,5,4,347.2,3.2,6.5,76.5,1,True
Bad Bunny - MALDITA POBREZA,midshift+1.5s/cold,-1000,-1002,-1502,-1500,46000,0,1,False,True,True,5,4,422.6,4.5,7.7,6.6,2,False
Bad Bunny - MALDITA POBREZA,midshift+1.5s/seeded_correct,-1000,-1001,-1501,-1500,46000,0,1,False,True,True,5,4,435.9,4.5,8.0,9.9,2,False
Bad Bunny - MALDITA POBREZA,midshift+1.5s/seeded_wrong_2s,-1000,-1002,-1502,-1500,46000,0,1,False,True,True,5,4,426.2,4.3,7.8,6.6,2,False
Bad Bunny - MALDITA POBREZA,midshift-1.5s/cold,-1000,-1002,1498,1500,46000,0,1,False,True,True,5,4,404.8,4.1,7.6,6.5,2,False
Bad Bunny - MALDITA POBREZA,midshift-1.5s/seeded_correct,-1000,-1001,1499,1500,46000,0,1,False,True,True,5,4,421.4,4.1,7.9,9.8,2,False
Bad Bunny - MALDITA POBREZA,midshift-1.5s/seeded_wrong_2s,-1000,-1002,1498,1500,46000,0,1,False,True,True,5,4,380.2,3.5,7.7,6.5,2,False
Bad Bunny - KETU TeCRÉ,off0/cold,-1025,-1027,-2,-3,35650,0,2,True,True,True,4,18,474.9,4.1,7.5,85.8,0,True
Bad Bunny - KETU TeCRÉ,off0/seeded_correct,-1025,-1028,-3,0,56500,0,3,False,True,True,5,18,481.2,4.3,7.8,81.5,0,True
Bad Bunny - KETU TeCRÉ,off0/seeded_wrong_2s,-1025,-1029,-4,0,56500,0,3,False,True,True,5,18,465.2,4.1,7.3,77.5,0,True
Bad Bunny - KETU TeCRÉ,off+200/cold,-825,-827,-2,-1,35650,0,2,True,True,True,4,18,496.1,4.2,7.5,85.8,0,True
Bad Bunny - KETU TeCRÉ,off+200/seeded_correct,-825,-830,-5,0,56500,0,3,False,True,True,5,18,506.7,4.3,8.8,81.5,0,True
Bad Bunny - KETU TeCRÉ,off+200/seeded_wrong_2s,-825,-831,-6,0,56500,0,3,False,True,True,5,18,487.7,4.5,7.3,77.5,0,True
Bad Bunny - KETU TeCRÉ,off-200/cold,-1225,-1229,-4,-6,35650,0,2,True,True,True,4,18,495.9,3.9,7.4,85.8,0,True
Bad Bunny - KETU TeCRÉ,off-200/seeded_correct,-1225,-1228,-3,-3,56500,0,3,False,True,True,5,18,489.6,4.1,8.2,82.1,0,True
Bad Bunny - KETU TeCRÉ,off-200/seeded_wrong_2s,-1225,-1228,-3,-3,56500,0,2,False,True,True,5,18,482.5,4.3,8.1,77.5,0,True
Bad Bunny - KETU TeCRÉ,off+2s/cold,975,974,-1,0,35650,0,2,True,True,True,4,18,495.5,4.0,7.8,85.7,0,True
Bad Bunny - KETU TeCRÉ,off+2s/seeded_correct,975,970,-5,0,56500,0,3,False,True,True,5,18,497.3,4.1,7.7,80.7,0,True
Bad Bunny - KETU TeCRÉ,off+2s/seeded_wrong_2s,975,969,-6,0,56500,0,3,False,True,True,5,18,483.5,4.3,7.6,77.3,0,True
Bad Bunny - KETU TeCRÉ,off-2s/cold,-3025,-3031,-6,-6,35650,0,1,True,True,True,4,18,502.7,4.6,7.7,85.9,0,True
Bad Bunny - KETU TeCRÉ,off-2s/seeded_correct,-3025,-3025,0,0,63750,0,5,False,True,False,18,18,277.5,7.3,12.8,80.0,0,True
Bad Bunny - KETU TeCRÉ,off-2s/seeded_wrong_2s,-3025,-725,2300,2300,,2,2,False,True,False,18,18,285.0,7.1,12.7,0.0,0,False
Bad Bunny - KETU TeCRÉ,off+10s/cold,8975,8971,-4,0,56500,0,2,False,False,True,5,18,509.2,4.3,8.1,76.6,0,True
Bad Bunny - KETU TeCRÉ,off+10s/second_play,8975,8971,-4,0,56500,0,3,False,True,True,5,18,492.4,4.8,8.1,77.6,1,True
Bad Bunny - KETU TeCRÉ,off+10s/seeded_correct,8975,8971,-4,0,56500,0,3,False,True,True,5,18,484.5,4.8,7.5,77.6,1,True
Bad Bunny - KETU TeCRÉ,off+10s/seeded_wrong_2s,8975,8969,-6,-6,46000,0,3,False,True,True,5,18,501.0,4.4,7.9,80.9,1,True
Bad Bunny - KETU TeCRÉ,off-10s/cold,-11025,16662,27687,9225,,1,1,False,False,False,20,18,333.3,6.8,14.7,0.0,2,False
Bad Bunny - KETU TeCRÉ,off-10s/second_play,-11025,16662,27687,27687,,1,1,False,False,False,20,18,343.8,7.3,15.0,0.0,2,False
Bad Bunny - KETU TeCRÉ,off-10s/seeded_correct,-11025,-11025,0,1025,,0,0,False,True,False,20,18,325.3,6.7,14.9,7.8,2,True
Bad Bunny - KETU TeCRÉ,off-10s/seeded_wrong_2s,-11025,-9025,2000,1025,,0,0,False,True,False,20,18,338.9,7.4,14.2,0.0,2,False
Bad Bunny - KETU TeCRÉ,off+25s/cold,23975,23968,-7,0,56500,0,3,False,False,True,8,18,490.1,4.9,8.3,75.0,0,True
Bad Bunny - KETU TeCRÉ,off+25s/second_play,23975,23972,-3,-7,2500,0,2,False,True,True,1,18,488.8,4.7,7.7,100.0,0,True
Bad Bunny - KETU TeCRÉ,off+25s/seeded_correct,23975,23972,-3,0,2500,0,1,False,True,True,2,18,478.7,4.1,7.8,100.0,0,True
Bad Bunny - KETU TeCRÉ,off+25s/seeded_wrong_2s,23975,23972,-3,0,2500,0,1,False,True,True,2,18,479.2,4.3,7.8,98.9,0,True
Bad Bunny - KETU TeCRÉ,off-25s/cold,-26025,29350,55375,55375,,1,1,False,False,False,20,18,366.1,7.1,14.3,0.0,2,False
Bad Bunny - KETU TeCRÉ,off-25s/second_play,-26025,20125,46150,46150,,1,1,False,False,False,20,18,359.9,6.9,13.9,0.0,2,False
Bad Bunny - KETU TeCRÉ,off-25s/seeded_correct,-26025,20125,46150,46150,,1,1,False,False,False,20,18,360.9,6.8,13.5,38.6,2,False
Bad Bunny - KETU TeCRÉ,off-25s/seeded_wrong_2s,-26025,20125,46150,46150,,1,1,False,False,False,20,18,363.9,6.9,13.3,0.0,2,False
Bad Bunny - KETU TeCRÉ,noise0/cold,-1025,-1027,-2,-3,35650,0,2,True,True,True,4,18,457.9,3.4,7.7,85.8,0,True
Bad Bunny - KETU TeCRÉ,noise0/seeded_correct,-1025,-1028,-3,0,56500,0,3,False,True,True,5,18,447.0,3.9,7.6,81.5,0,True
Bad Bunny - KETU TeCRÉ,noise0/seeded_wrong_2s,-1025,-1029,-4,0,56500,0,3,False,True,True,5,18,456.8,3.8,8.4,77.5,0,True
Bad Bunny - KETU TeCRÉ,noise-2s/cold,-3025,-3031,-6,-6,35650,0,1,True,True,True,4,18,453.2,3.6,7.8,85.9,0,True
Bad Bunny - KETU TeCRÉ,noise-2s/seeded_correct,-3025,-3025,0,0,63750,0,5,False,True,False,18,18,269.6,6.9,14.4,80.0,0,True
Bad Bunny - KETU TeCRÉ,noise-2s/seeded_wrong_2s,-3025,-725,2300,2300,,2,2,False,True,False,18,18,261.5,6.3,13.3,0.0,0,False
Bad Bunny - KETU TeCRÉ,cutin5s/cold,3975,3973,-2,-3,35650,0,2,True,True,True,4,18,461.0,4.0,7.3,85.5,0,True
Bad Bunny - KETU TeCRÉ,cutin5s/second_play,3975,3972,-3,0,56500,0,3,False,True,True,5,18,475.9,4.1,8.0,79.3,0,True
Bad Bunny - KETU TeCRÉ,cutin5s/seeded_correct,3975,3971,-4,0,56500,0,4,False,True,True,5,18,476.1,4.1,8.3,79.3,0,True
Bad Bunny - KETU TeCRÉ,cutin5s/seeded_wrong_2s,3975,3970,-5,0,56500,0,3,False,True,True,5,18,464.0,3.9,7.8,77.1,0,True
Bad Bunny - KETU TeCRÉ,cutin15s/cold,13975,13971,-4,0,5500,0,3,False,True,True,5,18,348.4,3.5,6.1,97.7,0,True
Bad Bunny - KETU TeCRÉ,cutin15s/second_play,13975,13972,-3,-4,5500,0,4,False,True,True,5,18,363.1,3.4,6.7,100.0,0,True
Bad Bunny - KETU TeCRÉ,cutin15s/seeded_correct,13975,13972,-3,0,5500,0,3,False,True,True,5,18,349.7,3.5,6.1,100.0,0,True
Bad Bunny - KETU TeCRÉ,cutin15s/seeded_wrong_2s,13975,13971,-4,0,5500,0,3,False,True,True,5,18,352.9,3.4,6.1,97.7,0,True
Bad Bunny - KETU TeCRÉ,cutin25s/cold,23975,23973,-2,0,4000,0,3,False,True,True,5,18,405.1,3.8,7.8,98.2,0,True
Bad Bunny - KETU TeCRÉ,cutin25s/second_play,23975,23973,-2,-2,4000,0,3,False,True,True,5,18,411.0,4.2,7.4,100.0,0,True
Bad Bunny - KETU TeCRÉ,cutin25s/seeded_correct,23975,23973,-2,0,4000,0,3,False,True,True,5,18,411.8,4.2,7.7,100.0,0,True
Bad Bunny - KETU TeCRÉ,cutin25s/seeded_wrong_2s,23975,23973,-2,0,4000,0,3,False,True,True,5,18,398.8,4.5,7.2,98.2,0,True
Bad Bunny - KETU TeCRÉ,blend8s/cold,-1025,-1027,-2,-3,26750,0,2,True,False,True,4,18,540.5,3.8,8.8,89.4,0,True
Bad Bunny - KETU TeCRÉ,blend8s/seeded_correct,-1025,-1028,-3,0,22000,0,3,False,False,True,5,18,555.8,4.4,9.6,100.0,0,True
Bad Bunny - KETU TeCRÉ,blend8s/seeded_wrong_2s,-1025,-1029,-4,0,26750,0,3,False,False,True,5,18,529.0,3.8,8.9,89.4,0,True
Bad Bunny - KETU TeCRÉ,midshift+1.5s/cold,-1025,-1027,-1502,0,35650,1,4,True,True,True,6,18,643.7,5.9,10.4,77.3,1,False
Bad Bunny - KETU TeCRÉ,midshift+1.5s/seeded_correct,-1025,469,-6,0,56500,0,6,False,True,True,10,18,604.5,6.3,10.2,73.0,1,True
Bad Bunny - KETU TeCRÉ,midshift+1.5s/seeded_wrong_2s,-1025,473,-2,0,56500,0,5,False,True,True,9,18,616.7,6.3,10.1,69.0,1,True
Bad Bunny - KETU TeCRÉ,midshift-1.5s/cold,-1025,-2528,-3,0,252000,1,5,True,True,True,17,18,348.5,7.7,14.3,9.9,2,True
Bad Bunny - KETU TeCRÉ,midshift-1.5s/seeded_correct,-1025,-2528,-3,0,252000,1,5,False,True,True,18,18,336.8,7.9,14.6,5.6,2,True
Bad Bunny - KETU TeCRÉ,midshift-1.5s/seeded_wrong_2s,-1025,-2528,-3,0,252000,1,5,False,True,True,18,18,332.7,7.3,16.8,1.7,2,True
Bad Bunny - Vete,off0/cold,-1000,-1007,-7,-16,13000,0,2,True,True,True,2,8,308.4,3.0,6.6,93.3,0,True
Bad Bunny - Vete,off0/seeded_correct,-1000,-999,1,0,13000,0,3,False,True,True,3,8,310.3,3.2,6.6,100.0,0,True
Bad Bunny - Vete,off0/seeded_wrong_2s,-1000,-999,1,0,13000,0,3,False,True,True,3,8,321.9,3.7,6.6,93.3,0,True
Bad Bunny - Vete,off+200/cold,-800,-800,0,-1,11500,0,3,True,True,True,2,8,325.4,3.2,6.9,94.0,0,True
Bad Bunny - Vete,off+200/seeded_correct,-800,-799,1,0,11500,0,3,False,True,True,3,8,303.1,3.2,6.7,100.0,0,True
Bad Bunny - Vete,off+200/seeded_wrong_2s,-800,-799,1,0,11500,0,3,False,True,True,3,8,314.6,3.1,6.3,94.0,0,True
Bad Bunny - Vete,off-200/cold,-1200,-1197,3,6,13000,0,3,True,True,True,2,8,327.5,3.2,7.1,93.3,0,True
Bad Bunny - Vete,off-200/seeded_correct,-1200,-1199,1,0,13000,0,3,False,True,True,3,8,308.7,3.3,6.9,100.0,0,True
Bad Bunny - Vete,off-200/seeded_wrong_2s,-1200,-1199,1,0,13000,0,3,False,True,True,3,8,316.8,3.0,7.0,93.3,0,True
Bad Bunny - Vete,off+2s/cold,1000,1000,0,0,10000,0,3,True,True,True,2,8,329.4,3.4,6.8,94.8,0,True
Bad Bunny - Vete,off+2s/seeded_correct,1000,1001,1,0,10000,0,3,False,True,True,3,8,346.7,4.1,8.2,100.0,0,True
Bad Bunny - Vete,off+2s/seeded_wrong_2s,1000,1001,1,0,10000,0,3,False,True,True,3,8,317.9,3.6,6.5,94.8,0,True
Bad Bunny - Vete,off-2s/cold,-3000,-2997,3,6,14500,0,2,True,True,True,2,8,324.4,3.1,6.7,92.6,0,True
Bad Bunny - Vete,off-2s/seeded_correct,-3000,-2999,1,0,14500,0,3,False,True,True,5,8,340.3,3.4,7.5,100.0,0,True
Bad Bunny - Vete,off-2s/seeded_wrong_2s,-3000,-2999,1,0,14500,0,3,False,True,True,5,8,311.1,3.7,7.0,92.6,0,True
Bad Bunny - Vete,off+10s/cold,9000,9005,5,0,53000,0,3,False,False,True,8,8,289.8,5.2,7.1,71.0,0,True
Bad Bunny - Vete,off+10s/second_play,9000,9002,2,5,2500,0,2,False,True,True,2,8,315.8,3.8,7.1,100.0,0,True
Bad Bunny - Vete,off+10s/seeded_correct,9000,9001,1,0,2500,0,3,False,True,True,3,8,273.1,3.4,5.6,100.0,0,True
Bad Bunny - Vete,off+10s/seeded_wrong_2s,9000,9001,1,0,2500,0,3,False,True,True,3,8,341.4,4.2,7.5,98.6,0,True
Bad Bunny - Vete,off-10s/cold,-11000,,,10450,,0,0,False,False,False,10,8,319.1,5.0,7.7,0.0,2,False
Bad Bunny - Vete,off-10s/second_play,-11000,,,10450,,0,0,False,False,False,10,8,326.9,4.9,7.8,0.0,2,False
Bad Bunny - Vete,off-10s/seeded_correct,-11000,-11000,0,0,22000,0,0,False,True,False,8,8,276.0,4.7,6.9,100.0,0,True
Bad Bunny - Vete,off-10s/seeded_wrong_2s,-11000,-9000,2000,0,22000,0,0,False,True,False,8,8,294.1,4.3,7.3,89.2,0,False
Bad Bunny - Vete,off+25s/cold,24000,24005,5,0,40500,0,4,False,False,True,6,8,308.4,4.9,7.5,75.9,0,True
Bad Bunny - Vete,off+25s/second_play,24000,24001,1,2,2500,0,2,False,True,True,2,8,300.0,4.2,6.9,100.0,0,True
Bad Bunny - Vete,off+25s/seeded_correct,24000,24000,0,0,2500,0,2,False,True,True,2,8,298.6,4.1,6.7,100.0,0,True
Bad Bunny - Vete,off+25s/seeded_wrong_2s,24000,24001,1,0,2500,0,2,False,True,True,2,8,288.4,4.0,6.5,98.5,0,True
Bad Bunny - Vete,off-25s/cold,-26000,,,26000,,0,0,False,False,False,8,8,291.7,4.2,6.8,0.0,0,False
Bad Bunny - Vete,off-25s/second_play,-26000,,,26000,,0,0,False,False,False,8,8,309.1,4.2,7.7,0.0,0,False
Bad Bunny - Vete,off-25s/seeded_correct,-26000,-26000,0,0,,0,0,False,False,False,8,8,294.7,4.5,7.0,100.0,0,True
Bad Bunny - Vete,off-25s/seeded_wrong_2s,-26000,-24000,2000,2000,,0,0,False,False,False,8,8,279.8,3.9,7.1,0.0,0,False
Bad Bunny - Vete,noise0/cold,-1000,-1007,-7,-16,10000,0,2,True,True,True,2,8,241.2,2.6,5.0,94.8,0,True
Bad Bunny - Vete,noise0/seeded_correct,-1000,-1000,0,0,10000,0,2,False,True,True,2,8,283.0,2.6,7.7,100.0,0,True
Bad Bunny - Vete,noise0/seeded_wrong_2s,-1000,-999,1,0,10000,0,2,False,True,True,2,8,268.3,2.9,5.3,94.8,0,True
Bad Bunny - Vete,noise-2s/cold,-3000,-2997,3,6,11500,0,2,True,True,True,2,8,242.1,2.6,4.6,94.1,0,True
Bad Bunny - Vete,noise-2s/seeded_correct,-3000,-2999,1,0,11500,0,3,False,True,True,5,8,234.9,2.8,5.1,100.0,0,True
Bad Bunny - Vete,noise-2s/seeded_wrong_2s,-3000,-2999,1,0,11500,0,3,False,True,True,5,8,238.0,2.8,5.0,94.1,0,True
Bad Bunny - Vete,cutin5s/cold,4000,3999,-1,-3,7000,0,3,True,True,True,2,8,256.5,3.2,5.2,96.3,0,True
Bad Bunny - Vete,cutin5s/second_play,4000,4001,1,-1,7000,0,3,False,True,True,3,8,230.9,2.9,4.8,100.0,0,True
Bad Bunny - Vete,cutin5s/seeded_correct,4000,4001,1,0,7000,0,3,False,True,True,3,8,222.6,2.8,4.2,100.0,0,True
Bad Bunny - Vete,cutin5s/seeded_wrong_2s,4000,4001,1,0,7000,0,3,False,True,True,3,8,264.8,3.0,7.4,96.3,0,True
Bad Bunny - Vete,cutin15s/cold,14000,14001,1,0,4000,0,3,False,True,True,3,8,189.4,2.6,4.2,97.8,0,True
Bad Bunny - Vete,cutin15s/second_play,14000,14001,1,1,4000,0,3,False,True,True,3,8,188.0,2.5,4.2,100.0,0,True
Bad Bunny - Vete,cutin15s/seeded_correct,14000,14001,1,0,4000,0,3,False,True,True,3,8,189.4,2.5,4.2,100.0,0,True
Bad Bunny - Vete,cutin15s/seeded_wrong_2s,14000,14001,1,0,4000,0,3,False,True,True,3,8,184.8,2.5,4.2,97.8,0,True
Bad Bunny - Vete,cutin25s/cold,24000,24002,2,0,4000,0,2,False,True,True,3,8,192.0,2.9,4.4,97.6,0,True
Bad Bunny - Vete,cutin25s/second_play,24000,24002,2,2,4000,0,3,False,True,True,3,8,199.1,2.5,4.8,100.0,0,True
Bad Bunny - Vete,cutin25s/seeded_correct,24000,24001,1,0,4000,0,3,False,True,True,3,8,198.3,3.1,4.7,100.0,0,True
Bad Bunny - Vete,cutin25s/seeded_wrong_2s,24000,24002,2,0,4000,0,2,False,True,True,3,8,192.2,2.6,4.6,97.6,0,True
Bad Bunny - Vete,blend8s/cold,-1000,-1007,-7,-16,13000,0,2,True,True,True,2,8,271.8,2.9,5.7,93.3,0,True
Bad Bunny - Vete,blend8s/seeded_correct,-1000,-999,1,0,13000,0,3,False,True,True,3,8,296.8,3.2,6.2,100.0,0,True
Bad Bunny - Vete,blend8s/seeded_wrong_2s,-1000,-999,1,0,13000,0,3,False,True,True,3,8,264.1,3.0,5.4,93.3,0,True
Bad Bunny - Vete,midshift+1.5s/cold,-1000,-1006,-1506,0,13000,1,4,True,True,True,4,8,310.0,3.4,6.4,85.9,1,False
Bad Bunny - Vete,midshift+1.5s/seeded_correct,-1000,506,6,6,13000,0,5,False,True,True,7,8,283.3,4.0,6.6,85.1,1,True
Bad Bunny - Vete,midshift+1.5s/seeded_wrong_2s,-1000,507,7,8,13000,0,5,False,True,True,7,8,278.5,4.2,7.4,78.3,1,True
Bad Bunny - Vete,midshift-1.5s/cold,-1000,-1007,1493,1484,13000,0,2,True,True,True,7,8,276.7,3.6,7.1,24.2,2,False
Bad Bunny - Vete,midshift-1.5s/seeded_correct,-1000,-1000,1500,0,13000,1,3,False,True,True,7,8,259.8,3.5,6.3,74.3,2,False
Bad Bunny - Vete,midshift-1.5s/seeded_wrong_2s,-1000,-1000,1500,1500,,1,3,False,True,True,7,8,257.7,3.2,6.4,24.2,2,False
"Bad Bunny, Mora - HIBIKI",off0/cold,-1025,-1023,2,2,40750,0,2,False,True,True,3,8,345.2,3.8,6.3,80.5,0,True
"Bad Bunny, Mora - HIBIKI",off0/seeded_correct,-1025,-1027,-2,0,80000,0,3,False,True,True,4,8,323.5,3.3,6.7,65.0,1,True
"Bad Bunny, Mora - HIBIKI",off0/seeded_wrong_2s,-1025,-1027,-2,0,80000,0,3,False,True,True,4,8,336.2,3.4,6.7,61.7,1,True
"Bad Bunny, Mora - HIBIKI",off+200/cold,-825,-829,-4,0,40750,0,2,False,True,True,3,8,333.9,3.4,7.1,80.5,0,True
"Bad Bunny, Mora - HIBIKI",off+200/seeded_correct,-825,-831,-6,0,80000,0,3,False,True,True,4,8,326.0,3.4,6.4,65.0,1,True
"Bad Bunny, Mora - HIBIKI",off+200/seeded_wrong_2s,-825,-831,-6,0,80000,0,3,False,True,True,4,8,350.1,3.5,6.5,61.6,1,True
"Bad Bunny, Mora - HIBIKI",off-200/cold,-1225,-1227,-2,0,80000,0,3,False,True,True,4,8,327.5,3.4,6.4,61.7,1,True
"Bad Bunny, Mora - HIBIKI",off-200/seeded_correct,-1225,-1226,-1,0,80000,0,3,False,True,True,4,8,338.3,3.4,6.6,65.8,1,True
"Bad Bunny, Mora - HIBIKI",off-200/seeded_wrong_2s,-1225,-1227,-2,0,80000,0,3,False,True,True,4,8,321.3,3.3,6.0,61.7,1,True
"Bad Bunny, Mora - HIBIKI",off+2s/cold,975,971,-4,0,40750,0,2,False,True,True,3,8,333.2,3.6,6.7,80.3,0,True
"Bad Bunny, Mora - HIBIKI",off+2s/seeded_correct,975,969,-6,0,78000,0,3,False,True,True,4,8,329.5,3.4,7.2,64.9,1,True
"Bad Bunny, Mora - HIBIKI",off+2s/seeded_wrong_2s,975,969,-6,0,78000,0,3,False,True,True,4,8,325.1,3.4,6.5,62.3,1,True
"Bad Bunny, Mora - HIBIKI",off-2s/cold,-3025,,,1025,,0,0,False,True,False,8,8,177.0,5.1,11.7,0.0,0,False
"Bad Bunny, Mora - HIBIKI",off-2s/seeded_correct,-3025,-3025,0,1025,,0,0,False,True,False,8,8,171.2,5.5,10.3,4.7,0,True
"Bad Bunny, Mora - HIBIKI",off-2s/seeded_wrong_2s,-3025,-1025,2000,1025,,0,0,False,True,False,8,8,168.2,5.6,9.6,0.0,0,False
"Bad Bunny, Mora - HIBIKI",off+10s/cold,8975,8968,-7,0,40750,0,3,False,False,True,5,8,278.0,4.0,6.7,79.5,0,True
"Bad Bunny, Mora - HIBIKI",off+10s/second_play,8975,8976,1,1018,,0,6,False,True,False,8,8,144.9,6.5,12.6,1.3,0,True
"Bad Bunny, Mora - HIBIKI",off+10s/seeded_correct,8975,8974,-1,1025,,0,6,False,True,False,8,8,138.5,5.5,12.4,1.3,0,True
"Bad Bunny, Mora - HIBIKI",off+10s/seeded_wrong_2s,8975,8974,-1,1025,,0,5,False,True,False,8,8,157.0,6.9,12.3,0.0,0,True
"Bad Bunny, Mora - HIBIKI",off-10s/cold,-11025,,,11025,,0,0,False,False,False,8,8,191.5,5.2,9.1,0.0,0,False
"Bad Bunny, Mora - HIBIKI",off-10s/second_play,-11025,,,11025,,0,0,False,False,False,8,8,196.6,5.0,9.8,0.0,0,False
"Bad Bunny, Mora - HIBIKI",off-10s/seeded_correct,-11025,-11025,0,1025,,0,0,False,True,False,8,8,196.6,5.5,10.9,8.0,0,True
"Bad Bunny, Mora - HIBIKI",off-10s/seeded_wrong_2s,-11025,-9025,2000,1025,,0,0,False,True,False,8,8,183.5,5.2,10.4,0.0,0,False
"Bad Bunny, Mora - HIBIKI",off+25s/cold,23975,23968,-7,0,40750,0,3,False,False,True,5,8,262.9,4.6,8.5,77.8,0,True
"Bad Bunny, Mora - HIBIKI",off+25s/second_play,23975,23973,-2,-7,2500,0,2,False,True,True,1,8,305.0,3.4,7.0,100.0,0,True
"Bad Bunny, Mora - HIBIKI",off+25s/seeded_correct,23975,23975,0,0,2500,0,2,False,True,True,1,8,298.6,3.7,6.0,100.0,0,True
"Bad Bunny, Mora - HIBIKI",off+25s/seeded_wrong_2s,23975,23975,0,0,2500,0,2,False,True,True,1,8,303.0,3.7,6.3,98.6,0,True
"Bad Bunny, Mora - HIBIKI",off-25s/cold,-26025,,,26025,,0,0,False,False,False,8,8,211.9,5.4,8.3,0.0,0,False
"Bad Bunny, Mora - HIBIKI",off-25s/second_play,-26025,,,26025,,0,0,False,False,False,8,8,212.1,5.3,10.9,0.0,0,False
"Bad Bunny, Mora - HIBIKI",off-25s/seeded_correct,-26025,-26025,0,0,,0,0,False,False,False,8,8,208.0,5.4,8.4,100.0,0,True
"Bad Bunny, Mora - HIBIKI",off-25s/seeded_wrong_2s,-26025,-24025,2000,2000,,0,0,False,False,False,8,8,233.4,5.2,10.5,0.0,0,False
"Bad Bunny, Mora - HIBIKI",noise0/cold,-1025,-1022,3,3,40750,0,2,False,True,True,3,8,275.0,2.9,5.3,80.5,0,True
"Bad Bunny, Mora - HIBIKI",noise0/seeded_correct,-1025,-1027,-2,0,80000,0,3,False,True,True,4,8,288.1,3.0,5.6,65.0,1,True
"Bad Bunny, Mora - HIBIKI",noise0/seeded_wrong_2s,-1025,-1027,-2,0,80000,0,3,False,True,True,4,8,296.0,3.0,5.9,61.7,1,True
"Bad Bunny, Mora - HIBIKI",noise-2s/cold,-3025,,,1025,,0,0,False,True,False,8,8,157.7,5.0,9.0,0.0,0,False
"Bad Bunny, Mora - HIBIKI",noise-2s/seeded_correct,-3025,-3025,0,1025,,0,0,False,True,False,8,8,162.5,5.4,9.7,4.7,0,True
"Bad Bunny, Mora - HIBIKI",noise-2s/seeded_wrong_2s,-3025,-1025,2000,1025,,0,0,False,True,False,8,8,146.8,4.7,9.3,0.0,0,False
"Bad Bunny, Mora - HIBIKI",cutin5s/cold,3975,3969,-6,-25,4000,0,2,False,True,True,1,8,293.3,3.0,5.8,98.0,0,True
"Bad Bunny, Mora - HIBIKI",cutin5s/second_play,3975,3974,-1,-6,4000,0,2,False,True,True,1,8,289.7,3.0,5.7,100.0,0,True
"Bad Bunny, Mora - HIBIKI",cutin5s/seeded_correct,3975,3970,-5,-25,4000,0,2,False,True,True,1,8,283.9,2.7,5.7,100.0,0,True
"Bad Bunny, Mora - HIBIKI",cutin5s/seeded_wrong_2s,3975,3969,-6,-25,4000,0,2,False,True,True,1,8,282.2,3.0,5.5,98.0,0,True
"Bad Bunny, Mora - HIBIKI",cutin15s/cold,13975,13975,0,0,4000,0,2,False,True,True,1,8,222.0,2.5,4.3,97.9,0,True
"Bad Bunny, Mora - HIBIKI",cutin15s/second_play,13975,13975,0,0,4000,0,2,False,True,True,1,8,218.8,2.4,4.2,100.0,0,True
"Bad Bunny, Mora - HIBIKI",cutin15s/seeded_correct,13975,13975,0,0,4000,0,2,False,True,True,1,8,219.3,2.4,4.3,100.0,0,True
"Bad Bunny, Mora - HIBIKI",cutin15s/seeded_wrong_2s,13975,13975,0,0,4000,0,2,False,True,True,1,8,219.1,2.5,4.2,97.9,0,True
"Bad Bunny, Mora - HIBIKI",cutin25s/cold,23975,23968,-7,0,4000,0,3,False,True,True,3,8,236.0,2.9,5.3,97.8,0,True
"Bad Bunny, Mora - HIBIKI",cutin25s/second_play,23975,23970,-5,-4,4000,0,3,False,True,True,3,8,237.1,3.0,5.6,100.0,0,True
"Bad Bunny, Mora - HIBIKI",cutin25s/seeded_correct,23975,23969,-6,-4,4000,0,3,False,True,True,3,8,228.5,3.0,4.8,100.0,0,True
"Bad Bunny, Mora - HIBIKI",cutin25s/seeded_wrong_2s,23975,23968,-7,0,4000,0,3,False,True,True,3,8,228.6,3.0,5.0,97.8,0,True
"Bad Bunny, Mora - HIBIKI",blend8s/cold,-1025,-1024,1,0,13000,0,2,False,True,True,1,8,322.3,2.7,7.0,93.8,0,True
"Bad Bunny, Mora - HIBIKI",blend8s/seeded_correct,-1025,-1025,0,0,13000,0,2,False,True,True,1,8,310.0,2.8,6.2,100.0,0,True
"Bad Bunny, Mora - HIBIKI",blend8s/seeded_wrong_2s,-1025,-1024,1,0,13000,0,2,False,True,True,1,8,308.9,2.6,5.9,93.8,0,True
"Bad Bunny, Mora - HIBIKI",midshift+1.5s/cold,-1025,475,0,0,40750,0,3,False,True,True,8,8,237.0,3.1,12.4,70.7,1,True
"Bad Bunny, Mora - HIBIKI",midshift+1.5s/seeded_correct,-1025,475,0,0,111750,0,2,False,True,True,8,8,249.7,2.7,10.9,49.5,1,True
"Bad Bunny, Mora - HIBIKI",midshift+1.5s/seeded_wrong_2s,-1025,475,0,0,111750,0,2,False,True,True,8,8,247.6,3.0,9.5,46.1,1,True
"Bad Bunny, Mora - HIBIKI",midshift-1.5s/cold,-1025,-2525,0,0,40750,0,3,False,True,True,8,8,228.7,3.0,9.8,70.2,1,True
"Bad Bunny, Mora - HIBIKI",midshift-1.5s/seeded_correct,-1025,-1021,1504,1502,,3,4,False,True,True,9,8,227.7,5.3,12.7,3.3,2,False
"Bad Bunny, Mora - HIBIKI",midshift-1.5s/seeded_wrong_2s,-1025,-2525,0,0,184000,0,2,False,True,True,9,8,232.0,5.6,11.2,12.5,2,True
Bad Bunny - DtMF,off0/cold,-975,-972,3,0,90250,0,7,True,True,True,12,11,313.6,5.6,8.9,62.2,1,True
Bad Bunny - DtMF,off0/seeded_correct,-975,-969,6,0,90250,0,6,False,True,True,12,11,352.1,5.7,13.4,65.1,1,True
Bad Bunny - DtMF,off0/seeded_wrong_2s,-975,-969,6,0,90250,0,5,False,True,True,12,11,291.7,5.2,10.0,62.2,1,True
Bad Bunny - DtMF,off+200/cold,-775,-775,0,-1,36275,0,2,True,True,True,4,11,467.3,4.3,7.8,84.8,0,True
Bad Bunny - DtMF,off+200/seeded_correct,-775,-770,5,0,90250,0,6,False,True,False,11,11,305.8,5.4,10.4,67.0,0,True
Bad Bunny - DtMF,off+200/seeded_wrong_2s,-775,-769,6,0,90250,0,6,False,True,False,11,11,411.0,8.1,11.7,62.1,0,True
Bad Bunny - DtMF,off-200/cold,-1175,-1165,10,19,36275,0,2,True,True,True,4,11,513.2,4.7,7.8,84.8,0,True
Bad Bunny - DtMF,off-200/seeded_correct,-1175,-1169,6,0,90250,0,4,False,True,False,11,11,335.8,6.0,10.8,67.0,0,True
Bad Bunny - DtMF,off-200/seeded_wrong_2s,-1175,-1168,7,0,90250,0,4,False,True,False,11,11,323.5,5.9,10.0,62.2,0,True
Bad Bunny - DtMF,off+2s/cold,1025,1025,0,0,36275,0,2,True,True,True,4,11,452.6,4.4,7.0,84.7,0,True
Bad Bunny - DtMF,off+2s/seeded_correct,1025,1030,5,0,90250,0,6,False,True,False,11,11,324.6,6.6,9.5,66.1,0,True
Bad Bunny - DtMF,off+2s/seeded_wrong_2s,1025,1031,6,0,90250,0,6,False,True,False,11,11,307.3,5.8,10.0,61.8,0,True
Bad Bunny - DtMF,off-2s/cold,-2975,-2956,19,19,36275,0,1,True,True,True,4,11,437.5,3.6,7.1,84.9,0,True
Bad Bunny - DtMF,off-2s/seeded_correct,-2975,-2970,5,0,90250,0,4,False,True,False,11,11,313.7,5.7,10.3,67.9,0,True
Bad Bunny - DtMF,off-2s/seeded_wrong_2s,-2975,-2970,5,0,90250,0,2,False,True,False,11,11,327.5,5.6,9.9,62.5,0,True
Bad Bunny - DtMF,off+10s/cold,9025,9032,7,-9025,,0,4,False,False,False,11,11,367.4,6.1,10.7,0.0,0,True
Bad Bunny - DtMF,off+10s/second_play,9025,9029,4,0,90250,0,6,False,True,False,11,11,289.5,6.0,10.4,61.6,0,True
Bad Bunny - DtMF,off+10s/seeded_correct,9025,9030,5,0,90250,0,6,False,True,False,11,11,304.3,6.8,10.7,61.6,0,True
Bad Bunny - DtMF,off+10s/seeded_wrong_2s,9025,9031,6,0,90250,0,6,False,True,False,11,11,292.4,6.2,10.8,60.5,0,True
Bad Bunny - DtMF,off-10s/cold,-10975,,,10975,,0,0,False,False,False,11,11,344.5,5.8,8.5,0.0,0,False
Bad Bunny - DtMF,off-10s/second_play,-10975,,,10975,,0,0,False,False,False,11,11,342.9,5.8,9.4,0.0,0,False
Bad Bunny - DtMF,off-10s/seeded_correct,-10975,-10975,0,0,168000,0,0,False,True,False,12,11,340.2,5.8,9.5,41.2,1,True
Bad Bunny - DtMF,off-10s/seeded_wrong_2s,-10975,-8975,2000,0,168000,0,0,False,True,False,12,11,341.4,5.5,9.5,32.4,1,False
Bad Bunny - DtMF,off+25s/cold,24025,24032,7,-24025,,0,4,False,False,False,11,11,301.7,6.0,11.5,0.0,0,True
Bad Bunny - DtMF,off+25s/second_play,24025,24028,3,6,2500,0,2,False,True,True,1,11,413.4,4.0,7.5,100.0,0,True
Bad Bunny - DtMF,off+25s/seeded_correct,24025,24026,1,0,2500,0,1,False,True,True,1,11,427.4,4.6,7.6,100.0,0,True
Bad Bunny - DtMF,off+25s/seeded_wrong_2s,24025,24026,1,0,2500,0,1,False,True,True,2,11,408.0,4.3,7.3,98.8,0,True
Bad Bunny - DtMF,off-25s/cold,-25975,,,25975,,0,0,False,False,False,11,11,350.7,5.7,7.9,0.0,0,False
Bad Bunny - DtMF,off-25s/second_play,-25975,,,25975,,0,0,False,False,False,11,11,353.3,5.7,9.6,0.0,0,False
Bad Bunny - DtMF,off-25s/seeded_correct,-25975,-25975,0,0,,0,0,False,False,False,11,11,340.8,5.7,7.6,100.0,0,True
Bad Bunny - DtMF,off-25s/seeded_wrong_2s,-25975,-23975,2000,2000,,0,0,False,False,False,11,11,354.4,5.8,8.3,0.0,0,False
Bad Bunny - DtMF,noise0/cold,-975,-972,3,0,90250,0,7,True,True,True,12,11,301.5,5.2,8.2,62.2,1,True
Bad Bunny - DtMF,noise0/seeded_correct,-975,-969,6,0,90250,0,6,False,True,True,12,11,287.4,5.2,8.9,65.1,1,True
Bad Bunny - DtMF,noise0/seeded_wrong_2s,-975,-969,6,0,90250,0,5,False,True,True,12,11,292.2,5.0,8.1,62.2,1,True
Bad Bunny - DtMF,noise-2s/cold,-2975,-2967,8,975,,0,4,True,True,True,13,11,306.7,5.3,9.3,0.0,2,True
Bad Bunny - DtMF,noise-2s/seeded_correct,-2975,-2973,2,0,124000,0,3,False,True,True,9,11,334.2,4.5,7.3,52.6,1,True
Bad Bunny - DtMF,noise-2s/seeded_wrong_2s,-2975,-2969,6,0,168000,0,3,False,True,True,12,11,300.9,5.4,9.8,30.1,1,True
Bad Bunny - DtMF,cutin5s/cold,4025,4024,-1,-3,36275,0,2,True,True,True,4,11,394.7,3.8,6.8,84.5,0,True
Bad Bunny - DtMF,cutin5s/second_play,4025,4031,6,0,90250,0,6,False,True,False,11,11,288.9,6.0,9.7,64.3,0,True
Bad Bunny - DtMF,cutin5s/seeded_correct,4025,4030,5,0,90250,0,6,False,True,False,11,11,285.0,5.6,9.2,64.3,0,True
Bad Bunny - DtMF,cutin5s/seeded_wrong_2s,4025,4031,6,0,90250,0,6,False,True,False,11,11,295.6,6.2,9.7,61.3,0,True
Bad Bunny - DtMF,cutin15s/cold,14025,14029,4,0,5500,0,5,False,True,False,11,11,212.8,4.8,8.2,97.5,0,True
Bad Bunny - DtMF,cutin15s/second_play,14025,14027,2,3,5500,0,3,False,True,True,5,11,335.7,4.4,7.9,100.0,0,True
Bad Bunny - DtMF,cutin15s/seeded_correct,14025,14029,4,0,5500,0,5,False,True,False,11,11,205.8,4.7,7.5,100.0,0,True
Bad Bunny - DtMF,cutin15s/seeded_wrong_2s,14025,14029,4,0,5500,0,5,False,True,False,11,11,202.4,4.8,7.8,97.5,0,True
Bad Bunny - DtMF,cutin25s/cold,24025,24026,1,0,4000,0,3,False,True,True,5,11,297.2,4.3,6.3,98.1,0,True
Bad Bunny - DtMF,cutin25s/second_play,24025,24026,1,1,4000,0,3,False,True,True,5,11,298.4,4.2,7.2,100.0,0,True
Bad Bunny - DtMF,cutin25s/seeded_correct,24025,24026,1,0,4000,0,4,False,True,True,5,11,295.6,4.2,6.7,100.0,0,True
Bad Bunny - DtMF,cutin25s/seeded_wrong_2s,24025,24026,1,0,4000,0,3,False,True,True,5,11,296.1,4.0,6.7,98.1,0,True
Bad Bunny - DtMF,blend8s/cold,-975,-976,-1,-3,36275,0,2,True,True,True,4,11,444.0,3.6,7.7,84.8,0,True
Bad Bunny - DtMF,blend8s/seeded_correct,-975,-970,5,0,90250,0,5,False,True,False,11,11,320.1,6.2,9.8,65.1,0,True
Bad Bunny - DtMF,blend8s/seeded_wrong_2s,-975,-969,6,0,90250,0,6,False,True,False,11,11,330.7,6.2,10.2,62.2,0,True
Bad Bunny - DtMF,midshift+1.5s/cold,-975,535,10,0,90250,0,5,True,True,True,12,11,402.5,8.0,11.1,61.9,1,True
Bad Bunny - DtMF,midshift+1.5s/seeded_correct,-975,535,10,0,90250,0,4,False,True,True,12,11,403.4,7.6,12.3,64.9,1,True
Bad Bunny - DtMF,midshift+1.5s/seeded_wrong_2s,-975,536,11,0,90250,0,4,False,True,True,12,11,397.7,7.5,11.1,61.9,1,True
Bad Bunny - DtMF,midshift-1.5s/cold,-975,-975,1500,2475,,0,3,True,True,True,13,11,363.0,6.6,10.9,0.0,2,False
Bad Bunny - DtMF,midshift-1.5s/seeded_correct,-975,-2475,0,0,105000,0,2,False,True,True,12,11,376.0,6.9,12.0,59.2,1,True
Bad Bunny - DtMF,midshift-1.5s/seeded_wrong_2s,-975,-973,1502,2475,,0,1,False,True,True,13,11,373.5,6.6,11.0,0.0,2,False
Bad Bunny - EL CLúB,off0/cold,2375,2361,-14,0,93750,0,3,False,True,True,5,8,333.1,4.6,6.8,96.8,0,True
Bad Bunny - EL CLúB,off0/seeded_correct,2375,2363,-12,0,93750,0,3,False,True,True,5,8,334.2,4.5,6.8,100.0,0,True
Bad Bunny - EL CLúB,off0/seeded_wrong_2s,2375,2361,-14,0,93750,0,3,False,True,True,5,8,325.0,4.6,6.9,96.8,0,True
Bad Bunny - EL CLúB,off+200/cold,2575,2576,1,0,93750,0,4,True,True,True,5,8,335.1,4.8,6.8,96.8,0,True
Bad Bunny - EL CLúB,off+200/seeded_correct,2575,2563,-12,0,93750,0,3,False,True,True,5,8,354.5,4.8,7.6,100.0,0,True
Bad Bunny - EL CLúB,off+200/seeded_wrong_2s,2575,2561,-14,0,93750,0,3,False,True,True,5,8,343.8,4.8,7.5,96.8,0,True
Bad Bunny - EL CLúB,off-200/cold,2175,2167,-8,-6,41700,0,4,True,True,True,5,8,362.3,4.9,7.5,96.8,0,True
Bad Bunny - EL CLúB,off-200/seeded_correct,2175,2163,-12,0,93750,0,3,False,True,True,5,8,339.8,4.7,7.0,100.0,0,True
Bad Bunny - EL CLúB,off-200/seeded_wrong_2s,2175,2161,-14,0,93750,0,3,False,True,True,5,8,341.1,4.9,6.6,96.8,0,True
Bad Bunny - EL CLúB,off+2s/cold,4375,4381,6,0,93750,0,3,True,False,True,5,8,365.5,4.7,7.0,57.0,0,True
Bad Bunny - EL CLúB,off+2s/seeded_correct,4375,4363,-12,0,93750,0,3,False,True,True,5,8,344.8,5.0,7.1,100.0,0,True
Bad Bunny - EL CLúB,off+2s/seeded_wrong_2s,4375,4361,-14,0,93750,0,3,False,True,True,5,8,336.4,5.0,7.2,97.5,0,True
Bad Bunny - EL CLúB,off-2s/cold,375,367,-8,-6,41700,0,4,True,True,True,5,8,351.8,4.9,7.2,95.5,0,True
Bad Bunny - EL CLúB,off-2s/seeded_correct,375,363,-12,0,93750,0,3,False,True,True,5,8,338.4,4.4,7.2,100.0,0,True
Bad Bunny - EL CLúB,off-2s/seeded_wrong_2s,375,361,-14,0,93750,0,3,False,True,True,5,8,345.6,4.5,7.4,95.5,0,True
Bad Bunny - EL CLúB,off+10s/cold,12375,12371,-4,0,93750,0,3,False,False,True,6,8,351.9,4.5,7.6,55.3,0,True
Bad Bunny - EL CLúB,off+10s/second_play,12375,12373,-2,-4,5500,0,5,False,True,True,5,8,329.3,4.8,7.9,100.0,0,True
Bad Bunny - EL CLúB,off+10s/seeded_correct,12375,12373,-2,0,7000,0,4,False,True,True,5,8,330.0,4.9,7.2,100.0,0,True
Bad Bunny - EL CLúB,off+10s/seeded_wrong_2s,12375,12373,-2,0,7000,0,3,False,True,True,5,8,320.5,4.8,6.8,96.7,0,True
Bad Bunny - EL CLúB,off-10s/cold,-7625,0,7625,7625,,1,1,False,False,False,10,8,363.2,5.2,7.8,0.0,2,False
Bad Bunny - EL CLúB,off-10s/second_play,-7625,0,7625,7625,,1,1,False,False,False,10,8,368.2,4.6,9.0,0.0,2,False
Bad Bunny - EL CLúB,off-10s/seeded_correct,-7625,-7625,0,0,122000,0,1,False,True,False,9,8,355.6,5.1,7.6,100.0,1,True
Bad Bunny - EL CLúB,off-10s/seeded_wrong_2s,-7625,-7625,0,0,122000,0,1,False,True,False,9,8,347.3,5.0,8.0,92.4,1,True
Bad Bunny - EL CLúB,off+25s/cold,27375,27371,-4,0,93750,0,3,False,False,True,6,8,336.9,4.8,7.5,51.9,0,True
Bad Bunny - EL CLúB,off+25s/second_play,27375,27373,-2,-4,2500,0,1,False,True,True,2,8,377.9,4.3,7.5,100.0,0,True
Bad Bunny - EL CLúB,off+25s/seeded_correct,27375,27374,-1,0,2500,0,1,False,True,True,2,8,371.5,4.2,7.1,100.0,0,True
Bad Bunny - EL CLúB,off+25s/seeded_wrong_2s,27375,27373,-2,0,2500,0,1,False,True,True,2,8,374.6,4.3,6.9,98.7,0,True
Bad Bunny - EL CLúB,off-25s/cold,-22625,,,22625,,0,0,False,False,False,8,8,354.2,4.8,7.6,0.0,0,False
Bad Bunny - EL CLúB,off-25s/second_play,-22625,,,22625,,0,0,False,False,False,8,8,373.7,5.0,7.9,0.0,0,False
Bad Bunny - EL CLúB,off-25s/seeded_correct,-22625,-22625,0,0,,0,0,False,False,False,8,8,358.7,4.9,7.5,100.0,0,True
Bad Bunny - EL CLúB,off-25s/seeded_wrong_2s,-22625,-20625,2000,2000,,0,0,False,False,False,8,8,355.3,4.6,8.5,0.0,0,False
Bad Bunny - EL CLúB,noise0/cold,2375,2361,-14,0,93750,0,3,False,True,True,5,8,272.5,3.6,6.3,96.8,0,True
Bad Bunny - EL CLúB,noise0/seeded_correct,2375,2363,-12,0,93750,0,3,False,True,True,5,8,299.9,3.8,8.4,100.0,0,True
Bad Bunny - EL CLúB,noise0/seeded_wrong_2s,2375,2361,-14,0,93750,0,3,False,True,True,5,8,267.4,3.5,6.1,96.8,0,True
Bad Bunny - EL CLúB,noise-2s/cold,375,367,-8,-6,41700,0,4,True,True,True,5,8,281.2,3.5,6.0,95.5,0,True
Bad Bunny - EL CLúB,noise-2s/seeded_correct,375,363,-12,0,93750,0,3,False,True,True,5,8,268.8,3.5,5.6,100.0,0,True
Bad Bunny - EL CLúB,noise-2s/seeded_wrong_2s,375,361,-14,0,93750,0,3,False,True,True,5,8,278.5,3.6,6.6,95.5,0,True
Bad Bunny - EL CLúB,cutin5s/cold,7375,7368,-7,0,4000,0,4,False,True,True,5,8,287.3,4.2,6.3,98.1,0,True
Bad Bunny - EL CLúB,cutin5s/second_play,7375,7373,-2,-8,4000,0,5,False,True,False,8,8,276.5,4.4,7.3,100.0,0,True
Bad Bunny - EL CLúB,cutin5s/seeded_correct,7375,7369,-6,0,4000,0,3,False,True,True,5,8,288.2,4.1,6.6,100.0,0,True
Bad Bunny - EL CLúB,cutin5s/seeded_wrong_2s,7375,7368,-7,0,4000,0,4,False,True,True,5,8,283.7,4.2,6.3,98.1,0,True
Bad Bunny - EL CLúB,cutin15s/cold,17375,17373,-2,0,4000,0,4,False,True,True,5,8,224.3,3.4,5.6,98.0,0,True
Bad Bunny - EL CLúB,cutin15s/second_play,17375,17373,-2,-2,4000,0,6,False,True,True,5,8,221.6,3.4,5.5,100.0,0,True
Bad Bunny - EL CLúB,cutin15s/seeded_correct,17375,17373,-2,0,4000,0,4,False,True,True,5,8,219.6,3.3,5.5,100.0,0,True
Bad Bunny - EL CLúB,cutin15s/seeded_wrong_2s,17375,17373,-2,0,4000,0,4,False,True,True,5,8,216.6,3.4,5.1,98.0,0,True
Bad Bunny - EL CLúB,cutin25s/cold,27375,27372,-3,0,7000,0,3,False,True,True,5,8,235.9,3.7,6.6,96.4,0,True
Bad Bunny - EL CLúB,cutin25s/second_play,27375,27372,-3,-3,7000,0,3,False,True,True,5,8,226.9,3.8,5.3,100.0,0,True
Bad Bunny - EL CLúB,cutin25s/seeded_correct,27375,27372,-3,0,7000,0,3,False,True,True,5,8,235.6,4.0,6.5,100.0,0,True
Bad Bunny - EL CLúB,cutin25s/seeded_wrong_2s,27375,27372,-3,0,7000,0,3,False,True,True,5,8,231.9,3.9,5.3,96.4,0,True
Bad Bunny - EL CLúB,blend8s/cold,2375,2373,-2,0,22000,0,3,False,True,True,5,8,332.8,4.1,7.0,90.0,0,True
Bad Bunny - EL CLúB,blend8s/seeded_correct,2375,2373,-2,0,22000,0,4,False,True,True,5,8,318.3,3.7,6.9,100.0,0,True
Bad Bunny - EL CLúB,blend8s/seeded_wrong_2s,2375,2373,-2,0,22000,0,3,False,True,True,5,8,328.1,3.6,7.2,90.0,0,True
Bad Bunny - EL CLúB,midshift+1.5s/cold,2375,3875,0,0,120000,1,3,False,True,True,6,8,396.7,5.7,8.4,69.3,1,True
Bad Bunny - EL CLúB,midshift+1.5s/seeded_correct,2375,3875,0,0,120000,1,3,False,True,True,6,8,386.3,5.4,8.4,72.5,1,True
Bad Bunny - EL CLúB,midshift+1.5s/seeded_wrong_2s,2375,3875,0,0,120000,1,3,False,True,True,6,8,392.9,5.0,8.6,69.3,1,True
Bad Bunny - EL CLúB,midshift-1.5s/cold,2375,2362,1487,0,93750,1,3,False,True,True,5,8,333.8,4.4,7.3,81.6,0,False
Bad Bunny - EL CLúB,midshift-1.5s/seeded_correct,2375,2364,1489,0,93750,1,3,False,True,True,5,8,335.6,4.6,7.8,84.8,0,False
Bad Bunny - EL CLúB,midshift-1.5s/seeded_wrong_2s,2375,2362,1487,0,93750,1,3,False,True,True,5,8,356.7,4.7,9.0,81.6,0,False
Bad Bunny - HOY COBRÉ,off0/cold,-450,-426,24,25,34000,1,4,True,True,True,4,5,198.6,3.4,5.0,78.9,1,True
Bad Bunny - HOY COBRÉ,off0/seeded_correct,-450,0,450,25,34000,2,2,False,True,True,4,5,184.4,3.3,4.9,83.3,1,False
Bad Bunny - HOY COBRÉ,off0/seeded_wrong_2s,-450,0,450,450,,1,1,False,True,True,5,5,202.9,3.3,6.4,0.0,2,False
Bad Bunny - HOY COBRÉ,off+200/cold,-250,-226,24,25,34000,1,4,True,True,True,4,5,195.3,3.2,5.3,83.2,1,True
Bad Bunny - HOY COBRÉ,off+200/seeded_correct,-250,200,450,25,34000,2,2,False,True,True,4,5,197.3,3.4,5.2,83.2,1,False
Bad Bunny - HOY COBRÉ,off+200/seeded_wrong_2s,-250,200,450,450,,1,1,False,True,True,5,5,192.8,3.1,4.9,0.0,2,False
Bad Bunny - HOY COBRÉ,off-200/cold,-650,-628,22,25,34000,1,4,True,True,True,4,5,201.9,3.6,5.2,78.9,1,True
Bad Bunny - HOY COBRÉ,off-200/seeded_correct,-650,-200,450,25,34000,2,2,False,True,True,4,5,189.7,3.3,5.2,84.2,1,False
Bad Bunny - HOY COBRÉ,off-200/seeded_wrong_2s,-650,-624,26,25,82000,1,3,False,True,True,5,5,196.3,3.3,5.3,49.2,2,True
Bad Bunny - HOY COBRÉ,off+2s/cold,1550,1575,25,25,32000,1,5,True,True,True,5,5,210.2,3.8,5.1,79.9,1,True
Bad Bunny - HOY COBRÉ,off+2s/seeded_correct,1550,1574,24,25,32000,1,3,False,True,True,5,5,192.6,3.3,5.1,83.4,1,True
Bad Bunny - HOY COBRÉ,off+2s/seeded_wrong_2s,1550,1575,25,25,64500,1,3,False,True,True,5,5,189.6,3.2,5.1,59.5,1,True
Bad Bunny - HOY COBRÉ,off-2s/cold,-2450,-2428,22,25,70000,1,4,True,True,True,5,5,210.0,3.2,5.5,57.1,2,True
Bad Bunny - HOY COBRÉ,off-2s/seeded_correct,-2450,-2000,450,25,36000,2,2,False,True,True,4,5,201.2,3.2,5.0,84.1,1,False
Bad Bunny - HOY COBRÉ,off-2s/seeded_wrong_2s,-2450,-2000,450,25,70000,2,3,False,True,True,5,5,212.0,3.2,6.3,57.1,2,False
Bad Bunny - HOY COBRÉ,off+10s/cold,9550,2951,-6599,-9550,,2,2,False,False,False,5,5,204.5,3.4,4.6,0.0,0,False
Bad Bunny - HOY COBRÉ,off+10s/second_play,9550,9575,25,25,82000,1,2,False,False,False,7,5,216.9,3.0,5.6,45.8,2,True
Bad Bunny - HOY COBRÉ,off+10s/seeded_correct,9550,9574,24,25,32000,1,3,False,True,True,5,5,190.4,3.7,6.2,81.5,1,True
Bad Bunny - HOY COBRÉ,off+10s/seeded_wrong_2s,9550,9575,25,25,64500,1,3,False,True,True,5,5,178.5,3.5,4.7,57.3,1,True
Bad Bunny - HOY COBRÉ,off-10s/cold,-10450,,,10450,,0,0,False,False,False,5,5,206.3,3.3,5.5,0.0,0,False
Bad Bunny - HOY COBRÉ,off-10s/second_play,-10450,,,10450,,0,0,False,False,False,5,5,221.1,3.4,5.6,0.0,0,False
Bad Bunny - HOY COBRÉ,off-10s/seeded_correct,-10450,-10425,25,25,78000,0,1,False,True,False,6,5,198.1,3.1,5.1,64.7,1,True
Bad Bunny - HOY COBRÉ,off-10s/seeded_wrong_2s,-10450,-10425,25,25,78000,0,1,False,True,False,6,5,203.3,3.1,5.2,54.4,1,True
Bad Bunny - HOY COBRÉ,off+25s/cold,24550,24577,27,25,44250,0,3,False,False,True,5,5,215.7,3.4,5.1,67.5,0,True
Bad Bunny - HOY COBRÉ,off+25s/second_play,24550,24997,447,25,44000,1,1,False,True,True,3,5,173.2,3.6,5.3,69.5,1,False
Bad Bunny - HOY COBRÉ,off+25s/seeded_correct,24550,24997,447,25,44000,1,1,False,True,True,3,5,175.0,3.7,6.1,69.5,1,False
Bad Bunny - HOY COBRÉ,off+25s/seeded_wrong_2s,24550,25000,450,25,44000,1,1,False,True,True,3,5,178.7,3.5,5.5,67.7,1,False
Bad Bunny - HOY COBRÉ,off-25s/cold,-25450,,,25450,,0,0,False,False,False,5,5,206.4,3.0,5.1,0.0,0,False
Bad Bunny - HOY COBRÉ,off-25s/second_play,-25450,,,25450,,0,0,False,False,False,5,5,216.5,3.4,5.2,0.0,0,False
Bad Bunny - HOY COBRÉ,off-25s/seeded_correct,-25450,-25450,0,0,,0,0,False,False,False,5,5,208.2,3.1,5.4,100.0,0,True
Bad Bunny - HOY COBRÉ,off-25s/seeded_wrong_2s,-25450,-23450,2000,2000,,0,0,False,False,False,5,5,200.7,3.0,5.0,0.0,0,False
Bad Bunny - HOY COBRÉ,noise0/cold,-450,-426,24,25,34000,1,4,True,True,True,4,5,156.6,2.6,3.9,78.9,1,True
Bad Bunny - HOY COBRÉ,noise0/seeded_correct,-450,0,450,25,34000,2,2,False,True,True,4,5,149.5,2.5,4.1,83.3,1,False
Bad Bunny - HOY COBRÉ,noise0/seeded_wrong_2s,-450,0,450,450,,1,1,False,True,True,5,5,161.5,2.6,4.3,0.0,2,False
Bad Bunny - HOY COBRÉ,noise-2s/cold,-2450,-2428,22,25,70000,0,3,True,True,True,6,5,167.4,2.8,3.8,57.1,2,True
Bad Bunny - HOY COBRÉ,noise-2s/seeded_correct,-2450,-2000,450,25,36000,2,2,False,True,True,4,5,157.9,2.5,4.0,84.1,1,False
Bad Bunny - HOY COBRÉ,noise-2s/seeded_wrong_2s,-2450,-2425,25,25,70000,0,2,False,True,True,6,5,158.7,2.4,3.8,57.1,2,True
Bad Bunny - HOY COBRÉ,cutin5s/cold,4550,4573,23,25,44250,1,5,True,True,True,5,5,153.2,2.7,3.9,71.7,1,True
Bad Bunny - HOY COBRÉ,cutin5s/second_play,4550,4573,23,25,32000,1,3,False,True,True,5,5,161.6,2.6,4.4,85.0,1,True
Bad Bunny - HOY COBRÉ,cutin5s/seeded_correct,4550,4573,23,25,32000,1,3,False,True,True,5,5,151.7,2.7,4.0,85.0,1,True
Bad Bunny - HOY COBRÉ,cutin5s/seeded_wrong_2s,4550,4573,23,25,64500,1,3,False,True,True,5,5,148.6,2.7,3.5,58.7,1,True
Bad Bunny - HOY COBRÉ,cutin15s/cold,14550,14581,31,25,36000,1,4,False,True,True,4,5,124.8,2.5,3.5,75.4,1,True
Bad Bunny - HOY COBRÉ,cutin15s/second_play,14550,14576,26,25,32000,1,5,False,True,True,5,5,125.4,2.4,3.8,80.9,1,True
Bad Bunny - HOY COBRÉ,cutin15s/seeded_correct,14550,14580,30,25,36000,1,4,False,True,True,4,5,122.0,2.4,3.3,78.1,1,True
Bad Bunny - HOY COBRÉ,cutin15s/seeded_wrong_2s,14550,14581,31,25,36000,1,4,False,True,True,4,5,130.4,2.4,4.3,75.4,1,True
Bad Bunny - HOY COBRÉ,cutin25s/cold,24550,24569,19,25,44250,0,3,False,False,True,5,5,161.7,2.9,4.2,67.5,0,True
Bad Bunny - HOY COBRÉ,cutin25s/second_play,24550,24572,22,25,32250,0,3,False,False,False,5,5,129.4,2.4,3.5,100.0,0,True
Bad Bunny - HOY COBRÉ,cutin25s/seeded_correct,24550,24570,20,25,32250,0,3,False,False,True,5,5,131.2,2.2,3.4,100.0,0,True
Bad Bunny - HOY COBRÉ,cutin25s/seeded_wrong_2s,24550,24566,16,25,39750,0,2,False,False,True,4,5,142.7,2.2,3.2,70.8,0,True
Bad Bunny - HOY COBRÉ,blend8s/cold,-450,-426,24,25,34000,1,4,True,True,True,4,5,167.8,2.5,4.1,78.9,1,True
Bad Bunny - HOY COBRÉ,blend8s/seeded_correct,-450,0,450,25,34000,2,2,False,True,True,4,5,163.8,2.5,4.3,87.9,1,False
Bad Bunny - HOY COBRÉ,blend8s/seeded_wrong_2s,-450,-425,25,25,64500,0,2,False,True,False,5,5,162.5,2.8,4.6,60.0,0,True
Bad Bunny - HOY COBRÉ,midshift+1.5s/cold,-450,1073,23,25,34000,1,4,True,True,True,5,5,208.0,3.5,5.7,72.5,2,True
Bad Bunny - HOY COBRÉ,midshift+1.5s/seeded_correct,-450,0,-1050,25,34000,2,2,False,True,True,5,5,196.8,3.4,5.2,76.8,2,False
Bad Bunny - HOY COBRÉ,midshift+1.5s/seeded_wrong_2s,-450,0,-1050,25,70000,2,3,False,True,True,5,5,185.6,2.9,5.1,56.2,2,False
Bad Bunny - HOY COBRÉ,midshift-1.5s/cold,-450,-1927,23,25,34000,1,5,True,True,True,5,5,192.5,3.1,5.1,73.0,2,True
Bad Bunny - HOY COBRÉ,midshift-1.5s/seeded_correct,-450,0,1950,1950,,2,2,False,True,True,5,5,174.7,3.0,4.7,20.3,2,False
Bad Bunny - HOY COBRÉ,midshift-1.5s/seeded_wrong_2s,-450,0,1950,1950,,2,2,False,True,True,5,5,176.2,2.9,4.8,0.0,2,False
Bad Bunny - Si Estuviésemos Juntos,off0/cold,1844,1788,-56,-44,5500,0,3,False,True,True,3,13,199.2,2.3,4.7,96.7,0,True
Bad Bunny - Si Estuviésemos Juntos,off0/seeded_correct,1844,1791,-53,-44,5500,0,3,False,True,True,3,13,187.1,2.4,4.3,100.0,0,True
Bad Bunny - Si Estuviésemos Juntos,off0/seeded_wrong_2s,1844,1789,-55,-44,5500,0,3,False,True,True,3,13,190.9,2.4,4.0,96.7,0,True
Bad Bunny - Si Estuviésemos Juntos,off+200/cold,2044,1988,-56,-44,5500,0,3,False,True,True,3,13,196.0,2.5,4.6,96.7,0,True
Bad Bunny - Si Estuviésemos Juntos,off+200/seeded_correct,2044,1991,-53,-44,5500,0,3,False,True,True,3,13,196.7,2.8,4.5,100.0,0,True
Bad Bunny - Si Estuviésemos Juntos,off+200/seeded_wrong_2s,2044,1989,-55,-44,5500,0,3,False,True,True,3,13,192.7,2.6,4.6,96.7,0,True
Bad Bunny - Si Estuviésemos Juntos,off-200/cold,1644,1588,-56,-44,5500,0,3,False,True,True,3,13,190.4,2.3,4.2,96.7,0,True
Bad Bunny - Si Estuviésemos Juntos,off-200/seeded_correct,1644,1591,-53,-44,5500,0,3,False,True,True,3,13,197.7,2.3,4.6,100.0,0,True
Bad Bunny - Si Estuviésemos Juntos,off-200/seeded_wrong_2s,1644,1589,-55,-44,5500,0,3,False,True,True,3,13,187.9,2.3,4.0,96.7,0,True
Bad Bunny - Si Estuviésemos Juntos,off+2s/cold,3844,3832,-12,-19,58500,0,3,False,False,True,10,13,172.2,3.5,6.4,64.7,0,True
Bad Bunny - Si Estuviésemos Juntos,off+2s/seeded_correct,3844,3791,-53,-44,4000,0,3,False,True,True,3,13,191.3,2.5,4.6,100.0,0,True
Bad Bunny - Si Estuviésemos Juntos,off+2s/seeded_wrong_2s,3844,3789,-55,-44,4000,0,3,False,True,True,3,13,191.0,2.3,4.2,97.6,0,True
Bad Bunny - Si Estuviésemos Juntos,off-2s/cold,-156,-179,-23,6,8500,0,6,False,True,True,7,13,180.8,2.8,5.6,100.0,1,True
Bad Bunny - Si Estuviésemos Juntos,off-2s/seeded_correct,-156,-166,-10,6,8500,0,6,False,True,True,7,13,166.1,2.9,5.1,100.0,1,True
Bad Bunny - Si Estuviésemos Juntos,off-2s/seeded_wrong_2s,-156,-167,-11,6,8500,0,6,False,True,True,7,13,189.9,2.7,6.3,95.0,1,True
Bad Bunny - Si Estuviésemos Juntos,off+10s/cold,11844,11837,-7,6,104000,2,5,False,False,True,11,13,157.6,3.9,7.8,34.0,0,True
Bad Bunny - Si Estuviésemos Juntos,off+10s/second_play,11844,11814,-30,-19,2500,0,3,False,True,True,3,13,188.8,2.6,4.2,100.0,1,True
Bad Bunny - Si Estuviésemos Juntos,off+10s/seeded_correct,11844,11800,-44,-50,2500,0,2,False,True,True,2,13,185.4,2.5,4.2,100.0,0,True
Bad Bunny - Si Estuviésemos Juntos,off+10s/seeded_wrong_2s,11844,11799,-45,-50,2500,0,2,False,True,True,2,13,194.8,2.4,4.5,98.4,0,True
Bad Bunny - Si Estuviésemos Juntos,off-10s/cold,-8156,3000,11156,33481,,1,1,False,False,True,14,13,176.3,3.8,7.9,0.0,2,False
Bad Bunny - Si Estuviésemos Juntos,off-10s/second_play,-8156,2992,11148,33481,,3,3,False,False,False,15,13,167.4,3.8,9.1,0.0,2,False
Bad Bunny - Si Estuviésemos Juntos,off-10s/seeded_correct,-8156,2999,11155,-100,16000,1,1,False,True,False,15,13,166.1,4.0,8.8,100.0,2,False
Bad Bunny - Si Estuviésemos Juntos,off-10s/seeded_wrong_2s,-8156,2999,11155,-100,16000,1,1,False,True,False,15,13,169.1,3.9,8.6,91.0,2,False
Bad Bunny - Si Estuviésemos Juntos,off+25s/cold,26844,26799,-45,-44,27500,0,3,False,False,True,4,13,201.9,3.0,4.8,80.7,0,True
Bad Bunny - Si Estuviésemos Juntos,off+25s/second_play,26844,26799,-45,-45,2500,0,1,False,True,True,1,13,190.9,3.0,4.7,100.0,0,True
Bad Bunny - Si Estuviésemos Juntos,off+25s/seeded_correct,26844,26837,-7,6,2500,0,3,False,True,True,3,13,200.0,2.8,5.4,100.0,1,True
Bad Bunny - Si Estuviésemos Juntos,off+25s/seeded_wrong_2s,26844,26836,-8,6,2500,0,3,False,True,True,4,13,188.9,2.9,5.4,98.2,1,True
Bad Bunny - Si Estuviésemos Juntos,off-25s/cold,-23156,-848,22308,22308,,2,2,False,False,True,15,13,181.1,3.9,7.9,0.0,2,False
Bad Bunny - Si Estuviésemos Juntos,off-25s/second_play,-23156,-848,22308,22308,,2,2,False,False,True,15,13,175.9,3.8,7.8,0.0,2,False
Bad Bunny - Si Estuviésemos Juntos,off-25s/seeded_correct,-23156,-850,22306,22306,,1,1,False,False,True,15,13,184.8,3.9,8.0,70.9,2,False
Bad Bunny - Si Estuviésemos Juntos,off-25s/seeded_wrong_2s,-23156,-850,22306,22306,,1,1,False,False,True,15,13,176.6,3.7,7.3,0.0,2,False
Bad Bunny - Si Estuviésemos Juntos,noise0/cold,1844,1788,-56,-44,5500,0,3,False,True,True,3,13,179.2,2.2,3.9,96.7,0,True
Bad Bunny - Si Estuviésemos Juntos,noise0/seeded_correct,1844,1790,-54,-44,5500,0,3,False,True,True,3,13,181.1,2.3,4.5,100.0,0,True
Bad Bunny - Si Estuviésemos Juntos,noise0/seeded_wrong_2s,1844,1789,-55,-44,5500,0,3,False,True,True,3,13,179.6,2.2,4.4,96.7,0,True
Bad Bunny - Si Estuviésemos Juntos,noise-2s/cold,-156,-179,-23,6,8500,0,6,False,True,True,7,13,173.9,2.6,6.6,100.0,1,True
Bad Bunny - Si Estuviésemos Juntos,noise-2s/seeded_correct,-156,-166,-10,6,8500,0,6,False,True,True,7,13,158.6,2.5,4.5,100.0,1,True
Bad Bunny - Si Estuviésemos Juntos,noise-2s/seeded_wrong_2s,-156,-167,-11,6,8500,0,6,False,True,True,7,13,163.5,2.5,4.6,95.0,1,True
Bad Bunny - Si Estuviésemos Juntos,cutin5s/cold,6844,6822,-22,-19,4000,0,9,False,True,True,9,13,163.2,3.2,6.1,97.5,1,True
Bad Bunny - Si Estuviésemos Juntos,cutin5s/second_play,6844,6835,-9,6,4000,0,8,False,True,True,9,13,150.5,3.3,5.1,100.0,1,True
Bad Bunny - Si Estuviésemos Juntos,cutin5s/seeded_correct,6844,6835,-9,6,4000,0,9,False,True,True,9,13,152.4,3.3,5.1,100.0,1,True
Bad Bunny - Si Estuviésemos Juntos,cutin5s/seeded_wrong_2s,6844,6834,-10,6,4000,0,9,False,True,True,9,13,153.3,3.1,5.2,97.5,1,True
Bad Bunny - Si Estuviésemos Juntos,cutin15s/cold,16844,16800,-44,-44,4000,0,2,False,True,True,3,13,145.3,2.2,3.4,97.4,0,True
Bad Bunny - Si Estuviésemos Juntos,cutin15s/second_play,16844,16800,-44,-44,4000,0,2,False,True,True,3,13,145.8,2.1,3.3,100.0,0,True
Bad Bunny - Si Estuviésemos Juntos,cutin15s/seeded_correct,16844,16800,-44,-50,4000,0,3,False,True,True,3,13,145.0,2.1,3.3,100.0,0,True
Bad Bunny - Si Estuviésemos Juntos,cutin15s/seeded_wrong_2s,16844,16799,-45,-50,4000,0,2,False,True,True,3,13,143.0,2.1,3.3,97.4,0,True
Bad Bunny - Si Estuviésemos Juntos,cutin25s/cold,26844,26800,-44,-44,4000,0,2,False,True,True,4,13,142.2,2.4,4.1,97.2,0,True
Bad Bunny - Si Estuviésemos Juntos,cutin25s/second_play,26844,26800,-44,-44,4000,0,2,False,True,True,4,13,140.9,2.5,3.7,100.0,0,True
Bad Bunny - Si Estuviésemos Juntos,cutin25s/seeded_correct,26844,26835,-9,6,4000,0,3,False,True,True,6,13,139.4,2.3,3.8,100.0,1,True
Bad Bunny - Si Estuviésemos Juntos,cutin25s/seeded_wrong_2s,26844,26833,-11,6,4000,0,3,False,True,True,6,13,148.8,2.2,4.2,97.2,1,True
Bad Bunny - Si Estuviésemos Juntos,blend8s/cold,1844,1799,-45,-44,21000,0,2,False,False,True,3,13,197.9,2.1,4.5,87.5,0,True
Bad Bunny - Si Estuviésemos Juntos,blend8s/seeded_correct,1844,1801,-43,-44,16000,0,2,False,False,True,3,13,195.8,2.3,4.1,100.0,0,True
Bad Bunny - Si Estuviésemos Juntos,blend8s/seeded_wrong_2s,1844,1801,-43,-44,27500,0,2,False,False,True,3,13,200.2,2.5,4.3,83.6,0,True
Bad Bunny - Si Estuviésemos Juntos,midshift+1.5s/cold,1844,3332,-12,6,5500,0,4,False,True,True,7,13,198.6,3.2,5.4,70.2,1,True
Bad Bunny - Si Estuviésemos Juntos,midshift+1.5s/seeded_correct,1844,3341,-3,6,5500,0,4,False,True,True,7,13,199.5,3.2,6.0,86.2,1,True
Bad Bunny - Si Estuviésemos Juntos,midshift+1.5s/seeded_wrong_2s,1844,3344,0,6,5500,0,4,False,True,True,7,13,194.8,3.4,5.7,82.8,1,True
Bad Bunny - Si Estuviésemos Juntos,midshift-1.5s/cold,1844,333,-11,6,5500,0,5,False,True,True,8,13,186.0,3.3,7.3,70.7,1,True
Bad Bunny - Si Estuviésemos Juntos,midshift-1.5s/seeded_correct,1844,343,-1,6,5500,0,5,False,True,True,8,13,185.0,3.3,6.4,81.4,1,True
Bad Bunny - Si Estuviésemos Juntos,midshift-1.5s/seeded_wrong_2s,1844,363,19,6,5500,0,5,False,True,True,8,13,187.1,3.4,6.3,70.7,1,True
