stem,scenario,expected_offset_ms,final_stored_offset_ms,final_stored_error_ms,engine_final_error_ms,time_to_first_correct_lock_ms,wrong_lock_events,n_saves,anchor_matched,progressive_matched,locked_via_stop,windows_evaluated,windows_planned,cpu_ms_total,cpu_ms_p50,cpu_ms_p95,engine_correct_time_pct,monitor_recoveries,correct
Bad Bunny - EoO,off0/cold,-1075,-1057,18,25,16000,0,1,False,True,True,2,21,576.3,1.2,255.2,92.2,0,True
Bad Bunny - EoO,off0/seeded_correct,-1075,-1061,14,25,16000,0,1,False,True,True,2,21,12.4,1.0,2.3,100.0,0,True
Bad Bunny - EoO,off0/seeded_wrong_2s,-1075,-1057,18,25,16000,0,1,False,True,True,2,21,12.3,1.0,2.2,92.2,0,True
Bad Bunny - EoO,off+200/cold,-875,-872,3,0,14500,0,2,False,True,True,1,21,8.3,1.0,1.8,92.9,0,True
Bad Bunny - EoO,off+200/seeded_correct,-875,-872,3,0,14500,0,2,False,True,True,1,21,7.8,0.9,1.7,100.0,0,True
Bad Bunny - EoO,off+200/seeded_wrong_2s,-875,-872,3,0,14500,0,2,False,True,True,1,21,7.8,0.9,1.7,92.9,0,True
Bad Bunny - EoO,off-200/cold,-1275,-1262,13,25,16000,0,1,False,True,True,2,21,12.6,1.1,2.3,92.2,0,True
Bad Bunny - EoO,off-200/seeded_correct,-1275,-1265,10,25,16000,0,1,False,True,True,2,21,12.1,1.0,2.2,100.0,0,True
Bad Bunny - EoO,off-200/seeded_wrong_2s,-1275,-1262,13,25,16000,0,1,False,True,True,2,21,12.1,1.0,2.2,92.2,0,True
Bad Bunny - EoO,off+2s/cold,925,928,3,0,13000,0,2,False,True,True,1,21,8.1,1.0,1.9,93.6,0,True
Bad Bunny - EoO,off+2s/seeded_correct,925,927,2,0,13000,0,2,False,True,True,1,21,7.9,0.9,1.8,100.0,0,True
Bad Bunny - EoO,off+2s/seeded_wrong_2s,925,928,3,0,13000,0,2,False,True,True,1,21,7.9,0.9,1.8,93.6,0,True
Bad Bunny - EoO,off-2s/cold,-3075,-3073,2,0,17500,0,1,False,True,True,3,21,15.8,1.0,2.7,91.5,0,True
Bad Bunny - EoO,off-2s/seeded_correct,-3075,-3074,1,0,17500,0,1,False,True,True,3,21,14.1,1.0,2.2,100.0,0,True
Bad Bunny - EoO,off-2s/seeded_wrong_2s,-3075,-3073,2,0,17500,0,1,False,True,True,3,21,14.2,1.0,2.3,91.5,0,True
Bad Bunny - EoO,off+10s/cold,8925,8925,0,0,77250,0,1,False,False,False,21,21,151.9,2.9,9.0,60.4,0,True
Bad Bunny - EoO,off+10s/second_play,8925,8928,3,0,5500,0,2,False,True,True,1,21,6.1,1.2,2.3,100.0,0,True
Bad Bunny - EoO,off+10s/seeded_correct,8925,8927,2,0,5500,0,2,False,True,True,1,21,6.0,1.2,2.3,100.0,0,True
Bad Bunny - EoO,off+10s/seeded_wrong_2s,8925,8928,3,0,5500,0,2,False,True,True,1,21,6.0,1.2,2.3,97.2,0,True
Bad Bunny - EoO,off-10s/cold,-11075,7775,18850,18850,,1,1,False,False,False,21,21,123.4,3.9,8.2,0.0,0,False
Bad Bunny - EoO,off-10s/second_play,-11075,7775,18850,18850,,1,1,False,False,False,21,21,118.0,3.3,8.1,0.0,0,False
Bad Bunny - EoO,off-10s/seeded_correct,-11075,7775,18850,0,25000,1,1,False,True,False,21,21,117.2,3.7,8.0,100.0,0,False
Bad Bunny - EoO,off-10s/seeded_wrong_2s,-11075,7775,18850,0,25000,1,1,False,True,False,21,21,118.3,3.7,8.2,88.4,0,False
Bad Bunny - EoO,off+25s/cold,23925,23926,1,0,77250,0,4,False,False,True,10,21,83.5,2.3,6.0,57.1,0,True
Bad Bunny - EoO,off+25s/second_play,23925,23929,4,5,2500,0,2,False,True,True,1,21,5.0,2.5,3.1,100.0,0,True
Bad Bunny - EoO,off+25s/seeded_correct,23925,23927,2,0,2500,0,2,False,True,True,1,21,5.0,2.5,3.1,100.0,0,True
Bad Bunny - EoO,off+25s/seeded_wrong_2s,23925,23928,3,0,2500,0,2,False,True,True,1,21,4.7,2.4,3.0,98.6,0,True
Bad Bunny - EoO,off-25s/cold,-26075,11575,37650,37650,,1,1,False,False,False,21,21,104.0,5.1,7.6,0.0,0,False
Bad Bunny - EoO,off-25s/second_play,-26075,11575,37650,37650,,1,1,False,False,False,21,21,102.2,5.1,7.7,0.0,0,False
Bad Bunny - EoO,off-25s/seeded_correct,-26075,11575,37650,37650,,1,1,False,False,False,21,21,100.2,5.0,7.5,74.7,0,False
Bad Bunny - EoO,off-25s/seeded_wrong_2s,-26075,11575,37650,37650,,1,1,False,False,False,21,21,100.7,5.0,7.7,0.0,0,False
Bad Bunny - EoO,noise0/cold,-1075,-1057,18,25,8500,0,1,False,True,True,2,21,6.1,0.1,2.3,95.9,0,True
Bad Bunny - EoO,noise0/seeded_correct,-1075,-1060,15,25,8500,0,1,False,True,True,2,21,5.9,0.1,2.2,100.0,0,True
Bad Bunny - EoO,noise0/seeded_wrong_2s,-1075,-1057,18,25,8500,0,1,False,True,True,2,21,5.9,0.1,2.3,95.9,0,True
Bad Bunny - EoO,noise-2s/cold,-3075,,,25,11500,0,0,False,True,True,3,21,10.5,0.6,3.0,94.4,0,False
Bad Bunny - EoO,noise-2s/seeded_correct,-3075,-3064,11,25,11500,0,1,False,True,True,3,21,9.1,0.6,2.3,100.0,0,True
Bad Bunny - EoO,noise-2s/seeded_wrong_2s,-3075,-1075,2000,25,11500,0,0,False,True,True,3,21,9.1,0.6,2.3,94.4,0,False
Bad Bunny - EoO,cutin5s/cold,3925,3927,2,0,10000,0,2,False,True,True,1,21,6.3,1.3,2.0,95.0,0,True
Bad Bunny - EoO,cutin5s/second_play,3925,3928,3,2,10000,0,2,False,True,True,1,21,5.4,1.0,1.8,100.0,0,True
Bad Bunny - EoO,cutin5s/seeded_correct,3925,3927,2,0,10000,0,2,False,True,True,1,21,5.4,0.9,1.9,100.0,0,True
Bad Bunny - EoO,cutin5s/seeded_wrong_2s,3925,3927,2,0,10000,0,2,False,True,True,1,21,5.4,1.0,1.9,95.0,0,True
Bad Bunny - EoO,cutin15s/cold,13925,13938,13,25,4000,0,2,False,True,True,1,21,4.5,1.5,2.7,97.9,0,True
Bad Bunny - EoO,cutin15s/second_play,13925,13947,22,13,4000,0,2,False,True,True,1,21,3.3,0.9,2.1,100.0,0,True
Bad Bunny - EoO,cutin15s/seeded_correct,13925,13935,10,25,4000,0,2,False,True,True,1,21,3.2,0.9,2.1,100.0,0,True
Bad Bunny - EoO,cutin15s/seeded_wrong_2s,13925,13938,13,25,4000,0,2,False,True,True,1,21,3.3,0.9,2.2,97.9,0,True
Bad Bunny - EoO,cutin25s/cold,23925,23930,5,0,20500,0,2,False,True,True,2,21,36.2,2.5,3.3,88.6,0,True
Bad Bunny - EoO,cutin25s/second_play,23925,23929,4,5,4000,0,2,False,True,True,1,21,3.2,0.9,2.1,100.0,0,True
Bad Bunny - EoO,cutin25s/seeded_correct,23925,23928,3,0,17500,0,2,False,True,True,1,21,14.1,1.1,1.9,100.0,0,True
Bad Bunny - EoO,cutin25s/seeded_wrong_2s,23925,23930,5,0,16000,0,2,False,True,True,2,21,14.6,1.2,2.3,91.1,0,True
Bad Bunny - EoO,blend8s/cold,-1075,-1057,18,25,16000,0,1,False,True,True,2,21,13.5,1.1,2.5,92.2,0,True
Bad Bunny - EoO,blend8s/seeded_correct,-1075,-1061,14,25,16000,0,1,False,True,True,2,21,12.9,1.1,2.4,100.0,0,True
Bad Bunny - EoO,blend8s/seeded_wrong_2s,-1075,-1057,18,25,16000,0,1,False,True,True,2,21,12.8,1.1,2.4,92.2,0,True
Bad Bunny - EoO,midshift+1.5s/cold,-1075,-1057,-1482,-1475,16000,0,1,False,True,True,2,21,13.4,1.1,2.5,21.6,0,False
Bad Bunny - EoO,midshift+1.5s/seeded_correct,-1075,-1061,-1486,-1475,16000,0,1,False,True,True,2,21,12.9,1.1,2.3,29.5,0,False
Bad Bunny - EoO,midshift+1.5s/seeded_wrong_2s,-1075,-1057,-1482,-1475,16000,0,1,False,True,True,2,21,12.7,1.1,2.3,21.6,0,False
Bad Bunny - EoO,midshift-1.5s/cold,-1075,-1057,1518,1525,16000,0,1,False,True,True,2,21,13.7,1.1,2.5,21.3,0,False
Bad Bunny - EoO,midshift-1.5s/seeded_correct,-1075,-1061,1514,1525,16000,0,1,False,True,True,2,21,12.9,1.1,2.4,29.1,0,False
Bad Bunny - EoO,midshift-1.5s/seeded_wrong_2s,-1075,-1057,1518,1525,16000,0,1,False,True,True,2,21,12.7,1.1,2.3,21.3,0,False
Bad Bunny - A Tu Merced,off0/cold,-1050,-1051,-1,-3,13000,0,3,True,True,True,1,10,7.3,1.0,1.9,92.6,0,True
Bad Bunny - A Tu Merced,off0/seeded_correct,-1050,-1051,-1,0,13000,0,2,False,True,True,1,10,6.5,0.9,1.8,100.0,0,True
Bad Bunny - A Tu Merced,off0/seeded_wrong_2s,-1050,-1051,-1,0,13000,0,2,False,True,True,1,10,6.8,0.9,1.8,92.6,0,True
Bad Bunny - A Tu Merced,off+200/cold,-850,-851,-1,-1,11500,0,3,True,True,True,1,10,6.9,1.0,2.0,93.5,0,True
Bad Bunny - A Tu Merced,off+200/seeded_correct,-850,-850,0,0,11500,0,2,False,True,True,1,10,6.4,0.9,1.8,100.0,0,True
Bad Bunny - A Tu Merced,off+200/seeded_wrong_2s,-850,-850,0,0,11500,0,2,False,True,True,1,10,6.7,0.9,2.0,93.5,0,True
Bad Bunny - A Tu Merced,off-200/cold,-1250,-1250,0,0,13000,0,2,False,True,True,1,10,7.2,0.9,2.0,92.6,0,True
Bad Bunny - A Tu Merced,off-200/seeded_correct,-1250,-1250,0,0,13000,0,2,False,True,True,1,10,6.8,0.9,1.9,100.0,0,True
Bad Bunny - A Tu Merced,off-200/seeded_wrong_2s,-1250,-1250,0,0,13000,0,2,False,True,True,1,10,7.0,0.9,1.9,92.6,0,True
Bad Bunny - A Tu Merced,off+2s/cold,950,950,0,0,10000,0,3,True,True,True,1,10,6.8,1.0,2.0,94.3,0,True
Bad Bunny - A Tu Merced,off+2s/seeded_correct,950,950,0,0,10000,0,2,False,True,True,1,10,6.6,1.0,1.9,100.0,0,True
Bad Bunny - A Tu Merced,off+2s/seeded_wrong_2s,950,950,0,0,10000,0,2,False,True,True,1,10,6.6,0.9,2.0,94.3,0,True
Bad Bunny - A Tu Merced,off-2s/cold,-3050,-3052,-2,0,14500,0,5,True,True,True,5,10,21.0,1.0,4.1,91.9,0,True
Bad Bunny - A Tu Merced,off-2s/seeded_correct,-3050,-3050,0,0,14500,0,2,False,True,True,5,10,19.1,1.0,3.2,100.0,0,True
Bad Bunny - A Tu Merced,off-2s/seeded_wrong_2s,-3050,-3050,0,0,14500,0,2,False,True,True,5,10,19.5,1.1,3.3,91.9,0,True
Bad Bunny - A Tu Merced,off+10s/cold,8950,8951,1,0,44250,0,3,False,False,True,5,10,45.8,1.8,4.5,73.4,0,True
Bad Bunny - A Tu Merced,off+10s/second_play,8950,8950,0,1,2500,0,2,False,True,True,1,10,4.0,2.0,2.7,100.0,0,True
Bad Bunny - A Tu Merced,off+10s/seeded_correct,8950,8950,0,0,2500,0,2,False,True,True,1,10,3.8,1.9,2.6,100.0,0,True
Bad Bunny - A Tu Merced,off+10s/seeded_wrong_2s,8950,8950,0,0,2500,0,2,False,True,True,1,10,3.9,1.9,2.6,98.5,0,True
Bad Bunny - A Tu Merced,off-10s/cold,-11050,,,31300,,0,0,False,False,False,10,10,55.3,1.3,6.7,0.0,0,False
Bad Bunny - A Tu Merced,off-10s/second_play,-11050,,,31300,,0,0,False,False,False,10,10,51.8,1.3,6.3,0.0,0,False
Bad Bunny - A Tu Merced,off-10s/seeded_correct,-11050,-11050,0,31300,,0,0,False,True,False,10,10,43.8,1.6,6.2,49.5,0,True
Bad Bunny - A Tu Merced,off-10s/seeded_wrong_2s,-11050,-9050,2000,31300,,0,0,False,True,False,10,10,45.6,1.6,6.5,37.7,0,False
Bad Bunny - A Tu Merced,off+25s/cold,23950,23951,1,0,44250,0,3,False,False,True,5,10,61.9,2.5,5.9,70.8,0,True
Bad Bunny - A Tu Merced,off+25s/second_play,23950,23950,0,1,2500,0,2,False,True,True,1,10,5.4,2.7,3.5,100.0,0,True
Bad Bunny - A Tu Merced,off+25s/seeded_correct,23950,23950,0,0,2500,0,2,False,True,True,1,10,5.0,2.5,3.1,100.0,0,True
Bad Bunny - A Tu Merced,off+25s/seeded_wrong_2s,23950,23950,0,0,2500,0,2,False,True,True,1,10,5.5,2.8,3.5,98.3,0,True
Bad Bunny - A Tu Merced,off-25s/cold,-26050,26125,52175,52175,,2,2,False,False,False,10,10,37.8,3.7,5.9,0.0,0,False
Bad Bunny - A Tu Merced,off-25s/second_play,-26050,26125,52175,52175,,2,2,False,False,False,10,10,34.4,3.6,5.8,0.0,0,False
Bad Bunny - A Tu Merced,off-25s/seeded_correct,-26050,26125,52175,52175,,2,2,False,False,False,10,10,33.8,3.5,5.9,45.8,0,False
Bad Bunny - A Tu Merced,off-25s/seeded_wrong_2s,-26050,26125,52175,52175,,2,2,False,False,False,10,10,35.8,3.5,6.7,0.0,0,False
Bad Bunny - A Tu Merced,noise0/cold,-1050,-1052,-2,-3,8500,0,3,True,True,True,1,10,6.5,1.0,2.0,95.2,0,True
Bad Bunny - A Tu Merced,noise0/seeded_correct,-1050,-1051,-1,0,8500,0,2,False,True,True,1,10,6.0,1.0,1.8,100.0,0,True
Bad Bunny - A Tu Merced,noise0/seeded_wrong_2s,-1050,-1050,0,0,8500,0,3,False,True,True,2,10,8.3,1.0,2.2,95.2,0,True
Bad Bunny - A Tu Merced,noise-2s/cold,-3050,-3053,-3,0,11500,0,2,True,True,True,2,10,9.6,1.0,2.3,93.6,0,True
Bad Bunny - A Tu Merced,noise-2s/seeded_correct,-3050,-3050,0,0,11500,0,1,False,True,True,2,10,9.2,1.0,2.1,100.0,0,True
Bad Bunny - A Tu Merced,noise-2s/seeded_wrong_2s,-3050,-3050,0,0,11500,0,2,False,True,True,3,10,11.5,1.0,2.3,93.6,0,True
Bad Bunny - A Tu Merced,cutin5s/cold,3950,3949,-1,0,7000,0,2,False,True,True,1,10,3.9,0.1,2.1,95.9,0,True
Bad Bunny - A Tu Merced,cutin5s/second_play,3950,3949,-1,-1,7000,0,2,False,True,True,1,10,3.4,0.1,2.0,100.0,0,True
Bad Bunny - A Tu Merced,cutin5s/seeded_correct,3950,3949,-1,0,7000,0,2,False,True,True,1,10,3.4,0.1,1.9,100.0,0,True
Bad Bunny - A Tu Merced,cutin5s/seeded_wrong_2s,3950,3949,-1,0,7000,0,2,False,True,True,1,10,3.3,0.1,1.9,95.9,0,True
Bad Bunny - A Tu Merced,cutin15s/cold,13950,13950,0,0,4000,0,2,False,True,True,1,10,4.3,1.6,2.6,97.5,0,True
Bad Bunny - A Tu Merced,cutin15s/second_play,13950,13950,0,0,4000,0,2,False,True,True,1,10,3.2,0.9,2.1,100.0,0,True
Bad Bunny - A Tu Merced,cutin15s/seeded_correct,13950,13950,0,0,4000,0,2,False,True,True,1,10,3.0,0.9,2.0,100.0,0,True
Bad Bunny - A Tu Merced,cutin15s/seeded_wrong_2s,13950,13950,0,0,4000,0,2,False,True,True,1,10,3.0,0.9,2.0,97.5,0,True
Bad Bunny - A Tu Merced,cutin25s/cold,23950,23952,2,0,4000,0,2,False,True,True,2,10,8.9,2.7,3.4,97.4,0,True
Bad Bunny - A Tu Merced,cutin25s/second_play,23950,23952,2,2,4000,0,2,False,True,True,2,10,5.7,1.6,2.4,100.0,0,True
Bad Bunny - A Tu Merced,cutin25s/seeded_correct,23950,23952,2,0,4000,0,2,False,True,True,2,10,5.6,1.6,2.4,100.0,0,True
Bad Bunny - A Tu Merced,cutin25s/seeded_wrong_2s,23950,23952,2,0,4000,0,2,False,True,True,2,10,5.6,1.6,2.4,97.4,0,True
Bad Bunny - A Tu Merced,blend8s/cold,-1050,-1052,-2,-3,22850,0,3,True,True,True,1,10,22.7,1.4,1.9,87.0,0,True
Bad Bunny - A Tu Merced,blend8s/seeded_correct,-1050,-1051,-1,0,25000,0,2,False,True,True,1,10,21.5,1.3,1.8,100.0,0,True
Bad Bunny - A Tu Merced,blend8s/seeded_wrong_2s,-1050,-1050,0,0,25000,0,3,False,True,True,2,10,24.0,1.3,2.2,85.8,0,True
Bad Bunny - A Tu Merced,midshift+1.5s/cold,-1050,-1051,-1501,-1503,13000,1,3,True,True,True,1,10,7.4,1.0,1.9,26.9,0,False
Bad Bunny - A Tu Merced,midshift+1.5s/seeded_correct,-1050,-1051,-1501,-1500,13000,1,2,False,True,True,1,10,6.7,0.9,1.8,34.3,0,False
Bad Bunny - A Tu Merced,midshift+1.5s/seeded_wrong_2s,-1050,-1051,-1501,-1500,13000,1,2,False,True,True,1,10,6.7,0.9,1.8,26.9,0,False
Bad Bunny - A Tu Merced,midshift-1.5s/cold,-1050,-1051,1499,1497,13000,1,3,True,True,True,1,10,7.6,1.0,2.1,26.4,0,False
Bad Bunny - A Tu Merced,midshift-1.5s/seeded_correct,-1050,-1051,1499,1500,13000,1,2,False,True,True,1,10,6.8,0.9,1.8,33.7,0,False
Bad Bunny - A Tu Merced,midshift-1.5s/seeded_wrong_2s,-1050,-1051,1499,1500,13000,1,2,False,True,True,1,10,6.8,0.9,1.9,26.4,0,False
Bad Bunny - KLOuFRENS,off0/cold,-950,-951,-1,950,,0,2,False,True,True,3,12,10.7,1.2,3.6,0.0,0,True
Bad Bunny - KLOuFRENS,off0/seeded_correct,-950,-950,0,950,,0,1,False,True,True,2,12,6.2,0.6,2.5,3.5,0,True
Bad Bunny - KLOuFRENS,off0/seeded_wrong_2s,-950,-951,-1,950,,0,2,False,True,True,3,12,9.0,1.0,2.8,0.0,0,True
Bad Bunny - KLOuFRENS,off+200/cold,-750,-751,-1,950,,0,2,False,True,True,3,12,10.4,1.1,3.6,0.0,0,True
Bad Bunny - KLOuFRENS,off+200/seeded_correct,-750,-751,-1,950,,0,1,False,True,True,2,12,6.4,0.6,2.5,3.5,0,True
Bad Bunny - KLOuFRENS,off+200/seeded_wrong_2s,-750,-751,-1,950,,0,2,False,True,True,3,12,9.1,1.0,2.8,0.0,0,True
Bad Bunny - KLOuFRENS,off-200/cold,-1150,-1141,9,950,,0,2,False,True,True,3,12,11.7,1.1,3.6,0.0,0,True
Bad Bunny - KLOuFRENS,off-200/seeded_correct,-1150,-1142,8,950,,0,1,False,True,True,2,12,7.3,1.0,2.5,4.3,0,True
Bad Bunny - KLOuFRENS,off-200/seeded_wrong_2s,-1150,-1141,9,950,,0,2,False,True,True,3,12,10.3,1.0,2.8,0.0,0,True
Bad Bunny - KLOuFRENS,off+2s/cold,1050,1049,-1,950,,0,2,False,True,True,3,12,11.4,1.8,3.7,0.0,0,True
Bad Bunny - KLOuFRENS,off+2s/seeded_correct,1050,1049,-1,950,,0,1,False,True,True,2,12,7.1,1.0,2.6,2.8,0,True
Bad Bunny - KLOuFRENS,off+2s/seeded_wrong_2s,1050,1049,-1,950,,0,2,False,True,True,3,12,10.0,1.7,2.9,0.0,0,True
Bad Bunny - KLOuFRENS,off-2s/cold,-2950,-2953,-3,950,,0,3,True,True,True,5,12,20.3,1.1,4.7,0.0,0,True
Bad Bunny - KLOuFRENS,off-2s/seeded_correct,-2950,-2951,-1,950,,0,2,False,True,True,4,12,13.4,1.0,3.1,5.0,0,True
Bad Bunny - KLOuFRENS,off-2s/seeded_wrong_2s,-2950,28350,31300,950,,2,2,False,True,False,12,12,59.5,3.0,6.6,0.0,0,False
Bad Bunny - KLOuFRENS,off+10s/cold,9050,9047,-3,0,45000,0,5,False,False,True,8,12,64.3,2.0,5.8,76.2,0,True
Bad Bunny - KLOuFRENS,off+10s/second_play,9050,9049,-1,950,,0,1,False,True,True,2,12,7.0,2.8,2.9,1.3,0,True
Bad Bunny - KLOuFRENS,off+10s/seeded_correct,9050,9049,-1,950,,0,1,False,True,True,2,12,7.0,2.9,2.9,1.3,0,True
Bad Bunny - KLOuFRENS,off+10s/seeded_wrong_2s,9050,9049,-1,950,,0,2,False,True,True,3,12,10.4,3.0,3.2,0.0,0,True
Bad Bunny - KLOuFRENS,off-10s/cold,-10950,20352,31302,31300,,3,3,False,False,True,11,12,58.9,1.6,6.1,0.0,0,False
Bad Bunny - KLOuFRENS,off-10s/second_play,-10950,20351,31301,31302,,3,3,False,False,True,9,12,42.2,1.3,5.1,0.0,0,False
Bad Bunny - KLOuFRENS,off-10s/seeded_correct,-10950,20351,31301,950,,3,3,False,True,True,12,12,57.1,2.4,7.2,8.4,0,False
Bad Bunny - KLOuFRENS,off-10s/seeded_wrong_2s,-10950,20351,31301,950,,3,3,False,True,True,12,12,56.5,2.5,6.3,0.0,0,False
Bad Bunny - KLOuFRENS,off+25s/cold,24050,24048,-2,0,45000,0,3,False,False,True,5,12,60.9,2.4,5.5,74.1,0,True
Bad Bunny - KLOuFRENS,off+25s/second_play,24050,24049,-1,-2,4000,0,2,False,True,True,1,12,7.1,1.9,3.2,100.0,0,True
Bad Bunny - KLOuFRENS,off+25s/seeded_correct,24050,24050,0,0,4000,0,2,False,True,True,1,12,7.1,1.9,3.2,100.0,0,True
Bad Bunny - KLOuFRENS,off+25s/seeded_wrong_2s,24050,24050,0,0,4000,0,2,False,True,True,1,12,7.0,1.9,3.1,97.7,0,True
Bad Bunny - KLOuFRENS,off-25s/cold,-25950,5352,31302,31300,,3,3,False,False,True,11,12,42.1,4.0,5.7,0.0,0,False
Bad Bunny - KLOuFRENS,off-25s/second_play,-25950,5351,31301,31302,,3,3,False,False,True,9,12,28.3,3.0,4.9,0.0,0,False
Bad Bunny - KLOuFRENS,off-25s/seeded_correct,-25950,5351,31301,31300,,3,3,False,False,True,12,12,44.5,4.1,5.7,27.9,0,False
Bad Bunny - KLOuFRENS,off-25s/seeded_wrong_2s,-25950,5351,31301,31300,,3,3,False,False,True,12,12,44.6,4.2,5.7,0.0,0,False
Bad Bunny - KLOuFRENS,noise0/cold,-950,-951,-1,950,,0,2,False,True,True,3,12,9.9,1.1,3.4,0.0,0,True
Bad Bunny - KLOuFRENS,noise0/seeded_correct,-950,-950,0,950,,0,1,False,True,True,2,12,5.8,0.6,2.3,3.5,0,True
Bad Bunny - KLOuFRENS,noise0/seeded_wrong_2s,-950,-951,-1,950,,0,2,False,True,True,3,12,8.4,1.0,2.6,0.0,0,True
Bad Bunny - KLOuFRENS,noise-2s/cold,-2950,-2953,-3,950,,0,3,True,True,True,5,12,18.9,1.1,4.2,0.0,0,True
Bad Bunny - KLOuFRENS,noise-2s/seeded_correct,-2950,-2951,-1,950,,0,2,False,True,True,5,12,15.8,1.0,3.3,5.0,0,True
Bad Bunny - KLOuFRENS,noise-2s/seeded_wrong_2s,-2950,28350,31300,950,,2,2,False,True,False,12,12,57.3,2.8,6.5,0.0,0,False
Bad Bunny - KLOuFRENS,cutin5s/cold,4050,4049,-1,0,45000,0,3,False,True,True,4,12,14.8,2.6,4.2,76.8,0,True
Bad Bunny - KLOuFRENS,cutin5s/second_play,4050,4050,0,0,38500,0,3,False,True,True,4,12,12.1,2.4,3.2,82.2,0,True
Bad Bunny - KLOuFRENS,cutin5s/seeded_correct,4050,4049,-1,0,38500,0,3,False,True,True,4,12,12.1,2.4,3.2,82.2,0,True
Bad Bunny - KLOuFRENS,cutin5s/seeded_wrong_2s,4050,4049,-1,0,38500,0,3,False,True,True,4,12,12.2,2.4,3.3,80.2,0,True
Bad Bunny - KLOuFRENS,cutin15s/cold,14050,14050,0,0,4000,0,2,False,True,True,1,12,4.5,1.5,2.8,97.8,0,True
Bad Bunny - KLOuFRENS,cutin15s/second_play,14050,14050,0,0,4000,0,2,False,True,True,1,12,3.1,0.9,2.0,100.0,0,True
Bad Bunny - KLOuFRENS,cutin15s/seeded_correct,14050,14050,0,0,4000,0,2,False,True,True,1,12,3.1,0.9,2.0,100.0,0,True
Bad Bunny - KLOuFRENS,cutin15s/seeded_wrong_2s,14050,14050,0,0,4000,0,2,False,True,True,1,12,3.3,0.9,2.2,97.8,0,True
Bad Bunny - KLOuFRENS,cutin25s/cold,24050,24051,1,0,4000,0,2,False,True,True,2,12,9.0,2.7,3.5,97.7,0,True
Bad Bunny - KLOuFRENS,cutin25s/second_play,24050,24051,1,1,4000,0,3,False,True,True,2,12,5.8,1.6,2.5,100.0,0,True
Bad Bunny - KLOuFRENS,cutin25s/seeded_correct,24050,24051,1,0,4000,0,3,False,True,True,2,12,5.8,1.6,2.5,100.0,0,True
Bad Bunny - KLOuFRENS,cutin25s/seeded_wrong_2s,24050,24051,1,0,4000,0,2,False,True,True,2,12,5.9,1.6,2.5,97.7,0,True
Bad Bunny - KLOuFRENS,blend8s/cold,-950,-951,-1,0,38500,0,4,False,True,True,4,12,18.6,1.1,4.1,80.7,0,True
Bad Bunny - KLOuFRENS,blend8s/seeded_correct,-950,-951,-1,0,38500,0,3,False,True,True,4,12,15.9,1.1,3.0,85.7,0,True
Bad Bunny - KLOuFRENS,blend8s/seeded_wrong_2s,-950,-951,-1,0,38500,0,4,False,True,True,4,12,15.9,1.1,2.9,80.7,0,True
Bad Bunny - KLOuFRENS,midshift+1.5s/cold,-950,-951,-1501,-550,,1,2,False,True,True,3,12,10.9,1.2,3.8,0.0,0,False
Bad Bunny - KLOuFRENS,midshift+1.5s/seeded_correct,-950,-950,-1500,-550,,0,1,False,True,True,2,12,6.6,0.7,2.5,3.5,0,False
Bad Bunny - KLOuFRENS,midshift+1.5s/seeded_wrong_2s,-950,-951,-1501,-550,,1,2,False,True,True,3,12,9.5,1.0,2.9,0.0,0,False
Bad Bunny - KLOuFRENS,midshift-1.5s/cold,-950,-951,1499,2450,,1,2,False,True,True,3,12,11.1,1.2,3.8,0.0,0,False
Bad Bunny - KLOuFRENS,midshift-1.5s/seeded_correct,-950,-950,1500,2450,,0,1,False,True,True,2,12,6.9,0.6,2.7,3.5,0,False
Bad Bunny - KLOuFRENS,midshift-1.5s/seeded_wrong_2s,-950,-951,1499,2450,,1,2,False,True,True,3,12,10.0,1.1,3.2,0.0,0,False
Bad Bunny - NADIE SABE,off0/cold,-1000,-1,999,1000,,2,2,False,True,True,1,8,6.2,1.1,2.5,0.0,0,False
Bad Bunny - NADIE SABE,off0/seeded_correct,-1000,-2,998,1000,,2,2,False,True,True,1,8,6.2,1.0,2.6,1.9,0,False
Bad Bunny - NADIE SABE,off0/seeded_wrong_2s,-1000,-1,999,1000,,2,2,False,True,True,1,8,5.4,1.0,2.1,0.0,0,False
Bad Bunny - NADIE SABE,off+200/cold,-800,199,999,1000,,2,2,False,True,True,1,8,5.9,1.1,2.3,0.0,0,False
Bad Bunny - NADIE SABE,off+200/seeded_correct,-800,198,998,1000,,2,2,False,True,True,1,8,5.4,1.0,2.1,1.9,0,False
Bad Bunny - NADIE SABE,off+200/seeded_wrong_2s,-800,199,999,1000,,2,2,False,True,True,1,8,5.4,1.0,2.1,0.0,0,False
Bad Bunny - NADIE SABE,off-200/cold,-1200,-201,999,1000,,2,2,False,True,True,1,8,7.1,1.0,2.0,0.0,0,False
Bad Bunny - NADIE SABE,off-200/seeded_correct,-1200,-202,998,1000,,2,2,False,True,True,1,8,6.7,0.9,2.0,3.0,0,False
Bad Bunny - NADIE SABE,off-200/seeded_wrong_2s,-1200,-201,999,1000,,2,2,False,True,True,1,8,6.8,0.9,2.0,0.0,0,False
Bad Bunny - NADIE SABE,off+2s/cold,1000,1999,999,1000,,2,2,False,True,True,1,8,6.3,1.0,2.2,0.0,0,False
Bad Bunny - NADIE SABE,off+2s/seeded_correct,1000,1998,998,1000,,2,2,False,True,True,1,8,6.1,0.9,2.2,2.7,0,False
Bad Bunny - NADIE SABE,off+2s/seeded_wrong_2s,1000,1999,999,1000,,2,2,False,True,True,1,8,5.9,0.9,2.1,0.0,0,False
Bad Bunny - NADIE SABE,off-2s/cold,-3000,-2001,999,1000,,2,2,False,True,True,2,8,9.4,1.0,2.4,0.0,0,False
Bad Bunny - NADIE SABE,off-2s/seeded_correct,-3000,-2001,999,1000,,2,2,False,True,True,2,8,8.9,0.9,2.4,3.4,0,False
Bad Bunny - NADIE SABE,off-2s/seeded_wrong_2s,-3000,-2000,1000,1000,,2,2,False,True,True,2,8,9.0,0.9,2.4,0.0,0,False
Bad Bunny - NADIE SABE,off+10s/cold,9000,9005,5,0,201500,0,3,False,False,True,7,8,81.5,1.6,15.0,45.1,0,True
Bad Bunny - NADIE SABE,off+10s/second_play,9000,9999,999,1005,,2,2,False,True,True,1,8,4.4,2.2,3.0,0.7,0,False
Bad Bunny - NADIE SABE,off+10s/seeded_correct,9000,9998,998,1000,,2,2,False,True,True,1,8,4.3,2.2,3.0,0.7,0,False
Bad Bunny - NADIE SABE,off+10s/seeded_wrong_2s,9000,9999,999,1000,,2,2,False,True,True,1,8,4.6,2.3,3.2,0.0,0,False
Bad Bunny - NADIE SABE,off-10s/cold,-11000,,,11000,,0,0,False,False,False,8,8,81.2,1.3,19.1,0.0,0,False
Bad Bunny - NADIE SABE,off-10s/second_play,-11000,,,11000,,0,0,False,False,False,8,8,79.9,1.3,19.0,0.0,0,False
Bad Bunny - NADIE SABE,off-10s/seeded_correct,-11000,-11000,0,1000,,0,0,False,True,False,8,8,74.5,1.3,18.3,5.7,0,True
Bad Bunny - NADIE SABE,off-10s/seeded_wrong_2s,-11000,-9000,2000,1000,,0,0,False,True,False,8,8,75.7,1.2,18.7,0.0,0,False
Bad Bunny - NADIE SABE,off+25s/cold,24000,23998,-2,0,41000,0,3,False,False,True,5,8,60.5,2.6,6.0,88.4,0,True
Bad Bunny - NADIE SABE,off+25s/second_play,24000,24998,998,998,,2,2,False,True,True,1,8,5.6,2.8,3.5,0.7,0,False
Bad Bunny - NADIE SABE,off+25s/seeded_correct,24000,24998,998,1000,,2,2,False,True,True,1,8,5.3,2.7,3.4,0.7,0,False
Bad Bunny - NADIE SABE,off+25s/seeded_wrong_2s,24000,24999,999,1000,,2,2,False,True,True,1,8,5.4,2.7,3.4,0.0,0,False
Bad Bunny - NADIE SABE,off-25s/cold,-26000,,,26000,,0,0,False,False,False,8,8,69.7,3.3,17.9,0.0,0,False
Bad Bunny - NADIE SABE,off-25s/second_play,-26000,,,26000,,0,0,False,False,False,8,8,69.8,3.3,18.1,0.0,0,False
Bad Bunny - NADIE SABE,off-25s/seeded_correct,-26000,-26000,0,0,,0,0,False,False,False,8,8,65.6,1.9,18.0,100.0,0,True
Bad Bunny - NADIE SABE,off-25s/seeded_wrong_2s,-26000,-24000,2000,2000,,0,0,False,False,False,8,8,64.9,2.0,17.5,0.0,0,False
Bad Bunny - NADIE SABE,noise0/cold,-1000,-2,998,1000,,2,2,False,True,True,1,8,5.2,1.0,1.9,0.0,0,False
Bad Bunny - NADIE SABE,noise0/seeded_correct,-1000,-2,998,1000,,2,2,False,True,True,1,8,5.2,1.0,2.0,1.9,0,False
Bad Bunny - NADIE SABE,noise0/seeded_wrong_2s,-1000,-1,999,1000,,2,2,False,True,True,1,8,5.0,1.0,1.9,0.0,0,False
Bad Bunny - NADIE SABE,noise-2s/cold,-3000,-2001,999,1000,,2,2,False,True,True,2,8,8.4,1.0,2.2,0.0,0,False
Bad Bunny - NADIE SABE,noise-2s/seeded_correct,-3000,-2001,999,1000,,2,2,False,True,True,2,8,8.0,0.9,2.1,2.6,0,False
Bad Bunny - NADIE SABE,noise-2s/seeded_wrong_2s,-3000,-2000,1000,1000,,2,2,False,True,True,2,8,8.1,1.0,2.1,0.0,0,False
Bad Bunny - NADIE SABE,cutin5s/cold,4000,4999,999,1000,,2,2,False,True,True,1,8,4.1,0.7,2.5,0.0,0,False
Bad Bunny - NADIE SABE,cutin5s/second_play,4000,4999,999,999,,2,2,False,True,True,1,8,3.6,0.6,2.2,0.0,0,False
Bad Bunny - NADIE SABE,cutin5s/seeded_correct,4000,4999,999,1000,,2,2,False,True,True,1,8,3.5,0.5,2.2,1.5,0,False
Bad Bunny - NADIE SABE,cutin5s/seeded_wrong_2s,4000,5000,1000,1000,,2,2,False,True,True,1,8,3.5,0.5,2.2,0.0,0,False
Bad Bunny - NADIE SABE,cutin15s/cold,14000,14999,999,1000,,2,2,False,True,True,1,8,4.3,1.5,2.6,0.0,0,False
Bad Bunny - NADIE SABE,cutin15s/second_play,14000,14999,999,999,,2,2,False,True,True,1,8,3.2,0.9,2.1,0.0,0,False
Bad Bunny - NADIE SABE,cutin15s/seeded_correct,14000,14998,998,1000,,2,2,False,True,True,1,8,3.2,0.9,2.1,1.1,0,False
Bad Bunny - NADIE SABE,cutin15s/seeded_wrong_2s,14000,14999,999,1000,,2,2,False,True,True,1,8,3.2,1.0,2.1,0.0,0,False
Bad Bunny - NADIE SABE,cutin25s/cold,24000,23998,-2,0,11500,0,2,False,True,True,3,8,18.9,2.1,4.2,96.7,0,True
Bad Bunny - NADIE SABE,cutin25s/second_play,24000,23998,-2,-2,10000,0,2,False,True,True,3,8,12.7,1.0,3.9,100.0,0,True
Bad Bunny - NADIE SABE,cutin25s/seeded_correct,24000,23998,-2,0,10000,0,2,False,True,True,3,8,12.9,1.0,4.0,100.0,0,True
Bad Bunny - NADIE SABE,cutin25s/seeded_wrong_2s,24000,23998,-2,0,11500,0,2,False,True,True,3,8,13.6,1.1,3.7,96.7,0,True
Bad Bunny - NADIE SABE,blend8s/cold,-1000,-4,996,1000,,3,3,False,False,True,2,8,22.6,1.4,2.2,0.0,0,False
Bad Bunny - NADIE SABE,blend8s/seeded_correct,-1000,-4,996,1000,,3,3,False,False,True,2,8,21.7,1.3,2.2,6.4,0,False
Bad Bunny - NADIE SABE,blend8s/seeded_wrong_2s,-1000,-3,997,1000,,3,3,False,False,True,2,8,21.7,1.4,2.2,0.0,0,False
Bad Bunny - NADIE SABE,midshift+1.5s/cold,-1000,-1,-501,-500,,2,2,False,True,True,1,8,6.0,1.1,2.4,0.0,0,False
Bad Bunny - NADIE SABE,midshift+1.5s/seeded_correct,-1000,-2,-502,-500,,2,2,False,True,True,1,8,5.5,1.0,2.2,1.9,0,False
Bad Bunny - NADIE SABE,midshift+1.5s/seeded_wrong_2s,-1000,-1,-501,-500,,2,2,False,True,True,1,8,5.7,1.1,2.3,0.0,0,False
Bad Bunny - NADIE SABE,midshift-1.5s/cold,-1000,-1,2499,2500,,2,2,False,True,True,1,8,6.4,1.1,2.6,0.0,0,False
Bad Bunny - NADIE SABE,midshift-1.5s/seeded_correct,-1000,-2,2498,2500,,2,2,False,True,True,1,8,5.9,0.9,2.5,1.8,0,False
Bad Bunny - NADIE SABE,midshift-1.5s/seeded_wrong_2s,-1000,-1,2499,2500,,2,2,False,True,True,1,8,5.4,1.0,2.2,0.0,0,False
Bad Bunny - 120,off0/cold,-1025,-1027,-2,-3,46575,0,3,True,True,True,5,6,23.2,1.1,5.1,69.1,0,True
Bad Bunny - 120,off0/seeded_correct,-1025,-1028,-3,0,57750,0,4,False,True,True,5,6,19.5,1.1,3.9,69.3,0,True
Bad Bunny - 120,off0/seeded_wrong_2s,-1025,-1028,-3,-3,57750,0,2,False,True,True,5,6,19.3,1.1,4.0,61.7,0,True
Bad Bunny - 120,off+200/cold,-825,-829,-4,0,57750,0,2,False,True,True,5,6,22.8,1.2,5.1,61.7,0,True
Bad Bunny - 120,off+200/seeded_correct,-825,-828,-3,0,57750,0,4,False,True,True,5,6,19.3,1.1,4.0,68.3,0,True
Bad Bunny - 120,off+200/seeded_wrong_2s,-825,-829,-4,-4,57750,0,2,False,True,True,5,6,19.3,1.1,4.1,61.7,0,True
Bad Bunny - 120,off-200/cold,-1225,-1227,-2,-6,44850,0,4,True,True,True,5,6,22.6,1.1,4.9,70.3,0,True
Bad Bunny - 120,off-200/seeded_correct,-1225,-1223,2,0,57750,0,3,False,True,True,5,6,20.4,1.1,4.3,69.4,0,True
Bad Bunny - 120,off-200/seeded_wrong_2s,-1225,-1223,2,2,57750,0,2,False,True,True,5,6,19.8,1.1,4.0,61.8,0,True
Bad Bunny - 120,off+2s/cold,975,971,-4,0,57750,0,2,False,True,True,5,6,23.2,1.8,5.1,61.2,0,True
Bad Bunny - 120,off+2s/seeded_correct,975,972,-3,0,57750,0,4,False,True,True,5,6,19.8,1.8,4.2,66.9,0,True
Bad Bunny - 120,off+2s/seeded_wrong_2s,975,971,-4,-4,57750,0,2,False,True,True,5,6,19.8,1.8,4.3,61.2,0,True
Bad Bunny - 120,off-2s/cold,-3025,-3028,-3,1025,,0,3,True,True,False,6,6,28.2,1.1,4.9,0.0,0,True
Bad Bunny - 120,off-2s/seeded_correct,-3025,-3025,0,1025,,0,0,False,True,False,6,6,25.7,1.2,5.1,8.5,0,True
Bad Bunny - 120,off-2s/seeded_wrong_2s,-3025,-1025,2000,1025,,0,0,False,True,False,6,6,24.9,1.0,4.9,0.0,0,False
Bad Bunny - 120,off+10s/cold,8975,8975,0,0,57750,0,1,False,False,False,6,6,52.5,1.9,5.6,59.0,0,True
Bad Bunny - 120,off+10s/second_play,8975,8972,-3,-3,57750,0,3,False,True,True,5,6,19.8,3.2,5.1,60.8,0,True
Bad Bunny - 120,off+10s/seeded_correct,8975,8972,-3,0,57750,0,4,False,True,True,5,6,20.2,3.2,5.4,60.8,0,True
Bad Bunny - 120,off+10s/seeded_wrong_2s,8975,8971,-4,-4,57750,0,2,False,True,True,5,6,19.9,3.3,5.0,59.0,0,True
Bad Bunny - 120,off-10s/cold,-11025,,,11025,,0,0,False,True,False,6,6,25.2,1.1,4.8,0.0,0,False
Bad Bunny - 120,off-10s/second_play,-11025,,,11025,,0,0,False,True,False,6,6,24.9,1.1,4.7,0.0,0,False
Bad Bunny - 120,off-10s/seeded_correct,-11025,-11025,0,1025,,0,0,False,True,False,6,6,20.8,1.0,4.5,12.7,0,True
Bad Bunny - 120,off-10s/seeded_wrong_2s,-11025,-9025,2000,1025,,0,0,False,True,False,6,6,21.1,1.1,4.5,0.0,0,False
Bad Bunny - 120,off+25s/cold,23975,23975,0,0,57750,0,1,False,False,False,6,6,68.5,2.5,6.2,54.1,0,True
Bad Bunny - 120,off+25s/second_play,23975,23972,-3,0,2500,0,2,False,True,True,1,6,5.5,2.7,3.5,100.0,0,True
Bad Bunny - 120,off+25s/seeded_correct,23975,23972,-3,0,2500,0,2,False,True,True,1,6,5.2,2.6,3.3,100.0,0,True
Bad Bunny - 120,off+25s/seeded_wrong_2s,23975,23972,-3,0,2500,0,2,False,True,True,1,6,5.6,2.8,3.7,98.0,0,True
Bad Bunny - 120,off-25s/cold,-26025,,,26025,,0,0,False,False,False,6,6,16.4,1.7,4.3,0.0,0,False
Bad Bunny - 120,off-25s/second_play,-26025,,,26025,,0,0,False,False,False,6,6,15.6,1.7,4.1,0.0,0,False
Bad Bunny - 120,off-25s/seeded_correct,-26025,-26025,0,0,,0,0,False,False,False,6,6,13.2,1.6,3.8,100.0,0,True
Bad Bunny - 120,off-25s/seeded_wrong_2s,-26025,-24025,2000,2000,,0,0,False,False,False,6,6,13.3,1.5,3.8,0.0,0,False
Bad Bunny - 120,noise0/cold,-1025,-1027,-2,1025,,0,3,True,True,True,5,6,21.4,2.4,4.6,0.0,0,True
Bad Bunny - 120,noise0/seeded_correct,-1025,-1028,-3,1025,,0,1,False,True,True,4,6,13.8,1.7,3.0,4.6,0,True
Bad Bunny - 120,noise0/seeded_wrong_2s,-1025,-1028,-3,1025,,0,2,False,True,True,5,6,18.2,2.2,4.1,0.0,0,True
Bad Bunny - 120,noise-2s/cold,-3025,-3031,-6,1025,,0,1,True,True,True,4,6,16.9,1.0,4.1,0.0,0,True
Bad Bunny - 120,noise-2s/seeded_correct,-3025,-3025,0,1025,,0,0,False,True,False,6,6,23.2,1.6,4.5,6.5,0,True
Bad Bunny - 120,noise-2s/seeded_wrong_2s,-3025,-1025,2000,1025,,0,0,False,True,False,6,6,22.8,1.5,4.5,0.0,0,False
Bad Bunny - 120,cutin5s/cold,3975,3971,-4,0,57750,0,2,False,True,True,5,6,19.4,2.6,4.6,60.4,0,True
Bad Bunny - 120,cutin5s/second_play,3975,3973,-2,-2,57750,0,3,False,True,True,5,6,16.5,2.3,4.1,64.2,0,True
Bad Bunny - 120,cutin5s/seeded_correct,3975,3972,-3,-3,57750,0,3,False,True,True,5,6,16.9,2.4,4.4,64.2,0,True
Bad Bunny - 120,cutin5s/seeded_wrong_2s,3975,3971,-4,-4,57750,0,2,False,True,True,5,6,16.6,2.3,4.3,60.4,0,True
Bad Bunny - 120,cutin15s/cold,13975,13972,-3,0,10000,0,2,False,True,True,1,6,10.6,1.6,2.4,92.6,0,True
Bad Bunny - 120,cutin15s/second_play,13975,13972,-3,-3,4000,0,2,False,True,True,1,6,3.1,0.9,2.0,100.0,0,True
Bad Bunny - 120,cutin15s/seeded_correct,13975,13972,-3,0,4000,0,2,False,True,True,1,6,3.2,0.9,2.1,100.0,0,True
Bad Bunny - 120,cutin15s/seeded_wrong_2s,13975,13971,-4,0,4000,0,2,False,True,True,1,6,3.1,0.9,2.0,97.1,0,True
Bad Bunny - 120,cutin25s/cold,23975,23972,-3,0,4000,0,2,False,True,True,1,6,5.3,2.0,3.1,96.8,0,True
Bad Bunny - 120,cutin25s/second_play,23975,23972,-3,-3,4000,0,2,False,True,True,1,6,3.2,0.9,2.1,100.0,0,True
Bad Bunny - 120,cutin25s/seeded_correct,23975,23972,-3,0,4000,0,2,False,True,True,1,6,3.2,0.9,2.1,100.0,0,True
Bad Bunny - 120,cutin25s/seeded_wrong_2s,23975,23972,-3,0,4000,0,2,False,True,True,1,6,3.1,0.9,2.1,96.8,0,True
Bad Bunny - 120,blend8s/cold,-1025,-1027,-2,-3,46575,0,3,True,True,True,5,6,21.4,1.1,4.5,69.1,0,True
Bad Bunny - 120,blend8s/seeded_correct,-1025,-1028,-3,0,57750,0,4,False,True,True,5,6,18.5,1.0,3.8,69.3,0,True
Bad Bunny - 120,blend8s/seeded_wrong_2s,-1025,-1028,-3,-3,57750,0,2,False,True,True,5,6,18.8,1.1,3.8,61.7,0,True
Bad Bunny - 120,midshift+1.5s/cold,-1025,-1027,-1502,-1503,46575,1,3,True,True,True,5,6,23.0,1.1,5.2,9.0,0,False
Bad Bunny - 120,midshift+1.5s/seeded_correct,-1025,-1028,-1503,-1500,57750,1,4,False,True,True,5,6,19.0,1.0,4.0,9.2,0,False
Bad Bunny - 120,midshift+1.5s/seeded_wrong_2s,-1025,-1028,-1503,-1503,57750,1,2,False,True,True,5,6,19.0,1.0,3.9,1.5,0,False
Bad Bunny - 120,midshift-1.5s/cold,-1025,-1027,1498,1497,46575,1,3,True,True,True,5,6,22.3,1.1,4.9,8.8,0,False
Bad Bunny - 120,midshift-1.5s/seeded_correct,-1025,-1028,1497,1500,57750,1,4,False,True,True,5,6,18.8,1.0,3.8,9.0,0,False
Bad Bunny - 120,midshift-1.5s/seeded_wrong_2s,-1025,-1028,1497,1497,57750,1,2,False,True,True,5,6,18.8,1.1,3.8,1.5,0,False
"Arcángel, Bad Bunny - La Jumpa",off0/cold,350,349,-1,0,7000,0,2,False,True,True,1,13,5.9,1.1,2.3,97.2,0,True
"Arcángel, Bad Bunny - La Jumpa",off0/seeded_correct,350,349,-1,0,7000,0,2,False,True,True,1,13,5.2,0.9,2.0,100.0,0,True
"Arcángel, Bad Bunny - La Jumpa",off0/seeded_wrong_2s,350,349,-1,0,7000,0,2,False,True,True,1,13,5.3,0.9,2.1,97.2,0,True
"Arcángel, Bad Bunny - La Jumpa",off+200/cold,550,549,-1,0,7000,0,2,False,True,True,1,13,5.5,1.0,2.2,97.2,0,True
"Arcángel, Bad Bunny - La Jumpa",off+200/seeded_correct,550,549,-1,0,7000,0,2,False,True,True,1,13,5.2,1.0,2.0,100.0,0,True
"Arcángel, Bad Bunny - La Jumpa",off+200/seeded_wrong_2s,550,549,-1,0,7000,0,2,False,True,True,1,13,5.3,1.0,2.1,97.2,0,True
"Arcángel, Bad Bunny - La Jumpa",off-200/cold,150,149,-1,0,7000,0,2,False,True,True,1,13,5.5,1.0,2.1,100.0,0,True
"Arcángel, Bad Bunny - La Jumpa",off-200/seeded_correct,150,149,-1,0,7000,0,2,False,True,True,1,13,5.2,0.9,2.1,100.0,0,True
"Arcángel, Bad Bunny - La Jumpa",off-200/seeded_wrong_2s,150,149,-1,0,7000,0,2,False,True,True,1,13,5.3,1.0,2.1,97.3,0,True
"Arcángel, Bad Bunny - La Jumpa",off+2s/cold,2350,2349,-1,0,5500,0,2,False,True,True,1,13,6.1,1.1,2.7,97.8,0,True
"Arcángel, Bad Bunny - La Jumpa",off+2s/seeded_correct,2350,2349,-1,0,5500,0,2,False,True,True,1,13,5.6,1.1,2.2,100.0,0,True
"Arcángel, Bad Bunny - La Jumpa",off+2s/seeded_wrong_2s,2350,2349,-1,0,5500,0,2,False,True,True,1,13,5.3,1.0,2.2,97.8,0,True
"Arcángel, Bad Bunny - La Jumpa",off-2s/cold,-1650,-1651,-1,0,10000,0,2,False,True,True,2,13,8.2,1.0,2.5,96.1,0,True
"Arcángel, Bad Bunny - La Jumpa",off-2s/seeded_correct,-1650,-1650,0,0,10000,0,2,False,True,True,1,13,5.2,0.9,1.8,100.0,0,True
"Arcángel, Bad Bunny - La Jumpa",off-2s/seeded_wrong_2s,-1650,-1651,-1,0,10000,0,2,False,True,True,2,13,8.4,1.0,2.6,96.1,0,True
"Arcángel, Bad Bunny - La Jumpa",off+10s/cold,10350,10344,-6,0,40000,0,3,False,False,True,5,13,47.0,1.9,4.7,83.6,0,True
"Arcángel, Bad Bunny - La Jumpa",off+10s/second_play,10350,10348,-2,-6,2500,0,2,False,True,True,1,13,4.1,2.0,2.7,100.0,0,True
"Arcángel, Bad Bunny - La Jumpa",off+10s/seeded_correct,10350,10349,-1,0,2500,0,2,False,True,True,1,13,4.0,2.0,2.7,100.0,0,True
"Arcángel, Bad Bunny - La Jumpa",off+10s/seeded_wrong_2s,10350,10349,-1,0,2500,0,2,False,True,True,1,13,4.0,2.0,2.6,99.0,0,True
"Arcángel, Bad Bunny - La Jumpa",off-10s/cold,-9650,100,9750,9750,,1,1,False,False,False,13,13,97.1,2.1,11.5,0.0,0,False
"Arcángel, Bad Bunny - La Jumpa",off-10s/second_play,-9650,100,9750,9750,,1,1,False,False,False,13,13,92.4,2.1,11.1,0.0,0,False
"Arcángel, Bad Bunny - La Jumpa",off-10s/seeded_correct,-9650,100,9750,0,17500,1,1,False,True,False,13,13,84.8,2.4,10.9,100.0,0,False
"Arcángel, Bad Bunny - La Jumpa",off-10s/seeded_wrong_2s,-9650,100,9750,0,17500,1,1,False,True,False,13,13,85.0,2.5,11.3,93.4,0,False
"Arcángel, Bad Bunny - La Jumpa",off+25s/cold,25350,25343,-7,0,40000,0,3,False,False,True,4,13,53.7,2.4,4.9,82.6,0,True
"Arcángel, Bad Bunny - La Jumpa",off+25s/second_play,25350,25348,-2,-7,2500,0,2,False,True,True,1,13,5.4,2.7,3.4,100.0,0,True
"Arcángel, Bad Bunny - La Jumpa",off+25s/seeded_correct,25350,25349,-1,0,2500,0,2,False,True,True,1,13,5.5,2.8,3.6,100.0,0,True
"Arcángel, Bad Bunny - La Jumpa",off+25s/seeded_wrong_2s,25350,25349,-1,0,2500,0,2,False,True,True,1,13,5.4,2.7,3.4,98.9,0,True
"Arcángel, Bad Bunny - La Jumpa",off-25s/cold,-24650,,,24650,,0,0,False,False,False,13,13,76.3,4.8,10.4,0.0,0,False
"Arcángel, Bad Bunny - La Jumpa",off-25s/second_play,-24650,,,24650,,0,0,False,False,False,13,13,76.6,4.9,10.4,0.0,0,False
"Arcángel, Bad Bunny - La Jumpa",off-25s/seeded_correct,-24650,-24650,0,0,,0,0,False,False,False,13,13,74.1,4.9,10.6,100.0,0,True
"Arcángel, Bad Bunny - La Jumpa",off-25s/seeded_wrong_2s,-24650,-22650,2000,2000,,0,0,False,False,False,13,13,73.7,4.7,10.6,0.0,0,False
"Arcángel, Bad Bunny - La Jumpa",noise0/cold,350,340,-10,-25,7000,0,2,False,True,True,1,13,5.4,1.0,2.0,97.2,0,True
"Arcángel, Bad Bunny - La Jumpa",noise0/seeded_correct,350,342,-8,-25,7000,0,2,False,True,True,1,13,5.1,0.9,1.9,100.0,0,True
"Arcángel, Bad Bunny - La Jumpa",noise0/seeded_wrong_2s,350,340,-10,-25,7000,0,2,False,True,True,1,13,5.2,0.9,2.0,97.2,0,True
"Arcángel, Bad Bunny - La Jumpa",noise-2s/cold,-1650,-1659,-9,-25,10000,0,2,False,True,True,2,13,8.8,1.0,2.4,96.1,0,True
"Arcángel, Bad Bunny - La Jumpa",noise-2s/seeded_correct,-1650,-1657,-7,-25,10000,0,2,False,True,True,1,13,6.0,0.9,1.8,100.0,0,True
"Arcángel, Bad Bunny - La Jumpa",noise-2s/seeded_wrong_2s,-1650,-1659,-9,-25,10000,0,2,False,True,True,2,13,8.5,0.9,2.4,96.1,0,True
"Arcángel, Bad Bunny - La Jumpa",cutin5s/cold,5350,5349,-1,0,4000,0,2,False,True,True,1,13,3.9,1.2,2.5,98.4,0,True
"Arcángel, Bad Bunny - La Jumpa",cutin5s/second_play,5350,5349,-1,-1,4000,0,2,False,True,True,1,13,3.3,0.9,2.2,100.0,0,True
"Arcángel, Bad Bunny - La Jumpa",cutin5s/seeded_correct,5350,5349,-1,0,4000,0,2,False,True,True,1,13,3.4,0.9,2.2,100.0,0,True
"Arcángel, Bad Bunny - La Jumpa",cutin5s/seeded_wrong_2s,5350,5349,-1,0,4000,0,2,False,True,True,1,13,3.3,0.9,2.2,98.4,0,True
"Arcángel, Bad Bunny - La Jumpa",cutin15s/cold,15350,15349,-1,0,4000,0,2,False,True,True,1,13,4.5,1.5,2.8,98.3,0,True
"Arcángel, Bad Bunny - La Jumpa",cutin15s/second_play,15350,15349,-1,-1,4000,0,2,False,True,True,1,13,3.3,0.9,2.2,100.0,0,True
"Arcángel, Bad Bunny - La Jumpa",cutin15s/seeded_correct,15350,15349,-1,0,4000,0,2,False,True,True,1,13,3.3,0.9,2.1,100.0,0,True
"Arcángel, Bad Bunny - La Jumpa",cutin15s/seeded_wrong_2s,15350,15349,-1,0,4000,0,2,False,True,True,1,13,3.2,0.9,2.1,98.3,0,True
"Arcángel, Bad Bunny - La Jumpa",cutin25s/cold,25350,25347,-3,0,17500,0,2,False,True,True,3,13,36.1,2.5,4.3,92.4,0,True
"Arcángel, Bad Bunny - La Jumpa",cutin25s/second_play,25350,25347,-3,-3,5500,0,3,False,True,True,3,13,11.5,1.7,3.9,100.0,0,True
"Arcángel, Bad Bunny - La Jumpa",cutin25s/seeded_correct,25350,25349,-1,0,17500,0,2,False,True,True,2,13,17.2,1.2,2.6,100.0,0,True
"Arcángel, Bad Bunny - La Jumpa",cutin25s/seeded_wrong_2s,25350,25347,-3,0,17500,0,2,False,True,True,3,13,20.4,1.2,2.9,92.4,0,True
"Arcángel, Bad Bunny - La Jumpa",blend8s/cold,350,345,-5,0,26000,0,3,False,False,True,3,13,28.8,1.4,2.8,89.8,0,True
"Arcángel, Bad Bunny - La Jumpa",blend8s/seeded_correct,350,347,-3,0,26000,0,3,False,False,True,2,13,24.8,1.3,2.3,100.0,0,True
"Arcángel, Bad Bunny - La Jumpa",blend8s/seeded_wrong_2s,350,345,-5,0,26000,0,3,False,False,True,3,13,27.1,1.3,2.7,89.8,0,True
"Arcángel, Bad Bunny - La Jumpa",midshift+1.5s/cold,350,349,-1501,-1500,7000,1,2,False,True,True,1,13,6.0,1.1,2.4,20.9,0,False
"Arcángel, Bad Bunny - La Jumpa",midshift+1.5s/seeded_correct,350,349,-1501,-1500,7000,1,2,False,True,True,1,13,5.4,1.0,2.2,23.7,0,False
"Arcángel, Bad Bunny - La Jumpa",midshift+1.5s/seeded_wrong_2s,350,349,-1501,-1500,7000,1,2,False,True,True,1,13,5.4,0.9,2.2,20.9,0,False
"Arcángel, Bad Bunny - La Jumpa",midshift-1.5s/cold,350,349,1499,1500,7000,1,2,False,True,True,1,13,6.1,1.1,2.4,20.7,0,False
"Arcángel, Bad Bunny - La Jumpa",midshift-1.5s/seeded_correct,350,349,1499,1500,7000,1,2,False,True,True,1,13,5.7,1.0,2.3,23.4,0,False
"Arcángel, Bad Bunny - La Jumpa",midshift-1.5s/seeded_wrong_2s,350,349,1499,1500,7000,1,2,False,True,True,1,13,5.4,1.0,2.2,20.7,0,False
Bad Bunny - 258,off0/cold,-1112,-1122,-10,-13,11500,0,2,False,True,True,2,5,10.1,1.1,2.7,95.2,0,True
Bad Bunny - 258,off0/seeded_correct,-1112,-1124,-12,-25,11500,0,3,False,True,True,2,5,9.5,0.9,2.6,100.0,0,True
Bad Bunny - 258,off0/seeded_wrong_2s,-1112,-1124,-12,-25,11500,0,2,False,True,True,2,5,9.4,0.9,2.6,95.2,0,True
Bad Bunny - 258,off+200/cold,-912,-925,-13,-13,11500,0,2,False,True,True,2,5,10.0,1.0,2.7,95.2,0,True
Bad Bunny - 258,off+200/seeded_correct,-912,-926,-14,-25,11500,0,3,False,True,True,2,5,9.5,0.9,2.6,100.0,0,True
Bad Bunny - 258,off+200/seeded_wrong_2s,-912,-926,-14,-25,11500,0,2,False,True,True,2,5,9.7,0.9,2.7,95.2,0,True
Bad Bunny - 258,off-200/cold,-1312,-1323,-11,-13,11500,0,2,False,True,True,2,5,10.1,1.1,2.7,95.3,0,True
Bad Bunny - 258,off-200/seeded_correct,-1312,-1325,-13,-25,11500,0,3,False,True,True,2,5,9.4,0.9,2.6,100.0,0,True
Bad Bunny - 258,off-200/seeded_wrong_2s,-1312,-1325,-13,-25,11500,0,2,False,True,True,2,5,9.5,0.9,2.6,95.3,0,True
Bad Bunny - 258,off+2s/cold,888,875,-13,-13,10000,0,2,False,True,True,2,5,9.2,1.0,2.8,95.8,0,True
Bad Bunny - 258,off+2s/seeded_correct,888,874,-14,-25,10000,0,3,False,True,True,2,5,9.2,1.1,2.8,100.0,0,True
Bad Bunny - 258,off+2s/seeded_wrong_2s,888,873,-15,-25,10000,0,2,False,True,True,2,5,8.8,0.9,2.7,95.8,0,True
Bad Bunny - 258,off-2s/cold,-3112,-3122,-10,-13,13000,0,2,False,True,False,5,5,20.1,1.0,3.7,94.7,0,True
Bad Bunny - 258,off-2s/seeded_correct,-3112,-3124,-12,-25,13000,0,2,False,True,False,5,5,21.5,1.0,4.1,100.0,0,True
Bad Bunny - 258,off-2s/seeded_wrong_2s,-3112,-3123,-11,-25,13000,0,1,False,True,False,5,5,21.0,1.0,4.2,94.7,0,True
Bad Bunny - 258,off+10s/cold,8888,,,-8888,,0,0,False,False,False,5,5,44.9,1.8,3.6,0.0,0,False
Bad Bunny - 258,off+10s/second_play,8888,,,-8888,,0,0,False,False,False,5,5,44.7,1.8,3.6,0.0,0,False
Bad Bunny - 258,off+10s/seeded_correct,8888,8874,-14,-25,2500,0,3,False,True,True,2,5,7.3,2.9,3.2,100.0,0,True
Bad Bunny - 258,off+10s/seeded_wrong_2s,8888,8873,-15,-25,2500,0,2,False,True,True,2,5,7.1,2.7,3.1,98.9,0,True
Bad Bunny - 258,off-10s/cold,-11112,,,11112,,0,0,False,False,False,5,5,23.3,1.1,4.3,0.0,0,False
Bad Bunny - 258,off-10s/second_play,-11112,,,11112,,0,0,False,False,False,5,5,24.1,1.1,4.3,0.0,0,False
Bad Bunny - 258,off-10s/seeded_correct,-11112,-11112,0,-25,22000,0,0,False,True,False,5,5,17.5,1.0,3.4,100.0,0,True
Bad Bunny - 258,off-10s/seeded_wrong_2s,-11112,-9112,2000,-25,22000,0,0,False,True,False,5,5,17.7,0.9,3.6,91.3,0,False
Bad Bunny - 258,off+25s/cold,23888,23875,-13,-13,40500,0,1,False,False,False,5,5,60.5,2.4,5.2,81.3,0,True
Bad Bunny - 258,off+25s/second_play,23888,23875,-13,-13,2500,0,2,False,True,True,1,5,5.5,2.7,3.5,100.0,0,True
Bad Bunny - 258,off+25s/seeded_correct,23888,23872,-16,-25,2500,0,2,False,True,True,1,5,5.4,2.7,3.5,100.0,0,True
Bad Bunny - 258,off+25s/seeded_wrong_2s,23888,23873,-15,-25,2500,0,2,False,True,True,2,5,9.2,3.6,3.7,98.8,0,True
Bad Bunny - 258,off-25s/cold,-26112,,,26112,,0,0,False,False,False,5,5,13.9,2.3,4.5,0.0,0,False
Bad Bunny - 258,off-25s/second_play,-26112,,,26112,,0,0,False,False,False,5,5,13.5,2.3,4.3,0.0,0,False
Bad Bunny - 258,off-25s/seeded_correct,-26112,-26112,0,0,,0,0,False,False,False,5,5,10.4,1.5,3.9,100.0,0,True
Bad Bunny - 258,off-25s/seeded_wrong_2s,-26112,-24112,2000,2000,,0,0,False,False,False,5,5,10.7,1.6,4.0,0.0,0,False
Bad Bunny - 258,noise0/cold,-1112,-1122,-10,-13,19000,0,2,False,True,True,2,5,18.4,1.2,2.4,92.2,0,True
Bad Bunny - 258,noise0/seeded_correct,-1112,-1102,10,0,17500,0,3,False,True,False,5,5,27.5,1.3,3.6,100.0,0,True
Bad Bunny - 258,noise0/seeded_wrong_2s,-1112,-1102,10,0,17500,0,3,False,True,False,5,5,27.3,1.3,3.5,92.8,0,True
Bad Bunny - 258,noise-2s/cold,-3112,-3125,-13,-13,22000,0,2,False,True,True,3,5,21.9,1.2,2.6,91.0,0,True
Bad Bunny - 258,noise-2s/seeded_correct,-3112,-3116,-4,0,20500,0,1,False,True,False,5,5,28.0,1.3,3.2,100.0,0,True
Bad Bunny - 258,noise-2s/seeded_wrong_2s,-3112,-3113,-1,0,20500,0,1,False,True,False,5,5,29.1,1.3,3.3,91.6,0,True
Bad Bunny - 258,cutin5s/cold,3888,3873,-15,-38,4000,0,4,False,True,False,5,5,20.9,3.0,5.2,98.3,0,True
Bad Bunny - 258,cutin5s/second_play,3888,3874,-14,-20,4000,0,3,False,True,True,2,5,6.4,1.7,2.8,100.0,0,True
Bad Bunny - 258,cutin5s/seeded_correct,3888,3874,-14,-25,4000,0,3,False,True,True,2,5,6.4,1.7,2.8,100.0,0,True
Bad Bunny - 258,cutin5s/seeded_wrong_2s,3888,3873,-15,-25,4000,0,2,False,True,True,2,5,6.3,1.7,2.8,98.3,0,True
Bad Bunny - 258,cutin15s/cold,13888,13875,-13,-13,4000,0,2,False,True,True,2,5,7.7,2.2,3.1,98.2,0,True
Bad Bunny - 258,cutin15s/second_play,13888,13875,-13,-13,4000,0,3,False,True,True,2,5,5.8,1.6,2.6,100.0,0,True
Bad Bunny - 258,cutin15s/seeded_correct,13888,13873,-15,-25,4000,0,3,False,True,True,2,5,5.8,1.6,2.5,100.0,0,True
Bad Bunny - 258,cutin15s/seeded_wrong_2s,13888,13873,-15,-25,4000,0,2,False,True,True,2,5,5.7,1.5,2.5,98.2,0,True
Bad Bunny - 258,cutin25s/cold,23888,23875,-13,-13,4000,0,2,False,True,True,2,5,9.8,2.9,3.9,98.2,0,True
Bad Bunny - 258,cutin25s/second_play,23888,23875,-13,-13,4000,0,2,False,True,True,2,5,6.3,1.7,2.8,100.0,0,True
Bad Bunny - 258,cutin25s/seeded_correct,23888,23873,-15,-25,4000,0,2,False,True,True,2,5,6.4,1.7,2.9,100.0,0,True
Bad Bunny - 258,cutin25s/seeded_wrong_2s,23888,23872,-16,-25,4000,0,2,False,True,True,2,5,6.3,1.7,2.8,98.2,0,True
Bad Bunny - 258,blend8s/cold,-1112,-1122,-10,-13,20500,0,2,False,True,True,2,5,20.6,1.3,2.5,91.5,0,True
Bad Bunny - 258,blend8s/seeded_correct,-1112,-1125,-13,-25,20500,0,2,False,True,True,1,5,16.9,1.2,1.8,100.0,0,True
Bad Bunny - 258,blend8s/seeded_wrong_2s,-1112,-1124,-12,-25,20500,0,2,False,True,True,2,5,19.7,1.3,2.4,91.5,0,True
Bad Bunny - 258,midshift+1.5s/cold,-1112,-1122,-1510,-1513,11500,1,2,False,True,True,2,5,10.1,1.1,2.7,20.2,0,False
Bad Bunny - 258,midshift+1.5s/seeded_correct,-1112,-1124,-1512,-1525,11500,1,3,False,True,True,2,5,9.5,0.9,2.6,24.9,0,False
Bad Bunny - 258,midshift+1.5s/seeded_wrong_2s,-1112,-1124,-1512,-1525,11500,1,2,False,True,True,2,5,10.2,1.0,2.8,20.2,0,False
Bad Bunny - 258,midshift-1.5s/cold,-1112,-1122,1490,1487,11500,1,2,False,True,True,2,5,11.0,1.1,3.1,19.9,0,False
Bad Bunny - 258,midshift-1.5s/seeded_correct,-1112,-1124,1488,1475,11500,1,3,False,True,True,2,5,11.3,1.0,3.4,24.6,0,False
Bad Bunny - 258,midshift-1.5s/seeded_wrong_2s,-1112,-1124,1488,1475,11500,1,2,False,True,True,2,5,11.8,1.0,3.5,19.9,0,False
ACDC - Thunderstruck,off0/cold,-1050,0,1050,1050,,2,2,False,True,True,1,20,5.4,1.1,1.9,0.0,0,False
ACDC - Thunderstruck,off0/seeded_correct,-1050,-1,1049,1050,,2,2,False,True,True,1,20,4.8,0.9,1.7,2.4,0,False
ACDC - Thunderstruck,off0/seeded_wrong_2s,-1050,1,1051,1050,,2,2,False,True,True,1,20,4.8,0.9,1.7,0.0,0,False
ACDC - Thunderstruck,off+200/cold,-850,200,1050,1050,,2,2,False,True,True,1,20,5.5,1.1,1.9,0.0,0,False
ACDC - Thunderstruck,off+200/seeded_correct,-850,199,1049,1050,,2,2,False,True,True,1,20,4.8,0.9,1.7,2.4,0,False
ACDC - Thunderstruck,off+200/seeded_wrong_2s,-850,201,1051,1050,,2,2,False,True,True,1,20,4.9,1.0,1.7,0.0,0,False
ACDC - Thunderstruck,off-200/cold,-1250,-200,1050,1050,,2,2,False,True,True,1,20,6.5,1.1,1.8,0.0,0,False
ACDC - Thunderstruck,off-200/seeded_correct,-1250,-201,1049,1050,,2,2,False,True,True,1,20,5.9,1.0,1.7,2.9,0,False
ACDC - Thunderstruck,off-200/seeded_wrong_2s,-1250,-199,1051,1050,,2,2,False,True,True,1,20,6.0,1.0,1.8,0.0,0,False
ACDC - Thunderstruck,off+2s/cold,950,2000,1050,1050,,2,2,False,True,True,1,20,5.3,1.1,2.0,0.0,0,False
ACDC - Thunderstruck,off+2s/seeded_correct,950,1999,1049,1050,,2,2,False,True,True,1,20,4.9,1.0,1.8,1.9,0,False
ACDC - Thunderstruck,off+2s/seeded_wrong_2s,950,2001,1051,1050,,2,2,False,True,True,1,20,5.1,1.1,1.9,0.0,0,False
ACDC - Thunderstruck,off-2s/cold,-3050,-2000,1050,1050,,2,2,False,True,True,1,20,6.2,1.0,1.7,0.0,0,False
ACDC - Thunderstruck,off-2s/seeded_correct,-3050,-2000,1050,1050,,2,2,False,True,True,1,20,5.7,1.0,1.6,3.4,0,False
ACDC - Thunderstruck,off-2s/seeded_wrong_2s,-3050,-1999,1051,1050,,2,2,False,True,True,1,20,5.8,0.9,1.6,0.0,0,False
ACDC - Thunderstruck,off+10s/cold,8950,8946,-4,0,41000,0,3,False,False,True,7,20,41.0,1.5,5.6,85.6,0,True
ACDC - Thunderstruck,off+10s/second_play,8950,9999,1049,1046,,2,2,False,True,True,1,20,3.6,1.8,2.3,0.9,0,False
ACDC - Thunderstruck,off+10s/seeded_correct,8950,9999,1049,1050,,2,2,False,True,True,1,20,3.7,1.9,2.4,0.9,0,False
ACDC - Thunderstruck,off+10s/seeded_wrong_2s,8950,10001,1051,1050,,2,2,False,True,True,1,20,3.6,1.8,2.3,0.0,0,False
ACDC - Thunderstruck,off-10s/cold,-11050,-257,10793,10825,,2,2,False,False,False,20,20,139.4,4.8,12.2,0.0,0,False
ACDC - Thunderstruck,off-10s/second_play,-11050,-256,10794,10825,,4,4,False,False,False,20,20,135.4,4.9,12.3,0.0,0,False
ACDC - Thunderstruck,off-10s/seeded_correct,-11050,-11050,0,0,,0,0,False,False,False,20,20,133.9,5.3,12.0,100.0,0,True
ACDC - Thunderstruck,off-10s/seeded_wrong_2s,-11050,-9050,2000,2000,,0,0,False,False,False,20,20,137.3,5.0,11.9,0.0,0,False
ACDC - Thunderstruck,off+25s/cold,23950,2303,-21647,-21625,,1,1,False,False,True,4,20,22.3,0.6,4.5,0.0,0,False
ACDC - Thunderstruck,off+25s/second_play,23950,2303,-21647,-21625,,2,2,False,False,True,4,20,22.2,0.6,4.4,0.0,0,False
ACDC - Thunderstruck,off+25s/seeded_correct,23950,23961,11,1050,,1,3,False,False,True,3,20,17.4,0.6,4.3,6.4,0,True
ACDC - Thunderstruck,off+25s/seeded_wrong_2s,23950,23967,17,1050,,1,2,False,False,True,3,20,17.1,0.6,4.2,0.0,0,True
ACDC - Thunderstruck,off-25s/cold,-26050,,,25225,,0,0,False,False,False,20,20,122.3,4.8,11.0,0.0,0,False
ACDC - Thunderstruck,off-25s/second_play,-26050,,,25225,,0,0,False,False,False,20,20,122.9,5.0,11.5,0.0,0,False
ACDC - Thunderstruck,off-25s/seeded_correct,-26050,-26050,0,0,,0,0,False,False,False,20,20,119.0,4.9,11.2,100.0,0,True
ACDC - Thunderstruck,off-25s/seeded_wrong_2s,-26050,-24050,2000,2000,,0,0,False,False,False,20,20,119.0,4.8,11.5,0.0,0,False
ACDC - Thunderstruck,noise0/cold,-1050,0,1050,1050,,2,2,False,True,True,1,20,5.1,1.0,1.8,0.0,0,False
ACDC - Thunderstruck,noise0/seeded_correct,-1050,-1,1049,1050,,2,2,False,True,True,1,20,4.8,1.0,1.7,2.4,0,False
ACDC - Thunderstruck,noise0/seeded_wrong_2s,-1050,1,1051,1050,,2,2,False,True,True,1,20,4.8,0.9,1.7,0.0,0,False
ACDC - Thunderstruck,noise-2s/cold,-3050,-2000,1050,1050,,2,2,False,True,True,1,20,6.0,1.0,1.6,0.0,0,False
ACDC - Thunderstruck,noise-2s/seeded_correct,-3050,-2000,1050,1050,,2,2,False,True,True,1,20,5.6,0.9,1.5,3.4,0,False
ACDC - Thunderstruck,noise-2s/seeded_wrong_2s,-3050,-1999,1051,1050,,2,2,False,True,True,1,20,5.6,0.9,1.5,0.0,0,False
ACDC - Thunderstruck,cutin5s/cold,3950,5000,1050,1050,,2,2,False,True,True,1,20,3.4,1.2,2.1,0.0,0,False
ACDC - Thunderstruck,cutin5s/second_play,3950,5000,1050,1050,,2,2,False,True,True,1,20,3.0,0.9,1.9,0.0,0,False
ACDC - Thunderstruck,cutin5s/seeded_correct,3950,5000,1050,1050,,2,2,False,True,True,1,20,2.9,0.9,1.9,1.4,0,False
ACDC - Thunderstruck,cutin5s/seeded_wrong_2s,3950,5001,1051,1050,,2,2,False,True,True,1,20,3.0,0.9,1.9,0.0,0,False
ACDC - Thunderstruck,cutin15s/cold,13950,13958,8,0,7000,0,2,False,True,True,2,20,9.3,1.6,3.1,97.5,0,True
ACDC - Thunderstruck,cutin15s/second_play,13950,13958,8,8,7000,0,2,False,True,True,2,20,6.8,1.0,2.5,100.0,0,True
ACDC - Thunderstruck,cutin15s/seeded_correct,13950,13956,6,0,7000,0,2,False,True,True,2,20,6.7,1.0,2.4,100.0,0,True
ACDC - Thunderstruck,cutin15s/seeded_wrong_2s,13950,13958,8,0,7000,0,2,False,True,True,2,20,6.7,1.0,2.5,97.5,0,True
ACDC - Thunderstruck,cutin25s/cold,23950,23949,-1,0,4000,0,2,False,True,True,2,20,9.6,2.6,4.1,98.5,0,True
ACDC - Thunderstruck,cutin25s/second_play,23950,23949,-1,-1,4000,0,2,False,True,True,2,20,5.9,1.4,2.9,100.0,0,True
ACDC - Thunderstruck,cutin25s/seeded_correct,23950,23949,-1,0,4000,0,2,False,True,True,2,20,6.0,1.4,2.9,100.0,0,True
ACDC - Thunderstruck,cutin25s/seeded_wrong_2s,23950,23949,-1,0,4000,0,2,False,True,True,2,20,6.0,1.4,2.9,98.5,0,True
ACDC - Thunderstruck,blend8s/cold,-1050,0,1050,1050,,2,2,False,True,True,1,20,5.2,1.0,1.8,0.0,0,False
ACDC - Thunderstruck,blend8s/seeded_correct,-1050,-1,1049,1050,,2,2,False,True,True,1,20,4.8,0.9,1.7,2.4,0,False
ACDC - Thunderstruck,blend8s/seeded_wrong_2s,-1050,1,1051,1050,,2,2,False,True,True,1,20,4.8,0.9,1.7,0.0,0,False
ACDC - Thunderstruck,midshift+1.5s/cold,-1050,0,-450,-450,,2,2,False,True,True,1,20,5.4,1.1,1.9,0.0,0,False
ACDC - Thunderstruck,midshift+1.5s/seeded_correct,-1050,-1,-451,-450,,2,2,False,True,True,1,20,4.9,1.0,1.7,2.4,0,False
ACDC - Thunderstruck,midshift+1.5s/seeded_wrong_2s,-1050,1,-449,-450,,2,2,False,True,True,1,20,5.0,1.0,1.8,0.0,0,False
ACDC - Thunderstruck,midshift-1.5s/cold,-1050,0,2550,2550,,2,2,False,True,True,1,20,5.5,1.1,2.0,0.0,0,False
ACDC - Thunderstruck,midshift-1.5s/seeded_correct,-1050,-1,2549,2550,,2,2,False,True,True,1,20,5.0,1.0,1.8,2.4,0,False
ACDC - Thunderstruck,midshift-1.5s/seeded_wrong_2s,-1050,1,2551,2550,,2,2,False,True,True,1,20,5.0,1.0,1.8,0.0,0,False
Bad Bunny - LA MuDANZA,off0/cold,-1100,-1092,8,22,10000,0,2,True,True,True,2,8,7.3,0.6,2.3,95.3,0,True
Bad Bunny - LA MuDANZA,off0/seeded_correct,-1100,-1096,4,0,10000,0,5,False,True,False,8,8,41.5,2.1,9.2,100.0,0,True
Bad Bunny - LA MuDANZA,off0/seeded_wrong_2s,-1100,-1096,4,0,10000,0,4,False,True,False,8,8,44.6,2.2,10.8,95.3,0,True
Bad Bunny - LA MuDANZA,off+200/cold,-900,-900,0,-1,10000,0,2,True,True,True,2,8,7.4,0.7,2.3,95.3,0,True
Bad Bunny - LA MuDANZA,off+200/seeded_correct,-900,-897,3,0,10000,0,4,False,True,False,8,8,40.2,2.1,8.9,100.0,0,True
Bad Bunny - LA MuDANZA,off+200/seeded_wrong_2s,-900,-897,3,0,10000,0,5,False,True,False,8,8,41.1,2.2,9.3,95.3,0,True
Bad Bunny - LA MuDANZA,off-200/cold,-1300,-1292,8,19,10000,0,2,True,True,True,2,8,7.5,0.6,2.4,95.3,0,True
Bad Bunny - LA MuDANZA,off-200/seeded_correct,-1300,-1296,4,0,10000,0,4,False,True,False,8,8,40.1,2.1,8.8,100.0,0,True
Bad Bunny - LA MuDANZA,off-200/seeded_wrong_2s,-1300,-1296,4,0,10000,0,6,False,True,False,8,8,41.8,2.1,9.3,95.3,0,True
Bad Bunny - LA MuDANZA,off+2s/cold,900,901,1,0,7000,0,2,True,True,True,2,8,7.2,1.1,2.4,96.7,0,True
Bad Bunny - LA MuDANZA,off+2s/seeded_correct,900,903,3,0,7000,0,4,False,True,False,8,8,41.1,2.6,9.1,100.0,0,True
Bad Bunny - LA MuDANZA,off+2s/seeded_wrong_2s,900,903,3,0,7000,0,5,False,True,False,8,8,41.1,2.7,9.1,96.7,0,True
Bad Bunny - LA MuDANZA,off-2s/cold,-3100,-3092,8,19,11500,0,2,True,True,True,2,8,7.8,0.9,2.2,94.6,0,True
Bad Bunny - LA MuDANZA,off-2s/seeded_correct,-3100,-3098,2,0,11500,0,3,False,True,False,8,8,40.6,1.9,8.7,100.0,0,True
Bad Bunny - LA MuDANZA,off-2s/seeded_wrong_2s,-3100,-3098,2,0,11500,0,3,False,True,False,8,8,40.7,2.0,8.8,94.6,0,True
Bad Bunny - LA MuDANZA,off+10s/cold,8900,8905,5,-8900,,0,4,False,False,False,8,8,68.4,1.8,10.5,0.0,0,True
Bad Bunny - LA MuDANZA,off+10s/second_play,8900,8902,2,4,2500,0,1,False,True,True,2,8,6.4,2.5,2.6,100.0,0,True
Bad Bunny - LA MuDANZA,off+10s/seeded_correct,8900,8901,1,0,2500,0,1,False,True,True,2,8,6.3,2.4,2.6,100.0,0,True
Bad Bunny - LA MuDANZA,off+10s/seeded_wrong_2s,8900,8902,2,0,2500,0,1,False,True,True,2,8,6.3,2.4,2.6,98.8,0,True
Bad Bunny - LA MuDANZA,off-10s/cold,-11100,,,11100,,0,0,False,False,False,8,8,44.2,1.8,10.1,0.0,0,False
Bad Bunny - LA MuDANZA,off-10s/second_play,-11100,,,11100,,0,0,False,False,False,8,8,43.3,1.8,9.8,0.0,0,False
Bad Bunny - LA MuDANZA,off-10s/seeded_correct,-11100,-11100,0,0,,0,0,False,False,False,8,8,39.0,1.5,9.5,100.0,0,True
Bad Bunny - LA MuDANZA,off-10s/seeded_wrong_2s,-11100,-9100,2000,2000,,0,0,False,False,False,8,8,42.0,1.6,10.2,0.0,0,False
Bad Bunny - LA MuDANZA,off+25s/cold,23900,23905,5,-23900,,0,4,False,False,False,8,8,80.4,2.4,11.5,0.0,0,True
Bad Bunny - LA MuDANZA,off+25s/second_play,23900,23902,2,4,2500,0,1,False,True,True,2,8,8.6,3.2,3.4,100.0,0,True
Bad Bunny - LA MuDANZA,off+25s/seeded_correct,23900,23901,1,0,2500,0,1,False,True,True,2,8,8.4,3.1,3.4,100.0,0,True
Bad Bunny - LA MuDANZA,off+25s/seeded_wrong_2s,23900,23902,2,0,2500,0,1,False,True,True,2,8,8.3,3.2,3.3,98.7,0,True
Bad Bunny - LA MuDANZA,off-25s/cold,-26100,,,26100,,0,0,False,False,False,8,8,36.8,3.4,9.4,0.0,0,False
Bad Bunny - LA MuDANZA,off-25s/second_play,-26100,,,26100,,0,0,False,False,False,8,8,36.2,3.3,8.8,0.0,0,False
Bad Bunny - LA MuDANZA,off-25s/seeded_correct,-26100,-26100,0,0,,0,0,False,False,False,8,8,32.4,2.0,8.9,100.0,0,True
Bad Bunny - LA MuDANZA,off-25s/seeded_wrong_2s,-26100,-24100,2000,2000,,0,0,False,False,False,8,8,33.1,2.0,9.1,0.0,0,False
Bad Bunny - LA MuDANZA,noise0/cold,-1100,-1092,8,22,10000,0,2,True,True,True,2,8,6.6,0.6,2.1,95.3,0,True
Bad Bunny - LA MuDANZA,noise0/seeded_correct,-1100,-1096,4,0,10000,0,5,False,True,False,8,8,37.1,2.0,8.2,100.0,0,True
Bad Bunny - LA MuDANZA,noise0/seeded_wrong_2s,-1100,-1096,4,0,10000,0,5,False,True,False,8,8,36.9,2.0,8.1,95.3,0,True
Bad Bunny - LA MuDANZA,noise-2s/cold,-3100,-3081,19,19,11500,0,1,True,True,True,2,8,7.5,1.0,2.1,94.6,0,True
Bad Bunny - LA MuDANZA,noise-2s/seeded_correct,-3100,-3098,2,0,11500,0,3,False,True,False,8,8,36.9,1.9,7.9,100.0,0,True
Bad Bunny - LA MuDANZA,noise-2s/seeded_wrong_2s,-3100,-3098,2,0,11500,0,3,False,True,False,8,8,36.4,1.8,7.7,94.6,0,True
Bad Bunny - LA MuDANZA,cutin5s/cold,3900,3904,4,9,4000,0,4,True,True,True,4,8,12.4,2.4,3.4,98.1,0,True
Bad Bunny - LA MuDANZA,cutin5s/second_play,3900,3902,2,4,4000,0,2,False,True,True,7,8,32.5,3.0,8.1,100.0,0,True
Bad Bunny - LA MuDANZA,cutin5s/seeded_correct,3900,3903,3,0,4000,0,4,False,True,False,8,8,36.4,3.2,8.0,100.0,0,True
Bad Bunny - LA MuDANZA,cutin5s/seeded_wrong_2s,3900,3903,3,0,4000,0,3,False,True,False,8,8,36.7,3.0,8.3,98.1,0,True
Bad Bunny - LA MuDANZA,cutin15s/cold,13900,13903,3,0,4000,0,4,False,True,False,8,8,39.9,3.4,8.3,98.0,0,True
Bad Bunny - LA MuDANZA,cutin15s/second_play,13900,13902,2,2,4000,0,2,False,True,True,7,8,31.8,3.2,7.7,100.0,0,True
Bad Bunny - LA MuDANZA,cutin15s/seeded_correct,13900,13903,3,0,4000,0,6,False,True,False,8,8,34.6,2.8,7.7,100.0,0,True
Bad Bunny - LA MuDANZA,cutin15s/seeded_wrong_2s,13900,13903,3,0,4000,0,4,False,True,False,8,8,34.6,2.8,7.7,98.0,0,True
Bad Bunny - LA MuDANZA,cutin25s/cold,23900,23902,2,0,4000,0,4,False,True,True,7,8,38.7,4.0,8.3,97.9,0,True
Bad Bunny - LA MuDANZA,cutin25s/second_play,23900,23902,2,2,4000,0,4,False,True,True,7,8,34.5,3.9,8.1,100.0,0,True
Bad Bunny - LA MuDANZA,cutin25s/seeded_correct,23900,23901,1,0,4000,0,2,False,True,True,7,8,34.4,4.0,8.1,100.0,0,True
Bad Bunny - LA MuDANZA,cutin25s/seeded_wrong_2s,23900,23902,2,0,4000,0,4,False,True,True,7,8,34.6,4.0,8.1,97.9,0,True
Bad Bunny - LA MuDANZA,blend8s/cold,-1100,-1092,8,22,10000,0,2,True,True,True,2,8,6.7,0.6,2.2,95.3,0,True
Bad Bunny - LA MuDANZA,blend8s/seeded_correct,-1100,-1096,4,0,10000,0,5,False,True,False,8,8,38.7,2.1,8.4,100.0,0,True
Bad Bunny - LA MuDANZA,blend8s/seeded_wrong_2s,-1100,-1096,4,0,10000,0,5,False,True,False,8,8,38.4,2.1,8.4,95.3,0,True
Bad Bunny - LA MuDANZA,midshift+1.5s/cold,-1100,-1092,-1492,-1478,10000,0,2,True,True,True,2,8,7.1,0.6,2.3,23.7,0,False
Bad Bunny - LA MuDANZA,midshift+1.5s/seeded_correct,-1100,-1098,-1498,-1500,10000,1,4,False,True,False,8,8,42.8,2.1,9.8,28.4,0,False
Bad Bunny - LA MuDANZA,midshift+1.5s/seeded_wrong_2s,-1100,-1098,-1498,-1500,10000,1,3,False,True,False,8,8,42.6,2.1,9.6,23.7,0,False
Bad Bunny - LA MuDANZA,midshift-1.5s/cold,-1100,-1092,1508,1522,10000,0,2,True,True,True,2,8,7.5,0.6,2.5,23.3,0,False
Bad Bunny - LA MuDANZA,midshift-1.5s/seeded_correct,-1100,-1097,1503,1500,10000,1,4,False,True,False,8,8,40.2,2.2,8.7,28.0,0,False
Bad Bunny - LA MuDANZA,midshift-1.5s/seeded_wrong_2s,-1100,-1097,1503,1500,10000,1,3,False,True,False,8,8,39.5,2.2,8.6,23.3,0,False
Bad Bunny - Soy Peor,off0/cold,-938,-997,-59,-62,40250,0,3,False,True,True,4,10,15.8,0.7,4.2,84.3,0,True
Bad Bunny - Soy Peor,off0/seeded_correct,-938,-995,-57,-12,94750,0,3,False,True,True,5,10,19.4,1.1,4.9,67.0,0,True
Bad Bunny - Soy Peor,off0/seeded_wrong_2s,-938,-995,-57,-12,94750,0,3,False,True,True,5,10,20.0,1.2,5.1,63.1,0,True
Bad Bunny - Soy Peor,off+200/cold,-738,-798,-60,-62,40250,0,3,False,True,True,4,10,15.1,1.2,4.2,84.3,0,True
Bad Bunny - Soy Peor,off+200/seeded_correct,-738,-796,-58,-12,94750,0,3,False,True,True,5,10,19.5,1.8,5.1,66.4,0,True
Bad Bunny - Soy Peor,off+200/seeded_wrong_2s,-738,-795,-57,-12,94750,0,3,False,True,True,5,10,19.6,1.7,5.3,63.1,0,True
Bad Bunny - Soy Peor,off-200/cold,-1138,-1194,-56,-62,40250,0,3,False,True,True,4,10,15.5,0.7,4.3,84.3,0,True
Bad Bunny - Soy Peor,off-200/seeded_correct,-1138,-1193,-55,-12,94750,0,3,False,True,True,5,10,19.7,1.1,5.0,67.0,0,True
Bad Bunny - Soy Peor,off-200/seeded_wrong_2s,-1138,-1192,-54,-12,94750,0,3,False,True,True,5,10,20.0,1.1,5.1,63.1,0,True
Bad Bunny - Soy Peor,off+2s/cold,1062,1002,-60,-62,40250,0,3,False,True,True,4,10,15.8,1.9,4.5,84.2,0,True
Bad Bunny - Soy Peor,off+2s/seeded_correct,1062,1004,-58,-12,94750,0,3,False,True,True,5,10,19.8,2.4,5.4,65.6,0,True
Bad Bunny - Soy Peor,off+2s/seeded_wrong_2s,1062,1005,-57,-12,94750,0,3,False,True,True,5,10,19.4,2.5,5.3,62.8,0,True
Bad Bunny - Soy Peor,off-2s/cold,-2938,,,938,,0,0,False,True,False,10,10,73.2,3.0,11.2,0.0,0,False
Bad Bunny - Soy Peor,off-2s/seeded_correct,-2938,-2938,0,925,,0,0,False,True,False,10,10,71.9,2.8,11.6,4.4,0,True
Bad Bunny - Soy Peor,off-2s/seeded_wrong_2s,-2938,-938,2000,925,,0,0,False,True,False,10,10,71.1,2.9,11.5,0.0,0,False
Bad Bunny - Soy Peor,off+10s/cold,9062,9058,-4,13,40250,0,3,False,False,True,9,10,88.6,1.9,10.1,83.7,0,True
Bad Bunny - Soy Peor,off+10s/second_play,9062,9000,-62,946,,0,1,False,True,True,4,10,14.3,3.3,3.5,1.0,0,True
Bad Bunny - Soy Peor,off+10s/seeded_correct,9062,8999,-63,925,,0,1,False,True,True,4,10,14.8,3.2,3.7,1.0,0,True
Bad Bunny - Soy Peor,off+10s/seeded_wrong_2s,9062,8998,-64,925,,0,1,False,True,True,4,10,14.8,3.3,3.9,0.0,0,True
Bad Bunny - Soy Peor,off-10s/cold,-10938,22125,33063,33063,,1,1,False,False,False,10,10,72.9,1.3,10.1,0.0,0,False
Bad Bunny - Soy Peor,off-10s/second_play,-10938,22125,33063,33063,,1,1,False,False,False,10,10,71.3,1.3,10.6,0.0,0,False
Bad Bunny - Soy Peor,off-10s/seeded_correct,-10938,22125,33063,33063,,1,1,False,True,False,10,10,63.9,2.2,10.7,7.1,0,False
Bad Bunny - Soy Peor,off-10s/seeded_wrong_2s,-10938,22125,33063,33063,,1,1,False,True,False,10,10,67.9,2.1,11.3,0.0,0,False
Bad Bunny - Soy Peor,off+25s/cold,24062,24058,-4,13,40250,0,3,False,False,True,9,10,107.2,2.6,11.1,82.6,0,True
Bad Bunny - Soy Peor,off+25s/second_play,24062,23980,-82,-79,2500,0,1,False,True,True,2,10,9.3,3.6,3.8,100.0,0,True
Bad Bunny - Soy Peor,off+25s/seeded_correct,24062,23981,-81,-75,2500,0,1,False,True,True,2,10,9.1,3.4,3.8,100.0,0,True
Bad Bunny - Soy Peor,off+25s/seeded_wrong_2s,24062,23994,-68,-75,2500,0,1,False,True,True,3,10,13.2,3.7,4.1,98.9,0,True
Bad Bunny - Soy Peor,off-25s/cold,-25938,7125,33063,33063,,1,1,False,False,False,10,10,59.1,5.7,11.0,0.0,0,False
Bad Bunny - Soy Peor,off-25s/second_play,-25938,7125,33063,33063,,1,1,False,False,False,10,10,57.1,5.7,10.8,0.0,0,False
Bad Bunny - Soy Peor,off-25s/seeded_correct,-25938,7125,33063,33063,,1,1,False,False,False,10,10,56.6,5.7,10.9,33.6,0,False
Bad Bunny - Soy Peor,off-25s/seeded_wrong_2s,-25938,7125,33063,33063,,1,1,False,False,False,10,10,57.1,5.8,11.0,0.0,0,False
Bad Bunny - Soy Peor,noise0/cold,-938,-997,-59,938,,0,3,False,True,True,4,10,14.4,1.7,4.0,0.0,0,True
Bad Bunny - Soy Peor,noise0/seeded_correct,-938,-1000,-62,1000,,0,1,False,True,True,4,10,12.0,1.6,3.0,2.7,0,True
Bad Bunny - Soy Peor,noise0/seeded_wrong_2s,-938,-1002,-64,1000,,0,1,False,True,True,4,10,11.7,1.6,2.9,0.0,0,True
Bad Bunny - Soy Peor,noise-2s/cold,-2938,,,938,,0,0,False,True,False,10,10,68.5,3.3,10.4,0.0,0,False
Bad Bunny - Soy Peor,noise-2s/seeded_correct,-2938,-2938,0,1000,,0,0,False,True,False,10,10,66.6,2.6,10.7,3.9,0,True
Bad Bunny - Soy Peor,noise-2s/seeded_wrong_2s,-2938,-938,2000,1000,,0,0,False,True,False,10,10,65.3,2.6,10.6,0.0,0,False
Bad Bunny - Soy Peor,cutin5s/cold,4062,4002,-60,-62,40250,0,3,False,True,True,4,10,15.5,2.8,4.3,84.0,0,True
Bad Bunny - Soy Peor,cutin5s/second_play,4062,4006,-56,-12,94750,0,3,False,True,True,5,10,19.4,2.8,5.7,64.0,0,True
Bad Bunny - Soy Peor,cutin5s/seeded_correct,4062,4004,-58,-12,94750,0,3,False,True,True,5,10,19.4,2.8,5.7,64.0,0,True
Bad Bunny - Soy Peor,cutin5s/seeded_wrong_2s,4062,4004,-58,-12,94750,0,3,False,True,True,5,10,19.8,3.1,5.7,62.4,0,True
Bad Bunny - Soy Peor,cutin15s/cold,14062,14002,-60,-62,40250,0,3,False,True,True,4,10,15.9,3.1,4.0,83.4,0,True
Bad Bunny - Soy Peor,cutin15s/second_play,14062,14006,-56,-12,94750,0,3,False,True,True,5,10,19.1,2.6,5.4,62.5,0,True
Bad Bunny - Soy Peor,cutin15s/seeded_correct,14062,14005,-57,-12,94750,0,3,False,True,True,5,10,18.9,2.6,5.4,62.5,0,True
Bad Bunny - Soy Peor,cutin15s/seeded_wrong_2s,14062,14005,-57,-12,94750,0,3,False,True,True,5,10,19.3,2.7,5.4,60.8,0,True
Bad Bunny - Soy Peor,cutin25s/cold,24062,24001,-61,-62,4000,0,2,False,True,True,3,10,14.0,3.5,4.3,98.3,0,True
Bad Bunny - Soy Peor,cutin25s/second_play,24062,24001,-61,-61,4000,0,2,False,True,True,3,10,10.7,2.5,4.0,100.0,0,True
Bad Bunny - Soy Peor,cutin25s/seeded_correct,24062,23999,-63,-12,4000,0,3,False,True,True,5,10,21.9,3.0,6.2,100.0,0,True
Bad Bunny - Soy Peor,cutin25s/seeded_wrong_2s,24062,23999,-63,-12,4000,0,4,False,True,True,5,10,22.1,3.1,6.2,98.3,0,True
Bad Bunny - Soy Peor,blend8s/cold,-938,-997,-59,-62,26000,0,3,False,False,True,4,10,32.0,1.5,3.2,89.9,0,True
Bad Bunny - Soy Peor,blend8s/seeded_correct,-938,-996,-58,-12,26000,0,3,False,False,True,5,10,37.3,1.4,3.3,100.0,0,True
Bad Bunny - Soy Peor,blend8s/seeded_wrong_2s,-938,-1002,-64,-62,40250,0,3,False,False,True,4,10,31.2,1.4,3.0,84.3,0,True
Bad Bunny - Soy Peor,midshift+1.5s/cold,-938,-997,-1559,-1562,40250,1,3,False,True,True,4,10,15.8,0.7,4.3,7.7,0,False
Bad Bunny - Soy Peor,midshift+1.5s/seeded_correct,-938,-1000,-1562,-12,94750,1,3,False,True,True,5,10,20.9,1.2,5.5,66.8,0,False
Bad Bunny - Soy Peor,midshift+1.5s/seeded_wrong_2s,-938,-1001,-1563,-12,94750,1,3,False,True,True,5,10,21.2,1.1,5.6,62.9,0,False
Bad Bunny - Soy Peor,midshift-1.5s/cold,-938,-997,1441,1438,40250,1,3,False,True,True,4,10,16.4,0.7,4.5,7.6,0,False
Bad Bunny - Soy Peor,midshift-1.5s/seeded_correct,-938,-1000,1438,13,165750,0,1,False,True,False,10,10,71.8,3.0,12.0,39.7,0,False
Bad Bunny - Soy Peor,midshift-1.5s/seeded_wrong_2s,-938,-1002,1436,13,165750,0,1,False,True,False,10,10,73.2,3.1,11.5,35.8,0,False
Bad Bunny - BATICANO,off0/cold,-1031,-1080,-49,-69,8500,0,1,False,True,True,4,11,17.3,1.1,4.1,96.7,0,True
Bad Bunny - BATICANO,off0/seeded_correct,-1031,-1074,-43,-50,8500,0,1,False,True,True,2,11,8.9,1.0,2.7,100.0,0,True
Bad Bunny - BATICANO,off0/seeded_wrong_2s,-1031,-1060,-29,-50,8500,0,1,False,True,True,4,11,15.2,1.1,3.1,96.7,0,True
Bad Bunny - BATICANO,off+200/cold,-831,-881,-50,-69,8500,0,1,False,True,True,4,11,16.8,1.1,3.9,96.7,0,True
Bad Bunny - BATICANO,off+200/seeded_correct,-831,-875,-44,-50,8500,0,1,False,True,True,2,11,8.8,1.0,2.6,100.0,0,True
Bad Bunny - BATICANO,off+200/seeded_wrong_2s,-831,-874,-43,-50,8500,0,1,False,True,True,3,11,12.0,1.1,3.1,96.7,0,True
Bad Bunny - BATICANO,off-200/cold,-1231,-1259,-28,-44,8500,0,1,False,True,True,4,11,15.5,1.1,3.3,96.7,0,True
Bad Bunny - BATICANO,off-200/seeded_correct,-1231,-1273,-42,-50,8500,0,1,False,True,True,3,11,11.6,1.0,3.0,100.0,0,True
Bad Bunny - BATICANO,off-200/seeded_wrong_2s,-1231,-1259,-28,-50,8500,0,1,False,True,True,4,11,14.8,1.1,3.2,96.7,0,True
Bad Bunny - BATICANO,off+2s/cold,969,919,-50,-69,7000,0,1,False,True,True,4,11,17.6,1.7,4.2,97.2,0,True
Bad Bunny - BATICANO,off+2s/seeded_correct,969,925,-44,-50,7000,0,1,False,True,True,2,11,9.0,1.1,2.8,100.0,0,True
Bad Bunny - BATICANO,off+2s/seeded_wrong_2s,969,926,-43,-50,7000,0,1,False,True,True,3,11,12.0,1.1,3.1,97.2,0,True
Bad Bunny - BATICANO,off-2s/cold,-3031,,,-69,11500,0,0,False,True,True,5,11,22.8,1.1,4.8,95.5,0,False
Bad Bunny - BATICANO,off-2s/seeded_correct,-3031,-3031,0,-50,11500,0,0,False,True,True,4,11,16.3,1.1,3.1,100.0,0,True
Bad Bunny - BATICANO,off-2s/seeded_wrong_2s,-3031,-3060,-29,-50,11500,0,1,False,True,True,5,11,22.0,1.1,4.5,95.5,0,True
Bad Bunny - BATICANO,off+10s/cold,8969,8982,13,-8969,,0,5,False,False,False,11,11,89.2,2.3,11.0,0.0,0,True
Bad Bunny - BATICANO,off+10s/second_play,8969,8916,-53,-72,2500,0,1,False,True,True,2,11,7.2,2.5,3.3,100.0,0,True
Bad Bunny - BATICANO,off+10s/seeded_correct,8969,8925,-44,-50,2500,0,1,False,True,True,2,11,7.2,2.3,3.5,100.0,0,True
Bad Bunny - BATICANO,off+10s/seeded_wrong_2s,8969,8925,-44,-50,2500,0,1,False,True,True,3,11,10.8,3.0,3.5,99.0,0,True
Bad Bunny - BATICANO,off-10s/cold,-11031,,,11031,,0,0,False,False,False,11,11,64.8,3.9,10.0,0.0,0,False
Bad Bunny - BATICANO,off-10s/second_play,-11031,,,11031,,0,0,False,False,False,11,11,66.4,3.8,10.5,0.0,0,False
Bad Bunny - BATICANO,off-10s/seeded_correct,-11031,-11031,0,0,,0,0,False,False,False,11,11,62.1,2.5,10.3,100.0,0,True
Bad Bunny - BATICANO,off-10s/seeded_wrong_2s,-11031,-9031,2000,2000,,0,0,False,False,False,11,11,61.1,2.5,9.9,0.0,0,False
Bad Bunny - BATICANO,off+25s/cold,23969,23982,13,-23969,,0,5,False,False,False,11,11,103.8,3.0,12.1,0.0,0,True
Bad Bunny - BATICANO,off+25s/second_play,23969,23925,-44,-47,2500,0,1,False,True,True,2,11,9.2,3.1,4.1,100.0,0,True
Bad Bunny - BATICANO,off+25s/seeded_correct,23969,23924,-45,-50,2500,0,1,False,True,True,2,11,9.0,3.0,4.0,100.0,0,True
Bad Bunny - BATICANO,off+25s/seeded_wrong_2s,23969,23925,-44,-50,2500,0,1,False,True,True,3,11,13.3,3.6,4.3,98.9,0,True
Bad Bunny - BATICANO,off-25s/cold,-26031,,,26031,,0,0,False,False,False,11,11,55.7,4.9,9.1,0.0,0,False
Bad Bunny - BATICANO,off-25s/second_play,-26031,,,26031,,0,0,False,False,False,11,11,55.1,4.8,9.3,0.0,0,False
Bad Bunny - BATICANO,off-25s/seeded_correct,-26031,-26031,0,0,,0,0,False,False,False,11,11,51.4,4.7,9.0,100.0,0,True
Bad Bunny - BATICANO,off-25s/seeded_wrong_2s,-26031,-24031,2000,2000,,0,0,False,False,False,11,11,52.5,4.6,9.4,0.0,0,False
Bad Bunny - BATICANO,noise0/cold,-1031,-1079,-48,-69,8500,0,1,False,True,True,4,11,14.0,1.1,3.8,96.7,0,True
Bad Bunny - BATICANO,noise0/seeded_correct,-1031,-1074,-43,-50,8500,0,1,False,True,True,2,11,6.8,1.0,2.4,100.0,0,True
Bad Bunny - BATICANO,noise0/seeded_wrong_2s,-1031,-1059,-28,-50,8500,0,1,False,True,True,4,11,12.7,1.1,3.0,96.7,0,True
Bad Bunny - BATICANO,noise-2s/cold,-3031,,,-69,11500,0,0,False,True,True,6,11,24.1,1.2,5.2,95.5,0,False
Bad Bunny - BATICANO,noise-2s/seeded_correct,-3031,-3031,0,-50,11500,0,0,False,True,True,4,11,12.4,1.0,2.8,100.0,0,True
Bad Bunny - BATICANO,noise-2s/seeded_wrong_2s,-3031,-3060,-29,-50,11500,0,1,False,True,True,5,11,17.5,1.1,3.9,95.5,0,True
Bad Bunny - BATICANO,cutin5s/cold,3969,3964,-5,-69,4000,0,5,False,True,False,11,11,67.5,5.5,10.5,98.4,0,True
Bad Bunny - BATICANO,cutin5s/second_play,3969,3967,-2,6,4000,0,7,False,True,False,11,11,65.1,5.3,10.1,100.0,0,True
Bad Bunny - BATICANO,cutin5s/seeded_correct,3969,3968,-1,6,4000,0,7,False,True,False,11,11,67.5,5.9,10.4,100.0,0,True
Bad Bunny - BATICANO,cutin5s/seeded_wrong_2s,3969,3967,-2,6,4000,0,6,False,True,False,11,11,66.6,5.5,10.4,98.4,0,True
Bad Bunny - BATICANO,cutin15s/cold,13969,13964,-5,-69,4000,0,4,False,True,False,11,11,64.3,5.0,9.4,98.3,0,True
Bad Bunny - BATICANO,cutin15s/second_play,13969,13964,-5,6,4000,0,6,False,True,False,11,11,61.9,5.1,9.4,100.0,0,True
Bad Bunny - BATICANO,cutin15s/seeded_correct,13969,13968,-1,6,4000,0,6,False,True,False,11,11,61.7,5.2,9.4,100.0,0,True
Bad Bunny - BATICANO,cutin15s/seeded_wrong_2s,13969,13967,-2,6,4000,0,5,False,True,False,11,11,62.4,5.3,9.4,98.3,0,True
Bad Bunny - BATICANO,cutin25s/cold,23969,23968,-1,-44,4000,0,5,False,True,False,11,11,72.8,5.9,10.8,98.3,0,True
Bad Bunny - BATICANO,cutin25s/second_play,23969,23968,-1,6,4000,0,5,False,True,False,11,11,68.2,5.6,10.2,100.0,0,True
Bad Bunny - BATICANO,cutin25s/seeded_correct,23969,23968,-1,6,4000,0,6,False,True,False,11,11,69.2,5.6,10.3,100.0,0,True
Bad Bunny - BATICANO,cutin25s/seeded_wrong_2s,23969,23967,-2,6,4000,0,5,False,True,False,11,11,68.9,5.5,10.4,98.3,0,True
Bad Bunny - BATICANO,blend8s/cold,-1031,-1079,-48,-69,14500,0,1,False,True,True,4,11,21.6,1.2,3.6,94.3,0,True
Bad Bunny - BATICANO,blend8s/seeded_correct,-1031,-1058,-27,-50,14500,0,1,False,True,True,3,11,16.6,1.1,3.0,100.0,0,True
Bad Bunny - BATICANO,blend8s/seeded_wrong_2s,-1031,-1059,-28,-50,14500,0,1,False,True,True,4,11,19.6,1.2,3.0,94.3,0,True
Bad Bunny - BATICANO,midshift+1.5s/cold,-1031,-1080,-1549,-1569,8500,0,1,False,True,True,4,11,16.9,1.1,4.0,20.3,0,False
Bad Bunny - BATICANO,midshift+1.5s/seeded_correct,-1031,-1074,-1543,-1550,8500,0,1,False,True,True,2,11,8.8,1.0,2.5,23.7,0,False
Bad Bunny - BATICANO,midshift+1.5s/seeded_wrong_2s,-1031,-1060,-1529,-1550,8500,0,1,False,True,True,4,11,15.2,1.2,3.1,20.3,0,False
Bad Bunny - BATICANO,midshift-1.5s/cold,-1031,-1080,1451,1431,8500,0,1,False,True,True,4,11,17.3,1.1,4.0,20.1,0,False
Bad Bunny - BATICANO,midshift-1.5s/seeded_correct,-1031,-1074,1457,1450,8500,0,1,False,True,True,2,11,8.9,1.1,2.7,23.4,0,False
Bad Bunny - BATICANO,midshift-1.5s/seeded_wrong_2s,-1031,-1060,1471,1450,8500,0,1,False,True,True,4,11,15.1,1.1,3.2,20.1,0,False
"Arcángel, Bad Bunny, Mambo Kingz, DJ Luian - Tu No Vive Asi (feat. Mambo Kingz & DJ Luian)",off0/cold,-2183,1735,3918,7933,,3,3,False,False,True,6,18,43.7,1.5,5.4,0.0,0,False
"Arcángel, Bad Bunny, Mambo Kingz, DJ Luian - Tu No Vive Asi (feat. Mambo Kingz & DJ Luian)",off0/seeded_correct,-2183,-2259,-76,7933,,1,4,False,False,True,12,18,78.2,1.5,7.4,44.8,0,True
"Arcángel, Bad Bunny, Mambo Kingz, DJ Luian - Tu No Vive Asi (feat. Mambo Kingz & DJ Luian)",off0/seeded_wrong_2s,-2183,1743,3926,7933,,6,6,False,False,True,12,18,77.1,1.6,7.1,0.0,0,False
"Arcángel, Bad Bunny, Mambo Kingz, DJ Luian - Tu No Vive Asi (feat. Mambo Kingz & DJ Luian)",off+200/cold,-1983,1935,3918,7933,,3,3,False,False,True,6,18,43.6,1.5,5.5,0.0,0,False
"Arcángel, Bad Bunny, Mambo Kingz, DJ Luian - Tu No Vive Asi (feat. Mambo Kingz & DJ Luian)",off+200/seeded_correct,-1983,-2060,-77,7933,,1,4,False,False,True,12,18,81.6,1.6,7.6,44.8,0,True
"Arcángel, Bad Bunny, Mambo Kingz, DJ Luian - Tu No Vive Asi (feat. Mambo Kingz & DJ Luian)",off+200/seeded_wrong_2s,-1983,1943,3926,7933,,6,6,False,False,True,12,18,78.1,1.6,7.2,0.0,0,False
"Arcángel, Bad Bunny, Mambo Kingz, DJ Luian - Tu No Vive Asi (feat. Mambo Kingz & DJ Luian)",off-200/cold,-2383,1535,3918,7933,,3,3,False,False,True,6,18,44.2,1.5,5.6,0.0,0,False
"Arcángel, Bad Bunny, Mambo Kingz, DJ Luian - Tu No Vive Asi (feat. Mambo Kingz & DJ Luian)",off-200/seeded_correct,-2383,-2454,-71,7933,,0,2,False,False,True,11,18,70.0,1.5,6.9,42.9,0,True
"Arcángel, Bad Bunny, Mambo Kingz, DJ Luian - Tu No Vive Asi (feat. Mambo Kingz & DJ Luian)",off-200/seeded_wrong_2s,-2383,1543,3926,7933,,6,6,False,False,True,12,18,77.2,1.6,7.4,0.0,0,False
"Arcángel, Bad Bunny, Mambo Kingz, DJ Luian - Tu No Vive Asi (feat. Mambo Kingz & DJ Luian)",off+2s/cold,-183,-268,-85,7933,,1,3,False,False,True,6,18,46.5,1.6,5.7,24.0,0,True
"Arcángel, Bad Bunny, Mambo Kingz, DJ Luian - Tu No Vive Asi (feat. Mambo Kingz & DJ Luian)",off+2s/seeded_correct,-183,-253,-70,-67,26000,0,2,False,False,True,6,18,42.6,1.5,4.3,100.0,0,True
"Arcángel, Bad Bunny, Mambo Kingz, DJ Luian - Tu No Vive Asi (feat. Mambo Kingz & DJ Luian)",off+2s/seeded_wrong_2s,-183,7775,7958,7958,,1,2,False,False,False,18,18,144.8,2.5,10.5,31.7,0,False
"Arcángel, Bad Bunny, Mambo Kingz, DJ Luian - Tu No Vive Asi (feat. Mambo Kingz & DJ Luian)",off-2s/cold,-4183,3746,7929,7933,,3,3,True,False,True,5,18,34.5,1.4,3.3,0.0,0,False
"Arcángel, Bad Bunny, Mambo Kingz, DJ Luian - Tu No Vive Asi (feat. Mambo Kingz & DJ Luian)",off-2s/seeded_correct,-4183,3738,7921,7933,,3,3,False,False,True,12,18,78.5,1.5,7.1,32.2,0,False
"Arcángel, Bad Bunny, Mambo Kingz, DJ Luian - Tu No Vive Asi (feat. Mambo Kingz & DJ Luian)",off-2s/seeded_wrong_2s,-4183,-257,3926,7933,,5,5,False,False,True,11,18,68.3,1.5,6.6,0.0,0,False
"Arcángel, Bad Bunny, Mambo Kingz, DJ Luian - Tu No Vive Asi (feat. Mambo Kingz & DJ Luian)",off+10s/cold,7817,15743,7926,7933,,3,3,False,False,True,4,18,42.5,1.8,4.7,0.0,0,False
"Arcángel, Bad Bunny, Mambo Kingz, DJ Luian - Tu No Vive Asi (feat. Mambo Kingz & DJ Luian)",off+10s/second_play,7817,15747,7930,7926,,2,2,False,True,True,1,18,4.2,2.1,2.9,0.0,0,False
"Arcángel, Bad Bunny, Mambo Kingz, DJ Luian - Tu No Vive Asi (feat. Mambo Kingz & DJ Luian)",off+10s/seeded_correct,7817,7747,-70,-67,26000,0,2,False,False,True,6,18,50.2,1.8,5.0,100.0,0,True
"Arcángel, Bad Bunny, Mambo Kingz, DJ Luian - Tu No Vive Asi (feat. Mambo Kingz & DJ Luian)",off+10s/seeded_wrong_2s,7817,15775,7958,7958,,1,2,False,False,False,18,18,154.9,2.9,11.0,32.7,0,False
"Arcángel, Bad Bunny, Mambo Kingz, DJ Luian - Tu No Vive Asi (feat. Mambo Kingz & DJ Luian)",off-10s/cold,-12183,-4275,7908,7908,,2,2,True,False,True,6,18,28.9,1.2,4.3,0.0,0,False
"Arcángel, Bad Bunny, Mambo Kingz, DJ Luian - Tu No Vive Asi (feat. Mambo Kingz & DJ Luian)",off-10s/second_play,-12183,-4259,7924,23933,,3,3,False,True,True,14,18,68.2,4.2,7.9,0.0,0,False
"Arcángel, Bad Bunny, Mambo Kingz, DJ Luian - Tu No Vive Asi (feat. Mambo Kingz & DJ Luian)",off-10s/seeded_correct,-12183,19731,31914,39933,,3,3,False,False,True,11,18,60.0,1.5,6.9,22.9,0,False
"Arcángel, Bad Bunny, Mambo Kingz, DJ Luian - Tu No Vive Asi (feat. Mambo Kingz & DJ Luian)",off-10s/seeded_wrong_2s,-12183,19731,31914,39933,,3,3,False,False,True,11,18,60.0,1.5,6.5,0.0,0,False
"Arcángel, Bad Bunny, Mambo Kingz, DJ Luian - Tu No Vive Asi (feat. Mambo Kingz & DJ Luian)",off+25s/cold,22817,-1280,-24097,-24097,,2,2,False,False,True,6,18,68.2,2.4,6.8,0.0,0,False
"Arcángel, Bad Bunny, Mambo Kingz, DJ Luian - Tu No Vive Asi (feat. Mambo Kingz & DJ Luian)",off+25s/second_play,22817,-1261,-24078,-24067,,3,3,False,False,True,11,18,97.1,2.5,6.7,0.0,0,False
"Arcángel, Bad Bunny, Mambo Kingz, DJ Luian - Tu No Vive Asi (feat. Mambo Kingz & DJ Luian)",off+25s/seeded_correct,22817,22747,-70,-67,26000,0,2,False,False,True,6,18,62.8,2.4,5.1,100.0,0,True
"Arcángel, Bad Bunny, Mambo Kingz, DJ Luian - Tu No Vive Asi (feat. Mambo Kingz & DJ Luian)",off+25s/seeded_wrong_2s,22817,22750,-67,-67,78500,0,1,False,False,False,18,18,179.6,3.7,12.4,66.4,0,True
"Arcángel, Bad Bunny, Mambo Kingz, DJ Luian - Tu No Vive Asi (feat. Mambo Kingz & DJ Luian)",off-25s/cold,-27183,28735,55918,40958,,3,3,False,False,True,18,18,106.8,5.5,10.3,0.0,0,False
"Arcángel, Bad Bunny, Mambo Kingz, DJ Luian - Tu No Vive Asi (feat. Mambo Kingz & DJ Luian)",off-25s/second_play,-27183,28735,55918,40958,,3,3,False,False,True,18,18,104.3,5.5,10.5,0.0,0,False
"Arcángel, Bad Bunny, Mambo Kingz, DJ Luian - Tu No Vive Asi (feat. Mambo Kingz & DJ Luian)",off-25s/seeded_correct,-27183,28735,55918,40958,,3,3,False,False,True,18,18,103.8,6.2,9.9,21.7,0,False
"Arcángel, Bad Bunny, Mambo Kingz, DJ Luian - Tu No Vive Asi (feat. Mambo Kingz & DJ Luian)",off-25s/seeded_wrong_2s,-27183,28735,55918,40958,,3,3,False,False,True,18,18,103.2,5.6,10.3,0.0,0,False
"Arcángel, Bad Bunny, Mambo Kingz, DJ Luian - Tu No Vive Asi (feat. Mambo Kingz & DJ Luian)",noise0/cold,-2183,1735,3918,7933,,3,3,False,False,True,6,18,39.9,1.4,4.8,0.0,0,False
"Arcángel, Bad Bunny, Mambo Kingz, DJ Luian - Tu No Vive Asi (feat. Mambo Kingz & DJ Luian)",noise0/seeded_correct,-2183,-2258,-75,7933,,1,4,False,False,True,12,18,72.1,1.5,6.6,44.8,0,True
"Arcángel, Bad Bunny, Mambo Kingz, DJ Luian - Tu No Vive Asi (feat. Mambo Kingz & DJ Luian)",noise0/seeded_wrong_2s,-2183,1743,3926,7933,,6,6,False,False,True,12,18,71.3,1.5,6.7,0.0,0,False
"Arcángel, Bad Bunny, Mambo Kingz, DJ Luian - Tu No Vive Asi (feat. Mambo Kingz & DJ Luian)",noise-2s/cold,-4183,3746,7929,7927,,3,3,True,False,True,5,18,32.2,1.3,2.8,0.0,0,False
"Arcángel, Bad Bunny, Mambo Kingz, DJ Luian - Tu No Vive Asi (feat. Mambo Kingz & DJ Luian)",noise-2s/seeded_correct,-4183,3738,7921,7933,,3,3,False,False,True,12,18,70.8,1.4,6.4,32.2,0,False
"Arcángel, Bad Bunny, Mambo Kingz, DJ Luian - Tu No Vive Asi (feat. Mambo Kingz & DJ Luian)",noise-2s/seeded_wrong_2s,-4183,-257,3926,7933,,5,5,False,False,True,11,18,60.6,1.4,5.8,0.0,0,False
"Arcángel, Bad Bunny, Mambo Kingz, DJ Luian - Tu No Vive Asi (feat. Mambo Kingz & DJ Luian)",cutin5s/cold,2817,10738,7921,7933,,4,4,False,False,True,11,18,77.1,1.8,6.9,0.0,0,False
"Arcángel, Bad Bunny, Mambo Kingz, DJ Luian - Tu No Vive Asi (feat. Mambo Kingz & DJ Luian)",cutin5s/second_play,2817,10747,7930,7927,,2,2,False,True,True,1,18,3.4,0.9,2.3,0.0,0,False
"Arcángel, Bad Bunny, Mambo Kingz, DJ Luian - Tu No Vive Asi (feat. Mambo Kingz & DJ Luian)",cutin5s/seeded_correct,2817,2747,-70,-67,32000,0,2,False,False,True,6,18,37.5,1.4,4.1,100.0,0,True
"Arcángel, Bad Bunny, Mambo Kingz, DJ Luian - Tu No Vive Asi (feat. Mambo Kingz & DJ Luian)",cutin5s/seeded_wrong_2s,2817,10746,7929,7933,,3,3,False,False,True,11,18,65.2,1.6,5.7,0.0,0,False
"Arcángel, Bad Bunny, Mambo Kingz, DJ Luian - Tu No Vive Asi (feat. Mambo Kingz & DJ Luian)",cutin15s/cold,12817,20738,7921,7933,,3,3,False,False,True,11,18,84.2,2.5,6.5,0.0,0,False
"Arcángel, Bad Bunny, Mambo Kingz, DJ Luian - Tu No Vive Asi (feat. Mambo Kingz & DJ Luian)",cutin15s/second_play,12817,20745,7928,7921,,2,2,False,True,True,1,18,3.2,0.9,2.1,0.0,0,False
"Arcángel, Bad Bunny, Mambo Kingz, DJ Luian - Tu No Vive Asi (feat. Mambo Kingz & DJ Luian)",cutin15s/seeded_correct,12817,12747,-70,-67,26000,0,2,False,False,True,6,18,38.7,1.4,4.3,100.0,0,True
"Arcángel, Bad Bunny, Mambo Kingz, DJ Luian - Tu No Vive Asi (feat. Mambo Kingz & DJ Luian)",cutin15s/seeded_wrong_2s,12817,20746,7929,7933,,3,3,False,False,True,11,18,67.4,1.6,5.8,0.0,0,False
"Arcángel, Bad Bunny, Mambo Kingz, DJ Luian - Tu No Vive Asi (feat. Mambo Kingz & DJ Luian)",cutin25s/cold,22817,22737,-80,-67,8500,0,3,False,True,True,6,18,36.5,3.6,6.1,96.4,0,True
"Arcángel, Bad Bunny, Mambo Kingz, DJ Luian - Tu No Vive Asi (feat. Mambo Kingz & DJ Luian)",cutin25s/second_play,22817,22731,-86,-80,4000,0,2,False,True,True,1,18,3.5,1.0,2.3,100.0,0,True
"Arcángel, Bad Bunny, Mambo Kingz, DJ Luian - Tu No Vive Asi (feat. Mambo Kingz & DJ Luian)",cutin25s/seeded_correct,22817,22750,-67,-75,4000,0,2,False,True,True,1,18,3.5,0.9,2.4,100.0,0,True
"Arcángel, Bad Bunny, Mambo Kingz, DJ Luian - Tu No Vive Asi (feat. Mambo Kingz & DJ Luian)",cutin25s/seeded_wrong_2s,22817,22748,-69,-75,5500,0,2,False,True,True,2,18,7.1,1.0,2.7,97.6,0,True
"Arcángel, Bad Bunny, Mambo Kingz, DJ Luian - Tu No Vive Asi (feat. Mambo Kingz & DJ Luian)",blend8s/cold,-2183,1735,3918,7933,,3,3,False,False,True,6,18,42.2,1.5,5.1,0.0,0,False
"Arcángel, Bad Bunny, Mambo Kingz, DJ Luian - Tu No Vive Asi (feat. Mambo Kingz & DJ Luian)",blend8s/seeded_correct,-2183,-2259,-76,7933,,1,4,False,False,True,12,18,75.4,1.6,7.1,44.8,0,True
"Arcángel, Bad Bunny, Mambo Kingz, DJ Luian - Tu No Vive Asi (feat. Mambo Kingz & DJ Luian)",blend8s/seeded_wrong_2s,-2183,1743,3926,7933,,6,6,False,False,True,12,18,76.2,1.7,7.1,0.0,0,False
"Arcángel, Bad Bunny, Mambo Kingz, DJ Luian - Tu No Vive Asi (feat. Mambo Kingz & DJ Luian)",midshift+1.5s/cold,-2183,7238,7921,6433,,3,3,False,False,True,12,18,88.6,1.7,7.9,0.0,0,False
"Arcángel, Bad Bunny, Mambo Kingz, DJ Luian - Tu No Vive Asi (feat. Mambo Kingz & DJ Luian)",midshift+1.5s/seeded_correct,-2183,-757,-74,-67,32000,0,3,False,False,True,11,18,74.2,1.5,7.5,92.8,0,True
"Arcángel, Bad Bunny, Mambo Kingz, DJ Luian - Tu No Vive Asi (feat. Mambo Kingz & DJ Luian)",midshift+1.5s/seeded_wrong_2s,-2183,7275,7958,7958,,4,4,False,False,False,18,18,156.2,2.5,12.1,0.0,0,False
"Arcángel, Bad Bunny, Mambo Kingz, DJ Luian - Tu No Vive Asi (feat. Mambo Kingz & DJ Luian)",midshift-1.5s/cold,-2183,4238,7921,9433,,3,3,False,False,True,10,18,71.6,1.6,6.8,0.0,0,False
"Arcángel, Bad Bunny, Mambo Kingz, DJ Luian - Tu No Vive Asi (feat. Mambo Kingz & DJ Luian)",midshift-1.5s/seeded_correct,-2183,239,3922,7933,,3,3,False,False,True,11,18,71.5,1.6,7.0,23.1,0,False
"Arcángel, Bad Bunny, Mambo Kingz, DJ Luian - Tu No Vive Asi (feat. Mambo Kingz & DJ Luian)",midshift-1.5s/seeded_wrong_2s,-2183,4275,7958,7958,,3,3,False,False,False,18,18,143.5,2.5,10.9,0.0,0,False
Bad Bunny - BENDICIONES,off0/cold,2225,-1102,-3327,-2225,,2,2,True,True,True,2,13,8.4,1.1,2.8,0.0,0,False
Bad Bunny - BENDICIONES,off0/seeded_correct,2225,2227,2,-2225,,0,2,False,True,True,5,13,18.2,2.0,4.0,4.5,0,True
Bad Bunny - BENDICIONES,off0/seeded_wrong_2s,2225,2227,2,-3325,,1,3,False,True,True,8,13,31.4,3.0,5.3,0.0,0,True
Bad Bunny - BENDICIONES,off+200/cold,2425,-902,-3327,-2225,,2,2,True,True,True,2,13,8.0,1.0,2.7,0.0,0,False
Bad Bunny - BENDICIONES,off+200/seeded_correct,2425,2427,2,-2225,,0,2,False,True,True,5,13,18.1,2.0,3.9,4.5,0,True
Bad Bunny - BENDICIONES,off+200/seeded_wrong_2s,2425,2425,0,0,39750,0,4,False,False,False,13,13,63.1,2.0,5.7,74.4,0,True
Bad Bunny - BENDICIONES,off-200/cold,2025,-1304,-3329,-2225,,2,2,True,True,True,2,13,9.1,1.0,2.7,0.0,0,False
Bad Bunny - BENDICIONES,off-200/seeded_correct,2025,2027,2,-2225,,0,2,False,True,True,5,13,19.8,1.5,4.0,5.5,0,True
Bad Bunny - BENDICIONES,off-200/seeded_wrong_2s,2025,2027,2,-3325,,1,3,False,True,True,8,13,31.8,3.0,5.5,0.0,0,True
Bad Bunny - BENDICIONES,off+2s/cold,4225,899,-3326,-2225,,2,2,True,True,True,2,13,8.2,1.1,2.8,0.0,0,False
Bad Bunny - BENDICIONES,off+2s/seeded_correct,4225,4227,2,-2225,,0,2,False,True,True,5,13,18.7,2.5,4.1,3.6,0,True
Bad Bunny - BENDICIONES,off+2s/seeded_wrong_2s,4225,4225,0,0,39750,0,4,False,False,False,13,13,66.3,2.1,5.8,74.1,0,True
Bad Bunny - BENDICIONES,off-2s/cold,225,-3104,-3329,-2225,,2,2,True,True,True,2,13,9.0,1.0,2.5,6.4,0,False
Bad Bunny - BENDICIONES,off-2s/seeded_correct,225,227,2,-2225,,0,2,False,True,True,5,13,19.0,1.0,3.7,6.4,0,True
Bad Bunny - BENDICIONES,off-2s/seeded_wrong_2s,225,225,0,0,39750,0,4,False,False,False,13,13,59.1,1.9,5.4,74.7,0,True
Bad Bunny - BENDICIONES,off+10s/cold,12225,8890,-3335,-3325,,4,4,False,False,True,12,13,79.6,2.1,7.3,0.0,0,False
Bad Bunny - BENDICIONES,off+10s/second_play,12225,8896,-3329,-3335,,2,2,False,True,True,1,13,4.4,0.2,2.3,0.0,0,False
Bad Bunny - BENDICIONES,off+10s/seeded_correct,12225,12225,0,0,34250,0,4,False,False,False,13,13,76.2,2.4,6.2,100.0,0,True
Bad Bunny - BENDICIONES,off+10s/seeded_wrong_2s,12225,12225,0,0,39750,0,4,False,False,False,13,13,75.6,2.4,6.1,72.6,0,True
Bad Bunny - BENDICIONES,off-10s/cold,-7775,,,36675,,0,0,False,False,False,13,13,67.8,3.8,6.5,0.0,0,False
Bad Bunny - BENDICIONES,off-10s/second_play,-7775,,,36675,,0,0,False,False,False,13,13,66.8,3.7,6.9,0.0,0,False
Bad Bunny - BENDICIONES,off-10s/seeded_correct,-7775,-7775,0,-2225,,0,0,False,True,False,13,13,61.0,2.7,6.5,10.6,0,True
Bad Bunny - BENDICIONES,off-10s/seeded_wrong_2s,-7775,-5775,2000,2000,,0,0,False,False,False,13,13,63.3,2.5,6.4,0.0,0,False
Bad Bunny - BENDICIONES,off+25s/cold,27225,23891,-3334,-3325,,3,3,False,False,True,8,13,68.3,2.3,6.4,0.0,0,False
Bad Bunny - BENDICIONES,off+25s/second_play,27225,23897,-3328,-3334,,2,2,False,True,True,1,13,5.1,2.5,3.2,0.0,0,False
Bad Bunny - BENDICIONES,off+25s/seeded_correct,27225,27225,0,0,10000,0,3,False,True,False,13,13,82.3,4.3,7.6,100.0,0,True
Bad Bunny - BENDICIONES,off+25s/seeded_wrong_2s,27225,27225,0,0,10000,0,4,False,True,False,13,13,82.3,4.2,7.6,92.3,0,True
Bad Bunny - BENDICIONES,off-25s/cold,-22775,13894,36669,36669,,2,2,False,False,True,13,13,53.3,3.9,6.2,0.0,0,False
Bad Bunny - BENDICIONES,off-25s/second_play,-22775,13896,36671,36669,,2,2,False,False,True,12,13,43.2,3.6,5.8,0.0,0,False
Bad Bunny - BENDICIONES,off-25s/seeded_correct,-22775,13895,36670,36670,,2,2,False,False,True,12,13,42.4,3.5,5.6,55.3,0,False
Bad Bunny - BENDICIONES,off-25s/seeded_wrong_2s,-22775,13895,36670,36670,,2,2,False,False,True,12,13,42.4,3.6,5.5,0.0,0,False
Bad Bunny - BENDICIONES,noise0/cold,2225,-1102,-3327,-3325,,2,2,False,True,True,1,13,3.8,0.1,1.7,0.0,0,False
Bad Bunny - BENDICIONES,noise0/seeded_correct,2225,2225,0,0,34250,0,4,False,False,False,13,13,57.0,1.9,5.1,100.0,0,True
Bad Bunny - BENDICIONES,noise0/seeded_wrong_2s,2225,2226,1,0,39750,0,3,False,False,False,13,13,56.6,1.9,5.1,74.4,0,True
Bad Bunny - BENDICIONES,noise-2s/cold,225,-3103,-3328,-3325,,2,2,True,True,True,2,13,5.9,0.1,2.2,7.3,0,False
Bad Bunny - BENDICIONES,noise-2s/seeded_correct,225,225,0,0,34250,0,4,False,False,False,13,13,54.8,1.8,4.9,100.0,0,True
Bad Bunny - BENDICIONES,noise-2s/seeded_wrong_2s,225,226,1,0,39750,0,3,False,False,False,13,13,55.2,1.8,5.0,74.7,0,True
Bad Bunny - BENDICIONES,cutin5s/cold,7225,3898,-3327,-3328,,3,3,True,True,True,2,13,8.1,0.1,2.7,0.0,0,False
Bad Bunny - BENDICIONES,cutin5s/second_play,7225,3898,-3327,-3327,,2,2,False,True,True,1,13,3.0,1.0,1.9,0.0,0,False
Bad Bunny - BENDICIONES,cutin5s/seeded_correct,7225,3890,-3335,-3325,,3,3,False,False,True,12,13,62.3,1.7,6.2,39.8,0,False
Bad Bunny - BENDICIONES,cutin5s/seeded_wrong_2s,7225,3890,-3335,-3325,,3,3,False,False,True,12,13,57.8,1.7,6.1,0.0,0,False
Bad Bunny - BENDICIONES,cutin15s/cold,17225,13894,-3331,-3325,,6,6,False,True,True,7,13,27.8,3.2,4.5,0.0,0,False
Bad Bunny - BENDICIONES,cutin15s/second_play,17225,13898,-3327,-3330,,2,2,False,True,True,1,13,2.9,0.9,1.8,0.0,0,False
Bad Bunny - BENDICIONES,cutin15s/seeded_correct,17225,17225,0,0,34250,0,4,False,False,False,13,13,62.6,1.9,5.1,100.0,0,True
Bad Bunny - BENDICIONES,cutin15s/seeded_wrong_2s,17225,17226,1,-3325,,1,4,False,False,True,12,13,57.3,1.7,5.3,42.8,0,True
Bad Bunny - BENDICIONES,cutin25s/cold,27225,23894,-3331,-3325,,5,5,False,True,True,7,13,30.9,4.0,4.7,0.0,0,False
Bad Bunny - BENDICIONES,cutin25s/second_play,27225,23895,-3330,-3330,,5,5,False,True,True,7,13,27.3,3.8,4.8,0.0,0,False
Bad Bunny - BENDICIONES,cutin25s/seeded_correct,27225,27225,0,-3325,,1,4,False,True,True,7,13,33.2,1.5,4.7,45.9,0,True
Bad Bunny - BENDICIONES,cutin25s/seeded_wrong_2s,27225,23890,-3335,-3325,,3,3,False,False,True,11,13,63.0,1.5,6.0,0.0,0,False
Bad Bunny - BENDICIONES,blend8s/cold,2225,-1102,-3327,-3328,,3,3,True,True,True,2,13,11.1,1.0,2.3,0.0,0,False
Bad Bunny - BENDICIONES,blend8s/seeded_correct,2225,2225,0,0,34250,0,4,False,False,False,13,13,59.1,1.9,5.2,100.0,0,True
Bad Bunny - BENDICIONES,blend8s/seeded_wrong_2s,2225,2225,0,0,39750,0,4,False,False,False,13,13,58.3,2.0,5.3,74.4,0,True
Bad Bunny - BENDICIONES,midshift+1.5s/cold,2225,-1102,-4827,-3725,,2,2,True,True,True,2,13,8.1,1.0,2.7,0.0,0,False
Bad Bunny - BENDICIONES,midshift+1.5s/seeded_correct,2225,2227,-1498,-3725,,1,2,False,True,True,5,13,18.1,2.0,3.9,4.6,0,False
Bad Bunny - BENDICIONES,midshift+1.5s/seeded_wrong_2s,2225,400,-3325,-3325,,2,2,False,True,False,13,13,65.7,5.0,7.2,0.0,0,False
Bad Bunny - BENDICIONES,midshift-1.5s/cold,2225,-1102,-1827,-725,,2,2,True,True,True,2,13,8.1,1.1,2.6,0.0,0,False
Bad Bunny - BENDICIONES,midshift-1.5s/seeded_correct,2225,2227,1502,-725,,1,2,False,True,True,5,13,18.1,2.1,3.9,4.5,0,False
Bad Bunny - BENDICIONES,midshift-1.5s/seeded_wrong_2s,2225,-1100,-1825,-1825,,1,1,False,True,False,13,13,63.1,4.6,6.8,0.0,0,False
Bad Bunny - Cuando Perriabas,off0/cold,1950,1947,-3,0,7000,0,3,False,True,True,3,10,9.5,1.1,2.3,98.6,0,True
Bad Bunny - Cuando Perriabas,off0/seeded_correct,1950,1939,-11,0,5500,0,3,False,True,True,3,10,8.1,1.3,2.4,100.0,0,True
Bad Bunny - Cuando Perriabas,off0/seeded_wrong_2s,1950,1938,-12,0,5500,0,3,False,True,True,3,10,7.8,1.3,2.3,98.9,0,True
Bad Bunny - Cuando Perriabas,off+200/cold,2150,2138,-12,0,5500,0,3,False,True,True,3,10,8.2,1.4,2.3,98.9,0,True
Bad Bunny - Cuando Perriabas,off+200/seeded_correct,2150,2139,-11,0,5500,0,3,False,True,True,3,10,8.0,1.3,2.3,100.0,0,True
Bad Bunny - Cuando Perriabas,off+200/seeded_wrong_2s,2150,2138,-12,0,5500,0,3,False,True,True,3,10,7.7,1.3,2.2,98.9,0,True
Bad Bunny - Cuando Perriabas,off-200/cold,1750,1741,-9,-25,8500,0,2,False,True,True,2,10,7.8,1.0,1.8,98.3,0,True
Bad Bunny - Cuando Perriabas,off-200/seeded_correct,1750,1739,-11,0,5500,0,3,False,True,True,3,10,7.7,1.3,2.3,100.0,0,True
Bad Bunny - Cuando Perriabas,off-200/seeded_wrong_2s,1750,1738,-12,0,5500,0,3,False,True,True,3,10,7.8,1.3,2.3,98.9,0,True
Bad Bunny - Cuando Perriabas,off+2s/cold,3950,3949,-1,0,28300,0,3,True,False,True,4,10,17.3,1.2,3.6,94.2,0,True
Bad Bunny - Cuando Perriabas,off+2s/seeded_correct,3950,3939,-11,0,4000,0,3,False,True,True,3,10,8.1,1.7,2.5,100.0,0,True
Bad Bunny - Cuando Perriabas,off+2s/seeded_wrong_2s,3950,3938,-12,0,4000,0,3,False,True,True,3,10,8.1,1.7,2.4,99.2,0,True
Bad Bunny - Cuando Perriabas,off-2s/cold,-50,-58,-8,0,8500,0,3,False,True,True,3,10,8.7,1.0,2.1,100.0,0,True
Bad Bunny - Cuando Perriabas,off-2s/seeded_correct,-50,-57,-7,0,8500,0,3,False,True,True,3,10,8.7,1.0,2.2,100.0,0,True
Bad Bunny - Cuando Perriabas,off-2s/seeded_wrong_2s,-50,-58,-8,0,8500,0,3,False,True,True,3,10,8.7,0.9,2.2,98.3,0,True
Bad Bunny - Cuando Perriabas,off+10s/cold,11950,11944,-6,0,26000,0,3,False,False,True,4,10,22.0,1.5,4.5,94.6,0,True
Bad Bunny - Cuando Perriabas,off+10s/second_play,11950,11947,-3,-6,2500,0,2,False,True,True,1,10,3.4,1.7,2.1,100.0,0,True
Bad Bunny - Cuando Perriabas,off+10s/seeded_correct,11950,11948,-2,0,2500,0,2,False,True,True,1,10,3.5,1.7,2.1,100.0,0,True
Bad Bunny - Cuando Perriabas,off+10s/seeded_wrong_2s,11950,11948,-2,0,2500,0,2,False,True,True,2,10,5.8,2.1,2.4,99.5,0,True
Bad Bunny - Cuando Perriabas,off-10s/cold,-8050,,,5850,,0,0,False,False,False,10,10,40.2,4.0,6.1,0.0,0,False
Bad Bunny - Cuando Perriabas,off-10s/second_play,-8050,,,5850,,0,0,False,False,False,10,10,40.2,3.8,6.3,0.0,0,False
Bad Bunny - Cuando Perriabas,off-10s/seeded_correct,-8050,-2198,5852,5850,,2,2,False,False,True,10,10,37.0,3.7,6.2,14.8,0,False
Bad Bunny - Cuando Perriabas,off-10s/seeded_wrong_2s,-8050,-6050,2000,5850,,0,0,False,False,False,10,10,36.7,3.7,6.0,0.0,0,False
Bad Bunny - Cuando Perriabas,off+25s/cold,26950,26944,-6,0,26000,0,3,False,False,True,4,10,28.8,2.2,5.2,94.4,0,True
Bad Bunny - Cuando Perriabas,off+25s/second_play,26950,26947,-3,-6,2500,0,2,False,True,True,1,10,4.7,2.3,2.8,100.0,0,True
Bad Bunny - Cuando Perriabas,off+25s/seeded_correct,26950,26949,-1,0,2500,0,2,False,True,True,1,10,4.9,2.5,3.0,100.0,0,True
Bad Bunny - Cuando Perriabas,off+25s/seeded_wrong_2s,26950,26948,-2,0,2500,0,2,False,True,True,2,10,7.8,2.8,3.1,99.5,0,True
Bad Bunny - Cuando Perriabas,off-25s/cold,-23050,,,23050,,0,0,False,False,False,10,10,33.1,3.0,5.6,0.0,0,False
Bad Bunny - Cuando Perriabas,off-25s/second_play,-23050,,,23050,,0,0,False,False,False,10,10,32.6,3.0,5.5,0.0,0,False
Bad Bunny - Cuando Perriabas,off-25s/seeded_correct,-23050,-23050,0,0,,0,0,False,False,False,10,10,30.1,2.8,5.3,100.0,0,True
Bad Bunny - Cuando Perriabas,off-25s/seeded_wrong_2s,-23050,-21050,2000,2000,,0,0,False,False,False,10,10,30.2,2.8,5.5,0.0,0,False
Bad Bunny - Cuando Perriabas,noise0/cold,1950,1947,-3,0,7000,0,3,False,True,True,3,10,9.2,1.1,2.2,98.6,0,True
Bad Bunny - Cuando Perriabas,noise0/seeded_correct,1950,1943,-7,0,5500,0,4,False,True,True,3,10,7.8,1.3,2.2,100.0,0,True
Bad Bunny - Cuando Perriabas,noise0/seeded_wrong_2s,1950,1942,-8,0,5500,0,3,False,True,True,3,10,7.7,1.3,2.2,98.9,0,True
Bad Bunny - Cuando Perriabas,noise-2s/cold,-50,-58,-8,0,8500,0,3,False,True,True,3,10,8.8,1.0,2.2,100.0,0,True
Bad Bunny - Cuando Perriabas,noise-2s/seeded_correct,-50,-57,-7,0,8500,0,4,False,True,True,3,10,8.5,1.0,2.0,100.0,0,True
Bad Bunny - Cuando Perriabas,noise-2s/seeded_wrong_2s,-50,-58,-8,0,8500,0,3,False,True,True,3,10,8.2,0.9,2.0,98.3,0,True
Bad Bunny - Cuando Perriabas,cutin5s/cold,6950,6948,-2,0,4000,0,3,False,True,True,3,10,8.3,2.0,2.7,99.2,0,True
Bad Bunny - Cuando Perriabas,cutin5s/second_play,6950,6948,-2,-2,4000,0,3,False,True,True,3,10,7.8,1.9,2.5,100.0,0,True
Bad Bunny - Cuando Perriabas,cutin5s/seeded_correct,6950,6948,-2,0,4000,0,3,False,True,True,3,10,7.5,1.8,2.5,100.0,0,True
Bad Bunny - Cuando Perriabas,cutin5s/seeded_wrong_2s,6950,6948,-2,0,4000,0,3,False,True,True,3,10,7.4,1.8,2.5,99.2,0,True
Bad Bunny - Cuando Perriabas,cutin15s/cold,16950,16948,-2,0,4000,0,2,False,True,True,3,10,10.0,2.2,3.3,99.2,0,True
Bad Bunny - Cuando Perriabas,cutin15s/second_play,16950,16948,-2,-2,4000,0,2,False,True,True,3,10,7.2,1.5,2.7,100.0,0,True
Bad Bunny - Cuando Perriabas,cutin15s/seeded_correct,16950,16948,-2,0,4000,0,2,False,True,True,3,10,7.4,1.5,2.8,100.0,0,True
Bad Bunny - Cuando Perriabas,cutin15s/seeded_wrong_2s,16950,16948,-2,0,4000,0,2,False,True,True,3,10,7.2,1.5,2.7,99.2,0,True
Bad Bunny - Cuando Perriabas,cutin25s/cold,26950,26949,-1,0,4000,0,2,False,True,True,4,10,16.8,3.1,4.5,99.1,0,True
Bad Bunny - Cuando Perriabas,cutin25s/second_play,26950,26949,-1,-1,4000,0,2,False,True,True,4,10,13.7,1.9,4.6,100.0,0,True
Bad Bunny - Cuando Perriabas,cutin25s/seeded_correct,26950,26949,-1,0,4000,0,2,False,True,True,4,10,13.6,1.9,4.5,100.0,0,True
Bad Bunny - Cuando Perriabas,cutin25s/seeded_wrong_2s,26950,26949,-1,0,4000,0,2,False,True,True,4,10,13.6,1.9,4.6,99.1,0,True
Bad Bunny - Cuando Perriabas,blend8s/cold,1950,1940,-10,0,26000,0,2,False,False,True,3,10,11.7,1.1,2.3,94.7,0,True
Bad Bunny - Cuando Perriabas,blend8s/seeded_correct,1950,1942,-8,0,16500,0,2,False,False,True,3,10,11.1,1.1,2.2,100.0,0,True
Bad Bunny - Cuando Perriabas,blend8s/seeded_wrong_2s,1950,1940,-10,0,26000,0,2,False,False,True,3,10,11.3,1.1,2.3,94.7,0,True
Bad Bunny - Cuando Perriabas,midshift+1.5s/cold,1950,1947,-1503,-1500,7000,1,3,False,True,True,3,10,10.2,1.1,2.5,10.9,0,False
Bad Bunny - Cuando Perriabas,midshift+1.5s/seeded_correct,1950,1939,-1511,-1500,5500,1,3,False,True,True,3,10,8.4,1.4,2.4,12.3,0,False
Bad Bunny - Cuando Perriabas,midshift+1.5s/seeded_wrong_2s,1950,1938,-1512,-1500,5500,1,3,False,True,True,3,10,8.6,1.4,2.6,11.2,0,False
Bad Bunny - Cuando Perriabas,midshift-1.5s/cold,1950,1947,1497,1500,7000,1,3,False,True,True,3,10,10.4,1.1,2.7,10.8,0,False
Bad Bunny - Cuando Perriabas,midshift-1.5s/seeded_correct,1950,1939,1489,1500,5500,1,3,False,True,True,3,10,8.6,1.4,2.7,12.3,0,False
Bad Bunny - Cuando Perriabas,midshift-1.5s/seeded_wrong_2s,1950,1938,1488,1500,5500,1,3,False,True,True,3,10,9.4,1.6,2.8,11.1,0,False
Bad Bunny - 3,off0/cold,-1025,-1026,-1,-2,34250,0,2,False,False,False,7,7,46.2,1.5,5.0,77.7,0,True
Bad Bunny - 3,off0/seeded_correct,-1025,-1026,-1,0,24750,0,3,False,False,False,7,7,47.3,1.5,5.7,100.0,0,True
Bad Bunny - 3,off0/seeded_wrong_2s,-1025,-1026,-1,0,34250,0,2,False,False,False,7,7,44.9,1.5,4.9,77.7,0,True
Bad Bunny - 3,off+200/cold,-825,-825,0,0,24750,0,3,False,False,False,7,7,46.0,1.5,5.2,83.9,0,True
Bad Bunny - 3,off+200/seeded_correct,-825,-825,0,0,24750,0,3,False,False,False,7,7,43.8,1.5,4.9,100.0,0,True
Bad Bunny - 3,off+200/seeded_wrong_2s,-825,-825,0,0,34250,0,3,False,False,False,7,7,44.7,1.5,4.9,77.7,0,True
Bad Bunny - 3,off-200/cold,-1225,-1223,2,0,38500,0,2,False,False,False,7,7,45.9,1.5,5.0,75.0,0,True
Bad Bunny - 3,off-200/seeded_correct,-1225,-1223,2,0,24750,0,2,False,False,False,7,7,44.5,1.5,5.0,100.0,0,True
Bad Bunny - 3,off-200/seeded_wrong_2s,-1225,-1224,1,1,75750,0,2,False,False,True,6,7,39.3,1.4,3.6,50.7,0,True
Bad Bunny - 3,off+2s/cold,975,975,0,0,24750,0,3,False,False,False,7,7,49.2,1.6,5.0,83.7,0,True
Bad Bunny - 3,off+2s/seeded_correct,975,975,0,0,24750,0,3,False,False,False,7,7,47.4,1.6,5.0,100.0,0,True
Bad Bunny - 3,off+2s/seeded_wrong_2s,975,975,0,0,34250,0,3,False,False,False,7,7,47.1,1.6,5.0,77.4,0,True
Bad Bunny - 3,off-2s/cold,-3025,2975,6000,6000,,2,2,False,True,True,1,7,3.4,0.5,2.2,0.0,0,False
Bad Bunny - 3,off-2s/seeded_correct,-3025,-3025,0,6000,,1,2,False,False,True,5,7,31.0,1.3,3.4,33.3,0,True
Bad Bunny - 3,off-2s/seeded_wrong_2s,-3025,2975,6000,6000,,2,2,False,False,False,7,7,44.2,1.4,5.8,0.0,0,False
Bad Bunny - 3,off+10s/cold,8975,14975,6000,6000,,1,1,False,False,False,7,7,62.0,1.9,7.3,0.0,0,False
Bad Bunny - 3,off+10s/second_play,8975,14975,6000,6000,,2,2,False,True,True,1,7,4.3,2.1,2.9,0.0,0,False
Bad Bunny - 3,off+10s/seeded_correct,8975,8975,0,0,24750,0,3,False,False,False,7,7,54.6,1.9,5.4,100.0,0,True
Bad Bunny - 3,off+10s/seeded_wrong_2s,8975,8975,0,0,34250,0,3,False,False,False,7,7,54.8,1.9,5.6,76.1,0,True
Bad Bunny - 3,off-10s/cold,-11025,980,12005,12000,,1,1,False,False,False,7,7,32.7,1.2,5.0,0.0,0,False
Bad Bunny - 3,off-10s/second_play,-11025,976,12001,12005,,1,1,False,False,False,7,7,31.7,1.2,4.9,0.0,0,False
Bad Bunny - 3,off-10s/seeded_correct,-11025,-11025,0,0,,0,0,False,False,False,7,7,32.9,1.2,5.7,100.0,0,True
Bad Bunny - 3,off-10s/seeded_wrong_2s,-11025,-9025,2000,2000,,0,0,False,False,False,7,7,33.1,1.2,5.7,0.0,0,False
Bad Bunny - 3,off+25s/cold,23975,-23,-23998,-23998,,2,2,False,False,True,6,7,64.5,2.5,4.8,0.0,0,False
Bad Bunny - 3,off+25s/second_play,23975,-25,-24000,-24000,,3,3,False,False,True,6,7,63.1,2.4,5.3,0.0,0,False
Bad Bunny - 3,off+25s/seeded_correct,23975,23975,0,0,24750,0,3,False,False,False,7,7,69.3,2.6,6.6,100.0,0,True
Bad Bunny - 3,off+25s/seeded_wrong_2s,23975,23975,0,0,34250,0,3,False,False,False,7,7,69.0,2.5,6.6,73.3,0,True
Bad Bunny - 3,off-25s/cold,-26025,,,26025,,0,0,False,False,False,7,7,23.1,3.1,5.5,0.0,0,False
Bad Bunny - 3,off-25s/second_play,-26025,,,26025,,0,0,False,False,False,7,7,22.7,2.9,5.6,0.0,0,False
Bad Bunny - 3,off-25s/seeded_correct,-26025,-26025,0,0,,0,0,False,False,False,7,7,19.6,1.7,5.5,100.0,0,True
Bad Bunny - 3,off-25s/seeded_wrong_2s,-26025,-24025,2000,2000,,0,0,False,False,False,7,7,21.0,1.9,5.8,0.0,0,False
Bad Bunny - 3,noise0/cold,-1025,-1026,-1,-2,34250,0,2,False,False,False,7,7,41.0,1.5,4.1,77.7,0,True
Bad Bunny - 3,noise0/seeded_correct,-1025,-1026,-1,0,24750,0,3,False,False,False,7,7,40.3,1.4,4.2,100.0,0,True
Bad Bunny - 3,noise0/seeded_wrong_2s,-1025,-1026,-1,0,34250,0,2,False,False,False,7,7,40.2,1.4,4.2,77.7,0,True
Bad Bunny - 3,noise-2s/cold,-3025,2975,6000,6000,,2,2,False,True,True,1,7,3.1,0.5,1.9,0.0,0,False
Bad Bunny - 3,noise-2s/seeded_correct,-3025,-3025,0,6000,,1,2,False,False,True,5,7,29.4,1.3,3.0,33.3,0,True
Bad Bunny - 3,noise-2s/seeded_wrong_2s,-3025,2975,6000,6000,,2,2,False,False,False,7,7,39.9,1.3,5.0,0.0,0,False
Bad Bunny - 3,cutin5s/cold,3975,9975,6000,6000,,1,1,False,False,False,7,7,50.3,1.7,5.4,0.0,0,False
Bad Bunny - 3,cutin5s/second_play,3975,9976,6001,6000,,2,2,False,True,True,1,7,3.2,0.9,2.1,0.0,0,False
Bad Bunny - 3,cutin5s/seeded_correct,3975,3976,1,0,24750,0,4,False,False,False,7,7,41.3,1.4,4.2,100.0,0,True
Bad Bunny - 3,cutin5s/seeded_wrong_2s,3975,3975,0,0,75750,0,2,False,False,True,6,7,37.6,1.5,3.5,49.0,0,True
Bad Bunny - 3,cutin15s/cold,13975,,,-13975,,0,0,False,False,False,7,7,54.4,2.2,4.9,0.0,0,False
Bad Bunny - 3,cutin15s/second_play,13975,,,-13975,,0,0,False,False,False,7,7,54.3,2.2,4.7,0.0,0,False
Bad Bunny - 3,cutin15s/seeded_correct,13975,13975,0,0,24750,0,3,False,False,False,7,7,40.1,1.4,4.2,100.0,0,True
Bad Bunny - 3,cutin15s/seeded_wrong_2s,13975,13975,0,0,34250,0,3,False,False,False,7,7,40.8,1.4,4.1,75.3,0,True
Bad Bunny - 3,cutin25s/cold,23975,29975,6000,6000,,1,1,False,False,False,7,7,68.9,2.9,5.5,0.0,0,False
Bad Bunny - 3,cutin25s/second_play,23975,29976,6001,6000,,3,3,False,True,True,3,7,8.4,2.0,2.7,0.0,0,False
Bad Bunny - 3,cutin25s/seeded_correct,23975,23976,1,1,34250,0,3,False,False,True,7,7,45.3,1.5,5.4,100.0,0,True
Bad Bunny - 3,cutin25s/seeded_wrong_2s,23975,29975,6000,6000,,1,1,False,False,False,7,7,51.2,1.6,6.4,0.0,0,False
Bad Bunny - 3,blend8s/cold,-1025,-1026,-1,-2,34250,0,2,False,False,False,7,7,42.4,1.5,4.3,77.7,0,True
Bad Bunny - 3,blend8s/seeded_correct,-1025,-1026,-1,0,24750,0,3,False,False,False,7,7,41.1,1.4,4.5,100.0,0,True
Bad Bunny - 3,blend8s/seeded_wrong_2s,-1025,-1026,-1,0,34250,0,2,False,False,False,7,7,41.3,1.5,4.3,77.7,0,True
Bad Bunny - 3,midshift+1.5s/cold,-1025,-1027,-1502,-1502,34250,0,1,False,False,False,7,7,45.0,1.5,5.3,16.9,0,False
Bad Bunny - 3,midshift+1.5s/seeded_correct,-1025,-1027,-1502,-1500,24750,0,2,False,False,False,7,7,43.8,1.4,5.2,39.5,0,False
Bad Bunny - 3,midshift+1.5s/seeded_wrong_2s,-1025,-1027,-1502,-1500,34250,0,1,False,False,False,7,7,43.4,1.4,4.7,16.9,0,False
Bad Bunny - 3,midshift-1.5s/cold,-1025,-1027,1498,1498,34250,0,1,False,False,False,7,7,43.5,1.5,4.5,16.6,0,False
Bad Bunny - 3,midshift-1.5s/seeded_correct,-1025,-1027,1498,1500,24750,0,2,False,False,False,7,7,42.1,1.5,4.2,38.7,0,False
Bad Bunny - 3,midshift-1.5s/seeded_wrong_2s,-1025,-1027,1498,1500,34250,0,1,False,False,False,7,7,42.0,1.5,4.3,16.6,0,False
"Bad Bunny, Eladio Carrion - THUNDER Y LIGHTNING",off0/cold,-475,17972,18447,18450,,3,3,False,False,True,6,8,47.5,1.5,7.0,0.0,0,False
"Bad Bunny, Eladio Carrion - THUNDER Y LIGHTNING",off0/seeded_correct,-475,17979,18454,18450,,3,3,False,False,True,8,8,61.2,1.5,8.2,46.6,0,False
"Bad Bunny, Eladio Carrion - THUNDER Y LIGHTNING",off0/seeded_wrong_2s,-475,17974,18449,18450,,3,3,False,False,True,7,8,51.7,1.4,7.9,0.0,0,False
"Bad Bunny, Eladio Carrion - THUNDER Y LIGHTNING",off+200/cold,-275,18172,18447,18450,,3,3,False,False,True,6,8,46.2,1.5,6.6,46.6,0,False
"Bad Bunny, Eladio Carrion - THUNDER Y LIGHTNING",off+200/seeded_correct,-275,18179,18454,18450,,3,3,False,False,True,8,8,62.1,1.5,8.2,46.6,0,False
"Bad Bunny, Eladio Carrion - THUNDER Y LIGHTNING",off+200/seeded_wrong_2s,-275,18174,18449,18450,,3,3,False,False,True,7,8,52.0,1.5,7.9,0.0,0,False
"Bad Bunny, Eladio Carrion - THUNDER Y LIGHTNING",off-200/cold,-675,17772,18447,18450,,3,3,False,False,True,6,8,47.4,1.4,6.6,0.0,0,False
"Bad Bunny, Eladio Carrion - THUNDER Y LIGHTNING",off-200/seeded_correct,-675,17779,18454,18450,,3,3,False,False,True,8,8,61.6,1.5,8.0,46.5,0,False
"Bad Bunny, Eladio Carrion - THUNDER Y LIGHTNING",off-200/seeded_wrong_2s,-675,17774,18449,18450,,3,3,False,False,True,7,8,51.1,1.4,7.8,0.0,0,False
"Bad Bunny, Eladio Carrion - THUNDER Y LIGHTNING",off+2s/cold,1525,19972,18447,18450,,3,3,False,False,True,6,8,49.3,1.5,6.8,0.0,0,False
"Bad Bunny, Eladio Carrion - THUNDER Y LIGHTNING",off+2s/seeded_correct,1525,19979,18454,18450,,3,3,False,False,True,8,8,65.2,1.6,8.0,47.1,0,False
"Bad Bunny, Eladio Carrion - THUNDER Y LIGHTNING",off+2s/seeded_wrong_2s,1525,19974,18449,18450,,3,3,False,False,True,7,8,54.4,1.6,7.7,0.0,0,False
"Bad Bunny, Eladio Carrion - THUNDER Y LIGHTNING",off-2s/cold,-2475,15972,18447,18450,,3,3,False,False,True,6,8,45.5,1.4,6.6,0.0,0,False
"Bad Bunny, Eladio Carrion - THUNDER Y LIGHTNING",off-2s/seeded_correct,-2475,15974,18449,18450,,3,3,False,False,True,7,8,49.2,1.3,7.9,46.1,0,False
"Bad Bunny, Eladio Carrion - THUNDER Y LIGHTNING",off-2s/seeded_wrong_2s,-2475,15974,18449,18450,,3,3,False,False,True,7,8,49.8,1.4,8.0,0.0,0,False
"Bad Bunny, Eladio Carrion - THUNDER Y LIGHTNING",off+10s/cold,9525,27972,18447,18450,,3,3,False,False,True,6,8,55.8,1.8,7.3,0.0,0,False
"Bad Bunny, Eladio Carrion - THUNDER Y LIGHTNING",off+10s/second_play,9525,27974,18449,18447,,1,1,False,True,True,2,8,7.2,2.8,3.1,0.0,0,False
"Bad Bunny, Eladio Carrion - THUNDER Y LIGHTNING",off+10s/seeded_correct,9525,27979,18454,18450,,3,3,False,False,True,8,8,72.8,1.9,8.6,49.1,0,False
"Bad Bunny, Eladio Carrion - THUNDER Y LIGHTNING",off+10s/seeded_wrong_2s,9525,27974,18449,18450,,3,3,False,False,True,7,8,62.8,1.9,8.5,0.0,0,False
"Bad Bunny, Eladio Carrion - THUNDER Y LIGHTNING",off-10s/cold,-10475,7972,18447,18450,,3,3,False,False,True,6,8,34.1,1.2,6.5,0.0,0,False
"Bad Bunny, Eladio Carrion - THUNDER Y LIGHTNING",off-10s/second_play,-10475,7974,18449,18447,,3,3,False,True,True,5,8,16.6,1.9,4.9,0.0,0,False
"Bad Bunny, Eladio Carrion - THUNDER Y LIGHTNING",off-10s/seeded_correct,-10475,7974,18449,18450,,3,3,False,False,True,7,8,37.0,1.1,7.5,44.3,0,False
"Bad Bunny, Eladio Carrion - THUNDER Y LIGHTNING",off-10s/seeded_wrong_2s,-10475,7974,18449,18450,,3,3,False,False,True,7,8,38.1,1.1,7.6,0.0,0,False
"Bad Bunny, Eladio Carrion - THUNDER Y LIGHTNING",off+25s/cold,24525,,,-24525,,0,0,False,False,False,7,8,78.3,2.5,9.1,0.0,0,False
"Bad Bunny, Eladio Carrion - THUNDER Y LIGHTNING",off+25s/second_play,24525,,,-24525,,0,0,False,False,False,7,8,79.2,2.4,9.5,0.0,0,False
"Bad Bunny, Eladio Carrion - THUNDER Y LIGHTNING",off+25s/seeded_correct,24525,24525,0,0,129250,0,0,False,False,False,7,8,77.0,2.4,9.0,100.0,0,True
"Bad Bunny, Eladio Carrion - THUNDER Y LIGHTNING",off+25s/seeded_wrong_2s,24525,26525,2000,2000,,0,0,False,False,False,7,8,76.8,2.5,9.1,0.0,0,False
"Bad Bunny, Eladio Carrion - THUNDER Y LIGHTNING",off-25s/cold,-25475,,,24600,,0,0,False,False,False,8,8,36.5,2.9,8.1,0.0,0,False
"Bad Bunny, Eladio Carrion - THUNDER Y LIGHTNING",off-25s/second_play,-25475,,,24600,,0,0,False,False,False,8,8,37.1,3.0,8.3,0.0,0,False
"Bad Bunny, Eladio Carrion - THUNDER Y LIGHTNING",off-25s/seeded_correct,-25475,-25475,0,0,,0,0,False,False,False,8,8,34.2,1.9,8.3,100.0,0,True
"Bad Bunny, Eladio Carrion - THUNDER Y LIGHTNING",off-25s/seeded_wrong_2s,-25475,-23475,2000,2000,,0,0,False,False,False,8,8,34.0,1.7,8.3,0.0,0,False
"Bad Bunny, Eladio Carrion - THUNDER Y LIGHTNING",noise0/cold,-475,17972,18447,18450,,3,3,False,False,True,6,8,45.6,1.4,6.2,0.0,0,False
"Bad Bunny, Eladio Carrion - THUNDER Y LIGHTNING",noise0/seeded_correct,-475,17979,18454,18450,,3,3,False,False,True,8,8,60.2,1.4,7.9,46.6,0,False
"Bad Bunny, Eladio Carrion - THUNDER Y LIGHTNING",noise0/seeded_wrong_2s,-475,17974,18449,18450,,3,3,False,False,True,7,8,51.1,1.4,7.9,0.0,0,False
"Bad Bunny, Eladio Carrion - THUNDER Y LIGHTNING",noise-2s/cold,-2475,15972,18447,18450,,3,3,False,False,True,6,8,42.8,1.3,6.1,0.0,0,False
"Bad Bunny, Eladio Carrion - THUNDER Y LIGHTNING",noise-2s/seeded_correct,-2475,15974,18449,18450,,3,3,False,False,True,7,8,47.8,1.3,7.7,46.1,0,False
"Bad Bunny, Eladio Carrion - THUNDER Y LIGHTNING",noise-2s/seeded_wrong_2s,-2475,15974,18449,18450,,3,3,False,False,True,7,8,48.2,1.3,7.6,0.0,0,False
"Bad Bunny, Eladio Carrion - THUNDER Y LIGHTNING",cutin5s/cold,4525,22973,18448,18450,,3,3,False,False,True,6,8,50.2,1.7,6.7,0.0,0,False
"Bad Bunny, Eladio Carrion - THUNDER Y LIGHTNING",cutin5s/second_play,4525,22974,18449,18448,,3,3,False,True,True,5,8,18.4,2.7,5.3,0.0,0,False
"Bad Bunny, Eladio Carrion - THUNDER Y LIGHTNING",cutin5s/seeded_correct,4525,22980,18455,18450,,3,3,False,False,True,8,8,62.1,1.5,8.0,47.8,0,False
"Bad Bunny, Eladio Carrion - THUNDER Y LIGHTNING",cutin5s/seeded_wrong_2s,4525,22974,18449,18450,,3,3,False,False,True,7,8,52.4,1.5,7.7,0.0,0,False
"Bad Bunny, Eladio Carrion - THUNDER Y LIGHTNING",cutin15s/cold,14525,,,-14525,,0,0,False,False,False,8,8,75.4,2.2,7.9,0.0,0,False
"Bad Bunny, Eladio Carrion - THUNDER Y LIGHTNING",cutin15s/second_play,14525,,,-14525,,0,0,False,False,False,8,8,75.8,2.3,7.9,0.0,0,False
"Bad Bunny, Eladio Carrion - THUNDER Y LIGHTNING",cutin15s/seeded_correct,14525,32959,18434,18450,,3,3,False,False,True,6,8,44.6,1.5,5.8,50.4,0,False
"Bad Bunny, Eladio Carrion - THUNDER Y LIGHTNING",cutin15s/seeded_wrong_2s,14525,32972,18447,18450,,3,3,False,False,True,6,8,44.1,1.4,5.6,0.0,0,False
"Bad Bunny, Eladio Carrion - THUNDER Y LIGHTNING",cutin25s/cold,24525,,,-24525,,0,0,False,False,False,7,8,78.3,2.9,7.8,0.0,0,False
"Bad Bunny, Eladio Carrion - THUNDER Y LIGHTNING",cutin25s/second_play,24525,,,-24525,,0,0,False,False,False,7,8,79.4,2.9,7.9,0.0,0,False
"Bad Bunny, Eladio Carrion - THUNDER Y LIGHTNING",cutin25s/seeded_correct,24525,24525,0,0,129250,0,0,False,False,False,7,8,55.9,1.5,7.9,100.0,0,True
"Bad Bunny, Eladio Carrion - THUNDER Y LIGHTNING",cutin25s/seeded_wrong_2s,24525,26525,2000,2000,,0,0,False,False,False,7,8,56.2,1.6,7.9,0.0,0,False
"Bad Bunny, Eladio Carrion - THUNDER Y LIGHTNING",blend8s/cold,-475,17972,18447,18450,,3,3,False,False,True,6,8,47.2,1.5,6.5,0.0,0,False
"Bad Bunny, Eladio Carrion - THUNDER Y LIGHTNING",blend8s/seeded_correct,-475,17979,18454,18450,,3,3,False,False,True,8,8,62.7,1.5,8.2,46.6,0,False
"Bad Bunny, Eladio Carrion - THUNDER Y LIGHTNING",blend8s/seeded_wrong_2s,-475,17974,18449,18450,,3,3,False,False,True,7,8,52.8,1.4,8.2,0.0,0,False
"Bad Bunny, Eladio Carrion - THUNDER Y LIGHTNING",midshift+1.5s/cold,-475,19473,18448,18450,,3,3,False,False,True,7,8,60.2,1.5,8.9,0.0,0,False
"Bad Bunny, Eladio Carrion - THUNDER Y LIGHTNING",midshift+1.5s/seeded_correct,-475,19474,18449,18450,,3,3,False,False,True,7,8,56.3,1.5,8.6,30.5,0,False
"Bad Bunny, Eladio Carrion - THUNDER Y LIGHTNING",midshift+1.5s/seeded_wrong_2s,-475,19474,18449,18450,,3,3,False,False,True,7,8,56.1,1.5,9.0,0.0,0,False
"Bad Bunny, Eladio Carrion - THUNDER Y LIGHTNING",midshift-1.5s/cold,-475,16472,18447,18450,,3,3,False,False,True,7,8,57.7,1.5,8.1,0.0,0,False
"Bad Bunny, Eladio Carrion - THUNDER Y LIGHTNING",midshift-1.5s/seeded_correct,-475,16474,18449,18450,,3,3,False,False,True,7,8,53.3,1.5,8.0,30.1,0,False
"Bad Bunny, Eladio Carrion - THUNDER Y LIGHTNING",midshift-1.5s/seeded_wrong_2s,-475,16474,18449,18450,,3,3,False,False,True,7,8,54.2,1.5,8.4,0.0,0,False
Bad Bunny - EL MUNDO ES MÍO,off0/cold,-1100,-1100,0,0,10000,0,4,False,True,True,7,14,24.3,1.9,4.1,93.9,0,True
Bad Bunny - EL MUNDO ES MÍO,off0/seeded_correct,-1100,-1100,0,0,10000,0,5,False,True,True,7,14,23.7,1.8,4.2,100.0,0,True
Bad Bunny - EL MUNDO ES MÍO,off0/seeded_wrong_2s,-1100,-1100,0,0,10000,0,4,False,True,True,7,14,23.5,1.9,4.0,93.9,0,True
Bad Bunny - EL MUNDO ES MÍO,off+200/cold,-900,-900,0,0,10000,0,2,False,True,True,2,14,6.2,0.1,2.3,93.9,0,True
Bad Bunny - EL MUNDO ES MÍO,off+200/seeded_correct,-900,-900,0,0,10000,0,3,False,True,True,2,14,5.9,0.1,2.2,100.0,0,True
Bad Bunny - EL MUNDO ES MÍO,off+200/seeded_wrong_2s,-900,-900,0,0,10000,0,2,False,True,True,2,14,6.3,0.1,2.5,93.9,0,True
Bad Bunny - EL MUNDO ES MÍO,off-200/cold,-1300,-1300,0,0,10000,0,4,False,True,True,7,14,24.1,1.9,4.0,93.9,0,True
Bad Bunny - EL MUNDO ES MÍO,off-200/seeded_correct,-1300,-1300,0,0,10000,0,4,False,True,True,7,14,23.3,1.8,4.1,100.0,0,True
Bad Bunny - EL MUNDO ES MÍO,off-200/seeded_wrong_2s,-1300,-1300,0,0,10000,0,4,False,True,True,7,14,23.3,1.8,4.1,93.9,0,True
Bad Bunny - EL MUNDO ES MÍO,off+2s/cold,900,899,-1,0,8500,0,2,False,True,True,2,14,6.4,0.1,2.6,94.8,0,True
Bad Bunny - EL MUNDO ES MÍO,off+2s/seeded_correct,900,900,0,0,8500,0,3,False,True,True,2,14,6.2,0.1,2.4,100.0,0,True
Bad Bunny - EL MUNDO ES MÍO,off+2s/seeded_wrong_2s,900,899,-1,0,8500,0,2,False,True,True,2,14,6.1,0.1,2.4,94.8,0,True
Bad Bunny - EL MUNDO ES MÍO,off-2s/cold,-3100,-3104,-4,0,13000,0,3,False,True,True,7,14,29.1,1.2,5.2,92.2,0,True
Bad Bunny - EL MUNDO ES MÍO,off-2s/seeded_correct,-3100,-3104,-4,0,13000,0,3,False,True,True,7,14,24.0,1.1,3.9,100.0,0,True
Bad Bunny - EL MUNDO ES MÍO,off-2s/seeded_wrong_2s,-3100,-3104,-4,0,13000,0,3,False,True,True,7,14,23.8,1.1,3.9,92.2,0,True
Bad Bunny - EL MUNDO ES MÍO,off+10s/cold,8900,8891,-9,0,72750,0,3,False,False,True,8,14,49.7,1.7,5.9,52.9,0,True
Bad Bunny - EL MUNDO ES MÍO,off+10s/second_play,8900,8898,-2,-9,2500,0,2,False,True,True,1,14,3.6,1.8,2.3,100.0,0,True
Bad Bunny - EL MUNDO ES MÍO,off+10s/seeded_correct,8900,8900,0,0,2500,0,2,False,True,True,1,14,3.4,1.7,2.2,100.0,0,True
Bad Bunny - EL MUNDO ES MÍO,off+10s/seeded_wrong_2s,8900,8899,-1,0,2500,0,2,False,True,True,2,14,6.4,2.2,2.9,98.4,0,True
Bad Bunny - EL MUNDO ES MÍO,off-10s/cold,-11100,,,11100,,0,0,False,False,False,14,14,68.0,4.6,7.3,0.0,0,False
Bad Bunny - EL MUNDO ES MÍO,off-10s/second_play,-11100,,,11100,,0,0,False,False,False,14,14,67.9,4.5,7.0,0.0,0,False
Bad Bunny - EL MUNDO ES MÍO,off-10s/seeded_correct,-11100,-11100,0,0,,0,0,False,False,False,14,14,64.4,4.3,6.9,100.0,0,True
Bad Bunny - EL MUNDO ES MÍO,off-10s/seeded_wrong_2s,-11100,-9100,2000,2000,,0,0,False,False,False,14,14,64.3,4.4,7.1,0.0,0,False
Bad Bunny - EL MUNDO ES MÍO,off+25s/cold,23900,23895,-5,0,72750,0,3,False,False,True,7,14,56.8,2.4,6.2,47.8,0,True
Bad Bunny - EL MUNDO ES MÍO,off+25s/second_play,23900,23899,-1,-5,2500,0,2,False,True,True,1,14,5.0,2.5,3.1,100.0,0,True
Bad Bunny - EL MUNDO ES MÍO,off+25s/seeded_correct,23900,23900,0,0,2500,0,2,False,True,True,1,14,4.7,2.3,2.8,100.0,0,True
Bad Bunny - EL MUNDO ES MÍO,off+25s/seeded_wrong_2s,23900,23899,-1,0,2500,0,2,False,True,True,2,14,8.3,2.9,3.5,98.2,0,True
Bad Bunny - EL MUNDO ES MÍO,off-25s/cold,-26100,,,26100,,0,0,False,False,False,14,14,59.1,4.2,6.8,0.0,0,False
Bad Bunny - EL MUNDO ES MÍO,off-25s/second_play,-26100,,,26100,,0,0,False,False,False,14,14,59.2,4.6,6.5,0.0,0,False
Bad Bunny - EL MUNDO ES MÍO,off-25s/seeded_correct,-26100,-26100,0,0,,0,0,False,False,False,14,14,55.9,4.2,6.6,100.0,0,True
Bad Bunny - EL MUNDO ES MÍO,off-25s/seeded_wrong_2s,-26100,-24100,2000,2000,,0,0,False,False,False,14,14,55.2,4.2,6.4,0.0,0,False
Bad Bunny - EL MUNDO ES MÍO,noise0/cold,-1100,-1098,2,0,32250,0,4,False,False,True,7,14,23.3,0.2,4.0,80.4,0,True
Bad Bunny - EL MUNDO ES MÍO,noise0/seeded_correct,-1100,-1098,2,0,16000,0,5,False,False,True,7,14,22.5,0.2,3.8,100.0,0,True
Bad Bunny - EL MUNDO ES MÍO,noise0/seeded_wrong_2s,-1100,-1098,2,0,32250,0,4,False,False,True,7,14,22.6,0.2,3.9,80.4,0,True
Bad Bunny - EL MUNDO ES MÍO,noise-2s/cold,-3100,-3108,-8,0,72750,0,2,False,False,True,9,14,39.0,1.0,5.4,56.3,0,True
Bad Bunny - EL MUNDO ES MÍO,noise-2s/seeded_correct,-3100,-3107,-7,0,60750,0,2,False,False,True,7,14,25.6,0.2,4.8,100.0,0,True
Bad Bunny - EL MUNDO ES MÍO,noise-2s/seeded_wrong_2s,-3100,-3109,-9,0,72750,0,2,False,False,True,7,14,25.9,0.3,4.8,56.3,0,True
Bad Bunny - EL MUNDO ES MÍO,cutin5s/cold,3900,3897,-3,0,5500,0,5,False,True,True,7,14,24.3,2.8,4.2,96.5,0,True
Bad Bunny - EL MUNDO ES MÍO,cutin5s/second_play,3900,3898,-2,-1,5500,0,3,False,True,True,7,14,26.5,2.7,5.2,100.0,0,True
Bad Bunny - EL MUNDO ES MÍO,cutin5s/seeded_correct,3900,3897,-3,0,5500,0,3,False,True,True,7,14,22.9,2.7,4.1,100.0,0,True
Bad Bunny - EL MUNDO ES MÍO,cutin5s/seeded_wrong_2s,3900,3897,-3,0,5500,0,5,False,True,True,7,14,23.2,2.7,4.2,96.5,0,True
Bad Bunny - EL MUNDO ES MÍO,cutin15s/cold,13900,13899,-1,0,4000,0,2,False,True,True,2,14,7.0,1.9,3.0,97.3,0,True
Bad Bunny - EL MUNDO ES MÍO,cutin15s/second_play,13900,13899,-1,-1,4000,0,2,False,True,True,2,14,5.1,1.3,2.3,100.0,0,True
Bad Bunny - EL MUNDO ES MÍO,cutin15s/seeded_correct,13900,13899,-1,0,4000,0,2,False,True,True,2,14,5.1,1.3,2.3,100.0,0,True
Bad Bunny - EL MUNDO ES MÍO,cutin15s/seeded_wrong_2s,13900,13899,-1,0,4000,0,2,False,True,True,2,14,5.1,1.3,2.4,97.3,0,True
Bad Bunny - EL MUNDO ES MÍO,cutin25s/cold,23900,23897,-3,0,4000,0,3,False,True,True,7,14,32.7,4.0,5.2,97.1,0,True
Bad Bunny - EL MUNDO ES MÍO,cutin25s/second_play,23900,23898,-2,-3,4000,0,3,False,True,True,7,14,28.6,3.7,5.3,100.0,0,True
Bad Bunny - EL MUNDO ES MÍO,cutin25s/seeded_correct,23900,23898,-2,0,4000,0,3,False,True,True,7,14,23.3,2.7,4.3,100.0,0,True
Bad Bunny - EL MUNDO ES MÍO,cutin25s/seeded_wrong_2s,23900,23897,-3,0,4000,0,3,False,True,True,7,14,23.1,2.8,4.2,97.1,0,True
Bad Bunny - EL MUNDO ES MÍO,blend8s/cold,-1100,-1100,0,0,32250,0,5,False,False,True,7,14,27.4,1.1,4.0,80.4,0,True
Bad Bunny - EL MUNDO ES MÍO,blend8s/seeded_correct,-1100,-1100,0,0,16000,0,4,False,False,True,7,14,26.4,1.0,3.9,100.0,0,True
Bad Bunny - EL MUNDO ES MÍO,blend8s/seeded_wrong_2s,-1100,-1100,0,0,32250,0,5,False,False,True,7,14,26.6,1.0,3.9,80.4,0,True
Bad Bunny - EL MUNDO ES MÍO,midshift+1.5s/cold,-1100,403,3,0,10000,0,5,False,True,False,14,14,83.2,3.7,11.2,73.4,0,True
Bad Bunny - EL MUNDO ES MÍO,midshift+1.5s/seeded_correct,-1100,403,3,0,10000,0,4,False,True,False,14,14,81.3,4.7,8.3,79.6,0,True
Bad Bunny - EL MUNDO ES MÍO,midshift+1.5s/seeded_wrong_2s,-1100,404,4,0,10000,0,6,False,True,False,14,14,73.7,3.6,8.2,73.4,0,True
Bad Bunny - EL MUNDO ES MÍO,midshift-1.5s/cold,-1100,-1097,1503,0,10000,1,4,False,True,True,7,14,24.6,1.9,4.1,86.3,0,False
Bad Bunny - EL MUNDO ES MÍO,midshift-1.5s/seeded_correct,-1100,-1097,1503,0,10000,1,4,False,True,True,7,14,24.3,1.9,4.3,92.3,0,False
Bad Bunny - EL MUNDO ES MÍO,midshift-1.5s/seeded_wrong_2s,-1100,-1097,1503,1500,10000,0,2,False,True,False,14,14,66.6,3.3,7.6,30.2,0,False
Bad Bunny - La Zona,off0/cold,-1094,-1101,-7,-9,21150,0,3,True,True,True,1,18,4.6,0.6,1.9,84.2,0,True
Bad Bunny - La Zona,off0/seeded_correct,-1094,-1098,-4,-6,30250,0,2,False,True,True,2,18,7.0,0.9,2.5,83.8,0,True
Bad Bunny - La Zona,off0/seeded_wrong_2s,-1094,-1100,-6,-6,30250,0,3,False,True,True,3,18,9.2,1.0,2.6,77.4,0,True
Bad Bunny - La Zona,off+200/cold,-894,-900,-6,-7,21150,0,3,True,True,True,1,18,4.9,0.5,2.2,84.2,0,True
Bad Bunny - La Zona,off+200/seeded_correct,-894,-898,-4,-6,30250,0,2,False,True,True,2,18,6.8,0.9,2.4,83.8,0,True
Bad Bunny - La Zona,off+200/seeded_wrong_2s,-894,-899,-5,-6,30250,0,3,False,True,True,3,18,9.8,1.0,2.8,77.4,0,True
Bad Bunny - La Zona,off-200/cold,-1294,-1303,-9,-12,21150,0,3,True,True,True,1,18,4.6,0.5,2.0,84.3,0,True
Bad Bunny - La Zona,off-200/seeded_correct,-1294,-1296,-2,-6,30250,0,2,False,True,True,2,18,6.7,0.9,2.4,83.8,0,True
Bad Bunny - La Zona,off-200/seeded_wrong_2s,-1294,-1301,-7,-6,30250,0,3,False,True,True,4,18,12.0,1.0,2.7,77.5,0,True
Bad Bunny - La Zona,off+2s/cold,906,901,-5,-6,21150,0,3,True,True,True,1,18,4.7,0.9,2.2,84.0,0,True
Bad Bunny - La Zona,off+2s/seeded_correct,906,902,-4,-6,30250,0,2,False,True,True,2,18,6.9,1.0,2.5,82.4,0,True
Bad Bunny - La Zona,off+2s/seeded_wrong_2s,906,902,-4,-6,30250,0,3,False,True,True,3,18,9.5,1.1,2.6,77.1,0,True
Bad Bunny - La Zona,off-2s/cold,-3094,-3103,-9,-12,21150,0,2,True,True,True,1,18,3.8,0.1,1.8,84.5,0,True
Bad Bunny - La Zona,off-2s/seeded_correct,-3094,-3097,-3,0,19000,0,2,False,True,True,2,18,8.1,0.2,2.1,100.0,0,True
Bad Bunny - La Zona,off-2s/seeded_wrong_2s,-3094,-3097,-3,0,19000,0,2,False,True,True,2,18,7.9,0.2,2.1,86.0,0,True
Bad Bunny - La Zona,off+10s/cold,8906,8900,-6,-6,40000,0,4,False,False,True,8,18,50.8,1.9,4.7,67.8,0,True
Bad Bunny - La Zona,off+10s/second_play,8906,8902,-4,-6,7000,0,2,False,True,True,1,18,4.6,0.2,2.3,100.0,0,True
Bad Bunny - La Zona,off+10s/seeded_correct,8906,8903,-3,0,7000,0,2,False,True,True,1,18,4.5,0.2,2.2,100.0,0,True
Bad Bunny - La Zona,off+10s/seeded_wrong_2s,8906,8904,-2,0,7000,0,2,False,True,True,2,18,7.3,0.8,2.7,94.4,0,True
Bad Bunny - La Zona,off-10s/cold,-11094,-881,10213,35744,,4,4,False,False,True,14,18,59.4,3.3,5.2,0.0,0,False
Bad Bunny - La Zona,off-10s/second_play,-11094,-879,10215,10213,,3,3,False,False,True,8,18,26.4,1.3,4.0,0.0,0,False
Bad Bunny - La Zona,off-10s/seeded_correct,-11094,24650,35744,35744,,1,1,False,True,False,18,18,77.8,3.6,6.1,13.2,0,False
Bad Bunny - La Zona,off-10s/seeded_wrong_2s,-11094,24650,35744,35744,,1,1,False,True,False,18,18,78.5,3.7,5.9,0.0,0,False
Bad Bunny - La Zona,off+25s/cold,23906,23900,-6,-6,40000,0,4,False,False,True,7,18,60.2,2.4,5.1,63.3,0,True
Bad Bunny - La Zona,off+25s/second_play,23906,23902,-4,-6,2500,0,2,False,True,True,1,18,5.1,2.5,3.1,100.0,0,True
Bad Bunny - La Zona,off+25s/seeded_correct,23906,23903,-3,0,2500,0,2,False,True,True,1,18,4.8,2.4,2.9,100.0,0,True
Bad Bunny - La Zona,off+25s/seeded_wrong_2s,23906,23904,-2,0,2500,0,2,False,True,True,2,18,8.4,3.1,3.5,97.7,0,True
Bad Bunny - La Zona,off-25s/cold,-26094,9650,35744,35744,,1,1,False,False,False,18,18,69.5,4.1,5.8,0.0,0,False
Bad Bunny - La Zona,off-25s/second_play,-26094,9650,35744,35744,,1,1,False,False,False,18,18,65.9,3.9,5.4,0.0,0,False
Bad Bunny - La Zona,off-25s/seeded_correct,-26094,9650,35744,35744,,1,1,False,False,False,18,18,64.6,3.8,5.4,56.3,0,False
Bad Bunny - La Zona,off-25s/seeded_wrong_2s,-26094,9650,35744,35744,,1,1,False,False,False,18,18,65.1,3.8,5.3,0.0,0,False
Bad Bunny - La Zona,noise0/cold,-1094,-1101,-7,1094,,0,3,True,True,True,1,18,5.2,1.0,1.9,0.0,0,True
Bad Bunny - La Zona,noise0/seeded_correct,-1094,-1098,-4,1100,,0,2,False,True,True,2,18,7.2,1.0,2.2,5.2,0,True
Bad Bunny - La Zona,noise0/seeded_wrong_2s,-1094,-1102,-8,1100,,0,3,False,True,True,4,18,12.4,1.5,2.6,0.0,0,True
Bad Bunny - La Zona,noise-2s/cold,-3094,-3103,-9,1094,,0,2,True,True,True,1,18,5.9,0.9,1.7,0.0,0,True
Bad Bunny - La Zona,noise-2s/seeded_correct,-3094,-3102,-8,1100,,0,2,False,True,True,8,18,25.7,2.2,3.2,7.3,0,True
Bad Bunny - La Zona,noise-2s/seeded_wrong_2s,-3094,-1094,2000,1100,,0,0,False,True,False,18,18,77.2,3.0,6.2,0.0,0,False
Bad Bunny - La Zona,cutin5s/cold,3906,3899,-7,-9,11500,0,3,True,True,True,1,18,4.7,0.1,2.1,91.1,0,True
Bad Bunny - La Zona,cutin5s/second_play,3906,3901,-5,-7,11500,0,2,False,True,True,1,18,3.9,0.1,1.8,100.0,0,True
Bad Bunny - La Zona,cutin5s/seeded_correct,3906,3903,-3,0,11500,0,2,False,True,True,1,18,3.9,0.1,1.7,100.0,0,True
Bad Bunny - La Zona,cutin5s/seeded_wrong_2s,3906,3903,-3,0,11500,0,3,False,True,True,2,18,6.3,0.1,2.2,91.1,0,True
Bad Bunny - La Zona,cutin15s/cold,13906,13903,-3,-6,4000,0,2,False,True,True,2,18,7.3,2.1,3.0,96.6,0,True
Bad Bunny - La Zona,cutin15s/second_play,13906,13903,-3,-3,4000,0,3,False,True,True,2,18,5.5,1.5,2.3,100.0,0,True
Bad Bunny - La Zona,cutin15s/seeded_correct,13906,13903,-3,0,4000,0,3,False,True,True,2,18,5.3,1.5,2.3,100.0,0,True
Bad Bunny - La Zona,cutin15s/seeded_wrong_2s,13906,13904,-2,0,4000,0,2,False,True,True,2,18,5.3,1.4,2.3,96.6,0,True
Bad Bunny - La Zona,cutin25s/cold,23906,23900,-6,-6,4000,0,2,False,True,True,2,18,8.8,2.5,3.6,96.3,0,True
Bad Bunny - La Zona,cutin25s/second_play,23906,23900,-6,-6,4000,0,2,False,True,True,2,18,5.4,1.4,2.5,100.0,0,True
Bad Bunny - La Zona,cutin25s/seeded_correct,23906,23902,-4,0,4000,0,2,False,True,True,2,18,5.4,1.4,2.4,100.0,0,True
Bad Bunny - La Zona,cutin25s/seeded_wrong_2s,23906,23902,-4,0,4000,0,2,False,True,True,2,18,5.2,1.4,2.3,96.3,0,True
Bad Bunny - La Zona,blend8s/cold,-1094,-1101,-7,-9,21150,0,3,True,False,True,1,18,17.4,1.2,1.8,84.2,0,True
Bad Bunny - La Zona,blend8s/seeded_correct,-1094,-1098,-4,0,21500,0,2,False,False,True,2,18,18.8,1.2,2.1,100.0,0,True
Bad Bunny - La Zona,blend8s/seeded_wrong_2s,-1094,-1100,-6,-6,30250,0,3,False,False,True,3,18,21.6,1.3,2.5,77.4,0,True
Bad Bunny - La Zona,midshift+1.5s/cold,-1094,-1101,-1507,-1509,21150,1,3,True,True,True,1,18,4.7,0.6,2.0,29.3,0,False
Bad Bunny - La Zona,midshift+1.5s/seeded_correct,-1094,-1098,-1504,-1506,30250,1,2,False,True,True,2,18,6.8,0.9,2.4,28.8,0,False
Bad Bunny - La Zona,midshift+1.5s/seeded_wrong_2s,-1094,-1100,-1506,-1506,30250,1,3,False,True,True,3,18,9.4,1.0,2.7,22.4,0,False
Bad Bunny - La Zona,midshift-1.5s/cold,-1094,-1101,1493,1491,21150,1,3,True,True,True,1,18,4.9,0.6,2.1,28.7,0,False
Bad Bunny - La Zona,midshift-1.5s/seeded_correct,-1094,-1098,1496,1494,30250,1,2,False,True,True,2,18,6.7,0.9,2.4,28.2,0,False
Bad Bunny - La Zona,midshift-1.5s/seeded_wrong_2s,-1094,-1100,1494,1494,30250,1,3,False,True,True,3,18,9.2,1.0,2.5,21.9,0,False
Bad Bunny - VOU 787,off0/cold,-1100,-1103,-3,1100,,0,2,False,True,True,3,5,11.1,1.1,3.3,0.0,0,True
Bad Bunny - VOU 787,off0/seeded_correct,-1100,-1103,-3,1100,,0,1,False,True,True,3,5,9.4,1.0,2.4,5.6,0,True
Bad Bunny - VOU 787,off0/seeded_wrong_2s,-1100,-1103,-3,1100,,0,1,False,True,True,3,5,9.5,1.0,2.5,0.0,0,True
Bad Bunny - VOU 787,off+200/cold,-900,-902,-2,0,11500,0,2,False,True,True,2,5,7.6,0.9,2.1,90.8,0,True
Bad Bunny - VOU 787,off+200/seeded_correct,-900,-901,-1,0,11500,0,2,False,True,True,1,5,5.0,0.5,1.5,100.0,0,True
Bad Bunny - VOU 787,off+200/seeded_wrong_2s,-900,-902,-2,0,11500,0,2,False,True,True,2,5,7.3,0.9,2.0,90.8,0,True
Bad Bunny - VOU 787,off-200/cold,-1300,-1301,-1,0,11500,0,2,False,True,True,2,5,8.3,0.9,2.0,90.8,0,True
Bad Bunny - VOU 787,off-200/seeded_correct,-1300,-1301,-1,0,11500,0,2,False,True,True,2,5,8.1,0.9,2.0,100.0,0,True
Bad Bunny - VOU 787,off-200/seeded_wrong_2s,-1300,-1301,-1,0,11500,0,2,False,True,True,2,5,8.1,0.9,2.0,90.8,0,True
Bad Bunny - VOU 787,off+2s/cold,900,899,-1,0,10000,0,2,False,True,True,2,5,7.6,1.0,2.2,91.9,0,True
Bad Bunny - VOU 787,off+2s/seeded_correct,900,899,-1,0,10000,0,2,False,True,True,1,5,5.1,0.9,1.6,100.0,0,True
Bad Bunny - VOU 787,off+2s/seeded_wrong_2s,900,899,-1,0,10000,0,2,False,True,True,2,5,7.5,0.9,2.2,91.9,0,True
Bad Bunny - VOU 787,off-2s/cold,-3100,,,3100,,0,0,False,False,False,5,5,20.7,1.0,5.5,0.0,0,False
Bad Bunny - VOU 787,off-2s/seeded_correct,-3100,-3100,0,0,92750,0,0,False,False,False,5,5,17.1,1.0,3.8,100.0,0,True
Bad Bunny - VOU 787,off-2s/seeded_wrong_2s,-3100,-1100,2000,1900,,0,0,False,False,False,5,5,18.0,1.0,4.3,0.0,0,False
Bad Bunny - VOU 787,off+10s/cold,8900,,,-7700,,0,0,False,False,False,5,5,28.1,1.6,5.0,0.0,0,False
Bad Bunny - VOU 787,off+10s/second_play,8900,,,-7700,,0,0,False,False,False,5,5,28.2,1.5,5.0,0.0,0,False
Bad Bunny - VOU 787,off+10s/seeded_correct,8900,8899,-1,0,2500,0,2,False,True,True,1,5,3.3,1.7,2.0,100.0,0,True
Bad Bunny - VOU 787,off+10s/seeded_wrong_2s,8900,8899,-1,0,2500,0,2,False,True,True,2,5,6.0,2.1,2.6,97.8,0,True
Bad Bunny - VOU 787,off-10s/cold,-11100,,,11100,,0,0,False,False,False,5,5,15.7,1.8,5.1,0.0,0,False
Bad Bunny - VOU 787,off-10s/second_play,-11100,,,11100,,0,0,False,False,False,5,5,16.2,1.8,5.5,0.0,0,False
Bad Bunny - VOU 787,off-10s/seeded_correct,-11100,-11100,0,0,,0,0,False,False,False,5,5,12.7,1.7,4.7,100.0,0,True
Bad Bunny - VOU 787,off-10s/seeded_wrong_2s,-11100,-9100,2000,2000,,0,0,False,False,False,5,5,12.9,1.6,4.8,0.0,0,False
Bad Bunny - VOU 787,off+25s/cold,23900,23894,-6,0,92750,0,2,False,False,True,5,5,38.7,2.2,6.8,7.1,0,True
Bad Bunny - VOU 787,off+25s/second_play,23900,23897,-3,-6,2500,0,2,False,True,True,1,5,4.5,2.3,2.6,100.0,0,True
Bad Bunny - VOU 787,off+25s/seeded_correct,23900,23899,-1,0,2500,0,2,False,True,True,1,5,4.4,2.2,2.6,100.0,0,True
Bad Bunny - VOU 787,off+25s/seeded_wrong_2s,23900,23899,-1,0,2500,0,2,False,True,True,1,5,4.4,2.2,2.6,97.5,0,True
Bad Bunny - VOU 787,off-25s/cold,-26100,,,26100,,0,0,False,False,False,5,5,12.5,1.6,4.6,0.0,0,False
Bad Bunny - VOU 787,off-25s/second_play,-26100,,,26100,,0,0,False,False,False,5,5,13.1,1.7,5.0,0.0,0,False
Bad Bunny - VOU 787,off-25s/seeded_correct,-26100,-26100,0,0,,0,0,False,False,False,5,5,10.0,1.0,4.4,100.0,0,True
Bad Bunny - VOU 787,off-25s/seeded_wrong_2s,-26100,-24100,2000,2000,,0,0,False,False,False,5,5,9.7,1.0,4.2,0.0,0,False
Bad Bunny - VOU 787,noise0/cold,-1100,-1104,-4,1900,,0,2,False,True,True,4,5,13.0,0.7,3.7,0.0,0,True
Bad Bunny - VOU 787,noise0/seeded_correct,-1100,-1103,-3,1900,,0,2,False,True,True,3,5,7.7,0.2,2.3,8.0,0,True
Bad Bunny - VOU 787,noise0/seeded_wrong_2s,-1100,802,1902,1900,,2,2,False,True,True,1,5,3.2,0.1,1.4,0.0,0,False
Bad Bunny - VOU 787,noise-2s/cold,-3100,,,950,,0,0,False,True,False,5,5,17.7,1.1,5.2,0.0,0,False
Bad Bunny - VOU 787,noise-2s/seeded_correct,-3100,-3100,0,950,,0,0,False,True,False,5,5,15.0,1.0,4.0,7.9,0,True
Bad Bunny - VOU 787,noise-2s/seeded_wrong_2s,-3100,-1100,2000,950,,0,0,False,True,False,5,5,14.7,1.0,3.8,0.0,0,False
Bad Bunny - VOU 787,cutin5s/cold,3900,3899,-1,0,7000,0,2,False,True,True,2,5,5.7,0.7,2.3,94.2,0,True
Bad Bunny - VOU 787,cutin5s/second_play,3900,3899,-1,-1,7000,0,2,False,True,True,1,5,2.9,0.1,1.5,100.0,0,True
Bad Bunny - VOU 787,cutin5s/seeded_correct,3900,3899,-1,0,7000,0,2,False,True,True,1,5,2.8,0.1,1.5,100.0,0,True
Bad Bunny - VOU 787,cutin5s/seeded_wrong_2s,3900,3899,-1,0,7000,0,2,False,True,True,2,5,5.0,0.5,2.1,94.2,0,True
Bad Bunny - VOU 787,cutin15s/cold,13900,13900,0,0,10000,0,2,False,True,True,2,5,11.4,1.6,2.6,90.9,0,True
Bad Bunny - VOU 787,cutin15s/second_play,13900,13900,0,0,10000,0,2,False,True,True,2,5,7.9,1.0,1.9,100.0,0,True
Bad Bunny - VOU 787,cutin15s/seeded_correct,13900,13900,0,0,10000,0,2,False,True,True,2,5,7.7,1.0,1.9,100.0,0,True
Bad Bunny - VOU 787,cutin15s/seeded_wrong_2s,13900,13899,-1,0,4000,0,3,False,True,True,3,5,6.7,1.4,2.3,96.4,0,True
Bad Bunny - VOU 787,cutin25s/cold,23900,23894,-6,0,4000,0,4,False,True,True,5,5,21.8,3.3,5.7,96.0,0,True
Bad Bunny - VOU 787,cutin25s/second_play,23900,23895,-5,-6,4000,0,2,False,True,True,3,5,8.1,1.5,3.2,100.0,0,True
Bad Bunny - VOU 787,cutin25s/seeded_correct,23900,23895,-5,0,4000,0,4,False,True,True,5,5,18.2,2.2,5.5,100.0,0,True
Bad Bunny - VOU 787,cutin25s/seeded_wrong_2s,23900,23894,-6,0,4000,0,4,False,True,True,5,5,18.2,2.2,5.5,96.0,0,True
Bad Bunny - VOU 787,blend8s/cold,-1100,-1103,-3,0,26000,0,3,False,False,True,3,5,12.8,1.1,2.3,79.2,0,True
Bad Bunny - VOU 787,blend8s/seeded_correct,-1100,-1102,-2,0,12000,0,2,False,False,True,2,5,10.0,1.1,2.0,100.0,0,True
Bad Bunny - VOU 787,blend8s/seeded_wrong_2s,-1100,-1103,-3,0,26000,0,3,False,False,True,3,5,12.6,1.1,2.4,79.2,0,True
Bad Bunny - VOU 787,midshift+1.5s/cold,-1100,-1103,-1503,-400,,1,2,False,True,True,3,5,10.7,1.1,3.2,0.0,0,False
Bad Bunny - VOU 787,midshift+1.5s/seeded_correct,-1100,-1103,-1503,-400,,0,1,False,True,True,3,5,9.3,1.0,2.4,5.7,0,False
Bad Bunny - VOU 787,midshift+1.5s/seeded_wrong_2s,-1100,-1103,-1503,-400,,0,1,False,True,True,3,5,9.2,1.0,2.4,0.0,0,False
Bad Bunny - VOU 787,midshift-1.5s/cold,-1100,-1103,1497,2600,,1,2,False,True,True,3,5,10.7,1.1,3.1,0.0,0,False
Bad Bunny - VOU 787,midshift-1.5s/seeded_correct,-1100,-1103,1497,2600,,0,1,False,True,True,3,5,9.1,1.0,2.4,5.5,0,False
Bad Bunny - VOU 787,midshift-1.5s/seeded_wrong_2s,-1100,-1103,1497,2600,,0,1,False,True,True,3,5,9.4,1.0,2.4,0.0,0,False
Bad Bunny - BOKeTE,off0/cold,-1062,-1050,12,12,8500,0,2,False,True,True,1,5,6.6,1.0,2.1,96.1,0,True
Bad Bunny - BOKeTE,off0/seeded_correct,-1062,-1030,32,25,8500,0,2,False,True,True,1,5,6.1,0.9,2.0,100.0,0,True
Bad Bunny - BOKeTE,off0/seeded_wrong_2s,-1062,-1030,32,25,8500,0,2,False,True,True,2,5,8.6,1.0,2.3,96.1,0,True
Bad Bunny - BOKeTE,off+200/cold,-862,-851,11,12,8500,0,2,False,True,True,1,5,6.9,1.1,2.2,96.1,0,True
Bad Bunny - BOKeTE,off+200/seeded_correct,-862,-830,32,25,8500,0,2,False,True,True,1,5,6.3,1.0,2.0,100.0,0,True
Bad Bunny - BOKeTE,off+200/seeded_wrong_2s,-862,-831,31,25,8500,0,2,False,True,True,2,5,8.8,1.0,2.4,96.1,0,True
Bad Bunny - BOKeTE,off-200/cold,-1262,-1248,14,12,8500,0,2,False,True,True,2,5,9.3,1.1,2.6,96.1,0,True
Bad Bunny - BOKeTE,off-200/seeded_correct,-1262,-1229,33,25,8500,0,2,False,True,True,1,5,6.6,1.0,2.2,100.0,0,True
Bad Bunny - BOKeTE,off-200/seeded_wrong_2s,-1262,-1229,33,25,8500,0,2,False,True,True,2,5,9.0,1.0,2.5,96.1,0,True
Bad Bunny - BOKeTE,off+2s/cold,938,949,11,12,8500,0,5,True,True,True,5,5,23.0,1.9,5.3,96.1,0,True
Bad Bunny - BOKeTE,off+2s/seeded_correct,938,970,32,25,16000,0,2,False,True,True,1,5,12.9,1.2,1.9,100.0,0,True
Bad Bunny - BOKeTE,off+2s/seeded_wrong_2s,938,969,31,25,16000,0,2,False,True,True,2,5,15.5,1.2,2.4,92.6,0,True
Bad Bunny - BOKeTE,off-2s/cold,-3062,-3051,11,12,11500,0,1,False,True,False,5,5,23.8,1.1,5.1,94.8,0,True
Bad Bunny - BOKeTE,off-2s/seeded_correct,-3062,-3031,31,25,11500,0,1,False,True,False,5,5,23.3,1.1,5.1,100.0,0,True
Bad Bunny - BOKeTE,off-2s/seeded_wrong_2s,-3062,-1062,2000,25,11500,0,0,False,True,False,5,5,23.9,1.1,5.3,94.8,0,False
Bad Bunny - BOKeTE,off+10s/cold,8938,,,-8938,,0,0,False,False,False,5,5,50.1,1.8,4.5,0.0,0,False
Bad Bunny - BOKeTE,off+10s/second_play,8938,,,-8938,,0,0,False,False,False,5,5,49.9,1.7,4.7,0.0,0,False
Bad Bunny - BOKeTE,off+10s/seeded_correct,8938,8970,32,25,7000,0,2,False,True,True,1,5,8.0,1.3,2.5,100.0,0,True
Bad Bunny - BOKeTE,off+10s/seeded_wrong_2s,8938,8969,31,25,7000,0,2,False,True,True,2,5,10.7,1.3,2.8,96.6,0,True
Bad Bunny - BOKeTE,off-10s/cold,-11062,,,11062,,0,0,False,False,False,5,5,26.8,1.2,4.7,0.0,0,False
Bad Bunny - BOKeTE,off-10s/second_play,-11062,,,11062,,0,0,False,False,False,5,5,29.3,1.3,5.0,0.0,0,False
Bad Bunny - BOKeTE,off-10s/seeded_correct,-11062,-11062,0,0,,0,0,False,False,False,5,5,23.3,1.2,3.6,100.0,0,True
Bad Bunny - BOKeTE,off-10s/seeded_wrong_2s,-11062,-9062,2000,2000,,0,0,False,False,False,5,5,24.9,1.1,4.1,0.0,0,False
Bad Bunny - BOKeTE,off+25s/cold,23938,,,-23938,,0,0,False,False,False,5,5,60.3,2.4,4.1,0.0,0,False
Bad Bunny - BOKeTE,off+25s/second_play,23938,,,-23938,,0,0,False,False,False,5,5,59.4,2.3,4.1,0.0,0,False
Bad Bunny - BOKeTE,off+25s/seeded_correct,23938,23969,31,25,2500,0,2,False,True,True,1,5,5.2,2.6,3.3,100.0,0,True
Bad Bunny - BOKeTE,off+25s/seeded_wrong_2s,23938,23969,31,25,2500,0,2,False,True,True,1,5,5.0,2.5,3.2,98.7,0,True
Bad Bunny - BOKeTE,off-25s/cold,-26062,,,26062,,0,0,False,False,False,5,5,14.9,2.1,5.6,0.0,0,False
Bad Bunny - BOKeTE,off-25s/second_play,-26062,,,26062,,0,0,False,False,False,5,5,15.0,2.1,5.7,0.0,0,False
Bad Bunny - BOKeTE,off-25s/seeded_correct,-26062,-26062,0,0,,0,0,False,False,False,5,5,12.0,1.4,5.2,100.0,0,True
Bad Bunny - BOKeTE,off-25s/seeded_wrong_2s,-26062,-24062,2000,2000,,0,0,False,False,False,5,5,12.1,1.4,5.3,0.0,0,False
Bad Bunny - BOKeTE,noise0/cold,-1062,-1050,12,12,8500,0,2,False,True,True,1,5,4.8,0.6,2.0,96.1,0,True
Bad Bunny - BOKeTE,noise0/seeded_correct,-1062,-1030,32,25,8500,0,2,False,True,True,1,5,4.5,0.6,1.9,100.0,0,True
Bad Bunny - BOKeTE,noise0/seeded_wrong_2s,-1062,-1030,32,25,8500,0,2,False,True,True,2,5,6.8,1.0,2.3,96.1,0,True
Bad Bunny - BOKeTE,noise-2s/cold,-3062,-3050,12,12,11500,0,1,False,True,True,2,5,8.0,1.0,2.3,94.8,0,True
Bad Bunny - BOKeTE,noise-2s/seeded_correct,-3062,-3031,31,25,11500,0,1,False,True,True,2,5,7.7,1.0,2.2,100.0,0,True
Bad Bunny - BOKeTE,noise-2s/seeded_wrong_2s,-3062,-3031,31,25,11500,0,1,False,True,True,2,5,7.7,0.9,2.2,94.8,0,True
Bad Bunny - BOKeTE,cutin5s/cold,3938,3949,11,12,5500,0,2,False,True,True,1,5,3.9,0.7,2.3,97.4,0,True
Bad Bunny - BOKeTE,cutin5s/second_play,3938,3949,11,11,5500,0,2,False,True,True,1,5,3.4,0.5,2.1,100.0,0,True
Bad Bunny - BOKeTE,cutin5s/seeded_correct,3938,3968,30,25,5500,0,3,False,True,False,5,5,20.3,2.4,6.3,100.0,0,True
Bad Bunny - BOKeTE,cutin5s/seeded_wrong_2s,3938,3968,30,25,5500,0,4,False,True,False,5,5,19.5,2.3,5.9,97.4,0,True
Bad Bunny - BOKeTE,cutin15s/cold,13938,13949,11,12,4000,0,4,False,True,False,5,5,20.4,2.9,5.5,98.0,0,True
Bad Bunny - BOKeTE,cutin15s/second_play,13938,13949,11,11,4000,0,5,False,True,False,5,5,19.5,2.4,5.9,100.0,0,True
Bad Bunny - BOKeTE,cutin15s/seeded_correct,13938,13967,29,25,4000,0,2,False,True,False,5,5,19.7,2.3,6.0,100.0,0,True
Bad Bunny - BOKeTE,cutin15s/seeded_wrong_2s,13938,13966,28,25,4000,0,2,False,True,False,5,5,19.6,2.4,6.0,98.0,0,True
Bad Bunny - BOKeTE,cutin25s/cold,23938,23954,16,12,4000,0,3,False,True,False,5,5,25.3,3.7,6.5,97.9,0,True
Bad Bunny - BOKeTE,cutin25s/second_play,23938,23953,15,13,4000,0,3,False,True,False,5,5,22.0,2.5,6.6,100.0,0,True
Bad Bunny - BOKeTE,cutin25s/seeded_correct,23938,23972,34,25,4000,0,2,False,True,False,5,5,21.8,2.5,6.6,100.0,0,True
Bad Bunny - BOKeTE,cutin25s/seeded_wrong_2s,23938,23972,34,25,4000,0,3,False,True,False,5,5,23.5,2.5,7.4,97.9,0,True
Bad Bunny - BOKeTE,blend8s/cold,-1062,-1050,12,15,30000,0,3,False,False,False,5,5,38.2,1.4,3.1,86.2,0,True
Bad Bunny - BOKeTE,blend8s/seeded_correct,-1062,-1031,31,0,25750,0,3,False,False,False,5,5,37.3,1.5,3.2,100.0,0,True
Bad Bunny - BOKeTE,blend8s/seeded_wrong_2s,-1062,-1032,30,34,30000,0,2,False,False,False,5,5,37.1,1.4,3.3,86.2,0,True
Bad Bunny - BOKeTE,midshift+1.5s/cold,-1062,-1050,-1488,-1488,8500,1,2,False,True,True,1,5,6.9,1.1,2.1,23.9,0,False
Bad Bunny - BOKeTE,midshift+1.5s/seeded_correct,-1062,-1030,-1468,-1475,8500,1,2,False,True,True,1,5,6.2,1.0,2.0,27.8,0,False
Bad Bunny - BOKeTE,midshift+1.5s/seeded_wrong_2s,-1062,-1030,-1468,-1475,8500,1,2,False,True,True,2,5,8.8,1.0,2.4,23.9,0,False
Bad Bunny - BOKeTE,midshift-1.5s/cold,-1062,-1050,1512,1512,8500,1,2,False,True,True,1,5,7.1,1.1,2.3,23.5,0,False
Bad Bunny - BOKeTE,midshift-1.5s/seeded_correct,-1062,-1030,1532,1525,8500,1,2,False,True,True,1,5,6.5,1.0,2.1,27.4,0,False
Bad Bunny - BOKeTE,midshift-1.5s/seeded_wrong_2s,-1062,-1030,1532,1525,8500,1,2,False,True,True,2,5,8.9,1.0,2.5,23.5,0,False
Bad Bunny - BAILE INoLVIDABLE,off0/cold,-1008,-950,58,1008,,0,1,False,True,False,5,5,20.4,1.9,5.5,0.0,0,True
Bad Bunny - BAILE INoLVIDABLE,off0/seeded_correct,-1008,-950,58,1000,,0,1,False,True,False,5,5,19.7,1.4,4.9,2.3,0,True
Bad Bunny - BAILE INoLVIDABLE,off0/seeded_wrong_2s,-1008,-950,58,1000,,0,1,False,True,False,5,5,19.3,1.5,4.6,0.0,0,True
Bad Bunny - BAILE INoLVIDABLE,off+200/cold,-808,-824,-16,1008,,0,3,True,True,True,5,5,20.4,1.9,5.4,0.0,0,True
Bad Bunny - BAILE INoLVIDABLE,off+200/seeded_correct,-808,-750,58,1000,,0,1,False,True,False,5,5,18.6,1.8,4.9,1.9,0,True
Bad Bunny - BAILE INoLVIDABLE,off+200/seeded_wrong_2s,-808,-750,58,1000,,0,1,False,True,False,5,5,18.5,1.9,4.9,0.0,0,True
Bad Bunny - BAILE INoLVIDABLE,off-200/cold,-1208,-1150,58,1008,,0,1,False,True,False,5,5,21.4,1.5,5.4,0.0,0,True
Bad Bunny - BAILE INoLVIDABLE,off-200/seeded_correct,-1208,-1150,58,1000,,0,1,False,True,False,5,5,19.8,1.4,4.8,2.3,0,True
Bad Bunny - BAILE INoLVIDABLE,off-200/seeded_wrong_2s,-1208,-1150,58,1000,,0,1,False,True,False,5,5,19.3,1.5,4.5,0.0,0,True
Bad Bunny - BAILE INoLVIDABLE,off+2s/cold,992,977,-15,1008,,0,3,True,True,True,5,5,20.8,2.0,5.9,0.0,0,True
Bad Bunny - BAILE INoLVIDABLE,off+2s/seeded_correct,992,1050,58,1000,,0,1,False,True,False,5,5,19.5,2.0,5.4,1.5,0,True
Bad Bunny - BAILE INoLVIDABLE,off+2s/seeded_wrong_2s,992,1050,58,1000,,0,1,False,True,False,5,5,19.1,2.0,5.2,0.0,0,True
Bad Bunny - BAILE INoLVIDABLE,off-2s/cold,-3008,-1995,1013,1008,,1,1,False,True,True,5,5,20.7,1.1,5.1,0.0,0,False
Bad Bunny - BAILE INoLVIDABLE,off-2s/seeded_correct,-3008,-3008,0,1000,,0,0,False,True,False,5,5,19.0,1.1,4.4,2.7,0,True
Bad Bunny - BAILE INoLVIDABLE,off-2s/seeded_wrong_2s,-3008,-1008,2000,1000,,0,0,False,True,False,5,5,19.2,1.1,4.5,0.0,0,False
Bad Bunny - BAILE INoLVIDABLE,off+10s/cold,8992,9050,58,58,81750,0,1,False,False,False,5,5,32.3,1.7,5.4,77.2,0,True
Bad Bunny - BAILE INoLVIDABLE,off+10s/second_play,8992,9050,58,1008,,0,0,False,True,False,5,5,17.9,2.8,5.0,0.7,0,True
Bad Bunny - BAILE INoLVIDABLE,off+10s/seeded_correct,8992,9050,58,1000,,0,1,False,True,False,5,5,18.7,2.7,5.7,0.7,0,True
Bad Bunny - BAILE INoLVIDABLE,off+10s/seeded_wrong_2s,8992,9050,58,1000,,0,1,False,True,False,5,5,19.3,2.7,6.1,0.0,0,True
Bad Bunny - BAILE INoLVIDABLE,off-10s/cold,-11008,,,11008,,0,0,False,False,False,5,5,15.9,1.5,5.2,0.0,0,False
Bad Bunny - BAILE INoLVIDABLE,off-10s/second_play,-11008,,,11008,,0,0,False,False,False,5,5,15.7,1.4,5.2,0.0,0,False
Bad Bunny - BAILE INoLVIDABLE,off-10s/seeded_correct,-11008,-11008,0,0,,0,0,False,False,False,5,5,12.5,1.3,4.6,100.0,0,True
Bad Bunny - BAILE INoLVIDABLE,off-10s/seeded_wrong_2s,-11008,-9008,2000,2000,,0,0,False,False,False,5,5,12.5,1.2,4.5,0.0,0,False
Bad Bunny - BAILE INoLVIDABLE,off+25s/cold,23992,24050,58,58,81750,0,1,False,False,False,5,5,41.2,2.1,6.4,76.2,0,True
Bad Bunny - BAILE INoLVIDABLE,off+25s/second_play,23992,24050,58,1008,,0,0,False,True,False,5,5,22.3,3.5,5.8,0.7,0,True
Bad Bunny - BAILE INoLVIDABLE,off+25s/seeded_correct,23992,24018,26,1000,,0,2,False,True,True,5,5,22.9,3.4,6.6,0.7,0,True
Bad Bunny - BAILE INoLVIDABLE,off+25s/seeded_wrong_2s,23992,24050,58,1000,,0,1,False,True,False,5,5,23.2,3.4,6.6,0.0,0,True
Bad Bunny - BAILE INoLVIDABLE,off-25s/cold,-26008,,,26008,,0,0,False,False,False,5,5,12.5,1.7,4.8,0.0,0,False
Bad Bunny - BAILE INoLVIDABLE,off-25s/second_play,-26008,,,26008,,0,0,False,False,False,5,5,12.1,1.6,4.7,0.0,0,False
Bad Bunny - BAILE INoLVIDABLE,off-25s/seeded_correct,-26008,-26008,0,0,,0,0,False,False,False,5,5,9.6,1.0,4.3,100.0,0,True
Bad Bunny - BAILE INoLVIDABLE,off-25s/seeded_wrong_2s,-26008,-24008,2000,2000,,0,0,False,False,False,5,5,9.6,1.1,4.3,0.0,0,False
Bad Bunny - BAILE INoLVIDABLE,noise0/cold,-1008,-950,58,1008,,0,1,False,True,False,5,5,18.7,1.7,5.0,0.0,0,True
Bad Bunny - BAILE INoLVIDABLE,noise0/seeded_correct,-1008,-950,58,1000,,0,1,False,True,False,5,5,18.3,1.4,4.4,2.3,0,True
Bad Bunny - BAILE INoLVIDABLE,noise0/seeded_wrong_2s,-1008,-950,58,1000,,0,1,False,True,False,5,5,18.0,1.4,4.3,0.0,0,True
Bad Bunny - BAILE INoLVIDABLE,noise-2s/cold,-3008,,,1008,,0,0,False,True,False,5,5,18.7,1.1,4.5,0.0,0,False
Bad Bunny - BAILE INoLVIDABLE,noise-2s/seeded_correct,-3008,-3008,0,1000,,0,0,False,True,False,5,5,17.7,1.1,4.1,2.7,0,True
Bad Bunny - BAILE INoLVIDABLE,noise-2s/seeded_wrong_2s,-3008,-1008,2000,1000,,0,0,False,True,False,5,5,17.8,1.0,4.1,0.0,0,False
Bad Bunny - BAILE INoLVIDABLE,cutin5s/cold,3992,4050,58,58,81750,0,1,False,True,False,5,5,19.0,2.1,5.7,77.5,0,True
Bad Bunny - BAILE INoLVIDABLE,cutin5s/second_play,3992,4050,58,1008,,0,0,False,True,False,5,5,16.7,1.9,5.1,1.5,0,True
Bad Bunny - BAILE INoLVIDABLE,cutin5s/seeded_correct,3992,4050,58,58,81750,0,1,False,True,False,5,5,17.2,2.0,5.2,79.0,0,True
Bad Bunny - BAILE INoLVIDABLE,cutin5s/seeded_wrong_2s,3992,4050,58,58,81750,0,1,False,True,False,5,5,17.8,2.0,5.3,77.5,0,True
Bad Bunny - BAILE INoLVIDABLE,cutin15s/cold,13992,13999,7,58,5500,0,3,False,True,True,5,5,18.2,2.3,4.8,98.4,0,True
Bad Bunny - BAILE INoLVIDABLE,cutin15s/second_play,13992,14003,11,58,5500,0,4,False,True,True,5,5,16.6,1.7,4.8,100.0,0,True
Bad Bunny - BAILE INoLVIDABLE,cutin15s/seeded_correct,13992,13989,-3,58,5500,0,3,False,True,True,5,5,16.4,1.8,4.8,100.0,0,True
Bad Bunny - BAILE INoLVIDABLE,cutin15s/seeded_wrong_2s,13992,13987,-5,58,5500,0,3,False,True,True,5,5,16.5,1.7,4.8,98.4,0,True
Bad Bunny - BAILE INoLVIDABLE,cutin25s/cold,23992,24007,15,58,5500,0,3,False,True,True,5,5,23.6,3.0,6.1,98.4,0,True
Bad Bunny - BAILE INoLVIDABLE,cutin25s/second_play,23992,24010,18,58,5500,0,3,False,True,True,5,5,20.2,1.9,6.2,100.0,0,True
Bad Bunny - BAILE INoLVIDABLE,cutin25s/seeded_correct,23992,24009,17,58,5500,0,3,False,True,True,5,5,19.4,1.8,5.8,100.0,0,True
Bad Bunny - BAILE INoLVIDABLE,cutin25s/seeded_wrong_2s,23992,24007,15,58,5500,0,2,False,True,True,5,5,19.7,1.8,5.9,98.4,0,True
Bad Bunny - BAILE INoLVIDABLE,blend8s/cold,-1008,-950,58,58,81750,0,1,False,True,False,5,5,21.6,1.2,5.4,77.8,0,True
Bad Bunny - BAILE INoLVIDABLE,blend8s/seeded_correct,-1008,-961,47,47,17250,0,2,False,False,False,5,5,21.9,1.2,4.1,100.0,0,True
Bad Bunny - BAILE INoLVIDABLE,blend8s/seeded_wrong_2s,-1008,-963,45,1008,,0,2,False,False,False,5,5,21.5,1.2,3.9,0.0,0,True
Bad Bunny - BAILE INoLVIDABLE,midshift+1.5s/cold,-1008,550,58,-492,,0,1,False,True,False,5,5,22.2,2.2,6.1,0.0,0,True
Bad Bunny - BAILE INoLVIDABLE,midshift+1.5s/seeded_correct,-1008,550,58,-500,,0,1,False,True,False,5,5,20.8,1.5,5.3,2.3,0,True
Bad Bunny - BAILE INoLVIDABLE,midshift+1.5s/seeded_wrong_2s,-1008,550,58,-500,,0,1,False,True,False,5,5,20.8,1.5,5.3,0.0,0,True
Bad Bunny - BAILE INoLVIDABLE,midshift-1.5s/cold,-1008,,,2508,,0,0,False,True,False,5,5,21.9,2.0,6.0,0.0,0,False
Bad Bunny - BAILE INoLVIDABLE,midshift-1.5s/seeded_correct,-1008,-1008,1500,2500,,0,0,False,True,False,5,5,21.4,1.5,5.5,2.3,0,False
Bad Bunny - BAILE INoLVIDABLE,midshift-1.5s/seeded_wrong_2s,-1008,992,3500,2500,,0,0,False,True,False,5,5,21.8,1.6,5.5,0.0,0,False
Bad Bunny - Estamos Bien,off0/cold,306,270,-36,-56,15000,0,3,False,False,True,2,14,11.5,0.9,2.2,97.2,0,True
Bad Bunny - Estamos Bien,off0/seeded_correct,306,251,-55,-56,15000,0,3,False,False,True,2,14,11.1,0.9,2.2,100.0,0,True
Bad Bunny - Estamos Bien,off0/seeded_wrong_2s,306,251,-55,-56,15000,0,3,False,False,True,2,14,10.9,0.9,2.1,97.2,0,True
Bad Bunny - Estamos Bien,off+200/cold,506,470,-36,-56,15000,0,3,False,False,True,2,14,11.7,0.9,2.3,97.2,0,True
Bad Bunny - Estamos Bien,off+200/seeded_correct,506,451,-55,-56,15000,0,3,False,False,True,2,14,11.0,0.9,2.2,100.0,0,True
Bad Bunny - Estamos Bien,off+200/seeded_wrong_2s,506,451,-55,-56,15000,0,3,False,False,True,2,14,11.3,0.9,2.2,97.2,0,True
Bad Bunny - Estamos Bien,off-200/cold,106,70,-36,-56,15000,0,3,False,False,True,2,14,11.4,0.9,2.2,100.0,0,True
Bad Bunny - Estamos Bien,off-200/seeded_correct,106,51,-55,-56,15000,0,3,False,False,True,2,14,10.8,0.9,2.1,100.0,0,True
Bad Bunny - Estamos Bien,off-200/seeded_wrong_2s,106,51,-55,-56,15000,0,3,False,False,True,2,14,11.0,0.9,2.1,97.2,0,True
Bad Bunny - Estamos Bien,off+2s/cold,2306,2270,-36,-56,15000,0,3,False,False,True,2,14,10.9,0.9,2.3,97.2,0,True
Bad Bunny - Estamos Bien,off+2s/seeded_correct,2306,2251,-55,-56,15000,0,3,False,False,True,2,14,10.4,0.8,2.2,100.0,0,True
Bad Bunny - Estamos Bien,off+2s/seeded_wrong_2s,2306,2251,-55,-56,15000,0,3,False,False,True,2,14,10.6,0.9,2.2,97.2,0,True
Bad Bunny - Estamos Bien,off-2s/cold,-1694,-1727,-33,-37,25000,0,3,True,False,True,4,14,16.7,1.1,3.0,95.4,0,True
Bad Bunny - Estamos Bien,off-2s/seeded_correct,-1694,-1705,-11,0,20000,0,2,False,False,True,5,14,20.2,1.0,3.7,100.0,0,True
Bad Bunny - Estamos Bien,off-2s/seeded_wrong_2s,-1694,-1702,-8,19,53000,0,3,False,False,True,6,14,27.4,1.1,4.8,90.2,0,True
Bad Bunny - Estamos Bien,off+10s/cold,10306,10313,7,19,53000,0,3,False,False,True,6,14,38.6,1.5,6.7,90.0,0,True
Bad Bunny - Estamos Bien,off+10s/second_play,10306,10270,-36,-43,8500,0,2,False,True,True,1,14,5.9,0.7,2.4,100.0,0,True
Bad Bunny - Estamos Bien,off+10s/seeded_correct,10306,10257,-49,-25,8500,0,2,False,True,True,1,14,5.7,0.7,2.3,100.0,0,True
Bad Bunny - Estamos Bien,off+10s/seeded_wrong_2s,10306,10258,-48,-25,8500,0,2,False,True,True,1,14,5.6,0.7,2.2,98.4,0,True
Bad Bunny - Estamos Bien,off-10s/cold,-9694,,,9694,,0,0,False,False,False,14,14,90.6,5.4,9.9,0.0,0,False
Bad Bunny - Estamos Bien,off-10s/second_play,-9694,,,9694,,0,0,False,False,False,14,14,91.7,5.7,10.7,0.0,0,False
Bad Bunny - Estamos Bien,off-10s/seeded_correct,-9694,-9694,0,0,,0,0,False,False,False,14,14,86.6,5.2,9.8,100.0,0,True
Bad Bunny - Estamos Bien,off-10s/seeded_wrong_2s,-9694,-7694,2000,2000,,0,0,False,False,False,14,14,88.6,5.2,10.1,0.0,0,False
Bad Bunny - Estamos Bien,off+25s/cold,25306,25313,7,19,53000,0,3,False,False,True,6,14,51.0,2.1,7.2,89.7,0,True
Bad Bunny - Estamos Bien,off+25s/second_play,25306,25276,-30,-31,2500,0,2,False,True,True,1,14,5.5,2.7,3.6,100.0,0,True
Bad Bunny - Estamos Bien,off+25s/seeded_correct,25306,25257,-49,-25,2500,0,2,False,True,True,1,14,5.7,2.9,3.8,100.0,0,True
Bad Bunny - Estamos Bien,off+25s/seeded_wrong_2s,25306,25258,-48,-25,2500,0,2,False,True,True,1,14,5.2,2.6,3.3,99.5,0,True
Bad Bunny - Estamos Bien,off-25s/cold,-24694,,,24019,,0,0,False,False,False,14,14,79.0,5.2,9.5,0.0,0,False
Bad Bunny - Estamos Bien,off-25s/second_play,-24694,,,24019,,0,0,False,False,False,14,14,77.2,5.1,9.3,0.0,0,False
Bad Bunny - Estamos Bien,off-25s/seeded_correct,-24694,-24694,0,0,,0,0,False,False,False,14,14,76.1,5.4,9.4,100.0,0,True
Bad Bunny - Estamos Bien,off-25s/seeded_wrong_2s,-24694,-22694,2000,2000,,0,0,False,False,False,14,14,75.9,5.0,9.6,0.0,0,False
Bad Bunny - Estamos Bien,noise0/cold,306,271,-35,-956,,1,3,False,False,True,3,14,7.5,0.2,2.1,0.0,0,True
Bad Bunny - Estamos Bien,noise0/seeded_correct,306,270,-36,-956,,1,3,False,False,True,3,14,7.9,0.2,2.2,2.8,0,True
Bad Bunny - Estamos Bien,noise0/seeded_wrong_2s,306,270,-36,-31,20000,0,3,False,False,True,4,14,10.7,0.2,2.5,96.3,0,True
Bad Bunny - Estamos Bien,noise-2s/cold,-1694,-1727,-33,-37,25000,0,3,True,False,True,4,14,10.1,0.2,2.5,95.4,0,True
Bad Bunny - Estamos Bien,noise-2s/seeded_correct,-1694,-1705,-11,0,20000,0,2,False,False,True,5,14,13.0,0.2,3.0,100.0,0,True
Bad Bunny - Estamos Bien,noise-2s/seeded_wrong_2s,-1694,-1702,-8,19,53000,0,3,False,False,True,6,14,17.2,0.2,3.6,90.2,0,True
Bad Bunny - Estamos Bien,cutin5s/cold,5306,5256,-50,-31,13000,0,2,False,True,True,1,14,6.9,0.9,1.8,97.6,0,True
Bad Bunny - Estamos Bien,cutin5s/second_play,5306,5274,-32,-25,13000,0,2,False,True,True,1,14,6.0,0.7,1.6,100.0,0,True
Bad Bunny - Estamos Bien,cutin5s/seeded_correct,5306,5275,-31,-25,13000,0,2,False,True,True,1,14,6.0,0.7,1.6,100.0,0,True
Bad Bunny - Estamos Bien,cutin5s/seeded_wrong_2s,5306,5274,-32,-25,13000,0,2,False,True,True,1,14,6.1,0.7,1.6,97.6,0,True
Bad Bunny - Estamos Bien,cutin15s/cold,15306,15275,-31,-31,4000,0,2,False,True,True,2,14,6.6,1.9,2.6,99.2,0,True
Bad Bunny - Estamos Bien,cutin15s/second_play,15306,15275,-31,-31,4000,0,2,False,True,True,2,14,4.9,1.4,2.1,100.0,0,True
Bad Bunny - Estamos Bien,cutin15s/seeded_correct,15306,15277,-29,-29,4000,0,2,False,True,True,2,14,4.9,1.4,2.0,100.0,0,True
Bad Bunny - Estamos Bien,cutin15s/seeded_wrong_2s,15306,15292,-14,-6,4000,0,3,False,True,True,5,14,13.5,2.1,3.3,99.2,0,True
Bad Bunny - Estamos Bien,cutin25s/cold,25306,25293,-13,-6,53000,1,3,False,True,True,5,14,23.1,3.5,5.3,91.9,0,True
Bad Bunny - Estamos Bien,cutin25s/second_play,25306,25313,7,-13,4000,0,2,False,True,True,5,14,19.7,2.5,5.4,100.0,0,True
Bad Bunny - Estamos Bien,cutin25s/seeded_correct,25306,25294,-12,-6,4000,0,2,False,True,True,5,14,19.8,2.5,5.4,100.0,0,True
Bad Bunny - Estamos Bien,cutin25s/seeded_wrong_2s,25306,25293,-13,-6,4000,0,2,False,True,True,5,14,19.8,2.4,5.4,99.2,0,True
Bad Bunny - Estamos Bien,blend8s/cold,306,270,-36,-56,15000,0,3,False,False,True,2,14,11.5,1.0,2.0,97.2,0,True
Bad Bunny - Estamos Bien,blend8s/seeded_correct,306,251,-55,-56,15000,0,3,False,False,True,2,14,11.1,0.9,2.0,100.0,0,True
Bad Bunny - Estamos Bien,blend8s/seeded_wrong_2s,306,251,-55,-56,15000,0,3,False,False,True,2,14,11.3,0.9,2.0,97.2,0,True
Bad Bunny - Estamos Bien,midshift+1.5s/cold,306,270,-1536,-1556,15000,1,3,False,False,True,2,14,11.3,0.9,2.2,8.3,0,False
Bad Bunny - Estamos Bien,midshift+1.5s/seeded_correct,306,251,-1555,-1556,15000,1,3,False,False,True,2,14,10.8,0.9,2.1,11.1,0,False
Bad Bunny - Estamos Bien,midshift+1.5s/seeded_wrong_2s,306,251,-1555,-1556,15000,1,3,False,False,True,2,14,11.3,1.0,2.2,8.3,0,False
Bad Bunny - Estamos Bien,midshift-1.5s/cold,306,270,1464,1444,15000,1,3,False,False,True,2,14,11.5,0.9,2.2,8.3,0,False
Bad Bunny - Estamos Bien,midshift-1.5s/seeded_correct,306,251,1445,1444,15000,1,3,False,False,True,2,14,11.0,0.9,2.2,11.1,0,False
Bad Bunny - Estamos Bien,midshift-1.5s/seeded_wrong_2s,306,251,1445,1444,15000,1,3,False,False,True,2,14,11.1,0.9,2.1,8.3,0,False
Bad Bunny - Después de la Playa,off0/cold,1700,1698,-2,-3,5500,0,3,True,True,True,3,10,11.1,1.7,3.6,97.6,0,True
Bad Bunny - Después de la Playa,off0/seeded_correct,1700,1698,-2,0,5500,0,3,False,True,True,5,10,18.5,2.3,4.7,100.0,0,True
Bad Bunny - Después de la Playa,off0/seeded_wrong_2s,1700,1698,-2,0,5500,0,4,False,True,True,5,10,18.9,2.3,5.0,97.6,0,True
Bad Bunny - Después de la Playa,off+200/cold,1900,1899,-1,-1,5500,0,2,True,True,True,3,10,10.7,1.7,3.4,97.6,0,True
Bad Bunny - Después de la Playa,off+200/seeded_correct,1900,1898,-2,0,5500,0,3,False,True,True,5,10,18.8,2.4,4.8,100.0,0,True
Bad Bunny - Después de la Playa,off+200/seeded_wrong_2s,1900,1898,-2,0,5500,0,4,False,True,True,5,10,20.2,2.5,5.3,97.6,0,True
Bad Bunny - Después de la Playa,off-200/cold,1500,1499,-1,0,7000,0,1,False,True,True,2,10,8.1,1.0,2.6,97.0,0,True
Bad Bunny - Después de la Playa,off-200/seeded_correct,1500,1498,-2,0,5500,0,3,False,True,True,5,10,18.8,2.4,4.8,100.0,0,True
Bad Bunny - Después de la Playa,off-200/seeded_wrong_2s,1500,1498,-2,0,5500,0,4,False,True,True,5,10,18.7,2.3,4.8,97.6,0,True
Bad Bunny - Después de la Playa,off+2s/cold,3700,3699,-1,0,28350,0,2,True,False,True,3,10,26.7,1.4,3.2,87.5,0,True
Bad Bunny - Después de la Playa,off+2s/seeded_correct,3700,3699,-1,0,4000,0,1,False,True,True,1,10,4.2,1.0,2.2,100.0,0,True
Bad Bunny - Después de la Playa,off+2s/seeded_wrong_2s,3700,3699,-1,0,4000,0,1,False,True,True,2,10,6.7,1.6,2.5,98.2,0,True
Bad Bunny - Después de la Playa,off-2s/cold,-300,-301,-1,0,8500,0,1,False,True,True,2,10,7.7,1.0,2.4,100.0,0,True
Bad Bunny - Después de la Playa,off-2s/seeded_correct,-300,-301,-1,0,8500,0,1,False,True,True,1,10,4.9,0.9,1.8,100.0,0,True
Bad Bunny - Después de la Playa,off-2s/seeded_wrong_2s,-300,-301,-1,0,8500,0,1,False,True,True,2,10,7.3,0.9,2.3,96.3,0,True
Bad Bunny - Después de la Playa,off+10s/cold,11700,11695,-5,0,77250,0,3,False,False,True,6,10,53.3,1.9,7.5,64.8,0,True
Bad Bunny - Después de la Playa,off+10s/second_play,11700,11698,-2,-5,2500,0,2,False,True,True,1,10,4.3,2.2,3.0,100.0,0,True
Bad Bunny - Después de la Playa,off+10s/seeded_correct,11700,11699,-1,0,2500,0,1,False,True,True,1,10,4.0,2.0,2.7,100.0,0,True
Bad Bunny - Después de la Playa,off+10s/seeded_wrong_2s,11700,11699,-1,0,2500,0,1,False,True,True,2,10,7.0,2.7,3.0,98.9,0,True
Bad Bunny - Después de la Playa,off-10s/cold,-8300,,,8300,,0,0,False,False,False,10,10,70.1,1.8,10.2,0.0,0,False
Bad Bunny - Después de la Playa,off-10s/second_play,-8300,,,8300,,0,0,False,False,False,10,10,72.2,1.8,10.5,0.0,0,False
Bad Bunny - Después de la Playa,off-10s/seeded_correct,-8300,-8300,0,0,16000,0,0,False,True,False,10,10,63.3,2.7,10.7,100.0,0,True
Bad Bunny - Después de la Playa,off-10s/seeded_wrong_2s,-8300,-6300,2000,0,16000,0,0,False,True,False,10,10,64.1,2.7,10.9,93.3,0,False
Bad Bunny - Después de la Playa,off+25s/cold,26700,26695,-5,0,77250,0,3,False,False,True,6,10,68.1,2.4,8.3,62.2,0,True
Bad Bunny - Después de la Playa,off+25s/second_play,26700,26698,-2,-5,2500,0,2,False,True,True,1,10,5.6,2.8,3.5,100.0,0,True
Bad Bunny - Después de la Playa,off+25s/seeded_correct,26700,26699,-1,0,2500,0,1,False,True,True,1,10,5.5,2.7,3.5,100.0,0,True
Bad Bunny - Después de la Playa,off+25s/seeded_wrong_2s,26700,26699,-1,0,2500,0,1,False,True,True,2,10,9.0,3.4,3.7,98.8,0,True
Bad Bunny - Después de la Playa,off-25s/cold,-23300,,,23300,,0,0,False,False,False,10,10,56.4,5.2,10.8,0.0,0,False
Bad Bunny - Después de la Playa,off-25s/second_play,-23300,,,23300,,0,0,False,False,False,10,10,56.4,5.5,10.5,0.0,0,False
Bad Bunny - Después de la Playa,off-25s/seeded_correct,-23300,-23300,0,0,,0,0,False,False,False,10,10,53.1,5.5,10.5,100.0,0,True
Bad Bunny - Después de la Playa,off-25s/seeded_wrong_2s,-23300,-21300,2000,2000,,0,0,False,False,False,10,10,51.9,5.2,10.1,0.0,0,False
Bad Bunny - Después de la Playa,noise0/cold,1700,1698,-2,-3,5500,0,3,True,True,True,3,10,8.6,1.5,2.8,97.6,0,True
Bad Bunny - Después de la Playa,noise0/seeded_correct,1700,1698,-2,0,5500,0,3,False,True,True,5,10,15.3,2.1,3.8,100.0,0,True
Bad Bunny - Después de la Playa,noise0/seeded_wrong_2s,1700,1698,-2,0,5500,0,4,False,True,True,5,10,15.3,2.1,3.8,97.6,0,True
Bad Bunny - Después de la Playa,noise-2s/cold,-300,-301,-1,0,8500,0,1,False,True,True,2,10,6.5,1.0,2.2,100.0,0,True
Bad Bunny - Después de la Playa,noise-2s/seeded_correct,-300,-301,-1,0,8500,0,1,False,True,True,1,10,4.0,0.5,1.7,100.0,0,True
Bad Bunny - Después de la Playa,noise-2s/seeded_wrong_2s,-300,-301,-1,0,8500,0,1,False,True,True,2,10,6.1,0.9,2.1,96.3,0,True
Bad Bunny - Después de la Playa,cutin5s/cold,6700,6698,-2,0,4000,0,4,False,True,True,5,10,17.6,2.6,4.3,98.2,0,True
Bad Bunny - Después de la Playa,cutin5s/second_play,6700,6698,-2,-2,4000,0,4,False,True,True,5,10,17.6,2.3,5.0,100.0,0,True
Bad Bunny - Después de la Playa,cutin5s/seeded_correct,6700,6698,-2,0,4000,0,3,False,True,True,5,10,16.6,2.3,4.3,100.0,0,True
Bad Bunny - Después de la Playa,cutin5s/seeded_wrong_2s,6700,6698,-2,0,4000,0,4,False,True,True,5,10,16.2,2.3,4.2,98.2,0,True
Bad Bunny - Después de la Playa,cutin15s/cold,16700,16698,-2,0,4000,0,3,False,True,True,5,10,18.4,2.8,4.4,98.1,0,True
Bad Bunny - Después de la Playa,cutin15s/second_play,16700,16698,-2,-2,4000,0,4,False,True,True,5,10,17.9,2.4,4.9,100.0,0,True
Bad Bunny - Después de la Playa,cutin15s/seeded_correct,16700,16698,-2,0,4000,0,4,False,True,True,5,10,15.5,2.3,3.9,100.0,0,True
Bad Bunny - Después de la Playa,cutin15s/seeded_wrong_2s,16700,16698,-2,0,4000,0,3,False,True,True,5,10,15.1,2.2,3.9,98.1,0,True
Bad Bunny - Después de la Playa,cutin25s/cold,26700,26698,-2,0,4000,0,2,False,True,True,5,10,23.3,3.5,5.4,98.0,0,True
Bad Bunny - Después de la Playa,cutin25s/second_play,26700,26698,-2,-2,4000,0,3,False,True,True,5,10,19.4,2.4,5.3,100.0,0,True
Bad Bunny - Después de la Playa,cutin25s/seeded_correct,26700,26699,-1,0,4000,0,3,False,True,True,5,10,19.6,2.2,5.4,100.0,0,True
Bad Bunny - Después de la Playa,cutin25s/seeded_wrong_2s,26700,26698,-2,0,4000,0,2,False,True,True,5,10,20.3,2.1,5.8,98.0,0,True
Bad Bunny - Después de la Playa,blend8s/cold,1700,1698,-2,-3,7000,0,3,True,True,True,3,10,10.9,1.1,2.9,96.9,0,True
Bad Bunny - Después de la Playa,blend8s/seeded_correct,1700,1698,-2,0,5500,0,3,False,True,True,5,10,16.8,2.2,4.0,100.0,0,True
Bad Bunny - Después de la Playa,blend8s/seeded_wrong_2s,1700,1698,-2,0,5500,0,4,False,True,True,5,10,16.9,2.3,4.0,97.6,0,True
Bad Bunny - Después de la Playa,midshift+1.5s/cold,1700,1698,-1502,-1503,5500,0,3,True,True,True,3,10,10.0,1.7,3.0,23.9,0,False
Bad Bunny - Después de la Playa,midshift+1.5s/seeded_correct,1700,3200,0,0,5500,1,3,False,True,False,10,10,64.3,3.2,11.4,65.4,0,True
Bad Bunny - Después de la Playa,midshift+1.5s/seeded_wrong_2s,1700,3200,0,0,5500,1,4,False,True,False,10,10,63.3,3.3,11.4,63.0,0,True
Bad Bunny - Después de la Playa,midshift-1.5s/cold,1700,1698,1498,1497,5500,0,3,True,True,True,3,10,10.7,1.8,3.2,23.6,0,False
Bad Bunny - Después de la Playa,midshift-1.5s/seeded_correct,1700,1701,1501,1500,5500,1,2,False,True,False,10,10,55.0,3.2,8.8,26.0,0,False
Bad Bunny - Después de la Playa,midshift-1.5s/seeded_wrong_2s,1700,1701,1501,0,5500,2,5,False,True,True,9,10,45.7,3.2,7.9,63.5,0,False
Bad Bunny - CYBERTRUCK,off0/cold,-1100,-1099,1,0,10000,0,2,False,True,True,1,13,5.4,1.0,1.7,94.8,0,True
Bad Bunny - CYBERTRUCK,off0/seeded_correct,-1100,-1099,1,0,10000,0,2,False,True,True,1,13,5.0,0.9,1.6,100.0,0,True
Bad Bunny - CYBERTRUCK,off0/seeded_wrong_2s,-1100,-1099,1,0,10000,0,2,False,True,True,1,13,4.9,0.9,1.6,94.8,0,True
Bad Bunny - CYBERTRUCK,off+200/cold,-900,-899,1,0,10000,0,2,False,True,True,1,13,5.3,1.0,1.7,94.8,0,True
Bad Bunny - CYBERTRUCK,off+200/seeded_correct,-900,-899,1,0,10000,0,2,False,True,True,1,13,5.1,0.9,1.6,100.0,0,True
Bad Bunny - CYBERTRUCK,off+200/seeded_wrong_2s,-900,-899,1,0,10000,0,2,False,True,True,1,13,5.0,0.9,1.6,94.8,0,True
Bad Bunny - CYBERTRUCK,off-200/cold,-1300,-1298,2,0,10000,0,2,False,True,True,1,13,5.7,1.0,1.8,94.8,0,True
Bad Bunny - CYBERTRUCK,off-200/seeded_correct,-1300,-1299,1,0,10000,0,2,False,True,True,1,13,5.1,0.9,1.7,100.0,0,True
Bad Bunny - CYBERTRUCK,off-200/seeded_wrong_2s,-1300,-1298,2,0,10000,0,2,False,True,True,1,13,5.1,0.9,1.6,94.8,0,True
Bad Bunny - CYBERTRUCK,off+2s/cold,900,901,1,0,8500,0,2,False,True,True,1,13,4.5,0.5,1.8,95.5,0,True
Bad Bunny - CYBERTRUCK,off+2s/seeded_correct,900,901,1,0,8500,0,2,False,True,True,1,13,4.2,0.5,1.7,100.0,0,True
Bad Bunny - CYBERTRUCK,off+2s/seeded_wrong_2s,900,901,1,0,8500,0,2,False,True,True,1,13,4.4,0.5,1.8,95.5,0,True
Bad Bunny - CYBERTRUCK,off-2s/cold,-3100,-3102,-2,-6,11500,0,5,True,True,True,5,13,16.5,1.0,3.5,94.1,0,True
Bad Bunny - CYBERTRUCK,off-2s/seeded_correct,-3100,-3098,2,0,11500,0,3,False,True,True,8,13,28.9,1.8,4.4,100.0,0,True
Bad Bunny - CYBERTRUCK,off-2s/seeded_wrong_2s,-3100,-3098,2,0,11500,0,4,False,True,True,8,13,28.8,1.8,4.4,94.1,0,True
Bad Bunny - CYBERTRUCK,off+10s/cold,8900,8903,3,0,38750,0,3,False,False,True,5,13,33.8,1.7,4.9,78.7,0,True
Bad Bunny - CYBERTRUCK,off+10s/second_play,8900,8901,1,3,2500,0,2,False,True,True,1,13,3.5,1.7,2.2,100.0,0,True
Bad Bunny - CYBERTRUCK,off+10s/seeded_correct,8900,8901,1,0,2500,0,2,False,True,True,1,13,3.7,1.9,2.5,100.0,0,True
Bad Bunny - CYBERTRUCK,off+10s/seeded_wrong_2s,8900,8901,1,0,2500,0,2,False,True,True,1,13,3.6,1.8,2.3,98.6,0,True
Bad Bunny - CYBERTRUCK,off-10s/cold,-11100,,,11100,,0,0,False,False,False,13,13,66.7,4.2,7.4,0.0,0,False
Bad Bunny - CYBERTRUCK,off-10s/second_play,-11100,,,11100,,0,0,False,False,False,13,13,67.9,4.2,7.6,0.0,0,False
Bad Bunny - CYBERTRUCK,off-10s/seeded_correct,-11100,-11100,0,0,,0,0,False,False,False,13,13,62.1,3.5,7.3,100.0,0,True
Bad Bunny - CYBERTRUCK,off-10s/seeded_wrong_2s,-11100,-9100,2000,2000,,0,0,False,False,False,13,13,62.5,3.4,7.6,0.0,0,False
Bad Bunny - CYBERTRUCK,off+25s/cold,23900,23903,3,0,38750,0,3,False,False,True,5,13,43.1,2.2,5.6,76.8,0,True
Bad Bunny - CYBERTRUCK,off+25s/second_play,23900,23901,1,3,2500,0,2,False,True,True,1,13,4.8,2.4,2.9,100.0,0,True
Bad Bunny - CYBERTRUCK,off+25s/seeded_correct,23900,23901,1,0,2500,0,2,False,True,True,1,13,5.2,2.6,3.3,100.0,0,True
Bad Bunny - CYBERTRUCK,off+25s/seeded_wrong_2s,23900,23901,1,0,2500,0,2,False,True,True,1,13,4.8,2.4,2.8,98.5,0,True
Bad Bunny - CYBERTRUCK,off-25s/cold,-26100,,,25250,,0,0,False,False,False,13,13,57.5,4.6,7.0,0.0,0,False
Bad Bunny - CYBERTRUCK,off-25s/second_play,-26100,,,25250,,0,0,False,False,False,13,13,56.9,4.5,6.9,0.0,0,False
Bad Bunny - CYBERTRUCK,off-25s/seeded_correct,-26100,-26100,0,0,,0,0,False,False,False,13,13,53.6,4.5,6.8,100.0,0,True
Bad Bunny - CYBERTRUCK,off-25s/seeded_wrong_2s,-26100,-24100,2000,2000,,0,0,False,False,False,13,13,52.9,4.4,6.6,0.0,0,False
Bad Bunny - CYBERTRUCK,noise0/cold,-1100,-1096,4,1100,,0,1,False,True,True,2,13,7.1,1.1,1.9,0.0,0,True
Bad Bunny - CYBERTRUCK,noise0/seeded_correct,-1100,-1097,3,1100,,0,1,False,True,True,2,13,6.7,1.0,1.9,3.6,0,True
Bad Bunny - CYBERTRUCK,noise0/seeded_wrong_2s,-1100,-1096,4,1100,,0,1,False,True,True,2,13,6.6,1.0,1.8,0.0,0,True
Bad Bunny - CYBERTRUCK,noise-2s/cold,-3100,-3103,-3,1100,,0,3,True,True,True,5,13,19.5,1.1,4.3,0.0,0,True
Bad Bunny - CYBERTRUCK,noise-2s/seeded_correct,-3100,-3098,2,1100,,0,1,False,True,True,5,13,16.9,1.0,3.7,5.2,0,True
Bad Bunny - CYBERTRUCK,noise-2s/seeded_wrong_2s,-3100,-3096,4,1100,,0,1,False,True,True,5,13,16.9,1.0,3.7,0.0,0,True
Bad Bunny - CYBERTRUCK,cutin5s/cold,3900,3900,0,0,5500,0,2,False,True,True,1,13,3.4,0.7,1.9,97.1,0,True
Bad Bunny - CYBERTRUCK,cutin5s/second_play,3900,3900,0,0,5500,0,2,False,True,True,1,13,2.9,0.5,1.7,100.0,0,True
Bad Bunny - CYBERTRUCK,cutin5s/seeded_correct,3900,3900,0,0,5500,0,2,False,True,True,1,13,2.9,0.5,1.7,100.0,0,True
Bad Bunny - CYBERTRUCK,cutin5s/seeded_wrong_2s,3900,3900,0,0,5500,0,2,False,True,True,1,13,2.9,0.5,1.7,97.1,0,True
Bad Bunny - CYBERTRUCK,cutin15s/cold,13900,13901,1,0,4000,0,2,False,True,True,1,13,4.0,1.5,2.3,97.7,0,True
Bad Bunny - CYBERTRUCK,cutin15s/second_play,13900,13901,1,1,4000,0,2,False,True,True,1,13,2.7,0.9,1.7,100.0,0,True
Bad Bunny - CYBERTRUCK,cutin15s/seeded_correct,13900,13901,1,0,4000,0,2,False,True,True,1,13,2.7,0.9,1.7,100.0,0,True
Bad Bunny - CYBERTRUCK,cutin15s/seeded_wrong_2s,13900,13901,1,0,4000,0,2,False,True,True,1,13,2.7,0.9,1.7,97.7,0,True
Bad Bunny - CYBERTRUCK,cutin25s/cold,23900,23901,1,0,7000,0,2,False,True,True,4,13,16.4,2.6,4.0,95.8,0,True
Bad Bunny - CYBERTRUCK,cutin25s/second_play,23900,23901,1,1,7000,0,2,False,True,True,4,13,12.2,1.4,3.7,100.0,0,True
Bad Bunny - CYBERTRUCK,cutin25s/seeded_correct,23900,23901,1,0,7000,0,2,False,True,True,4,13,12.7,1.4,4.0,100.0,0,True
Bad Bunny - CYBERTRUCK,cutin25s/seeded_wrong_2s,23900,23901,1,0,7000,0,2,False,True,True,4,13,12.3,1.4,3.8,95.8,0,True
Bad Bunny - CYBERTRUCK,blend8s/cold,-1100,-1096,4,0,16250,0,3,False,False,True,2,13,14.6,1.2,1.9,91.5,0,True
Bad Bunny - CYBERTRUCK,blend8s/seeded_correct,-1100,-1097,3,0,16250,0,3,False,False,True,2,13,13.9,1.1,1.9,100.0,0,True
Bad Bunny - CYBERTRUCK,blend8s/seeded_wrong_2s,-1100,-1096,4,0,16250,0,3,False,False,True,2,13,13.8,1.1,1.9,91.5,0,True
Bad Bunny - CYBERTRUCK,midshift+1.5s/cold,-1100,-1099,-1499,-1500,10000,1,2,False,True,True,1,13,5.5,1.0,1.7,26.2,0,False
Bad Bunny - CYBERTRUCK,midshift+1.5s/seeded_correct,-1100,-1099,-1499,-1500,10000,1,2,False,True,True,1,13,5.0,0.9,1.6,31.5,0,False
Bad Bunny - CYBERTRUCK,midshift+1.5s/seeded_wrong_2s,-1100,-1099,-1499,-1500,10000,1,2,False,True,True,1,13,5.0,0.9,1.6,26.2,0,False
Bad Bunny - CYBERTRUCK,midshift-1.5s/cold,-1100,-1099,1501,1500,10000,1,2,False,True,True,1,13,5.8,1.0,1.8,25.8,0,False
Bad Bunny - CYBERTRUCK,midshift-1.5s/seeded_correct,-1100,-1099,1501,1500,10000,1,2,False,True,True,1,13,5.3,0.9,1.7,31.0,0,False
Bad Bunny - CYBERTRUCK,midshift-1.5s/seeded_wrong_2s,-1100,-1099,1501,1500,10000,1,2,False,True,True,1,13,5.3,0.9,1.7,25.8,0,False
"Bad Bunny, Zion & Lennox - MÁS DE UNA CITA",off0/cold,-1075,-1076,-1,1075,,0,2,True,True,True,3,17,10.5,1.1,2.9,0.0,0,True
"Bad Bunny, Zion & Lennox - MÁS DE UNA CITA",off0/seeded_correct,-1075,-1075,0,1075,,0,1,False,True,True,3,17,8.8,1.0,2.2,3.8,0,True
"Bad Bunny, Zion & Lennox - MÁS DE UNA CITA",off0/seeded_wrong_2s,-1075,-1074,1,1075,,0,1,False,True,True,3,17,8.9,1.1,2.1,0.0,0,True
"Bad Bunny, Zion & Lennox - MÁS DE UNA CITA",off+200/cold,-875,-874,1,1075,,0,1,False,True,True,3,17,10.1,1.0,2.9,0.0,0,True
"Bad Bunny, Zion & Lennox - MÁS DE UNA CITA",off+200/seeded_correct,-875,-874,1,1075,,0,1,False,True,True,2,17,6.8,1.0,2.0,3.8,0,True
"Bad Bunny, Zion & Lennox - MÁS DE UNA CITA",off+200/seeded_wrong_2s,-875,-874,1,1075,,0,1,False,True,True,3,17,8.9,1.1,2.1,0.0,0,True
"Bad Bunny, Zion & Lennox - MÁS DE UNA CITA",off-200/cold,-1275,-1277,-2,1075,,0,2,True,True,True,3,17,11.3,1.0,2.9,0.0,0,True
"Bad Bunny, Zion & Lennox - MÁS DE UNA CITA",off-200/seeded_correct,-1275,-1274,1,1075,,0,1,False,True,True,3,17,9.7,1.0,2.1,4.6,0,True
"Bad Bunny, Zion & Lennox - MÁS DE UNA CITA",off-200/seeded_wrong_2s,-1275,-1273,2,1075,,0,1,False,True,True,4,17,12.9,1.1,2.8,0.0,0,True
"Bad Bunny, Zion & Lennox - MÁS DE UNA CITA",off+2s/cold,925,926,1,1075,,0,1,False,True,True,3,17,10.4,1.5,3.0,0.0,0,True
"Bad Bunny, Zion & Lennox - MÁS DE UNA CITA",off+2s/seeded_correct,925,926,1,1075,,0,1,False,True,True,2,17,6.8,1.1,2.0,3.0,0,True
"Bad Bunny, Zion & Lennox - MÁS DE UNA CITA",off+2s/seeded_wrong_2s,925,926,1,1075,,0,1,False,True,True,3,17,9.2,1.4,2.3,0.0,0,True
"Bad Bunny, Zion & Lennox - MÁS DE UNA CITA",off-2s/cold,-3075,-3078,-3,1075,,0,2,True,True,True,3,17,11.2,1.0,2.8,0.0,0,True
"Bad Bunny, Zion & Lennox - MÁS DE UNA CITA",off-2s/seeded_correct,-3075,-3075,0,1075,,0,1,False,True,True,5,17,17.8,1.0,4.0,5.3,0,True
"Bad Bunny, Zion & Lennox - MÁS DE UNA CITA",off-2s/seeded_wrong_2s,-3075,-3074,1,1075,,0,2,False,True,True,6,17,22.6,1.4,5.0,0.0,0,True
"Bad Bunny, Zion & Lennox - MÁS DE UNA CITA",off+10s/cold,8925,8932,7,-9025,,0,7,False,False,False,17,17,119.1,5.2,8.8,0.0,0,True
"Bad Bunny, Zion & Lennox - MÁS DE UNA CITA",off+10s/second_play,8925,8904,-21,-19,4000,0,2,False,True,True,1,17,3.8,1.4,2.1,100.0,0,True
"Bad Bunny, Zion & Lennox - MÁS DE UNA CITA",off+10s/seeded_correct,8925,8925,0,0,4000,0,2,False,True,True,1,17,3.6,1.2,2.1,100.0,0,True
"Bad Bunny, Zion & Lennox - MÁS DE UNA CITA",off+10s/seeded_wrong_2s,8925,8925,0,0,4000,0,2,False,True,True,1,17,3.7,1.2,2.1,97.7,0,True
"Bad Bunny, Zion & Lennox - MÁS DE UNA CITA",off-10s/cold,-11075,,,10325,,0,0,False,False,False,17,17,91.4,5.0,8.2,0.0,0,False
"Bad Bunny, Zion & Lennox - MÁS DE UNA CITA",off-10s/second_play,-11075,,,10325,,0,0,False,False,False,17,17,90.8,5.0,8.0,0.0,0,False
"Bad Bunny, Zion & Lennox - MÁS DE UNA CITA",off-10s/seeded_correct,-11075,-11075,0,0,,0,0,False,False,False,17,17,87.7,4.9,8.0,100.0,0,True
"Bad Bunny, Zion & Lennox - MÁS DE UNA CITA",off-10s/seeded_wrong_2s,-11075,-9075,2000,2000,,0,0,False,False,False,17,17,89.3,4.9,8.0,0.0,0,False
"Bad Bunny, Zion & Lennox - MÁS DE UNA CITA",off+25s/cold,23925,23932,7,-23925,,0,7,False,False,False,17,17,151.8,5.9,13.9,0.0,0,True
"Bad Bunny, Zion & Lennox - MÁS DE UNA CITA",off+25s/second_play,23925,23904,-21,-19,2500,0,2,False,True,True,1,17,6.2,3.1,3.7,100.0,0,True
"Bad Bunny, Zion & Lennox - MÁS DE UNA CITA",off+25s/seeded_correct,23925,23925,0,0,2500,0,2,False,True,True,1,17,5.5,2.8,3.4,100.0,0,True
"Bad Bunny, Zion & Lennox - MÁS DE UNA CITA",off+25s/seeded_wrong_2s,23925,23925,0,0,2500,0,2,False,True,True,1,17,6.2,3.1,4.2,98.4,0,True
"Bad Bunny, Zion & Lennox - MÁS DE UNA CITA",off-25s/cold,-26075,,,26075,,0,0,False,False,False,17,17,85.9,5.2,7.4,0.0,0,False
"Bad Bunny, Zion & Lennox - MÁS DE UNA CITA",off-25s/second_play,-26075,,,26075,,0,0,False,False,False,17,17,80.0,4.6,7.3,0.0,0,False
"Bad Bunny, Zion & Lennox - MÁS DE UNA CITA",off-25s/seeded_correct,-26075,-26075,0,0,,0,0,False,False,False,17,17,76.2,4.6,7.3,100.0,0,True
"Bad Bunny, Zion & Lennox - MÁS DE UNA CITA",off-25s/seeded_wrong_2s,-26075,-24075,2000,2000,,0,0,False,False,False,17,17,77.0,4.6,7.2,0.0,0,False
"Bad Bunny, Zion & Lennox - MÁS DE UNA CITA",noise0/cold,-1075,-1074,1,0,14500,0,2,False,True,True,1,17,4.5,0.2,1.7,92.2,0,True
"Bad Bunny, Zion & Lennox - MÁS DE UNA CITA",noise0/seeded_correct,-1075,-1074,1,0,14500,0,2,False,True,True,1,17,4.1,0.2,1.5,100.0,0,True
"Bad Bunny, Zion & Lennox - MÁS DE UNA CITA",noise0/seeded_wrong_2s,-1075,-1074,1,0,14500,0,2,False,True,True,1,17,4.1,0.2,1.5,92.2,0,True
"Bad Bunny, Zion & Lennox - MÁS DE UNA CITA",noise-2s/cold,-3075,-3078,-3,-6,20200,0,2,True,False,True,3,17,6.7,0.1,1.9,89.2,0,True
"Bad Bunny, Zion & Lennox - MÁS DE UNA CITA",noise-2s/seeded_correct,-3075,-3071,4,1300,,0,5,False,False,False,17,17,79.0,3.2,6.7,49.9,0,True
"Bad Bunny, Zion & Lennox - MÁS DE UNA CITA",noise-2s/seeded_wrong_2s,-3075,-1075,2000,1300,,0,0,False,False,False,17,17,78.0,3.2,6.7,37.2,0,False
"Bad Bunny, Zion & Lennox - MÁS DE UNA CITA",cutin5s/cold,3925,3924,-1,0,8500,0,2,False,True,True,1,17,4.9,0.7,1.9,95.3,0,True
"Bad Bunny, Zion & Lennox - MÁS DE UNA CITA",cutin5s/second_play,3925,3924,-1,-1,8500,0,2,False,True,True,1,17,3.9,0.5,1.6,100.0,0,True
"Bad Bunny, Zion & Lennox - MÁS DE UNA CITA",cutin5s/seeded_correct,3925,3925,0,0,8500,0,2,False,True,True,1,17,4.2,0.5,1.7,100.0,0,True
"Bad Bunny, Zion & Lennox - MÁS DE UNA CITA",cutin5s/seeded_wrong_2s,3925,3924,-1,0,8500,0,2,False,True,True,1,17,4.4,0.5,1.8,95.3,0,True
"Bad Bunny, Zion & Lennox - MÁS DE UNA CITA",cutin15s/cold,13925,13929,4,0,4000,0,9,False,True,False,17,17,97.1,5.4,8.0,97.6,0,True
"Bad Bunny, Zion & Lennox - MÁS DE UNA CITA",cutin15s/second_play,13925,13925,0,3,4000,0,5,False,True,True,8,17,32.0,3.2,5.5,100.0,0,True
"Bad Bunny, Zion & Lennox - MÁS DE UNA CITA",cutin15s/seeded_correct,13925,13928,3,0,4000,0,9,False,True,False,17,17,87.6,4.9,7.6,100.0,0,True
"Bad Bunny, Zion & Lennox - MÁS DE UNA CITA",cutin15s/seeded_wrong_2s,13925,13929,4,0,4000,0,9,False,True,False,17,17,88.2,4.8,7.6,97.6,0,True
"Bad Bunny, Zion & Lennox - MÁS DE UNA CITA",cutin25s/cold,23925,23931,6,0,4000,0,8,False,True,False,17,17,101.8,5.5,8.4,97.5,0,True
"Bad Bunny, Zion & Lennox - MÁS DE UNA CITA",cutin25s/second_play,23925,23931,6,5,4000,0,7,False,True,False,17,17,98.7,5.5,8.3,100.0,0,True
"Bad Bunny, Zion & Lennox - MÁS DE UNA CITA",cutin25s/seeded_correct,23925,23931,6,0,4000,0,9,False,True,False,17,17,99.1,5.6,8.5,100.0,0,True
"Bad Bunny, Zion & Lennox - MÁS DE UNA CITA",cutin25s/seeded_wrong_2s,23925,23931,6,0,4000,0,8,False,True,False,17,17,99.0,5.6,8.4,97.5,0,True
"Bad Bunny, Zion & Lennox - MÁS DE UNA CITA",blend8s/cold,-1075,-1074,1,0,13000,0,3,False,True,True,2,17,9.6,1.0,1.9,93.0,0,True
"Bad Bunny, Zion & Lennox - MÁS DE UNA CITA",blend8s/seeded_correct,-1075,-1074,1,0,13000,0,2,False,True,True,1,17,7.3,1.0,1.6,100.0,0,True
"Bad Bunny, Zion & Lennox - MÁS DE UNA CITA",blend8s/seeded_wrong_2s,-1075,-1074,1,0,13000,0,3,False,True,True,2,17,9.1,1.0,1.9,93.0,0,True
"Bad Bunny, Zion & Lennox - MÁS DE UNA CITA",midshift+1.5s/cold,-1075,-1076,-1501,-425,,0,2,True,True,True,3,17,10.4,1.1,2.9,0.0,0,False
"Bad Bunny, Zion & Lennox - MÁS DE UNA CITA",midshift+1.5s/seeded_correct,-1075,-1075,-1500,-425,,0,1,False,True,True,3,17,9.2,1.1,2.3,3.8,0,False
"Bad Bunny, Zion & Lennox - MÁS DE UNA CITA",midshift+1.5s/seeded_wrong_2s,-1075,-1074,-1499,-425,,0,1,False,True,True,3,17,9.6,1.1,2.3,0.0,0,False
"Bad Bunny, Zion & Lennox - MÁS DE UNA CITA",midshift-1.5s/cold,-1075,-1076,1499,2575,,0,2,True,True,True,3,17,10.5,1.2,2.9,0.0,0,False
"Bad Bunny, Zion & Lennox - MÁS DE UNA CITA",midshift-1.5s/seeded_correct,-1075,-1075,1500,2575,,0,1,False,True,True,3,17,9.3,1.1,2.3,3.8,0,False
"Bad Bunny, Zion & Lennox - MÁS DE UNA CITA",midshift-1.5s/seeded_wrong_2s,-1075,-1074,1501,2575,,0,1,False,True,True,3,17,9.6,1.1,2.3,0.0,0,False
Bad Bunny - Efecto,off0/cold,-1050,-1070,-20,-16,11500,0,2,True,True,True,1,15,9.3,1.1,2.1,94.6,0,True
Bad Bunny - Efecto,off0/seeded_correct,-1050,-1057,-7,-25,11500,0,3,False,True,False,15,15,95.1,3.9,9.7,100.0,0,True
Bad Bunny - Efecto,off0/seeded_wrong_2s,-1050,-1057,-7,-25,11500,0,5,False,True,False,15,15,95.0,3.9,9.6,94.6,0,True
Bad Bunny - Efecto,off+200/cold,-850,-860,-10,-14,11500,0,2,True,True,True,1,15,9.5,1.1,2.2,94.6,0,True
Bad Bunny - Efecto,off+200/seeded_correct,-850,-857,-7,-25,11500,0,6,False,True,False,15,15,94.7,3.8,9.8,100.0,0,True
Bad Bunny - Efecto,off+200/seeded_wrong_2s,-850,-858,-8,-25,11500,0,5,False,True,False,15,15,95.7,3.9,9.7,94.6,0,True
Bad Bunny - Efecto,off-200/cold,-1250,-1256,-6,-6,11500,0,2,True,True,True,1,15,9.0,1.1,2.0,94.6,0,True
Bad Bunny - Efecto,off-200/seeded_correct,-1250,-1257,-7,-25,11500,0,4,False,True,False,15,15,94.7,3.9,9.4,100.0,0,True
Bad Bunny - Efecto,off-200/seeded_wrong_2s,-1250,-1258,-8,-25,11500,0,4,False,True,False,15,15,95.7,3.9,9.7,94.6,0,True
Bad Bunny - Efecto,off+2s/cold,950,941,-9,-13,8500,0,2,True,True,True,1,15,8.0,1.1,2.3,96.0,0,True
Bad Bunny - Efecto,off+2s/seeded_correct,950,943,-7,-25,8500,0,4,False,True,False,15,15,95.3,4.8,9.8,100.0,0,True
Bad Bunny - Efecto,off+2s/seeded_wrong_2s,950,942,-8,-25,8500,0,5,False,True,False,15,15,95.1,4.8,9.9,96.0,0,True
Bad Bunny - Efecto,off-2s/cold,-3050,-3056,-6,-6,13000,0,2,True,True,True,1,15,9.0,1.0,1.9,93.9,0,True
Bad Bunny - Efecto,off-2s/seeded_correct,-3050,-3058,-8,-25,13000,0,4,False,True,False,15,15,92.6,3.0,9.4,100.0,0,True
Bad Bunny - Efecto,off-2s/seeded_wrong_2s,-3050,-3059,-9,-25,13000,0,2,False,True,False,15,15,94.2,2.9,9.6,93.9,0,True
Bad Bunny - Efecto,off+10s/cold,8950,8944,-6,-9800,,0,3,False,False,False,15,15,126.5,2.2,9.9,0.0,0,True
Bad Bunny - Efecto,off+10s/second_play,8950,8948,-2,-6,2500,0,1,False,True,True,2,15,7.1,2.8,2.9,100.0,0,True
Bad Bunny - Efecto,off+10s/seeded_correct,8950,8941,-9,-25,2500,0,1,False,True,True,2,15,6.9,2.7,2.9,100.0,0,True
Bad Bunny - Efecto,off+10s/seeded_wrong_2s,8950,8939,-11,-25,2500,0,1,False,True,True,3,15,10.2,2.9,3.2,98.8,0,True
Bad Bunny - Efecto,off-10s/cold,-11050,,,11050,,0,0,False,False,False,15,15,94.8,3.0,9.1,0.0,0,False
Bad Bunny - Efecto,off-10s/second_play,-11050,,,11050,,0,0,False,False,False,15,15,93.4,2.9,8.7,0.0,0,False
Bad Bunny - Efecto,off-10s/seeded_correct,-11050,-11050,0,-25,20500,0,0,False,True,False,15,15,85.8,2.4,9.1,100.0,0,True
Bad Bunny - Efecto,off-10s/seeded_wrong_2s,-11050,-9050,2000,-25,20500,0,0,False,True,False,15,15,85.6,2.5,8.7,90.8,0,False
Bad Bunny - Efecto,off+25s/cold,23950,23944,-6,-23950,,0,3,False,False,False,15,15,146.4,2.8,10.4,0.0,0,True
Bad Bunny - Efecto,off+25s/second_play,23950,23948,-2,-6,2500,0,1,False,True,True,2,15,9.2,3.4,3.7,100.0,0,True
Bad Bunny - Efecto,off+25s/seeded_correct,23950,23949,-1,0,2500,0,1,False,True,True,2,15,9.7,3.8,3.9,100.0,0,True
Bad Bunny - Efecto,off+25s/seeded_wrong_2s,23950,23948,-2,0,2500,0,1,False,True,True,3,15,13.0,3.6,3.8,98.7,0,True
Bad Bunny - Efecto,off-25s/cold,-26050,,,26050,,0,0,False,False,False,15,15,73.4,4.3,8.5,0.0,0,False
Bad Bunny - Efecto,off-25s/second_play,-26050,,,26050,,0,0,False,False,False,15,15,73.0,4.3,8.4,0.0,0,False
Bad Bunny - Efecto,off-25s/seeded_correct,-26050,-26050,0,0,,0,0,False,False,False,15,15,68.2,4.3,8.0,100.0,0,True
Bad Bunny - Efecto,off-25s/seeded_wrong_2s,-26050,-24050,2000,2000,,0,0,False,False,False,15,15,70.6,4.4,8.6,0.0,0,False
Bad Bunny - Efecto,noise0/cold,-1050,-1070,-20,-16,11500,0,2,True,True,True,1,15,8.8,1.1,1.9,94.6,0,True
Bad Bunny - Efecto,noise0/seeded_correct,-1050,-1057,-7,-25,11500,0,3,False,True,False,15,15,88.7,3.7,8.9,100.0,0,True
Bad Bunny - Efecto,noise0/seeded_wrong_2s,-1050,-1057,-7,-25,11500,0,5,False,True,False,15,15,92.5,3.7,10.0,94.6,0,True
Bad Bunny - Efecto,noise-2s/cold,-3050,-3056,-6,-6,13000,0,1,True,True,True,1,15,8.8,1.1,1.8,93.9,0,True
Bad Bunny - Efecto,noise-2s/seeded_correct,-3050,-3058,-8,-25,13000,0,4,False,True,False,15,15,89.3,2.8,9.0,100.0,0,True
Bad Bunny - Efecto,noise-2s/seeded_wrong_2s,-3050,-3060,-10,-25,13000,0,1,False,True,False,15,15,87.0,2.8,8.7,93.9,0,True
Bad Bunny - Efecto,cutin5s/cold,3950,3948,-2,-3,4000,0,2,True,True,True,1,15,3.8,1.1,2.4,98.1,0,True
Bad Bunny - Efecto,cutin5s/second_play,3950,3945,-5,-3,4000,0,5,False,True,False,15,15,88.3,5.1,9.3,100.0,0,True
Bad Bunny - Efecto,cutin5s/seeded_correct,3950,3946,-4,0,4000,0,5,False,True,False,15,15,76.3,4.0,8.4,100.0,0,True
Bad Bunny - Efecto,cutin5s/seeded_wrong_2s,3950,3945,-5,0,4000,0,5,False,True,False,15,15,76.9,3.9,8.2,98.1,0,True
Bad Bunny - Efecto,cutin15s/cold,13950,13950,0,25,4000,0,9,False,True,False,15,15,87.9,5.0,8.9,98.0,0,True
Bad Bunny - Efecto,cutin15s/second_play,13950,13950,0,0,4000,0,9,False,True,False,15,15,85.0,4.9,8.8,100.0,0,True
Bad Bunny - Efecto,cutin15s/seeded_correct,13950,13950,0,0,4000,0,9,False,True,False,15,15,85.0,5.0,8.9,100.0,0,True
Bad Bunny - Efecto,cutin15s/seeded_wrong_2s,13950,13950,0,0,4000,0,9,False,True,False,15,15,84.9,5.0,8.9,98.0,0,True
Bad Bunny - Efecto,cutin25s/cold,23950,23945,-5,0,4000,0,5,False,True,False,15,15,94.7,5.2,9.4,97.9,0,True
Bad Bunny - Efecto,cutin25s/second_play,23950,23945,-5,-4,4000,0,4,False,True,False,15,15,91.6,5.2,9.4,100.0,0,True
Bad Bunny - Efecto,cutin25s/seeded_correct,23950,23946,-4,0,4000,0,5,False,True,False,15,15,78.5,4.2,8.8,100.0,0,True
Bad Bunny - Efecto,cutin25s/seeded_wrong_2s,23950,23945,-5,0,4000,0,5,False,True,False,15,15,77.9,4.2,8.4,97.9,0,True
Bad Bunny - Efecto,blend8s/cold,-1050,-1058,-8,-16,16000,0,2,True,True,True,1,15,13.1,1.2,1.9,92.5,0,True
Bad Bunny - Efecto,blend8s/seeded_correct,-1050,-1053,-3,0,16000,0,7,False,True,False,15,15,85.1,2.8,8.1,100.0,0,True
Bad Bunny - Efecto,blend8s/seeded_wrong_2s,-1050,-1054,-4,0,16000,0,6,False,True,False,15,15,84.0,2.8,7.8,92.5,0,True
Bad Bunny - Efecto,midshift+1.5s/cold,-1050,-1070,-1520,-1516,11500,0,2,True,True,True,1,15,9.5,1.2,2.1,23.0,0,False
Bad Bunny - Efecto,midshift+1.5s/seeded_correct,-1050,444,-6,-1525,11500,0,4,False,True,False,15,15,107.5,4.1,10.7,28.5,0,True
Bad Bunny - Efecto,midshift+1.5s/seeded_wrong_2s,-1050,448,-2,-1525,11500,0,4,False,True,False,15,15,102.5,4.1,10.4,23.0,0,True
Bad Bunny - Efecto,midshift-1.5s/cold,-1050,-1070,1480,1484,11500,0,2,True,True,True,1,15,9.5,1.1,2.2,22.7,0,False
Bad Bunny - Efecto,midshift-1.5s/seeded_correct,-1050,-1057,1493,1475,11500,0,2,False,True,False,15,15,98.6,4.0,10.1,28.1,0,False
Bad Bunny - Efecto,midshift-1.5s/seeded_wrong_2s,-1050,-1059,1491,1475,11500,0,2,False,True,False,15,15,99.2,4.0,10.3,22.7,0,False
Bad Bunny - TRELLAS,off0/cold,-1000,-1036,-36,-75,17500,0,3,False,True,False,6,6,29.6,1.2,4.5,89.0,0,True
Bad Bunny - TRELLAS,off0/seeded_correct,-1000,-1034,-34,-75,17500,0,5,False,True,False,6,6,26.7,1.1,3.7,100.0,0,True
Bad Bunny - TRELLAS,off0/seeded_wrong_2s,-1000,-1036,-36,-75,17500,0,3,False,True,False,6,6,26.6,1.1,3.7,89.0,0,True
Bad Bunny - TRELLAS,off+200/cold,-800,-836,-36,-75,17500,0,3,False,True,False,6,6,30.2,1.2,4.7,89.0,0,True
Bad Bunny - TRELLAS,off+200/seeded_correct,-800,-835,-35,-75,17500,0,5,False,True,False,6,6,27.3,1.2,3.7,100.0,0,True
Bad Bunny - TRELLAS,off+200/seeded_wrong_2s,-800,-836,-36,-75,17500,0,3,False,True,False,6,6,27.0,1.1,3.7,89.0,0,True
Bad Bunny - TRELLAS,off-200/cold,-1200,-1215,-15,-25,28000,0,1,False,False,False,6,6,27.1,1.1,4.5,82.4,0,True
Bad Bunny - TRELLAS,off-200/seeded_correct,-1200,-1212,-12,-75,18250,0,2,False,False,False,6,6,26.1,1.1,3.7,100.0,0,True
Bad Bunny - TRELLAS,off-200/seeded_wrong_2s,-1200,-1215,-15,0,38750,0,1,False,False,False,6,6,24.7,1.1,3.4,75.7,0,True
Bad Bunny - TRELLAS,off+2s/cold,1000,964,-36,-75,16000,0,4,False,True,False,6,6,30.2,1.3,4.7,89.8,0,True
Bad Bunny - TRELLAS,off+2s/seeded_correct,1000,965,-35,-75,16000,0,5,False,True,False,6,6,27.9,1.2,3.8,100.0,0,True
Bad Bunny - TRELLAS,off+2s/seeded_wrong_2s,1000,964,-36,-75,16000,0,4,False,True,False,6,6,27.4,1.2,3.8,89.8,0,True
Bad Bunny - TRELLAS,off-2s/cold,-3000,,,3000,,0,0,False,False,False,6,6,29.6,1.1,4.7,0.0,0,False
Bad Bunny - TRELLAS,off-2s/seeded_correct,-3000,-3000,0,-75,18250,0,0,False,False,False,6,6,25.9,1.1,3.6,100.0,0,True
Bad Bunny - TRELLAS,off-2s/seeded_wrong_2s,-3000,-1000,2000,0,50500,0,0,False,False,False,6,6,24.8,1.1,3.4,68.6,0,False
Bad Bunny - TRELLAS,off+10s/cold,9000,,,-9000,,0,0,False,False,False,6,6,37.6,1.7,5.0,0.0,0,False
Bad Bunny - TRELLAS,off+10s/second_play,9000,,,-9000,,0,0,False,False,False,6,6,37.4,1.7,4.9,0.0,0,False
Bad Bunny - TRELLAS,off+10s/seeded_correct,9000,8966,-34,-75,8500,0,5,False,True,False,6,6,25.0,2.4,4.9,100.0,0,True
Bad Bunny - TRELLAS,off+10s/seeded_wrong_2s,9000,8964,-36,-75,8500,0,3,False,True,False,6,6,25.0,2.5,4.5,94.3,0,True
Bad Bunny - TRELLAS,off-10s/cold,-11000,,,11000,,0,0,False,False,False,6,6,22.4,1.3,4.2,0.0,0,False
Bad Bunny - TRELLAS,off-10s/second_play,-11000,,,11000,,0,0,False,False,False,6,6,22.6,1.3,4.3,0.0,0,False
Bad Bunny - TRELLAS,off-10s/seeded_correct,-11000,-11000,0,0,,0,0,False,False,False,6,6,19.2,1.1,4.2,100.0,0,True
Bad Bunny - TRELLAS,off-10s/seeded_wrong_2s,-11000,-9000,2000,2000,,0,0,False,False,False,6,6,19.2,1.1,4.1,0.0,0,False
Bad Bunny - TRELLAS,off+25s/cold,24000,,,-24000,,0,0,False,False,False,6,6,47.1,2.3,5.7,0.0,0,False
Bad Bunny - TRELLAS,off+25s/second_play,24000,,,-24000,,0,0,False,False,False,6,6,46.6,2.3,5.6,0.0,0,False
Bad Bunny - TRELLAS,off+25s/seeded_correct,24000,23950,-50,-50,2500,0,1,False,True,True,2,6,8.5,3.2,3.4,100.0,0,True
Bad Bunny - TRELLAS,off+25s/seeded_wrong_2s,24000,23959,-41,-50,2500,0,1,False,True,True,3,6,12.3,3.3,3.9,98.1,0,True
Bad Bunny - TRELLAS,off-25s/cold,-26000,,,26000,,0,0,False,False,False,6,6,15.2,2.9,3.6,0.0,0,False
Bad Bunny - TRELLAS,off-25s/second_play,-26000,,,26000,,0,0,False,False,False,6,6,15.1,2.9,3.6,0.0,0,False
Bad Bunny - TRELLAS,off-25s/seeded_correct,-26000,-26000,0,0,,0,0,False,False,False,6,6,12.2,1.6,3.4,100.0,0,True
Bad Bunny - TRELLAS,off-25s/seeded_wrong_2s,-26000,-24000,2000,2000,,0,0,False,False,False,6,6,12.0,1.6,3.4,0.0,0,False
Bad Bunny - TRELLAS,noise0/cold,-1000,-1016,-16,-25,28000,0,1,False,False,False,6,6,25.6,1.1,4.3,82.4,0,True
Bad Bunny - TRELLAS,noise0/seeded_correct,-1000,-1013,-13,-75,18250,0,2,False,False,False,6,6,24.2,1.0,3.4,100.0,0,True
Bad Bunny - TRELLAS,noise0/seeded_wrong_2s,-1000,-1016,-16,0,38750,0,1,False,False,False,6,6,23.0,1.0,3.2,75.6,0,True
Bad Bunny - TRELLAS,noise-2s/cold,-3000,,,3000,,0,0,False,False,False,6,6,26.9,1.1,4.2,0.0,0,False
Bad Bunny - TRELLAS,noise-2s/seeded_correct,-3000,-3000,0,-75,18250,0,0,False,False,False,6,6,24.5,1.1,3.3,100.0,0,True
Bad Bunny - TRELLAS,noise-2s/seeded_wrong_2s,-3000,-1000,2000,2000,,0,0,False,False,False,6,6,24.4,1.1,3.3,0.0,0,False
Bad Bunny - TRELLAS,cutin5s/cold,4000,3956,-44,-125,,0,1,False,True,False,6,6,23.2,3.3,4.5,97.4,0,True
Bad Bunny - TRELLAS,cutin5s/second_play,4000,3943,-57,-119,,0,2,False,True,False,6,6,20.4,2.7,4.5,100.0,0,True
Bad Bunny - TRELLAS,cutin5s/seeded_correct,4000,3958,-42,-125,,0,1,False,True,False,6,6,20.3,2.7,4.5,100.0,0,True
Bad Bunny - TRELLAS,cutin5s/seeded_wrong_2s,4000,3956,-44,-125,,0,1,False,True,False,6,6,20.3,2.7,4.4,97.4,0,True
Bad Bunny - TRELLAS,cutin15s/cold,14000,13971,-29,-50,4000,0,4,False,True,False,6,6,22.9,3.2,4.3,97.2,0,True
Bad Bunny - TRELLAS,cutin15s/second_play,14000,13972,-28,-58,4000,0,5,False,True,False,6,6,20.4,2.8,4.3,100.0,0,True
Bad Bunny - TRELLAS,cutin15s/seeded_correct,14000,13972,-28,-50,4000,0,5,False,True,False,6,6,21.0,2.9,4.4,100.0,0,True
Bad Bunny - TRELLAS,cutin15s/seeded_wrong_2s,14000,13971,-29,-50,4000,0,4,False,True,False,6,6,20.6,2.8,4.4,97.2,0,True
Bad Bunny - TRELLAS,cutin25s/cold,24000,,,-24000,,0,0,False,False,False,6,6,25.3,0.2,4.4,0.0,0,False
Bad Bunny - TRELLAS,cutin25s/second_play,24000,,,-24000,,0,0,False,False,False,6,6,25.1,0.2,4.4,0.0,0,False
Bad Bunny - TRELLAS,cutin25s/seeded_correct,24000,23998,-2,0,38750,0,1,False,False,False,6,6,23.1,0.2,4.5,100.0,0,True
Bad Bunny - TRELLAS,cutin25s/seeded_wrong_2s,24000,26000,2000,0,43000,0,0,False,False,False,6,6,23.0,0.2,4.4,67.9,0,False
Bad Bunny - TRELLAS,blend8s/cold,-1000,-1036,-36,-75,17500,0,3,False,True,False,6,6,28.8,1.1,4.5,89.0,0,True
Bad Bunny - TRELLAS,blend8s/seeded_correct,-1000,-1034,-34,-75,17500,0,5,False,True,False,6,6,25.9,1.1,3.5,100.0,0,True
Bad Bunny - TRELLAS,blend8s/seeded_wrong_2s,-1000,-1036,-36,-75,17500,0,3,False,True,False,6,6,26.0,1.1,3.6,89.0,0,True
Bad Bunny - TRELLAS,midshift+1.5s/cold,-1000,-1036,-1536,-1575,17500,0,3,False,True,False,6,6,30.7,1.2,4.9,27.0,0,False
Bad Bunny - TRELLAS,midshift+1.5s/seeded_correct,-1000,-1034,-1534,-1575,17500,0,5,False,True,False,6,6,27.3,1.1,3.8,38.1,0,False
Bad Bunny - TRELLAS,midshift+1.5s/seeded_wrong_2s,-1000,-1036,-1536,-1575,17500,0,3,False,True,False,6,6,27.1,1.1,3.8,27.0,0,False
Bad Bunny - TRELLAS,midshift-1.5s/cold,-1000,-1036,1464,1425,17500,0,3,False,True,False,6,6,29.2,1.2,4.5,26.5,0,False
Bad Bunny - TRELLAS,midshift-1.5s/seeded_correct,-1000,-1034,1466,1425,17500,0,5,False,True,False,6,6,28.0,1.2,3.7,37.4,0,False
Bad Bunny - TRELLAS,midshift-1.5s/seeded_wrong_2s,-1000,-1036,1464,1425,17500,0,3,False,True,False,6,6,27.3,1.2,3.7,26.5,0,False
Bad Bunny - BYE ME FUI,off0/cold,-1025,-1028,-3,-3,35775,0,3,True,True,True,3,10,12.6,1.1,3.5,79.9,0,True
Bad Bunny - BYE ME FUI,off0/seeded_correct,-1025,-1031,-6,0,44500,0,4,False,True,True,10,10,45.6,2.7,6.3,80.7,0,True
Bad Bunny - BYE ME FUI,off0/seeded_wrong_2s,-1025,-1031,-6,0,44500,0,5,False,True,True,10,10,45.2,2.7,6.2,75.1,0,True
Bad Bunny - BYE ME FUI,off+200/cold,-825,-827,-2,-1,13000,0,3,True,True,True,3,10,13.6,1.1,2.8,92.7,0,True
Bad Bunny - BYE ME FUI,off+200/seeded_correct,-825,-828,-3,0,13000,0,2,False,True,True,3,10,13.0,1.1,2.7,100.0,0,True
Bad Bunny - BYE ME FUI,off+200/seeded_wrong_2s,-825,-829,-4,0,13000,0,2,False,True,True,3,10,12.9,1.1,2.6,92.7,0,True
Bad Bunny - BYE ME FUI,off-200/cold,-1225,-1228,-3,-6,14500,0,3,True,True,True,3,10,14.9,1.1,2.8,91.9,0,True
Bad Bunny - BYE ME FUI,off-200/seeded_correct,-1225,-1227,-2,0,14500,0,2,False,True,True,3,10,14.5,1.1,2.8,100.0,0,True
Bad Bunny - BYE ME FUI,off-200/seeded_wrong_2s,-1225,-1227,-2,0,14500,0,2,False,True,True,3,10,14.5,1.2,2.7,91.9,0,True
Bad Bunny - BYE ME FUI,off+2s/cold,975,973,-2,0,35775,0,3,True,True,True,3,10,12.0,1.2,3.7,79.7,0,True
Bad Bunny - BYE ME FUI,off+2s/seeded_correct,975,969,-6,0,44500,0,5,False,True,True,10,10,45.7,2.9,6.4,79.6,0,True
Bad Bunny - BYE ME FUI,off+2s/seeded_wrong_2s,975,971,-4,0,11500,0,2,False,True,True,3,10,12.5,1.1,2.8,93.5,0,True
Bad Bunny - BYE ME FUI,off-2s/cold,-3025,-3029,-4,-6,35775,0,3,True,True,True,3,10,12.0,0.9,3.4,80.2,0,True
Bad Bunny - BYE ME FUI,off-2s/seeded_correct,-3025,-3025,0,1025,,0,0,False,True,False,10,10,50.9,2.4,7.2,6.4,0,True
Bad Bunny - BYE ME FUI,off-2s/seeded_wrong_2s,-3025,-1025,2000,1025,,0,0,False,True,False,10,10,51.5,2.4,7.3,0.0,0,False
Bad Bunny - BYE ME FUI,off+10s/cold,8975,8975,0,0,123250,0,1,False,False,False,10,10,73.7,1.9,7.8,26.8,0,True
Bad Bunny - BYE ME FUI,off+10s/second_play,8975,8972,-3,0,4000,0,2,False,True,True,3,10,11.5,2.8,3.2,100.0,0,True
Bad Bunny - BYE ME FUI,off+10s/seeded_correct,8975,8972,-3,0,4000,0,2,False,True,True,3,10,11.3,2.6,3.2,100.0,0,True
Bad Bunny - BYE ME FUI,off+10s/seeded_wrong_2s,8975,8971,-4,0,4000,0,2,False,True,True,3,10,11.5,2.8,3.2,97.6,0,True
Bad Bunny - BYE ME FUI,off-10s/cold,-11025,-365,10660,10650,,3,3,False,False,False,10,10,49.4,1.7,7.0,0.0,0,False
Bad Bunny - BYE ME FUI,off-10s/second_play,-11025,-373,10652,10660,,3,3,False,False,False,10,10,41.9,1.8,5.8,0.0,0,False
Bad Bunny - BYE ME FUI,off-10s/seeded_correct,-11025,-11025,0,700,,0,0,False,True,False,10,10,45.7,1.7,6.8,10.9,0,True
Bad Bunny - BYE ME FUI,off-10s/seeded_wrong_2s,-11025,-9025,2000,2000,,0,0,False,False,False,10,10,47.3,1.5,6.9,0.0,0,False
Bad Bunny - BYE ME FUI,off+25s/cold,23975,23967,-8,0,40500,0,3,False,False,True,8,10,76.0,2.4,8.0,73.6,0,True
Bad Bunny - BYE ME FUI,off+25s/second_play,23975,23972,-3,-8,2500,0,1,False,True,True,2,10,8.7,3.2,3.6,100.0,0,True
Bad Bunny - BYE ME FUI,off+25s/seeded_correct,23975,23974,-1,0,2500,0,1,False,True,True,2,10,8.7,3.2,3.6,100.0,0,True
Bad Bunny - BYE ME FUI,off+25s/seeded_wrong_2s,23975,23972,-3,0,2500,0,2,False,True,True,3,10,13.0,3.4,4.2,98.4,0,True
Bad Bunny - BYE ME FUI,off-25s/cold,-26025,,,26025,,0,0,False,False,False,10,10,42.0,3.5,6.7,0.0,0,False
Bad Bunny - BYE ME FUI,off-25s/second_play,-26025,,,26025,,0,0,False,False,False,10,10,39.9,3.5,6.2,0.0,0,False
Bad Bunny - BYE ME FUI,off-25s/seeded_correct,-26025,-26025,0,0,,0,0,False,False,False,10,10,36.5,3.5,6.1,100.0,0,True
Bad Bunny - BYE ME FUI,off-25s/seeded_wrong_2s,-26025,-24025,2000,2000,,0,0,False,False,False,10,10,37.7,3.4,6.5,0.0,0,False
Bad Bunny - BYE ME FUI,noise0/cold,-1025,-1028,-3,1025,,0,3,True,True,True,3,10,11.5,1.0,3.5,0.0,0,True
Bad Bunny - BYE ME FUI,noise0/seeded_correct,-1025,-1030,-5,1025,,0,1,False,True,True,3,10,10.0,1.0,2.7,3.9,0,True
Bad Bunny - BYE ME FUI,noise0/seeded_wrong_2s,-1025,-1033,-8,1025,,0,2,False,True,True,4,10,12.8,1.5,2.9,0.0,0,True
Bad Bunny - BYE ME FUI,noise-2s/cold,-3025,-3031,-6,1025,,0,1,True,True,True,3,10,11.9,1.0,3.1,0.0,0,True
Bad Bunny - BYE ME FUI,noise-2s/seeded_correct,-3025,-3025,0,1025,,0,0,False,True,False,10,10,49.6,2.5,7.0,5.5,0,True
Bad Bunny - BYE ME FUI,noise-2s/seeded_wrong_2s,-3025,-1025,2000,1025,,0,0,False,True,False,10,10,49.4,2.5,6.9,0.0,0,False
Bad Bunny - BYE ME FUI,cutin5s/cold,3975,3970,-5,-3,8500,0,3,True,True,True,3,10,13.1,1.2,3.7,95.1,0,True
Bad Bunny - BYE ME FUI,cutin5s/second_play,3975,3973,-2,0,44500,0,5,False,True,True,10,10,44.4,3.2,6.3,77.5,0,True
Bad Bunny - BYE ME FUI,cutin5s/seeded_correct,3975,3969,-6,0,44500,0,5,False,True,True,10,10,44.9,3.2,6.6,77.5,0,True
Bad Bunny - BYE ME FUI,cutin5s/seeded_wrong_2s,3975,3966,-9,0,8500,0,6,False,True,True,10,10,46.6,3.2,6.4,95.1,0,True
Bad Bunny - BYE ME FUI,cutin15s/cold,13975,13972,-3,0,4000,0,2,False,True,True,3,10,10.4,2.6,3.3,97.6,0,True
Bad Bunny - BYE ME FUI,cutin15s/second_play,13975,13972,-3,-3,4000,0,3,False,True,True,3,10,8.9,2.1,3.1,100.0,0,True
Bad Bunny - BYE ME FUI,cutin15s/seeded_correct,13975,13972,-3,0,4000,0,3,False,True,True,3,10,8.3,2.1,2.8,100.0,0,True
Bad Bunny - BYE ME FUI,cutin15s/seeded_wrong_2s,13975,13972,-3,0,4000,0,2,False,True,True,3,10,8.2,2.1,2.7,97.6,0,True
Bad Bunny - BYE ME FUI,cutin25s/cold,23975,23971,-4,0,5500,0,2,False,True,True,3,10,15.0,2.6,4.1,96.4,0,True
Bad Bunny - BYE ME FUI,cutin25s/second_play,23975,23972,-3,-4,4000,0,2,False,True,True,3,10,9.6,2.0,3.7,100.0,0,True
Bad Bunny - BYE ME FUI,cutin25s/seeded_correct,23975,23972,-3,0,4000,0,2,False,True,True,3,10,8.7,2.2,2.8,100.0,0,True
Bad Bunny - BYE ME FUI,cutin25s/seeded_wrong_2s,23975,23971,-4,0,4000,0,2,False,True,True,3,10,8.5,2.0,2.9,97.4,0,True
Bad Bunny - BYE ME FUI,blend8s/cold,-1025,-1028,-3,-3,31000,0,3,True,False,True,3,10,25.0,1.4,3.0,82.6,0,True
Bad Bunny - BYE ME FUI,blend8s/seeded_correct,-1025,-1030,-5,0,23250,0,2,False,False,True,3,10,24.2,1.4,2.6,100.0,0,True
Bad Bunny - BYE ME FUI,blend8s/seeded_wrong_2s,-1025,-1033,-8,0,31000,0,3,False,False,True,4,10,26.5,1.3,2.9,82.6,0,True
Bad Bunny - BYE ME FUI,midshift+1.5s/cold,-1025,-1028,-1503,-1503,35775,1,3,True,True,True,3,10,13.3,1.1,3.8,13.7,0,False
Bad Bunny - BYE ME FUI,midshift+1.5s/seeded_correct,-1025,-1010,-1485,0,44500,1,3,False,True,True,10,10,48.6,2.8,7.0,49.7,0,False
Bad Bunny - BYE ME FUI,midshift+1.5s/seeded_wrong_2s,-1025,475,0,0,44500,0,2,False,True,False,10,10,49.4,2.9,6.8,44.0,0,True
Bad Bunny - BYE ME FUI,midshift-1.5s/cold,-1025,-1028,1497,1497,35775,1,3,True,True,True,3,10,12.9,1.0,3.7,13.5,0,False
Bad Bunny - BYE ME FUI,midshift-1.5s/seeded_correct,-1025,-1049,1476,1500,44500,1,2,False,True,False,10,10,47.0,2.9,6.5,14.2,0,False
Bad Bunny - BYE ME FUI,midshift-1.5s/seeded_wrong_2s,-1025,-1054,1471,1500,44500,1,2,False,True,False,10,10,48.9,2.9,7.2,8.6,0,False
Bad Bunny - BOOKER T,off0/cold,-1075,-1080,-5,0,11500,0,2,False,True,True,2,4,8.1,1.0,1.7,92.6,0,True
Bad Bunny - BOOKER T,off0/seeded_correct,-1075,-1077,-2,0,11500,0,2,False,True,True,1,4,5.9,0.9,1.5,100.0,0,True
Bad Bunny - BOOKER T,off0/seeded_wrong_2s,-1075,-1080,-5,0,11500,0,2,False,True,True,2,4,7.9,1.0,1.8,92.6,0,True
Bad Bunny - BOOKER T,off+200/cold,-875,-880,-5,0,11500,0,2,False,True,True,2,4,7.2,1.0,1.8,92.6,0,True
Bad Bunny - BOOKER T,off+200/seeded_correct,-875,-877,-2,0,11500,0,2,False,True,True,1,4,4.9,0.5,1.4,100.0,0,True
Bad Bunny - BOOKER T,off+200/seeded_wrong_2s,-875,-880,-5,0,11500,0,2,False,True,True,2,4,6.9,0.9,1.8,92.6,0,True
Bad Bunny - BOOKER T,off-200/cold,-1275,-1286,-11,0,16000,0,2,False,False,True,4,4,13.4,1.0,2.7,89.7,0,True
Bad Bunny - BOOKER T,off-200/seeded_correct,-1275,-1276,-1,0,11500,0,2,False,True,True,1,4,5.7,0.9,1.4,100.0,0,True
Bad Bunny - BOOKER T,off-200/seeded_wrong_2s,-1275,-1286,-11,0,16000,0,2,False,False,True,4,4,13.0,1.0,2.7,89.7,0,True
Bad Bunny - BOOKER T,off+2s/cold,925,913,-12,0,11500,0,2,False,False,True,3,4,9.2,0.6,2.4,92.5,0,True
Bad Bunny - BOOKER T,off+2s/seeded_correct,925,917,-8,0,11500,0,2,False,False,True,2,4,6.1,0.2,1.8,100.0,0,True
Bad Bunny - BOOKER T,off+2s/seeded_wrong_2s,925,913,-12,0,16000,0,2,False,False,True,3,4,8.9,0.6,2.3,89.6,0,True
Bad Bunny - BOOKER T,off-2s/cold,-3075,1125,4200,4200,,1,1,False,False,False,4,4,12.7,1.1,2.8,0.0,0,False
Bad Bunny - BOOKER T,off-2s/seeded_correct,-3075,-3082,-7,0,11500,0,2,False,False,False,4,4,12.2,0.9,2.8,100.0,0,True
Bad Bunny - BOOKER T,off-2s/seeded_wrong_2s,-3075,1125,4200,4200,,1,1,False,False,False,4,4,11.9,0.9,2.7,0.0,0,False
Bad Bunny - BOOKER T,off+10s/cold,8925,8925,0,0,34250,0,2,False,False,False,4,4,14.7,0.3,4.2,76.5,0,True
Bad Bunny - BOOKER T,off+10s/second_play,8925,8916,-9,0,11500,0,2,False,False,True,2,4,6.3,0.3,2.2,100.0,0,True
Bad Bunny - BOOKER T,off+10s/seeded_correct,8925,8917,-8,0,11500,0,2,False,False,True,2,4,6.3,0.3,2.2,100.0,0,True
Bad Bunny - BOOKER T,off+10s/seeded_wrong_2s,8925,8913,-12,0,16000,0,2,False,False,True,3,4,9.3,0.3,2.7,89.0,0,True
Bad Bunny - BOOKER T,off-10s/cold,-11075,14175,25250,25250,,1,1,False,False,False,4,4,9.4,1.3,3.4,0.0,0,False
Bad Bunny - BOOKER T,off-10s/second_play,-11075,14175,25250,25250,,1,1,False,False,False,4,4,6.9,1.1,2.4,0.0,0,False
Bad Bunny - BOOKER T,off-10s/seeded_correct,-11075,-11075,0,0,,0,0,False,False,False,4,4,6.3,1.0,2.1,100.0,0,True
Bad Bunny - BOOKER T,off-10s/seeded_wrong_2s,-11075,-9075,2000,2000,,0,0,False,False,False,4,4,6.5,1.1,2.2,0.0,0,False
Bad Bunny - BOOKER T,off+25s/cold,23925,,,-25275,,0,0,False,False,False,4,4,27.0,2.0,3.9,0.0,0,False
Bad Bunny - BOOKER T,off+25s/second_play,23925,,,-25275,,0,0,False,False,False,4,4,27.5,2.0,3.9,0.0,0,False
Bad Bunny - BOOKER T,off+25s/seeded_correct,23925,23923,-2,0,2500,0,2,False,True,True,1,4,4.6,2.3,2.7,100.0,0,True
Bad Bunny - BOOKER T,off+25s/seeded_wrong_2s,23925,23920,-5,0,2500,0,2,False,True,True,2,4,7.4,2.7,3.0,98.1,0,True
Bad Bunny - BOOKER T,off-25s/cold,-26075,-825,25250,25250,,1,1,False,False,False,4,4,7.0,0.9,2.7,0.0,0,False
Bad Bunny - BOOKER T,off-25s/second_play,-26075,-825,25250,25250,,1,1,False,False,False,4,4,5.0,0.8,1.7,0.0,0,False
Bad Bunny - BOOKER T,off-25s/seeded_correct,-26075,-26075,0,0,,0,0,False,False,False,4,4,4.5,0.8,1.5,100.0,0,True
Bad Bunny - BOOKER T,off-25s/seeded_wrong_2s,-26075,-24075,2000,2000,,0,0,False,False,False,4,4,4.5,0.9,1.5,0.0,0,False
Bad Bunny - BOOKER T,noise0/cold,-1075,-1080,-5,0,11500,0,2,False,True,True,2,4,7.7,1.0,1.7,92.6,0,True
Bad Bunny - BOOKER T,noise0/seeded_correct,-1075,-1077,-2,0,11500,0,2,False,True,True,1,4,5.9,0.9,1.4,100.0,0,True
Bad Bunny - BOOKER T,noise0/seeded_wrong_2s,-1075,-1080,-5,0,11500,0,2,False,True,True,2,4,7.6,1.0,1.7,92.6,0,True
Bad Bunny - BOOKER T,noise-2s/cold,-3075,1125,4200,4200,,1,1,False,False,False,4,4,11.5,0.9,2.5,0.0,0,False
Bad Bunny - BOOKER T,noise-2s/seeded_correct,-3075,-3082,-7,0,11500,0,2,False,False,False,4,4,11.1,0.9,2.5,100.0,0,True
Bad Bunny - BOOKER T,noise-2s/seeded_wrong_2s,-3075,1125,4200,4200,,1,1,False,False,False,4,4,11.1,0.9,2.5,0.0,0,False
Bad Bunny - BOOKER T,cutin5s/cold,3925,3914,-11,0,11500,0,3,False,False,True,4,4,10.5,0.2,2.9,92.4,0,True
Bad Bunny - BOOKER T,cutin5s/second_play,3925,3925,0,-11,11500,0,3,False,False,True,2,4,4.3,0.2,1.7,100.0,0,True
Bad Bunny - BOOKER T,cutin5s/seeded_correct,3925,3918,-7,0,11500,0,3,False,False,True,2,4,4.2,0.2,1.7,100.0,0,True
Bad Bunny - BOOKER T,cutin5s/seeded_wrong_2s,3925,3914,-11,0,11500,0,3,False,False,True,4,4,9.6,0.2,2.7,92.4,0,True
Bad Bunny - BOOKER T,cutin15s/cold,13925,13921,-4,0,4000,0,3,False,True,True,4,4,13.4,2.2,3.8,97.2,0,True
Bad Bunny - BOOKER T,cutin15s/second_play,13925,13922,-3,-4,4000,0,2,False,True,True,3,4,7.5,1.4,3.0,100.0,0,True
Bad Bunny - BOOKER T,cutin15s/seeded_correct,13925,13923,-2,0,4000,0,2,False,True,True,3,4,7.2,1.4,2.8,100.0,0,True
Bad Bunny - BOOKER T,cutin15s/seeded_wrong_2s,13925,13922,-3,0,4000,0,2,False,True,True,3,4,7.2,1.4,2.8,97.2,0,True
Bad Bunny - BOOKER T,cutin25s/cold,23925,23925,0,0,8500,0,2,False,True,False,4,4,20.8,2.1,3.8,93.5,0,True
Bad Bunny - BOOKER T,cutin25s/second_play,23925,23923,-2,0,4000,0,2,False,True,True,3,4,7.7,1.5,3.3,100.0,0,True
Bad Bunny - BOOKER T,cutin25s/seeded_correct,23925,23923,-2,0,4000,0,2,False,True,True,3,4,7.9,1.4,3.4,100.0,0,True
Bad Bunny - BOOKER T,cutin25s/seeded_wrong_2s,23925,23922,-3,0,4000,0,2,False,True,True,3,4,7.7,1.4,3.3,96.9,0,True
Bad Bunny - BOOKER T,blend8s/cold,-1075,-1087,-12,0,16000,0,2,False,False,True,3,4,12.5,1.1,2.3,89.7,0,True
Bad Bunny - BOOKER T,blend8s/seeded_correct,-1075,-1083,-8,0,11500,0,2,False,False,True,2,4,9.5,1.0,1.7,100.0,0,True
Bad Bunny - BOOKER T,blend8s/seeded_wrong_2s,-1075,-1087,-12,0,16000,0,2,False,False,True,3,4,12.6,1.1,2.3,89.7,0,True
Bad Bunny - BOOKER T,midshift+1.5s/cold,-1075,-1080,-1505,-1500,11500,1,2,False,True,True,2,4,8.1,1.0,1.8,31.4,0,False
Bad Bunny - BOOKER T,midshift+1.5s/seeded_correct,-1075,-1077,-1502,-1500,11500,1,2,False,True,True,1,4,5.9,0.9,1.4,38.9,0,False
Bad Bunny - BOOKER T,midshift+1.5s/seeded_wrong_2s,-1075,-1080,-1505,-1500,11500,1,2,False,True,True,2,4,8.1,1.0,1.8,31.4,0,False
Bad Bunny - BOOKER T,midshift-1.5s/cold,-1075,-1080,1495,1500,11500,1,2,False,True,True,2,4,8.2,1.0,1.8,30.8,0,False
Bad Bunny - BOOKER T,midshift-1.5s/seeded_correct,-1075,-1077,1498,1500,11500,1,2,False,True,True,1,4,5.9,0.9,1.5,38.2,0,False
Bad Bunny - BOOKER T,midshift-1.5s/seeded_wrong_2s,-1075,-1080,1495,1500,11500,1,2,False,True,True,2,4,7.9,1.0,1.8,30.8,0,False
Bad Bunny - MONACO,off0/cold,-619,0,619,619,,2,2,False,True,True,1,5,5.3,1.0,1.9,0.0,0,False
Bad Bunny - MONACO,off0/seeded_correct,-619,-2,617,625,,2,2,False,True,True,1,5,4.8,0.9,1.8,2.6,0,False
Bad Bunny - MONACO,off0/seeded_wrong_2s,-619,0,619,625,,2,2,False,True,True,1,5,4.9,0.9,1.8,0.0,0,False
Bad Bunny - MONACO,off+200/cold,-419,200,619,619,,2,2,False,True,True,1,5,5.3,1.1,1.9,0.0,0,False
Bad Bunny - MONACO,off+200/seeded_correct,-419,198,617,625,,2,2,False,True,True,1,5,4.9,0.9,1.8,2.6,0,False
Bad Bunny - MONACO,off+200/seeded_wrong_2s,-419,200,619,625,,2,2,False,True,True,1,5,4.9,0.9,1.8,0.0,0,False
Bad Bunny - MONACO,off-200/cold,-819,-200,619,619,,2,2,False,True,True,1,5,6.2,1.0,1.8,0.0,0,False
Bad Bunny - MONACO,off-200/seeded_correct,-819,-202,617,625,,2,2,False,True,True,1,5,5.8,0.9,1.7,3.2,0,False
Bad Bunny - MONACO,off-200/seeded_wrong_2s,-819,-200,619,625,,2,2,False,True,True,1,5,5.9,0.9,1.7,0.0,0,False
Bad Bunny - MONACO,off+2s/cold,1381,2000,619,619,,2,2,False,True,True,1,5,5.3,1.1,2.0,0.0,0,False
Bad Bunny - MONACO,off+2s/seeded_correct,1381,1998,617,625,,2,2,False,True,True,1,5,4.9,1.0,1.9,2.1,0,False
Bad Bunny - MONACO,off+2s/seeded_wrong_2s,1381,2000,619,625,,2,2,False,True,True,1,5,5.0,1.0,1.9,0.0,0,False
Bad Bunny - MONACO,off-2s/cold,-2619,-2001,618,619,,2,2,False,True,True,1,5,6.1,1.0,1.7,0.0,0,False
Bad Bunny - MONACO,off-2s/seeded_correct,-2619,-2002,617,625,,2,2,False,True,True,1,5,5.9,0.9,1.8,3.7,0,False
Bad Bunny - MONACO,off-2s/seeded_wrong_2s,-2619,-2000,619,625,,2,2,False,True,True,1,5,5.8,0.9,1.7,0.0,0,False
Bad Bunny - MONACO,off+10s/cold,9381,9375,-6,-6,45750,0,1,False,False,False,5,5,38.1,1.6,5.1,82.1,0,True
Bad Bunny - MONACO,off+10s/second_play,9381,9999,618,619,,2,2,False,True,True,1,5,4.1,0.7,2.3,2.2,0,False
Bad Bunny - MONACO,off+10s/seeded_correct,9381,9998,617,625,,2,2,False,True,True,1,5,4.1,0.7,2.3,2.2,0,False
Bad Bunny - MONACO,off+10s/seeded_wrong_2s,9381,10000,619,625,,2,2,False,True,True,1,5,4.0,0.7,2.2,0.0,0,False
Bad Bunny - MONACO,off-10s/cold,-10619,,,10619,,0,0,False,False,False,5,5,21.4,1.1,4.7,0.0,0,False
Bad Bunny - MONACO,off-10s/second_play,-10619,,,10619,,0,0,False,False,False,5,5,21.6,1.1,4.8,0.0,0,False
Bad Bunny - MONACO,off-10s/seeded_correct,-10619,-10619,0,625,,0,0,False,True,False,5,5,16.8,1.0,4.0,6.4,0,True
Bad Bunny - MONACO,off-10s/seeded_wrong_2s,-10619,-8619,2000,625,,0,0,False,True,False,5,5,17.0,1.0,4.0,0.0,0,False
Bad Bunny - MONACO,off+25s/cold,24381,24379,-2,-6,45750,0,3,False,False,True,5,5,45.1,2.1,5.9,80.9,0,True
Bad Bunny - MONACO,off+25s/second_play,24381,24998,617,623,,2,2,False,True,True,1,5,4.9,2.4,3.1,1.0,0,False
Bad Bunny - MONACO,off+25s/seeded_correct,24381,24998,617,625,,2,2,False,True,True,1,5,4.9,2.4,3.0,1.0,0,False
Bad Bunny - MONACO,off+25s/seeded_wrong_2s,24381,25000,619,625,,2,2,False,True,True,1,5,5.0,2.5,3.2,0.0,0,False
Bad Bunny - MONACO,off-25s/cold,-25619,,,25619,,0,0,False,False,False,5,5,13.7,2.3,4.5,0.0,0,False
Bad Bunny - MONACO,off-25s/second_play,-25619,,,25619,,0,0,False,False,False,5,5,13.7,2.4,4.5,0.0,0,False
Bad Bunny - MONACO,off-25s/seeded_correct,-25619,-25619,0,0,,0,0,False,False,False,5,5,10.9,1.6,4.2,100.0,0,True
Bad Bunny - MONACO,off-25s/seeded_wrong_2s,-25619,-23619,2000,2000,,0,0,False,False,False,5,5,10.8,1.6,4.1,0.0,0,False
Bad Bunny - MONACO,noise0/cold,-619,0,619,619,,2,2,False,True,True,1,5,4.5,0.2,1.7,0.0,0,False
Bad Bunny - MONACO,noise0/seeded_correct,-619,-2,617,625,,2,2,False,True,True,1,5,4.2,0.2,1.6,5.5,0,False
Bad Bunny - MONACO,noise0/seeded_wrong_2s,-619,0,619,625,,2,2,False,True,True,1,5,4.3,0.2,1.6,0.0,0,False
Bad Bunny - MONACO,noise-2s/cold,-2619,-2625,-6,619,,0,1,False,True,False,5,5,20.4,0.2,4.5,0.0,0,True
Bad Bunny - MONACO,noise-2s/seeded_correct,-2619,-2619,0,625,,0,0,False,True,False,5,5,18.0,0.2,3.7,6.0,0,True
Bad Bunny - MONACO,noise-2s/seeded_wrong_2s,-2619,-619,2000,625,,0,0,False,True,False,5,5,18.3,0.2,3.8,0.0,0,False
Bad Bunny - MONACO,cutin5s/cold,4381,5000,619,619,,2,2,False,True,True,1,5,3.5,1.2,2.1,0.0,0,False
Bad Bunny - MONACO,cutin5s/second_play,4381,5000,619,619,,2,2,False,True,True,1,5,3.0,0.9,1.9,0.0,0,False
Bad Bunny - MONACO,cutin5s/seeded_correct,4381,4998,617,625,,2,2,False,True,True,1,5,2.9,0.9,1.9,1.5,0,False
Bad Bunny - MONACO,cutin5s/seeded_wrong_2s,4381,5000,619,625,,2,2,False,True,True,1,5,3.0,0.9,1.9,0.0,0,False
Bad Bunny - MONACO,cutin15s/cold,14381,14377,-4,-6,45750,1,4,False,True,True,5,5,20.6,3.3,5.3,81.7,0,True
Bad Bunny - MONACO,cutin15s/second_play,14381,14376,-5,19,83000,1,3,False,True,False,5,5,18.5,2.7,5.1,68.4,0,True
Bad Bunny - MONACO,cutin15s/seeded_correct,14381,14997,616,19,83000,1,1,False,True,False,5,5,18.5,2.7,5.2,68.4,0,False
Bad Bunny - MONACO,cutin15s/seeded_wrong_2s,14381,16381,2000,19,83000,0,0,False,True,False,5,5,18.8,2.7,5.2,66.8,0,False
Bad Bunny - MONACO,cutin25s/cold,24381,24376,-5,-6,45750,0,3,False,True,True,5,5,24.8,4.3,5.9,80.9,0,True
Bad Bunny - MONACO,cutin25s/second_play,24381,24376,-5,19,83000,0,3,False,True,False,5,5,21.6,3.1,6.0,67.1,0,True
Bad Bunny - MONACO,cutin25s/seeded_correct,24381,24374,-7,19,83000,0,3,False,True,False,5,5,21.8,3.2,6.0,67.1,0,True
Bad Bunny - MONACO,cutin25s/seeded_wrong_2s,24381,24374,-7,19,83000,0,2,False,True,False,5,5,21.2,3.1,5.8,65.4,0,True
Bad Bunny - MONACO,blend8s/cold,-619,0,619,619,,2,2,False,True,True,1,5,9.2,1.0,1.6,0.0,0,False
Bad Bunny - MONACO,blend8s/seeded_correct,-619,-2,617,625,,2,2,False,True,True,1,5,8.8,0.9,1.6,6.0,0,False
Bad Bunny - MONACO,blend8s/seeded_wrong_2s,-619,0,619,625,,2,2,False,True,True,1,5,8.8,0.9,1.7,0.0,0,False
Bad Bunny - MONACO,midshift+1.5s/cold,-619,0,-881,-881,,2,2,False,True,True,1,5,5.5,1.1,2.0,0.0,0,False
Bad Bunny - MONACO,midshift+1.5s/seeded_correct,-619,-2,-883,-875,,2,2,False,True,True,1,5,4.9,0.9,1.8,2.7,0,False
Bad Bunny - MONACO,midshift+1.5s/seeded_wrong_2s,-619,0,-881,-875,,2,2,False,True,True,1,5,5.0,0.9,1.9,0.0,0,False
Bad Bunny - MONACO,midshift-1.5s/cold,-619,0,2119,2119,,2,2,False,True,True,1,5,5.6,1.1,2.1,0.0,0,False
Bad Bunny - MONACO,midshift-1.5s/seeded_correct,-619,-2,2117,2125,,2,2,False,True,True,1,5,5.1,0.9,1.9,2.6,0,False
Bad Bunny - MONACO,midshift-1.5s/seeded_wrong_2s,-619,0,2119,2125,,2,2,False,True,True,1,5,5.3,1.1,1.9,0.0,0,False
Bad Bunny - HACIENDO QUE ME AMAS,off0/cold,-1050,-1047,3,-3,10000,0,5,True,True,True,5,7,25.5,1.2,6.1,95.4,0,True
Bad Bunny - HACIENDO QUE ME AMAS,off0/seeded_correct,-1050,-1037,13,0,10000,0,5,False,True,False,7,7,40.8,2.4,8.9,100.0,0,True
Bad Bunny - HACIENDO QUE ME AMAS,off0/seeded_wrong_2s,-1050,-1036,14,0,10000,0,6,False,True,False,7,7,41.0,2.5,8.8,95.4,0,True
Bad Bunny - HACIENDO QUE ME AMAS,off+200/cold,-850,-846,4,-1,10000,0,5,True,True,True,5,7,24.7,1.2,6.4,95.4,0,True
Bad Bunny - HACIENDO QUE ME AMAS,off+200/seeded_correct,-850,-838,12,0,10000,0,6,False,True,False,7,7,39.8,2.4,8.6,100.0,0,True
Bad Bunny - HACIENDO QUE ME AMAS,off+200/seeded_wrong_2s,-850,-836,14,0,10000,0,6,False,True,False,7,7,40.4,2.4,8.9,95.4,0,True
Bad Bunny - HACIENDO QUE ME AMAS,off-200/cold,-1250,-1242,8,6,10000,0,5,True,True,True,5,7,24.4,1.2,6.1,95.4,0,True
Bad Bunny - HACIENDO QUE ME AMAS,off-200/seeded_correct,-1250,-1237,13,0,10000,0,5,False,True,False,7,7,39.5,2.3,8.8,100.0,0,True
Bad Bunny - HACIENDO QUE ME AMAS,off-200/seeded_wrong_2s,-1250,-1235,15,0,10000,0,6,False,True,False,7,7,39.6,2.5,9.0,95.4,0,True
Bad Bunny - HACIENDO QUE ME AMAS,off+2s/cold,950,958,8,0,7000,0,5,True,True,False,7,7,36.3,3.1,8.0,96.7,0,True
Bad Bunny - HACIENDO QUE ME AMAS,off+2s/seeded_correct,950,962,12,0,7000,0,5,False,True,False,7,7,40.0,2.9,9.1,100.0,0,True
Bad Bunny - HACIENDO QUE ME AMAS,off+2s/seeded_wrong_2s,950,963,13,0,7000,0,6,False,True,False,7,7,39.5,2.9,9.2,96.7,0,True
Bad Bunny - HACIENDO QUE ME AMAS,off-2s/cold,-3050,-3042,8,6,11500,0,2,True,True,True,5,7,24.6,1.0,6.1,94.7,0,True
Bad Bunny - HACIENDO QUE ME AMAS,off-2s/seeded_correct,-3050,-3050,0,75,11500,0,0,False,True,False,7,7,41.1,1.7,9.4,100.0,0,True
Bad Bunny - HACIENDO QUE ME AMAS,off-2s/seeded_wrong_2s,-3050,-1050,2000,75,11500,0,0,False,True,False,7,7,39.8,1.7,8.9,94.7,0,False
Bad Bunny - HACIENDO QUE ME AMAS,off+10s/cold,8950,8950,0,-8950,,0,2,False,False,False,7,7,68.3,1.9,8.6,0.0,0,True
Bad Bunny - HACIENDO QUE ME AMAS,off+10s/second_play,8950,8950,0,0,2500,0,1,False,True,True,2,7,7.4,2.9,3.2,100.0,0,True
Bad Bunny - HACIENDO QUE ME AMAS,off+10s/seeded_correct,8950,8950,0,0,2500,0,1,False,True,True,2,7,7.2,2.7,3.2,100.0,0,True
Bad Bunny - HACIENDO QUE ME AMAS,off+10s/seeded_wrong_2s,8950,8950,0,0,2500,0,1,False,True,True,3,7,10.9,3.0,3.5,98.8,0,True
Bad Bunny - HACIENDO QUE ME AMAS,off-10s/cold,-11050,244,11294,11275,,1,1,False,True,False,7,7,37.6,1.2,8.4,0.0,0,False
Bad Bunny - HACIENDO QUE ME AMAS,off-10s/second_play,-11050,244,11294,11294,,0,0,False,False,False,7,7,38.5,1.2,8.3,0.0,0,False
Bad Bunny - HACIENDO QUE ME AMAS,off-10s/seeded_correct,-11050,-11050,0,75,19000,0,0,False,True,False,7,7,34.6,1.4,8.3,100.0,0,True
Bad Bunny - HACIENDO QUE ME AMAS,off-10s/seeded_wrong_2s,-11050,-9050,2000,75,19000,0,0,False,True,False,7,7,34.6,1.4,8.1,91.6,0,False
Bad Bunny - HACIENDO QUE ME AMAS,off+25s/cold,23950,23950,0,-23950,,0,2,False,False,False,7,7,83.7,2.5,9.7,0.0,0,True
Bad Bunny - HACIENDO QUE ME AMAS,off+25s/second_play,23950,23950,0,0,2500,0,1,False,True,True,2,7,9.8,3.7,4.1,100.0,0,True
Bad Bunny - HACIENDO QUE ME AMAS,off+25s/seeded_correct,23950,23950,0,0,2500,0,1,False,True,True,2,7,9.5,3.6,4.0,100.0,0,True
Bad Bunny - HACIENDO QUE ME AMAS,off+25s/seeded_wrong_2s,23950,23950,0,0,2500,0,1,False,True,True,2,7,9.7,3.6,4.2,98.7,0,True
Bad Bunny - HACIENDO QUE ME AMAS,off-25s/cold,-26050,,,26050,,0,0,False,False,False,7,7,29.0,2.0,7.9,0.0,0,False
Bad Bunny - HACIENDO QUE ME AMAS,off-25s/second_play,-26050,,,26050,,0,0,False,False,False,7,7,29.8,2.0,8.1,0.0,0,False
Bad Bunny - HACIENDO QUE ME AMAS,off-25s/seeded_correct,-26050,-26050,0,0,,0,0,False,False,False,7,7,28.8,1.8,8.3,100.0,0,True
Bad Bunny - HACIENDO QUE ME AMAS,off-25s/seeded_wrong_2s,-26050,-24050,2000,2000,,0,0,False,False,False,7,7,28.0,1.8,8.0,0.0,0,False
Bad Bunny - HACIENDO QUE ME AMAS,noise0/cold,-1050,-1046,4,-3,10000,0,5,True,True,True,5,7,22.3,1.1,5.7,95.4,0,True
Bad Bunny - HACIENDO QUE ME AMAS,noise0/seeded_correct,-1050,-1037,13,0,10000,0,6,False,True,False,7,7,38.1,2.1,8.8,100.0,0,True
Bad Bunny - HACIENDO QUE ME AMAS,noise0/seeded_wrong_2s,-1050,-1036,14,0,10000,0,6,False,True,False,7,7,36.9,2.1,8.4,95.4,0,True
Bad Bunny - HACIENDO QUE ME AMAS,noise-2s/cold,-3050,-3042,8,6,11500,0,2,True,True,True,5,7,21.7,1.0,5.4,94.7,0,True
Bad Bunny - HACIENDO QUE ME AMAS,noise-2s/seeded_correct,-3050,-3050,0,75,11500,0,0,False,True,False,7,7,35.7,1.5,8.0,100.0,0,True
Bad Bunny - HACIENDO QUE ME AMAS,noise-2s/seeded_wrong_2s,-3050,-1050,2000,75,11500,0,0,False,True,False,7,7,36.0,1.6,8.0,94.7,0,False
Bad Bunny - HACIENDO QUE ME AMAS,cutin5s/cold,3950,3952,2,-3,5500,0,5,True,True,True,5,7,24.2,2.9,6.5,97.4,0,True
Bad Bunny - HACIENDO QUE ME AMAS,cutin5s/second_play,3950,3959,9,0,5500,0,5,False,True,False,7,7,39.5,2.9,9.4,100.0,0,True
Bad Bunny - HACIENDO QUE ME AMAS,cutin5s/seeded_correct,3950,3958,8,0,5500,0,5,False,True,False,7,7,38.9,3.1,8.9,100.0,0,True
Bad Bunny - HACIENDO QUE ME AMAS,cutin5s/seeded_wrong_2s,3950,3959,9,0,5500,0,6,False,True,False,7,7,40.8,3.0,9.5,97.4,0,True
Bad Bunny - HACIENDO QUE ME AMAS,cutin15s/cold,13950,13950,0,0,4000,0,2,False,True,False,7,7,36.4,3.4,7.9,98.0,0,True
Bad Bunny - HACIENDO QUE ME AMAS,cutin15s/second_play,13950,13950,0,0,4000,0,2,False,True,False,7,7,31.2,2.9,7.1,100.0,0,True
Bad Bunny - HACIENDO QUE ME AMAS,cutin15s/seeded_correct,13950,13950,0,0,4000,0,2,False,True,False,7,7,32.0,2.8,7.3,100.0,0,True
Bad Bunny - HACIENDO QUE ME AMAS,cutin15s/seeded_wrong_2s,13950,13950,0,0,4000,0,2,False,True,False,7,7,31.6,2.8,7.3,98.0,0,True
Bad Bunny - HACIENDO QUE ME AMAS,cutin25s/cold,23950,23950,0,0,4000,0,2,False,True,False,7,7,43.3,4.0,9.1,97.9,0,True
Bad Bunny - HACIENDO QUE ME AMAS,cutin25s/second_play,23950,23950,0,0,4000,0,2,False,True,False,7,7,34.8,3.1,8.1,100.0,0,True
Bad Bunny - HACIENDO QUE ME AMAS,cutin25s/seeded_correct,23950,23950,0,0,4000,0,2,False,True,False,7,7,34.5,3.1,7.8,100.0,0,True
Bad Bunny - HACIENDO QUE ME AMAS,cutin25s/seeded_wrong_2s,23950,23950,0,0,4000,0,2,False,True,False,7,7,36.2,3.4,8.4,97.9,0,True
Bad Bunny - HACIENDO QUE ME AMAS,blend8s/cold,-1050,-1051,-1,-3,35750,0,3,True,False,True,5,7,36.8,1.4,3.4,83.5,0,True
Bad Bunny - HACIENDO QUE ME AMAS,blend8s/seeded_correct,-1050,-1049,1,0,24500,0,2,False,False,False,7,7,51.2,1.4,7.3,100.0,0,True
Bad Bunny - HACIENDO QUE ME AMAS,blend8s/seeded_wrong_2s,-1050,-1049,1,0,35750,0,2,False,False,False,7,7,50.6,1.5,6.8,83.5,0,True
Bad Bunny - HACIENDO QUE ME AMAS,midshift+1.5s/cold,-1050,-1031,-1481,0,10000,0,2,False,True,False,7,7,46.8,2.3,9.9,61.9,0,False
Bad Bunny - HACIENDO QUE ME AMAS,midshift+1.5s/seeded_correct,-1050,-1034,-1484,0,10000,0,2,False,True,False,7,7,46.0,2.3,10.6,66.6,0,False
Bad Bunny - HACIENDO QUE ME AMAS,midshift+1.5s/seeded_wrong_2s,-1050,-1031,-1481,0,10000,0,2,False,True,False,7,7,43.8,2.3,10.0,61.9,0,False
Bad Bunny - HACIENDO QUE ME AMAS,midshift-1.5s/cold,-1050,-1031,1519,1575,10000,0,2,False,True,False,7,7,43.7,2.4,8.9,23.0,0,False
Bad Bunny - HACIENDO QUE ME AMAS,midshift-1.5s/seeded_correct,-1050,-1034,1516,1575,10000,1,3,False,True,False,7,7,40.4,2.4,8.7,27.6,0,False
Bad Bunny - HACIENDO QUE ME AMAS,midshift-1.5s/seeded_wrong_2s,-1050,-1031,1519,1575,10000,1,3,False,True,False,7,7,41.1,2.4,9.0,23.0,0,False
Bad Bunny - MALDITA POBREZA,off0/cold,-1000,-1002,-2,1000,,0,1,False,True,True,3,4,12.9,1.0,3.9,0.0,0,True
Bad Bunny - MALDITA POBREZA,off0/seeded_correct,-1000,-1001,-1,1000,,0,1,False,True,True,3,4,11.0,1.0,3.0,3.3,0,True
Bad Bunny - MALDITA POBREZA,off0/seeded_wrong_2s,-1000,-1002,-2,1000,,0,1,False,True,True,3,4,11.0,1.0,3.0,0.0,0,True
Bad Bunny - MALDITA POBREZA,off+200/cold,-800,-802,-2,1000,,0,3,False,True,False,4,4,17.9,1.0,4.4,0.0,0,True
Bad Bunny - MALDITA POBREZA,off+200/seeded_correct,-800,-801,-1,1000,,0,1,False,True,False,4,4,15.0,0.9,3.1,5.4,0,True
Bad Bunny - MALDITA POBREZA,off+200/seeded_wrong_2s,-800,-802,-2,1000,,0,2,False,True,False,4,4,14.8,0.9,3.1,0.0,0,True
Bad Bunny - MALDITA POBREZA,off-200/cold,-1200,-1201,-1,1000,,0,2,False,True,False,4,4,18.3,1.0,4.2,0.0,0,True
Bad Bunny - MALDITA POBREZA,off-200/seeded_correct,-1200,-1201,-1,1000,,0,2,False,True,False,4,4,15.5,1.0,3.1,5.4,0,True
Bad Bunny - MALDITA POBREZA,off-200/seeded_wrong_2s,-1200,-1201,-1,1000,,0,2,False,True,False,4,4,15.4,1.0,3.0,0.0,0,True
Bad Bunny - MALDITA POBREZA,off+2s/cold,1000,998,-2,1000,,0,3,False,True,False,4,4,17.8,1.1,4.3,0.0,0,True
Bad Bunny - MALDITA POBREZA,off+2s/seeded_correct,1000,999,-1,1000,,0,1,False,True,False,4,4,15.3,1.1,3.2,4.7,0,True
Bad Bunny - MALDITA POBREZA,off+2s/seeded_wrong_2s,1000,998,-2,1000,,0,2,False,True,False,4,4,15.6,1.1,3.4,0.0,0,True
Bad Bunny - MALDITA POBREZA,off-2s/cold,-3000,,,1000,,0,0,False,True,False,4,4,17.9,1.0,4.1,0.0,0,False
Bad Bunny - MALDITA POBREZA,off-2s/seeded_correct,-3000,-3000,0,1000,,0,0,False,True,False,4,4,15.2,0.9,3.0,6.0,0,True
Bad Bunny - MALDITA POBREZA,off-2s/seeded_wrong_2s,-3000,-1000,2000,1000,,0,0,False,True,False,4,4,15.4,0.9,3.1,0.0,0,False
Bad Bunny - MALDITA POBREZA,off+10s/cold,9000,,,-9000,,0,0,False,False,False,4,4,42.5,1.8,4.8,0.0,0,False
Bad Bunny - MALDITA POBREZA,off+10s/second_play,9000,,,-9000,,0,0,False,False,False,4,4,41.7,1.7,4.6,0.0,0,False
Bad Bunny - MALDITA POBREZA,off+10s/seeded_correct,9000,8999,-1,1000,,0,1,False,True,False,4,4,14.2,3.2,3.5,1.2,0,True
Bad Bunny - MALDITA POBREZA,off+10s/seeded_wrong_2s,9000,8998,-2,1000,,0,2,False,True,False,4,4,14.2,3.2,3.6,0.0,0,True
Bad Bunny - MALDITA POBREZA,off-10s/cold,-11000,,,14250,,0,0,False,True,False,4,4,15.4,1.0,3.6,0.0,0,False
Bad Bunny - MALDITA POBREZA,off-10s/second_play,-11000,,,14250,,0,0,False,True,False,4,4,15.3,0.9,3.7,0.0,0,False
Bad Bunny - MALDITA POBREZA,off-10s/seeded_correct,-11000,-11000,0,1000,,0,0,False,True,False,4,4,12.3,0.9,2.4,9.9,0,True
Bad Bunny - MALDITA POBREZA,off-10s/seeded_wrong_2s,-11000,-9000,2000,1000,,0,0,False,True,False,4,4,12.4,0.9,2.5,0.0,0,False
Bad Bunny - MALDITA POBREZA,off+25s/cold,24000,,,-24000,,0,0,False,False,False,4,4,55.3,2.4,5.2,0.0,0,False
Bad Bunny - MALDITA POBREZA,off+25s/second_play,24000,,,-24000,,0,0,False,False,False,4,4,53.8,2.4,5.3,0.0,0,False
Bad Bunny - MALDITA POBREZA,off+25s/seeded_correct,24000,23999,-1,0,5500,0,2,False,True,True,2,4,13.0,1.8,3.9,100.0,0,True
Bad Bunny - MALDITA POBREZA,off+25s/seeded_wrong_2s,24000,23999,-1,0,5500,0,2,False,True,True,2,4,14.4,1.9,4.5,97.1,0,True
Bad Bunny - MALDITA POBREZA,off-25s/cold,-26000,,,26000,,0,0,False,False,False,4,4,8.8,1.8,3.0,0.0,0,False
Bad Bunny - MALDITA POBREZA,off-25s/second_play,-26000,,,26000,,0,0,False,False,False,4,4,8.7,1.7,3.0,0.0,0,False
Bad Bunny - MALDITA POBREZA,off-25s/seeded_correct,-26000,-26000,0,0,,0,0,False,False,False,4,4,6.1,1.5,1.9,100.0,0,True
Bad Bunny - MALDITA POBREZA,off-25s/seeded_wrong_2s,-26000,-24000,2000,2000,,0,0,False,False,False,4,4,6.1,1.6,1.8,0.0,0,False
Bad Bunny - MALDITA POBREZA,noise0/cold,-1000,-1002,-2,1000,,0,1,False,True,True,3,4,11.9,1.1,3.5,0.0,0,True
Bad Bunny - MALDITA POBREZA,noise0/seeded_correct,-1000,-1001,-1,1000,,0,1,False,True,True,3,4,10.7,1.0,2.8,3.3,0,True
Bad Bunny - MALDITA POBREZA,noise0/seeded_wrong_2s,-1000,-1002,-2,1000,,0,1,False,True,True,3,4,10.5,1.0,2.8,0.0,0,True
Bad Bunny - MALDITA POBREZA,noise-2s/cold,-3000,,,1000,,0,0,False,True,False,4,4,16.7,1.0,3.8,0.0,0,False
Bad Bunny - MALDITA POBREZA,noise-2s/seeded_correct,-3000,-3000,0,1000,,0,0,False,True,False,4,4,14.4,0.9,2.8,6.0,0,True
Bad Bunny - MALDITA POBREZA,noise-2s/seeded_wrong_2s,-3000,-1000,2000,1000,,0,0,False,True,False,4,4,14.3,0.9,2.9,0.0,0,False
Bad Bunny - MALDITA POBREZA,cutin5s/cold,4000,3998,-2,1000,,0,3,False,True,False,4,4,15.7,1.9,4.2,0.0,0,True
Bad Bunny - MALDITA POBREZA,cutin5s/second_play,4000,3999,-1,998,,0,1,False,True,False,4,4,12.9,1.7,3.3,3.4,0,True
Bad Bunny - MALDITA POBREZA,cutin5s/seeded_correct,4000,3999,-1,1000,,0,1,False,True,False,4,4,13.0,1.7,3.3,3.4,0,True
Bad Bunny - MALDITA POBREZA,cutin5s/seeded_wrong_2s,4000,3998,-2,1000,,0,2,False,True,False,4,4,12.8,1.7,3.3,0.0,0,True
Bad Bunny - MALDITA POBREZA,cutin15s/cold,14000,13999,-1,0,5500,0,2,False,True,True,2,4,7.9,1.6,3.2,97.2,0,True
Bad Bunny - MALDITA POBREZA,cutin15s/second_play,14000,13999,-1,-1,5500,0,3,False,True,True,2,4,5.9,1.0,2.5,100.0,0,True
Bad Bunny - MALDITA POBREZA,cutin15s/seeded_correct,14000,13999,-1,0,5500,0,3,False,True,True,2,4,5.8,0.9,2.5,100.0,0,True
Bad Bunny - MALDITA POBREZA,cutin15s/seeded_wrong_2s,14000,13999,-1,0,5500,0,2,False,True,True,2,4,6.1,0.9,2.6,97.2,0,True
Bad Bunny - MALDITA POBREZA,cutin25s/cold,24000,23998,-2,0,4000,0,2,False,True,True,2,4,9.9,2.9,4.1,97.9,0,True
Bad Bunny - MALDITA POBREZA,cutin25s/second_play,24000,23998,-2,-2,4000,0,2,False,True,True,2,4,6.3,1.6,2.9,100.0,0,True
Bad Bunny - MALDITA POBREZA,cutin25s/seeded_correct,24000,23998,-2,0,4000,0,2,False,True,True,2,4,6.3,1.6,2.9,100.0,0,True
Bad Bunny - MALDITA POBREZA,cutin25s/seeded_wrong_2s,24000,23998,-2,0,4000,0,2,False,True,True,2,4,6.3,1.6,2.9,97.9,0,True
Bad Bunny - MALDITA POBREZA,blend8s/cold,-1000,-1002,-2,1000,,0,2,False,True,False,4,4,18.5,1.0,4.2,0.0,0,True
Bad Bunny - MALDITA POBREZA,blend8s/seeded_correct,-1000,-1001,-1,1000,,0,1,False,True,False,4,4,15.4,1.0,3.1,5.4,0,True
Bad Bunny - MALDITA POBREZA,blend8s/seeded_wrong_2s,-1000,-1002,-2,1000,,0,1,False,True,False,4,4,15.4,1.0,3.0,0.0,0,True
Bad Bunny - MALDITA POBREZA,midshift+1.5s/cold,-1000,-1002,-1502,-500,,0,1,False,True,True,3,4,13.4,1.2,4.0,0.0,0,False
Bad Bunny - MALDITA POBREZA,midshift+1.5s/seeded_correct,-1000,-1001,-1501,-500,,0,1,False,True,True,3,4,11.3,1.0,3.0,3.3,0,False
Bad Bunny - MALDITA POBREZA,midshift+1.5s/seeded_wrong_2s,-1000,-1002,-1502,-500,,0,1,False,True,True,3,4,11.3,1.0,3.0,0.0,0,False
Bad Bunny - MALDITA POBREZA,midshift-1.5s/cold,-1000,-1002,1498,2500,,0,1,False,True,True,3,4,14.4,1.1,4.5,0.0,0,False
Bad Bunny - MALDITA POBREZA,midshift-1.5s/seeded_correct,-1000,-1001,1499,2500,,0,1,False,True,True,3,4,12.1,1.1,3.2,3.3,0,False
Bad Bunny - MALDITA POBREZA,midshift-1.5s/seeded_wrong_2s,-1000,-1002,1498,2500,,0,1,False,True,True,3,4,11.5,1.1,3.1,0.0,0,False
Bad Bunny - KETU TeCRÉ,off0/cold,-1025,-1027,-2,-3,35650,0,2,True,True,True,4,18,16.6,1.1,4.1,85.8,0,True
Bad Bunny - KETU TeCRÉ,off0/seeded_correct,-1025,-1028,-3,0,56500,0,3,False,True,True,5,18,18.4,1.1,3.9,81.5,0,True
Bad Bunny - KETU TeCRÉ,off0/seeded_wrong_2s,-1025,-1029,-4,0,56500,0,3,False,True,True,5,18,18.2,1.1,3.9,77.5,0,True
Bad Bunny - KETU TeCRÉ,off+200/cold,-825,-827,-2,-1,35650,0,2,True,True,True,4,18,16.1,1.1,4.1,85.8,0,True
Bad Bunny - KETU TeCRÉ,off+200/seeded_correct,-825,-830,-5,0,56500,0,3,False,True,True,5,18,18.3,1.1,4.0,81.5,0,True
Bad Bunny - KETU TeCRÉ,off+200/seeded_wrong_2s,-825,-831,-6,0,56500,0,3,False,True,True,5,18,18.4,1.1,4.0,77.5,0,True
Bad Bunny - KETU TeCRÉ,off-200/cold,-1225,-1229,-4,-6,35650,0,2,True,True,True,4,18,16.9,1.1,4.1,85.8,0,True
Bad Bunny - KETU TeCRÉ,off-200/seeded_correct,-1225,-1228,-3,-3,56500,0,3,False,True,True,5,18,18.9,1.1,4.0,82.1,0,True
Bad Bunny - KETU TeCRÉ,off-200/seeded_wrong_2s,-1225,-1228,-3,-3,56500,0,2,False,True,True,5,18,18.6,1.1,3.9,77.5,0,True
Bad Bunny - KETU TeCRÉ,off+2s/cold,975,974,-1,0,35650,0,2,True,True,True,4,18,16.7,1.2,4.2,85.7,0,True
Bad Bunny - KETU TeCRÉ,off+2s/seeded_correct,975,970,-5,0,56500,0,3,False,True,True,5,18,19.0,1.7,4.1,80.7,0,True
Bad Bunny - KETU TeCRÉ,off+2s/seeded_wrong_2s,975,969,-6,0,56500,0,3,False,True,True,5,18,19.2,1.8,4.2,77.3,0,True
Bad Bunny - KETU TeCRÉ,off-2s/cold,-3025,-3031,-6,-6,35650,0,1,True,True,True,4,18,17.0,1.0,4.1,85.9,0,True
Bad Bunny - KETU TeCRÉ,off-2s/seeded_correct,-3025,-3028,-3,0,63750,0,4,False,True,False,18,18,120.6,4.9,12.0,80.0,0,True
Bad Bunny - KETU TeCRÉ,off-2s/seeded_wrong_2s,-3025,-725,2300,2300,,1,1,False,True,False,18,18,121.6,4.8,12.0,0.0,0,False
Bad Bunny - KETU TeCRÉ,off+10s/cold,8975,8971,-4,0,56500,0,2,False,False,True,5,18,43.2,1.7,5.1,76.6,0,True
Bad Bunny - KETU TeCRÉ,off+10s/second_play,8975,8972,-3,1021,,0,1,False,True,True,3,18,9.9,2.8,3.0,1.0,0,True
Bad Bunny - KETU TeCRÉ,off+10s/seeded_correct,8975,8970,-5,1025,,0,1,False,True,True,3,18,9.7,2.8,3.0,1.0,0,True
Bad Bunny - KETU TeCRÉ,off+10s/seeded_wrong_2s,8975,8969,-6,1025,,0,1,False,True,True,4,18,13.4,2.8,3.4,0.0,0,True
Bad Bunny - KETU TeCRÉ,off-10s/cold,-11025,,,9225,,0,0,False,False,False,18,18,117.3,4.6,11.4,0.0,0,False
Bad Bunny - KETU TeCRÉ,off-10s/second_play,-11025,,,9225,,0,0,False,False,False,18,18,118.2,4.6,11.7,0.0,0,False
Bad Bunny - KETU TeCRÉ,off-10s/seeded_correct,-11025,-11025,0,1025,,0,0,False,True,False,18,18,112.5,4.4,11.4,7.8,0,True
Bad Bunny - KETU TeCRÉ,off-10s/seeded_wrong_2s,-11025,-9025,2000,1025,,0,0,False,True,False,18,18,113.1,4.5,11.3,0.0,0,False
Bad Bunny - KETU TeCRÉ,off+25s/cold,23975,23968,-7,0,56500,0,3,False,False,True,8,18,72.1,2.4,6.4,75.0,0,True
Bad Bunny - KETU TeCRÉ,off+25s/second_play,23975,23972,-3,-7,2500,0,2,False,True,True,1,18,5.3,2.6,3.3,100.0,0,True
Bad Bunny - KETU TeCRÉ,off+25s/seeded_correct,23975,23972,-3,0,2500,0,1,False,True,True,2,18,8.6,3.3,3.5,100.0,0,True
Bad Bunny - KETU TeCRÉ,off+25s/seeded_wrong_2s,23975,23972,-3,0,2500,0,1,False,True,True,2,18,8.7,3.2,3.5,98.9,0,True
Bad Bunny - KETU TeCRÉ,off-25s/cold,-26025,29350,55375,55375,,1,1,False,False,False,18,18,103.3,4.9,11.6,0.0,0,False
Bad Bunny - KETU TeCRÉ,off-25s/second_play,-26025,20125,46150,46150,,1,1,False,False,False,18,18,97.6,4.9,11.0,0.0,0,False
Bad Bunny - KETU TeCRÉ,off-25s/seeded_correct,-26025,20125,46150,46150,,1,1,False,False,False,18,18,97.7,5.0,11.0,38.6,0,False
Bad Bunny - KETU TeCRÉ,off-25s/seeded_wrong_2s,-26025,20125,46150,46150,,1,1,False,False,False,18,18,96.0,4.8,10.5,0.0,0,False
Bad Bunny - KETU TeCRÉ,noise0/cold,-1025,-1027,-2,-3,35650,0,2,True,True,True,4,18,15.1,1.0,3.8,85.8,0,True
Bad Bunny - KETU TeCRÉ,noise0/seeded_correct,-1025,-1028,-3,0,56500,0,3,False,True,True,5,18,17.2,1.1,3.7,81.5,0,True
Bad Bunny - KETU TeCRÉ,noise0/seeded_wrong_2s,-1025,-1029,-4,0,56500,0,3,False,True,True,5,18,17.2,1.1,3.7,77.5,0,True
Bad Bunny - KETU TeCRÉ,noise-2s/cold,-3025,-3031,-6,-6,35650,0,1,True,True,True,4,18,14.8,0.9,3.6,85.9,0,True
Bad Bunny - KETU TeCRÉ,noise-2s/seeded_correct,-3025,-3028,-3,0,63750,0,4,False,True,False,18,18,115.4,4.5,11.6,80.0,0,True
Bad Bunny - KETU TeCRÉ,noise-2s/seeded_wrong_2s,-3025,-725,2300,2300,,1,1,False,True,False,18,18,113.9,4.6,11.6,0.0,0,False
Bad Bunny - KETU TeCRÉ,cutin5s/cold,3975,3973,-2,-3,35650,0,2,True,True,True,4,18,14.6,2.6,4.1,85.5,0,True
Bad Bunny - KETU TeCRÉ,cutin5s/second_play,3975,3972,-3,0,56500,0,3,False,True,True,5,18,17.1,2.3,4.5,79.3,0,True
Bad Bunny - KETU TeCRÉ,cutin5s/seeded_correct,3975,3971,-4,0,56500,0,4,False,True,True,5,18,16.7,2.4,4.3,79.3,0,True
Bad Bunny - KETU TeCRÉ,cutin5s/seeded_wrong_2s,3975,3970,-5,0,56500,0,3,False,True,True,5,18,17.0,2.2,4.5,77.1,0,True
Bad Bunny - KETU TeCRÉ,cutin15s/cold,13975,13971,-4,0,5500,0,3,False,True,True,5,18,19.1,2.7,3.9,97.7,0,True
Bad Bunny - KETU TeCRÉ,cutin15s/second_play,13975,13972,-3,-4,5500,0,4,False,True,True,5,18,17.4,2.2,4.2,100.0,0,True
Bad Bunny - KETU TeCRÉ,cutin15s/seeded_correct,13975,13972,-3,0,5500,0,3,False,True,True,5,18,15.6,2.2,3.5,100.0,0,True
Bad Bunny - KETU TeCRÉ,cutin15s/seeded_wrong_2s,13975,13971,-4,0,5500,0,3,False,True,True,5,18,14.8,2.1,3.3,97.7,0,True
Bad Bunny - KETU TeCRÉ,cutin25s/cold,23975,23973,-2,0,4000,0,3,False,True,True,5,18,22.6,3.7,4.9,98.2,0,True
Bad Bunny - KETU TeCRÉ,cutin25s/second_play,23975,23973,-2,-2,4000,0,3,False,True,True,5,18,18.6,2.4,4.9,100.0,0,True
Bad Bunny - KETU TeCRÉ,cutin25s/seeded_correct,23975,23973,-2,0,4000,0,3,False,True,True,5,18,18.7,2.4,5.0,100.0,0,True
Bad Bunny - KETU TeCRÉ,cutin25s/seeded_wrong_2s,23975,23973,-2,0,4000,0,3,False,True,True,5,18,18.8,2.5,4.8,98.2,0,True
Bad Bunny - KETU TeCRÉ,blend8s/cold,-1025,-1027,-2,-3,26750,0,2,True,False,True,4,18,27.2,1.3,2.8,89.4,0,True
Bad Bunny - KETU TeCRÉ,blend8s/seeded_correct,-1025,-1028,-3,0,22000,0,3,False,False,True,5,18,29.7,1.4,3.1,100.0,0,True
Bad Bunny - KETU TeCRÉ,blend8s/seeded_wrong_2s,-1025,-1029,-4,0,26750,0,3,False,False,True,5,18,29.7,1.4,3.1,89.4,0,True
Bad Bunny - KETU TeCRÉ,midshift+1.5s/cold,-1025,-1027,-1502,-1503,35650,0,2,True,True,True,4,18,16.3,1.1,4.1,9.8,0,False
Bad Bunny - KETU TeCRÉ,midshift+1.5s/seeded_correct,-1025,-1028,-1503,-1500,56500,1,3,False,True,True,5,18,18.5,1.1,4.1,5.4,0,False
Bad Bunny - KETU TeCRÉ,midshift+1.5s/seeded_wrong_2s,-1025,-1029,-1504,-1500,56500,1,3,False,True,True,5,18,19.0,1.2,4.3,1.4,0,False
Bad Bunny - KETU TeCRÉ,midshift-1.5s/cold,-1025,-1027,1498,1497,35650,0,2,True,True,True,4,18,17.2,1.1,4.4,9.6,0,False
Bad Bunny - KETU TeCRÉ,midshift-1.5s/seeded_correct,-1025,-1028,1497,1500,56500,1,3,False,True,True,5,18,20.0,1.1,4.3,5.3,0,False
Bad Bunny - KETU TeCRÉ,midshift-1.5s/seeded_wrong_2s,-1025,-1029,1496,1500,56500,1,3,False,True,True,5,18,19.4,1.2,4.2,1.4,0,False
Bad Bunny - Vete,off0/cold,-1000,-1007,-7,-16,13000,0,2,True,True,True,2,8,9.9,1.0,2.6,93.3,0,True
Bad Bunny - Vete,off0/seeded_correct,-1000,-999,1,0,13000,0,3,False,True,True,3,8,12.1,0.9,2.8,100.0,0,True
Bad Bunny - Vete,off0/seeded_wrong_2s,-1000,-999,1,0,13000,0,3,False,True,True,3,8,12.2,0.9,2.8,93.3,0,True
Bad Bunny - Vete,off+200/cold,-800,-800,0,-1,11500,0,3,True,True,True,2,8,9.7,1.0,2.6,94.0,0,True
Bad Bunny - Vete,off+200/seeded_correct,-800,-799,1,0,11500,0,3,False,True,True,3,8,12.0,0.9,2.8,100.0,0,True
Bad Bunny - Vete,off+200/seeded_wrong_2s,-800,-799,1,0,11500,0,3,False,True,True,3,8,12.0,0.9,2.8,94.0,0,True
Bad Bunny - Vete,off-200/cold,-1200,-1197,3,6,13000,0,3,True,True,True,2,8,9.7,1.0,2.6,93.3,0,True
Bad Bunny - Vete,off-200/seeded_correct,-1200,-1199,1,0,13000,0,3,False,True,True,3,8,12.6,1.0,2.8,100.0,0,True
Bad Bunny - Vete,off-200/seeded_wrong_2s,-1200,-1199,1,0,13000,0,3,False,True,True,3,8,12.1,0.9,2.8,93.3,0,True
Bad Bunny - Vete,off+2s/cold,1000,1000,0,0,10000,0,3,True,True,True,2,8,9.8,1.1,2.7,94.8,0,True
Bad Bunny - Vete,off+2s/seeded_correct,1000,1001,1,0,10000,0,3,False,True,True,3,8,12.5,1.0,3.0,100.0,0,True
Bad Bunny - Vete,off+2s/seeded_wrong_2s,1000,1001,1,0,10000,0,3,False,True,True,3,8,12.6,1.0,3.0,94.8,0,True
Bad Bunny - Vete,off-2s/cold,-3000,-2997,3,6,14500,0,2,True,True,True,2,8,10.8,0.9,2.7,92.6,0,True
Bad Bunny - Vete,off-2s/seeded_correct,-3000,-2999,1,0,14500,0,3,False,True,True,5,8,19.9,1.0,3.3,100.0,0,True
Bad Bunny - Vete,off-2s/seeded_wrong_2s,-3000,-2999,1,0,14500,0,3,False,True,True,5,8,19.3,1.0,3.2,92.6,0,True
Bad Bunny - Vete,off+10s/cold,9000,9005,5,0,53000,0,3,False,False,True,8,8,66.4,1.9,7.2,71.0,0,True
Bad Bunny - Vete,off+10s/second_play,9000,9002,2,5,2500,0,2,False,True,True,2,8,7.4,2.8,3.2,100.0,0,True
Bad Bunny - Vete,off+10s/seeded_correct,9000,9001,1,0,2500,0,3,False,True,True,3,8,10.6,2.9,3.5,100.0,0,True
Bad Bunny - Vete,off+10s/seeded_wrong_2s,9000,9001,1,0,2500,0,3,False,True,True,3,8,10.9,2.8,3.8,98.6,0,True
Bad Bunny - Vete,off-10s/cold,-11000,,,10450,,0,0,False,False,False,8,8,40.9,1.2,6.4,0.0,0,False
Bad Bunny - Vete,off-10s/second_play,-11000,,,10450,,0,0,False,False,False,8,8,41.0,1.2,6.6,0.0,0,False
Bad Bunny - Vete,off-10s/seeded_correct,-11000,-11000,0,0,22000,0,0,False,True,False,8,8,34.8,1.2,6.0,100.0,0,True
Bad Bunny - Vete,off-10s/seeded_wrong_2s,-11000,-9000,2000,0,22000,0,0,False,True,False,8,8,35.3,1.2,6.0,89.2,0,False
Bad Bunny - Vete,off+25s/cold,24000,24005,5,0,40500,0,4,False,False,True,6,8,66.4,2.5,6.1,75.9,0,True
Bad Bunny - Vete,off+25s/second_play,24000,24001,1,2,2500,0,2,False,True,True,2,8,9.8,3.8,3.9,100.0,0,True
Bad Bunny - Vete,off+25s/seeded_correct,24000,24000,0,0,2500,0,2,False,True,True,2,8,9.2,3.5,3.8,100.0,0,True
Bad Bunny - Vete,off+25s/seeded_wrong_2s,24000,24001,1,0,2500,0,2,False,True,True,2,8,9.3,3.6,3.9,98.5,0,True
Bad Bunny - Vete,off-25s/cold,-26000,,,26000,,0,0,False,False,False,8,8,28.6,3.0,5.9,0.0,0,False
Bad Bunny - Vete,off-25s/second_play,-26000,,,26000,,0,0,False,False,False,8,8,28.7,3.0,6.2,0.0,0,False
Bad Bunny - Vete,off-25s/seeded_correct,-26000,-26000,0,0,,0,0,False,False,False,8,8,24.9,1.9,5.7,100.0,0,True
Bad Bunny - Vete,off-25s/seeded_wrong_2s,-26000,-24000,2000,2000,,0,0,False,False,False,8,8,24.8,1.9,5.7,0.0,0,False
Bad Bunny - Vete,noise0/cold,-1000,-1007,-7,-16,10000,0,2,True,True,True,2,8,9.8,1.0,2.4,94.8,0,True
Bad Bunny - Vete,noise0/seeded_correct,-1000,-1000,0,0,10000,0,2,False,True,True,2,8,9.4,1.0,2.3,100.0,0,True
Bad Bunny - Vete,noise0/seeded_wrong_2s,-1000,-999,1,0,10000,0,2,False,True,True,2,8,9.8,1.0,2.5,94.8,0,True
Bad Bunny - Vete,noise-2s/cold,-3000,-2997,3,6,11500,0,2,True,True,True,2,8,9.8,1.0,2.4,94.1,0,True
Bad Bunny - Vete,noise-2s/seeded_correct,-3000,-2999,1,0,11500,0,3,False,True,True,5,8,17.8,1.0,3.0,100.0,0,True
Bad Bunny - Vete,noise-2s/seeded_wrong_2s,-3000,-2999,1,0,11500,0,3,False,True,True,5,8,17.9,1.0,3.0,94.1,0,True
Bad Bunny - Vete,cutin5s/cold,4000,3999,-1,-3,7000,0,3,True,True,True,2,8,6.9,0.7,2.9,96.3,0,True
Bad Bunny - Vete,cutin5s/second_play,4000,4001,1,-1,7000,0,3,False,True,True,3,8,9.0,1.0,2.9,100.0,0,True
Bad Bunny - Vete,cutin5s/seeded_correct,4000,4001,1,0,7000,0,3,False,True,True,3,8,8.9,1.0,2.9,100.0,0,True
Bad Bunny - Vete,cutin5s/seeded_wrong_2s,4000,4001,1,0,7000,0,3,False,True,True,3,8,8.9,1.0,2.9,96.3,0,True
Bad Bunny - Vete,cutin15s/cold,14000,14001,1,0,4000,0,3,False,True,True,3,8,10.6,2.6,3.3,97.8,0,True
Bad Bunny - Vete,cutin15s/second_play,14000,14001,1,1,4000,0,3,False,True,True,3,8,9.0,2.1,3.2,100.0,0,True
Bad Bunny - Vete,cutin15s/seeded_correct,14000,14001,1,0,4000,0,3,False,True,True,3,8,8.5,2.1,2.9,100.0,0,True
Bad Bunny - Vete,cutin15s/seeded_wrong_2s,14000,14001,1,0,4000,0,3,False,True,True,3,8,8.5,2.1,2.7,97.8,0,True
Bad Bunny - Vete,cutin25s/cold,24000,24002,2,0,4000,0,2,False,True,True,3,8,13.3,3.4,3.9,97.6,0,True
Bad Bunny - Vete,cutin25s/second_play,24000,24002,2,2,4000,0,3,False,True,True,3,8,10.4,2.5,3.9,100.0,0,True
Bad Bunny - Vete,cutin25s/seeded_correct,24000,24001,1,0,4000,0,3,False,True,True,3,8,9.0,2.1,3.0,100.0,0,True
Bad Bunny - Vete,cutin25s/seeded_wrong_2s,24000,24002,2,0,4000,0,2,False,True,True,3,8,8.8,2.3,2.9,97.6,0,True
Bad Bunny - Vete,blend8s/cold,-1000,-1007,-7,-16,13000,0,2,True,True,True,2,8,10.0,1.0,2.6,93.3,0,True
Bad Bunny - Vete,blend8s/seeded_correct,-1000,-999,1,0,13000,0,3,False,True,True,3,8,12.1,0.9,2.7,100.0,0,True
Bad Bunny - Vete,blend8s/seeded_wrong_2s,-1000,-999,1,0,13000,0,3,False,True,True,3,8,12.2,0.9,2.8,93.3,0,True
Bad Bunny - Vete,midshift+1.5s/cold,-1000,-1007,-1507,-1516,13000,0,2,True,True,True,2,8,10.3,1.0,2.7,24.6,0,False
Bad Bunny - Vete,midshift+1.5s/seeded_correct,-1000,-999,-1499,-1500,13000,1,3,False,True,True,3,8,12.8,1.0,3.0,31.4,0,False
Bad Bunny - Vete,midshift+1.5s/seeded_wrong_2s,-1000,-999,-1499,-1500,13000,1,3,False,True,True,3,8,12.4,0.9,2.8,24.6,0,False
Bad Bunny - Vete,midshift-1.5s/cold,-1000,-1007,1493,1484,13000,0,2,True,True,True,2,8,10.1,1.0,2.7,24.2,0,False
Bad Bunny - Vete,midshift-1.5s/seeded_correct,-1000,-999,1501,1500,13000,1,3,False,True,True,3,8,12.6,0.9,2.9,30.9,0,False
Bad Bunny - Vete,midshift-1.5s/seeded_wrong_2s,-1000,-999,1501,1500,13000,1,3,False,True,True,3,8,12.5,0.9,2.8,24.2,0,False
"Bad Bunny, Mora - HIBIKI",off0/cold,-1025,-1023,2,2,40750,0,2,False,True,True,3,8,12.5,1.0,3.7,80.5,0,True
"Bad Bunny, Mora - HIBIKI",off0/seeded_correct,-1025,-1023,2,1025,,0,1,False,True,True,3,8,11.0,1.0,2.9,3.4,0,True
"Bad Bunny, Mora - HIBIKI",off0/seeded_wrong_2s,-1025,-1023,2,1025,,0,1,False,True,True,3,8,10.9,1.0,2.9,0.0,0,True
"Bad Bunny, Mora - HIBIKI",off+200/cold,-825,-829,-4,0,40750,0,2,False,True,True,3,8,12.5,1.1,3.7,80.5,0,True
"Bad Bunny, Mora - HIBIKI",off+200/seeded_correct,-825,-828,-3,1025,,0,1,False,True,True,3,8,11.1,1.0,2.9,3.4,0,True
"Bad Bunny, Mora - HIBIKI",off+200/seeded_wrong_2s,-825,-829,-4,1025,,0,1,False,True,True,3,8,11.3,1.1,3.0,0.0,0,True
"Bad Bunny, Mora - HIBIKI",off-200/cold,-1225,-1221,4,1025,,0,2,False,True,True,3,8,13.2,1.0,3.7,0.0,0,True
"Bad Bunny, Mora - HIBIKI",off-200/seeded_correct,-1225,-1222,3,1025,,0,1,False,True,True,3,8,11.8,1.0,2.9,4.1,0,True
"Bad Bunny, Mora - HIBIKI",off-200/seeded_wrong_2s,-1225,-1221,4,1025,,0,1,False,True,True,3,8,12.0,1.1,2.9,0.0,0,True
"Bad Bunny, Mora - HIBIKI",off+2s/cold,975,971,-4,0,40750,0,2,False,True,True,3,8,12.7,1.8,3.8,80.3,0,True
"Bad Bunny, Mora - HIBIKI",off+2s/seeded_correct,975,972,-3,1025,,0,1,False,True,True,3,8,11.5,1.7,3.1,2.7,0,True
"Bad Bunny, Mora - HIBIKI",off+2s/seeded_wrong_2s,975,971,-4,1025,,0,1,False,True,True,3,8,11.3,1.7,3.0,0.0,0,True
"Bad Bunny, Mora - HIBIKI",off-2s/cold,-3025,,,1025,,0,0,False,True,False,8,8,52.0,2.5,9.4,0.0,0,False
"Bad Bunny, Mora - HIBIKI",off-2s/seeded_correct,-3025,-3025,0,1025,,0,0,False,True,False,8,8,50.0,2.5,9.5,4.7,0,True
"Bad Bunny, Mora - HIBIKI",off-2s/seeded_wrong_2s,-3025,-1025,2000,1025,,0,0,False,True,False,8,8,49.1,2.5,9.2,0.0,0,False
"Bad Bunny, Mora - HIBIKI",off+10s/cold,8975,8968,-7,0,40750,0,3,False,False,True,5,8,51.5,1.9,4.6,79.5,0,True
"Bad Bunny, Mora - HIBIKI",off+10s/second_play,8975,8976,1,1018,,0,6,False,True,False,8,8,51.7,3.7,10.1,1.3,0,True
"Bad Bunny, Mora - HIBIKI",off+10s/seeded_correct,8975,8974,-1,1025,,0,6,False,True,False,8,8,52.8,3.5,10.6,1.3,0,True
"Bad Bunny, Mora - HIBIKI",off+10s/seeded_wrong_2s,8975,8974,-1,1025,,0,5,False,True,False,8,8,51.9,3.7,10.3,0.0,0,True
"Bad Bunny, Mora - HIBIKI",off-10s/cold,-11025,,,11025,,0,0,False,False,False,8,8,54.1,1.3,8.9,0.0,0,False
"Bad Bunny, Mora - HIBIKI",off-10s/second_play,-11025,,,11025,,0,0,False,False,False,8,8,54.7,1.3,8.8,0.0,0,False
"Bad Bunny, Mora - HIBIKI",off-10s/seeded_correct,-11025,-11025,0,1025,,0,0,False,True,False,8,8,44.6,1.9,8.9,8.0,0,True
"Bad Bunny, Mora - HIBIKI",off-10s/seeded_wrong_2s,-11025,-9025,2000,1025,,0,0,False,True,False,8,8,44.9,1.9,9.0,0.0,0,False
"Bad Bunny, Mora - HIBIKI",off+25s/cold,23975,23968,-7,0,40750,0,3,False,False,True,5,8,64.7,2.4,5.4,77.8,0,True
"Bad Bunny, Mora - HIBIKI",off+25s/second_play,23975,23973,-2,-7,2500,0,2,False,True,True,1,8,5.3,2.6,3.3,100.0,0,True
"Bad Bunny, Mora - HIBIKI",off+25s/seeded_correct,23975,23975,0,0,2500,0,2,False,True,True,1,8,5.3,2.6,3.3,100.0,0,True
"Bad Bunny, Mora - HIBIKI",off+25s/seeded_wrong_2s,23975,23975,0,0,2500,0,2,False,True,True,1,8,5.2,2.6,3.3,98.6,0,True
"Bad Bunny, Mora - HIBIKI",off-25s/cold,-26025,,,26025,,0,0,False,False,False,8,8,39.1,3.0,8.4,0.0,0,False
"Bad Bunny, Mora - HIBIKI",off-25s/second_play,-26025,,,26025,,0,0,False,False,False,8,8,39.6,3.4,8.4,0.0,0,False
"Bad Bunny, Mora - HIBIKI",off-25s/seeded_correct,-26025,-26025,0,0,,0,0,False,False,False,8,8,36.3,1.8,8.4,100.0,0,True
"Bad Bunny, Mora - HIBIKI",off-25s/seeded_wrong_2s,-26025,-24025,2000,2000,,0,0,False,False,False,8,8,36.1,1.9,8.3,0.0,0,False
"Bad Bunny, Mora - HIBIKI",noise0/cold,-1025,-1022,3,3,40750,0,2,False,True,True,3,8,11.7,1.1,3.5,80.5,0,True
"Bad Bunny, Mora - HIBIKI",noise0/seeded_correct,-1025,-1023,2,1025,,0,1,False,True,True,3,8,10.6,1.1,2.8,3.4,0,True
"Bad Bunny, Mora - HIBIKI",noise0/seeded_wrong_2s,-1025,-1022,3,1025,,0,1,False,True,True,3,8,10.3,1.1,2.7,0.0,0,True
"Bad Bunny, Mora - HIBIKI",noise-2s/cold,-3025,,,1025,,0,0,False,True,False,8,8,48.9,2.3,8.7,0.0,0,False
"Bad Bunny, Mora - HIBIKI",noise-2s/seeded_correct,-3025,-3025,0,1025,,0,0,False,True,False,8,8,46.6,2.3,8.8,4.7,0,True
"Bad Bunny, Mora - HIBIKI",noise-2s/seeded_wrong_2s,-3025,-1025,2000,1025,,0,0,False,True,False,8,8,46.7,2.4,8.6,0.0,0,False
"Bad Bunny, Mora - HIBIKI",cutin5s/cold,3975,3969,-6,-25,4000,0,2,False,True,True,1,8,3.8,1.2,2.4,98.0,0,True
"Bad Bunny, Mora - HIBIKI",cutin5s/second_play,3975,3974,-1,-6,4000,0,2,False,True,True,1,8,3.2,0.9,2.1,100.0,0,True
"Bad Bunny, Mora - HIBIKI",cutin5s/seeded_correct,3975,3970,-5,-25,4000,0,2,False,True,True,1,8,3.2,0.9,2.1,100.0,0,True
"Bad Bunny, Mora - HIBIKI",cutin5s/seeded_wrong_2s,3975,3969,-6,-25,4000,0,2,False,True,True,1,8,3.3,0.9,2.1,98.0,0,True
"Bad Bunny, Mora - HIBIKI",cutin15s/cold,13975,13975,0,0,4000,0,2,False,True,True,1,8,4.2,1.5,2.5,97.9,0,True
"Bad Bunny, Mora - HIBIKI",cutin15s/second_play,13975,13975,0,0,4000,0,2,False,True,True,1,8,3.1,0.9,2.0,100.0,0,True
"Bad Bunny, Mora - HIBIKI",cutin15s/seeded_correct,13975,13975,0,0,4000,0,2,False,True,True,1,8,3.1,0.9,2.1,100.0,0,True
"Bad Bunny, Mora - HIBIKI",cutin15s/seeded_wrong_2s,13975,13975,0,0,4000,0,2,False,True,True,1,8,3.1,0.9,2.1,97.9,0,True
"Bad Bunny, Mora - HIBIKI",cutin25s/cold,23975,23968,-7,0,4000,0,3,False,True,True,3,8,13.3,3.3,4.1,97.8,0,True
"Bad Bunny, Mora - HIBIKI",cutin25s/second_play,23975,23970,-5,-4,4000,0,3,False,True,True,3,8,11.5,2.4,4.4,100.0,0,True
"Bad Bunny, Mora - HIBIKI",cutin25s/seeded_correct,23975,23969,-6,-4,4000,0,3,False,True,True,3,8,9.6,2.5,3.1,100.0,0,True
"Bad Bunny, Mora - HIBIKI",cutin25s/seeded_wrong_2s,23975,23968,-7,0,4000,0,3,False,True,True,3,8,9.3,2.4,3.0,97.8,0,True
"Bad Bunny, Mora - HIBIKI",blend8s/cold,-1025,-1024,1,0,13000,0,2,False,True,True,1,8,8.1,1.0,1.9,93.8,0,True
"Bad Bunny, Mora - HIBIKI",blend8s/seeded_correct,-1025,-1025,0,0,13000,0,2,False,True,True,1,8,7.6,0.9,1.8,100.0,0,True
"Bad Bunny, Mora - HIBIKI",blend8s/seeded_wrong_2s,-1025,-1024,1,0,13000,0,2,False,True,True,1,8,7.8,0.9,1.9,93.8,0,True
"Bad Bunny, Mora - HIBIKI",midshift+1.5s/cold,-1025,-1023,-1498,-1498,40750,1,2,False,True,True,3,8,12.6,1.1,3.7,9.3,0,False
"Bad Bunny, Mora - HIBIKI",midshift+1.5s/seeded_correct,-1025,-1023,-1498,-475,,0,1,False,True,True,3,8,10.8,1.0,2.9,3.4,0,False
"Bad Bunny, Mora - HIBIKI",midshift+1.5s/seeded_wrong_2s,-1025,-1023,-1498,-475,,0,1,False,True,True,3,8,11.1,1.1,3.0,0.0,0,False
"Bad Bunny, Mora - HIBIKI",midshift-1.5s/cold,-1025,-1023,1502,1502,40750,1,2,False,True,True,3,8,12.8,1.1,3.7,9.2,0,False
"Bad Bunny, Mora - HIBIKI",midshift-1.5s/seeded_correct,-1025,-1023,1502,2525,,0,1,False,True,True,3,8,11.5,1.2,3.0,3.3,0,False
"Bad Bunny, Mora - HIBIKI",midshift-1.5s/seeded_wrong_2s,-1025,-1023,1502,2525,,0,1,False,True,True,3,8,11.2,1.0,3.0,0.0,0,False
Bad Bunny - DtMF,off0/cold,-975,-976,-1,975,,0,2,True,True,True,4,11,15.8,1.8,4.2,0.0,0,True
Bad Bunny - DtMF,off0/seeded_correct,-975,-973,2,975,,0,1,False,True,True,4,11,12.8,1.7,2.9,2.9,0,True
Bad Bunny - DtMF,off0/seeded_wrong_2s,-975,-973,2,975,,0,1,False,True,True,4,11,12.7,1.6,2.9,0.0,0,True
Bad Bunny - DtMF,off+200/cold,-775,-775,0,-1,36275,0,2,True,True,True,4,11,16.1,1.0,4.2,84.8,0,True
Bad Bunny - DtMF,off+200/seeded_correct,-775,-770,5,0,90250,0,6,False,True,False,11,11,73.3,2.8,9.6,67.0,0,True
Bad Bunny - DtMF,off+200/seeded_wrong_2s,-775,-769,6,0,90250,0,6,False,True,False,11,11,69.9,2.7,9.1,62.1,0,True
Bad Bunny - DtMF,off-200/cold,-1175,-1165,10,19,36275,0,2,True,True,True,4,11,17.1,1.0,4.0,84.8,0,True
Bad Bunny - DtMF,off-200/seeded_correct,-1175,-1169,6,0,90250,0,4,False,True,False,11,11,69.2,2.7,9.0,67.0,0,True
Bad Bunny - DtMF,off-200/seeded_wrong_2s,-1175,-1168,7,0,90250,0,4,False,True,False,11,11,69.3,2.8,9.0,62.2,0,True
Bad Bunny - DtMF,off+2s/cold,1025,1025,0,0,36275,0,2,True,True,True,4,11,18.3,1.1,4.6,84.7,0,True
Bad Bunny - DtMF,off+2s/seeded_correct,1025,1030,5,0,90250,0,6,False,True,False,11,11,71.0,3.0,9.2,66.1,0,True
Bad Bunny - DtMF,off+2s/seeded_wrong_2s,1025,1031,6,0,90250,0,6,False,True,False,11,11,72.0,3.0,9.2,61.8,0,True
Bad Bunny - DtMF,off-2s/cold,-2975,-2956,19,19,36275,0,1,True,True,True,4,11,16.3,1.0,3.9,84.9,0,True
Bad Bunny - DtMF,off-2s/seeded_correct,-2975,-2970,5,0,90250,0,4,False,True,False,11,11,68.0,2.6,8.9,67.9,0,True
Bad Bunny - DtMF,off-2s/seeded_wrong_2s,-2975,-2970,5,0,90250,0,2,False,True,False,11,11,70.8,2.5,9.5,62.5,0,True
Bad Bunny - DtMF,off+10s/cold,9025,9032,7,-9025,,0,4,False,False,False,11,11,102.3,2.1,9.4,0.0,0,True
Bad Bunny - DtMF,off+10s/second_play,9025,9029,4,0,90250,0,6,False,True,False,11,11,73.3,7.1,9.8,61.6,0,True
Bad Bunny - DtMF,off+10s/seeded_correct,9025,9030,5,0,90250,0,6,False,True,False,11,11,73.5,7.2,9.8,61.6,0,True
Bad Bunny - DtMF,off+10s/seeded_wrong_2s,9025,9031,6,0,90250,0,6,False,True,False,11,11,73.6,7.2,10.0,60.5,0,True
Bad Bunny - DtMF,off-10s/cold,-10975,,,10975,,0,0,False,False,False,11,11,69.7,1.6,8.4,0.0,0,False
Bad Bunny - DtMF,off-10s/second_play,-10975,,,10975,,0,0,False,False,False,11,11,71.1,1.6,8.6,0.0,0,False
Bad Bunny - DtMF,off-10s/seeded_correct,-10975,-10975,0,975,,0,0,False,True,False,11,11,65.2,1.8,8.8,8.9,0,True
Bad Bunny - DtMF,off-10s/seeded_wrong_2s,-10975,-8975,2000,975,,0,0,False,True,False,11,11,63.1,1.8,8.4,0.0,0,False
Bad Bunny - DtMF,off+25s/cold,24025,24032,7,-24025,,0,4,False,False,False,11,11,118.8,2.6,10.4,0.0,0,True
Bad Bunny - DtMF,off+25s/second_play,24025,24028,3,6,2500,0,2,False,True,True,1,11,5.9,3.0,3.8,100.0,0,True
Bad Bunny - DtMF,off+25s/seeded_correct,24025,24026,1,0,2500,0,1,False,True,True,1,11,5.3,2.7,3.4,100.0,0,True
Bad Bunny - DtMF,off+25s/seeded_wrong_2s,24025,24026,1,0,2500,0,1,False,True,True,2,11,8.9,3.4,3.7,98.8,0,True
Bad Bunny - DtMF,off-25s/cold,-25975,,,25975,,0,0,False,False,False,11,11,56.0,5.8,8.1,0.0,0,False
Bad Bunny - DtMF,off-25s/second_play,-25975,,,25975,,0,0,False,False,False,11,11,58.6,6.0,8.7,0.0,0,False
Bad Bunny - DtMF,off-25s/seeded_correct,-25975,-25975,0,0,,0,0,False,False,False,11,11,54.4,5.7,8.5,100.0,0,True
Bad Bunny - DtMF,off-25s/seeded_wrong_2s,-25975,-23975,2000,2000,,0,0,False,False,False,11,11,53.8,5.7,8.3,0.0,0,False
Bad Bunny - DtMF,noise0/cold,-975,-976,-1,975,,0,2,True,True,True,4,11,14.3,1.6,3.8,0.0,0,True
Bad Bunny - DtMF,noise0/seeded_correct,-975,-973,2,975,,0,1,False,True,True,4,11,12.1,1.7,2.7,2.9,0,True
Bad Bunny - DtMF,noise0/seeded_wrong_2s,-975,-973,2,975,,0,1,False,True,True,4,11,12.0,1.6,2.8,0.0,0,True
Bad Bunny - DtMF,noise-2s/cold,-2975,-2956,19,975,,0,1,True,True,True,4,11,15.1,1.0,3.7,0.0,0,True
Bad Bunny - DtMF,noise-2s/seeded_correct,-2975,-2971,4,975,,0,2,False,True,True,8,11,39.0,2.2,6.9,4.2,0,True
Bad Bunny - DtMF,noise-2s/seeded_wrong_2s,-2975,-2970,5,975,,0,2,False,True,True,11,11,64.6,2.5,8.5,0.0,0,True
Bad Bunny - DtMF,cutin5s/cold,4025,4024,-1,-3,36275,0,2,True,True,True,4,11,14.8,1.9,4.1,84.5,0,True
Bad Bunny - DtMF,cutin5s/second_play,4025,4031,6,0,90250,0,6,False,True,False,11,11,69.4,3.1,9.5,64.3,0,True
Bad Bunny - DtMF,cutin5s/seeded_correct,4025,4030,5,0,90250,0,6,False,True,False,11,11,68.5,3.1,9.5,64.3,0,True
Bad Bunny - DtMF,cutin5s/seeded_wrong_2s,4025,4031,6,0,90250,0,6,False,True,False,11,11,69.6,3.1,9.7,61.3,0,True
Bad Bunny - DtMF,cutin15s/cold,14025,14029,4,0,5500,0,5,False,True,False,11,11,63.7,4.5,8.3,97.5,0,True
Bad Bunny - DtMF,cutin15s/second_play,14025,14027,2,3,5500,0,3,False,True,True,5,11,18.5,2.4,5.1,100.0,0,True
Bad Bunny - DtMF,cutin15s/seeded_correct,14025,14029,4,0,5500,0,5,False,True,False,11,11,56.4,3.9,7.7,100.0,0,True
Bad Bunny - DtMF,cutin15s/seeded_wrong_2s,14025,14029,4,0,5500,0,5,False,True,False,11,11,55.9,3.8,7.6,97.5,0,True
Bad Bunny - DtMF,cutin25s/cold,24025,24026,1,0,4000,0,3,False,True,True,5,11,24.1,3.8,5.9,98.1,0,True
Bad Bunny - DtMF,cutin25s/second_play,24025,24026,1,1,4000,0,3,False,True,True,5,11,20.7,2.6,5.8,100.0,0,True
Bad Bunny - DtMF,cutin25s/seeded_correct,24025,24026,1,0,4000,0,4,False,True,True,5,11,17.9,2.7,4.7,100.0,0,True
Bad Bunny - DtMF,cutin25s/seeded_wrong_2s,24025,24026,1,0,4000,0,3,False,True,True,5,11,17.6,2.7,4.7,98.1,0,True
Bad Bunny - DtMF,blend8s/cold,-975,-976,-1,-3,36275,0,2,True,True,True,4,11,16.7,1.7,4.4,84.8,0,True
Bad Bunny - DtMF,blend8s/seeded_correct,-975,-970,5,0,90250,0,5,False,True,False,11,11,69.9,2.9,9.5,65.1,0,True
Bad Bunny - DtMF,blend8s/seeded_wrong_2s,-975,-969,6,0,90250,0,6,False,True,False,11,11,70.3,3.0,9.2,62.2,0,True
Bad Bunny - DtMF,midshift+1.5s/cold,-975,-976,-1501,-525,,0,2,True,True,True,4,11,15.7,1.8,4.1,0.0,0,False
Bad Bunny - DtMF,midshift+1.5s/seeded_correct,-975,-973,-1498,-525,,0,1,False,True,True,4,11,13.1,1.8,2.9,3.0,0,False
Bad Bunny - DtMF,midshift+1.5s/seeded_wrong_2s,-975,-973,-1498,-525,,0,1,False,True,True,4,11,12.7,1.7,2.9,0.0,0,False
Bad Bunny - DtMF,midshift-1.5s/cold,-975,-976,1499,2475,,0,2,True,True,True,4,11,16.2,1.9,4.2,0.0,0,False
Bad Bunny - DtMF,midshift-1.5s/seeded_correct,-975,-973,1502,2475,,0,1,False,True,True,4,11,13.2,1.8,3.0,2.9,0,False
Bad Bunny - DtMF,midshift-1.5s/seeded_wrong_2s,-975,-973,1502,2475,,0,1,False,True,True,4,11,13.2,1.8,3.0,0.0,0,False
Bad Bunny - EL CLúB,off0/cold,2375,2361,-14,0,93750,0,3,False,True,True,5,8,23.7,2.5,5.9,96.8,0,True
Bad Bunny - EL CLúB,off0/seeded_correct,2375,2363,-12,0,93750,0,3,False,True,True,5,8,20.4,2.4,5.2,100.0,0,True
Bad Bunny - EL CLúB,off0/seeded_wrong_2s,2375,2361,-14,0,93750,0,3,False,True,True,5,8,20.6,2.5,5.2,96.8,0,True
Bad Bunny - EL CLúB,off+200/cold,2575,2576,1,0,93750,0,4,True,True,True,5,8,23.1,2.4,5.8,96.8,0,True
Bad Bunny - EL CLúB,off+200/seeded_correct,2575,2563,-12,0,93750,0,3,False,True,True,5,8,21.2,2.5,5.6,100.0,0,True
Bad Bunny - EL CLúB,off+200/seeded_wrong_2s,2575,2561,-14,0,93750,0,3,False,True,True,5,8,21.0,2.4,5.3,96.8,0,True
Bad Bunny - EL CLúB,off-200/cold,2175,2167,-8,-6,41700,0,4,True,True,True,5,8,24.1,2.5,6.0,96.8,0,True
Bad Bunny - EL CLúB,off-200/seeded_correct,2175,2163,-12,0,93750,0,3,False,True,True,5,8,20.6,2.4,5.2,100.0,0,True
Bad Bunny - EL CLúB,off-200/seeded_wrong_2s,2175,2161,-14,0,93750,0,3,False,True,True,5,8,20.7,2.4,5.4,96.8,0,True
Bad Bunny - EL CLúB,off+2s/cold,4375,4381,6,0,93750,0,3,True,False,True,5,8,43.2,1.6,4.3,57.0,0,True
Bad Bunny - EL CLúB,off+2s/seeded_correct,4375,4363,-12,0,93750,0,3,False,True,True,5,8,21.1,2.6,5.5,100.0,0,True
Bad Bunny - EL CLúB,off+2s/seeded_wrong_2s,4375,4361,-14,0,93750,0,3,False,True,True,5,8,20.9,2.5,5.4,97.5,0,True
Bad Bunny - EL CLúB,off-2s/cold,375,367,-8,-6,41700,0,4,True,True,True,5,8,23.7,1.1,5.4,95.5,0,True
Bad Bunny - EL CLúB,off-2s/seeded_correct,375,363,-12,0,93750,0,3,False,True,True,5,8,21.2,1.1,4.9,100.0,0,True
Bad Bunny - EL CLúB,off-2s/seeded_wrong_2s,375,361,-14,0,93750,0,3,False,True,True,5,8,21.5,1.1,5.0,95.5,0,True
Bad Bunny - EL CLúB,off+10s/cold,12375,12371,-4,0,93750,0,3,False,False,True,6,8,54.5,1.8,7.2,55.3,0,True
Bad Bunny - EL CLúB,off+10s/second_play,12375,12373,-2,-4,5500,0,5,False,True,True,5,8,23.9,3.0,5.9,100.0,0,True
Bad Bunny - EL CLúB,off+10s/seeded_correct,12375,12373,-2,0,7000,0,4,False,True,True,5,8,24.7,2.9,5.3,100.0,0,True
Bad Bunny - EL CLúB,off+10s/seeded_wrong_2s,12375,12373,-2,0,7000,0,3,False,True,True,5,8,24.0,2.8,4.9,96.7,0,True
Bad Bunny - EL CLúB,off-10s/cold,-7625,,,7625,,0,0,False,False,False,8,8,47.9,1.3,7.1,0.0,0,False
Bad Bunny - EL CLúB,off-10s/second_play,-7625,,,7625,,0,0,False,False,False,8,8,46.9,1.3,6.8,0.0,0,False
Bad Bunny - EL CLúB,off-10s/seeded_correct,-7625,-7625,0,-225,,0,0,False,True,False,8,8,38.2,1.9,6.8,100.0,0,True
Bad Bunny - EL CLúB,off-10s/seeded_wrong_2s,-7625,-5625,2000,-225,,0,0,False,True,False,8,8,37.8,1.9,6.8,92.4,0,False
Bad Bunny - EL CLúB,off+25s/cold,27375,27371,-4,0,93750,0,3,False,False,True,6,8,65.3,2.3,7.9,51.9,0,True
Bad Bunny - EL CLúB,off+25s/second_play,27375,27373,-2,-4,2500,0,1,False,True,True,2,8,9.4,3.7,3.8,100.0,0,True
Bad Bunny - EL CLúB,off+25s/seeded_correct,27375,27374,-1,0,2500,0,1,False,True,True,2,8,9.7,3.6,4.2,100.0,0,True
Bad Bunny - EL CLúB,off+25s/seeded_wrong_2s,27375,27373,-2,0,2500,0,1,False,True,True,2,8,9.7,3.8,4.0,98.7,0,True
Bad Bunny - EL CLúB,off-25s/cold,-22625,,,22625,,0,0,False,False,False,8,8,32.0,2.9,6.3,0.0,0,False
Bad Bunny - EL CLúB,off-25s/second_play,-22625,,,22625,,0,0,False,False,False,8,8,31.7,3.0,6.2,0.0,0,False
Bad Bunny - EL CLúB,off-25s/seeded_correct,-22625,-22625,0,0,,0,0,False,False,False,8,8,29.5,1.7,6.4,100.0,0,True
Bad Bunny - EL CLúB,off-25s/seeded_wrong_2s,-22625,-20625,2000,2000,,0,0,False,False,False,8,8,29.8,1.7,6.3,0.0,0,False
Bad Bunny - EL CLúB,noise0/cold,2375,2361,-14,0,93750,0,3,False,True,True,5,8,21.9,2.3,5.5,96.8,0,True
Bad Bunny - EL CLúB,noise0/seeded_correct,2375,2363,-12,0,93750,0,3,False,True,True,5,8,19.2,2.1,4.8,100.0,0,True
Bad Bunny - EL CLúB,noise0/seeded_wrong_2s,2375,2361,-14,0,93750,0,3,False,True,True,5,8,18.8,2.2,4.7,96.8,0,True
Bad Bunny - EL CLúB,noise-2s/cold,375,367,-8,-6,41700,0,4,True,True,True,5,8,22.2,1.1,5.1,95.5,0,True
Bad Bunny - EL CLúB,noise-2s/seeded_correct,375,363,-12,0,93750,0,3,False,True,True,5,8,19.6,1.0,4.4,100.0,0,True
Bad Bunny - EL CLúB,noise-2s/seeded_wrong_2s,375,361,-14,0,93750,0,3,False,True,True,5,8,19.5,1.0,4.4,95.5,0,True
Bad Bunny - EL CLúB,cutin5s/cold,7375,7368,-7,0,4000,0,4,False,True,True,5,8,21.0,2.7,5.9,98.1,0,True
Bad Bunny - EL CLúB,cutin5s/second_play,7375,7373,-2,-8,4000,0,5,False,True,False,8,8,41.9,3.1,8.3,100.0,0,True
Bad Bunny - EL CLúB,cutin5s/seeded_correct,7375,7369,-6,0,4000,0,3,False,True,True,5,8,18.6,2.5,5.6,100.0,0,True
Bad Bunny - EL CLúB,cutin5s/seeded_wrong_2s,7375,7368,-7,0,4000,0,4,False,True,True,5,8,18.5,2.5,5.5,98.1,0,True
Bad Bunny - EL CLúB,cutin15s/cold,17375,17373,-2,0,4000,0,4,False,True,True,5,8,19.5,2.9,4.8,98.0,0,True
Bad Bunny - EL CLúB,cutin15s/second_play,17375,17373,-2,-2,4000,0,6,False,True,True,5,8,18.1,2.4,5.2,100.0,0,True
Bad Bunny - EL CLúB,cutin15s/seeded_correct,17375,17373,-2,0,4000,0,4,False,True,True,5,8,15.8,2.4,4.2,100.0,0,True
Bad Bunny - EL CLúB,cutin15s/seeded_wrong_2s,17375,17373,-2,0,4000,0,4,False,True,True,5,8,16.2,2.3,4.4,98.0,0,True
Bad Bunny - EL CLúB,cutin25s/cold,27375,27372,-3,0,7000,0,3,False,True,True,5,8,25.0,3.5,6.0,96.4,0,True
Bad Bunny - EL CLúB,cutin25s/second_play,27375,27372,-3,-3,7000,0,3,False,True,True,5,8,20.8,2.3,5.6,100.0,0,True
Bad Bunny - EL CLúB,cutin25s/seeded_correct,27375,27372,-3,0,7000,0,3,False,True,True,5,8,21.3,2.3,5.9,100.0,0,True
Bad Bunny - EL CLúB,cutin25s/seeded_wrong_2s,27375,27372,-3,0,7000,0,3,False,True,True,5,8,21.0,2.3,5.7,96.4,0,True
Bad Bunny - EL CLúB,blend8s/cold,2375,2373,-2,0,22000,0,3,False,True,True,5,8,33.5,1.4,3.3,90.0,0,True
Bad Bunny - EL CLúB,blend8s/seeded_correct,2375,2373,-2,0,22000,0,4,False,True,True,5,8,32.1,1.4,3.2,100.0,0,True
Bad Bunny - EL CLúB,blend8s/seeded_wrong_2s,2375,2373,-2,0,22000,0,3,False,True,True,5,8,32.3,1.4,3.2,90.0,0,True
Bad Bunny - EL CLúB,midshift+1.5s/cold,2375,2340,-1535,-1535,,2,3,False,True,True,5,8,24.6,2.5,6.5,24.3,0,False
Bad Bunny - EL CLúB,midshift+1.5s/seeded_correct,2375,2342,-1533,-1533,,2,3,False,True,True,5,8,21.2,2.4,5.7,27.5,0,False
Bad Bunny - EL CLúB,midshift+1.5s/seeded_wrong_2s,2375,2340,-1535,-1535,,2,3,False,True,True,5,8,23.1,2.6,6.4,24.3,0,False
Bad Bunny - EL CLúB,midshift-1.5s/cold,2375,2362,1487,0,93750,1,3,False,True,True,5,8,23.7,2.6,5.9,81.6,0,False
Bad Bunny - EL CLúB,midshift-1.5s/seeded_correct,2375,2364,1489,0,93750,1,3,False,True,True,5,8,21.6,2.5,5.6,84.8,0,False
Bad Bunny - EL CLúB,midshift-1.5s/seeded_wrong_2s,2375,2362,1487,0,93750,1,3,False,True,True,5,8,20.7,2.5,5.2,81.6,0,False
Bad Bunny - HOY COBRÉ,off0/cold,-450,0,450,450,,2,2,False,True,True,1,5,5.6,1.0,2.2,0.0,0,False
Bad Bunny - HOY COBRÉ,off0/seeded_correct,-450,-3,447,450,,2,2,False,True,True,1,5,5.3,0.9,2.1,4.3,0,False
Bad Bunny - HOY COBRÉ,off0/seeded_wrong_2s,-450,0,450,450,,2,2,False,True,True,1,5,5.2,0.9,2.1,0.0,0,False
Bad Bunny - HOY COBRÉ,off+200/cold,-250,200,450,450,,2,2,False,True,True,1,5,5.7,1.1,2.2,4.3,0,False
Bad Bunny - HOY COBRÉ,off+200/seeded_correct,-250,197,447,450,,2,2,False,True,True,1,5,5.2,0.9,2.0,4.3,0,False
Bad Bunny - HOY COBRÉ,off+200/seeded_wrong_2s,-250,200,450,450,,2,2,False,True,True,1,5,5.4,1.0,2.1,0.0,0,False
Bad Bunny - HOY COBRÉ,off-200/cold,-650,-200,450,450,,2,2,False,True,True,1,5,6.6,1.0,2.1,0.0,0,False
Bad Bunny - HOY COBRÉ,off-200/seeded_correct,-650,-203,447,450,,2,2,False,True,True,1,5,6.6,1.1,2.1,5.3,0,False
Bad Bunny - HOY COBRÉ,off-200/seeded_wrong_2s,-650,-200,450,450,,2,2,False,True,True,1,5,6.5,0.9,2.2,0.0,0,False
Bad Bunny - HOY COBRÉ,off+2s/cold,1550,2000,450,450,,2,2,False,True,True,1,5,5.5,1.0,2.3,0.0,0,False
Bad Bunny - HOY COBRÉ,off+2s/seeded_correct,1550,1997,447,450,,2,2,False,True,True,1,5,5.3,1.0,2.2,3.5,0,False
Bad Bunny - HOY COBRÉ,off+2s/seeded_wrong_2s,1550,2000,450,450,,2,2,False,True,True,1,5,5.2,1.0,2.2,0.0,0,False
Bad Bunny - HOY COBRÉ,off-2s/cold,-2450,-2000,450,450,,2,2,False,True,True,1,5,6.4,0.9,2.0,0.0,0,False
Bad Bunny - HOY COBRÉ,off-2s/seeded_correct,-2450,-2003,447,450,,2,2,False,True,True,1,5,6.1,0.9,1.9,6.1,0,False
Bad Bunny - HOY COBRÉ,off-2s/seeded_wrong_2s,-2450,-2000,450,450,,2,2,False,True,True,1,5,6.2,0.9,1.9,0.0,0,False
Bad Bunny - HOY COBRÉ,off+10s/cold,9550,2951,-6599,-9550,,2,2,False,False,False,5,5,43.8,1.8,3.6,0.0,0,False
Bad Bunny - HOY COBRÉ,off+10s/second_play,9550,2950,-6600,-6625,,2,2,False,False,False,5,5,42.1,1.7,3.6,0.0,0,False
Bad Bunny - HOY COBRÉ,off+10s/seeded_correct,9550,9997,447,450,,2,2,False,True,True,1,5,4.1,1.2,2.6,2.6,0,False
Bad Bunny - HOY COBRÉ,off+10s/seeded_wrong_2s,9550,10000,450,450,,2,2,False,True,True,1,5,4.2,1.2,2.7,0.0,0,False
Bad Bunny - HOY COBRÉ,off-10s/cold,-10450,,,10450,,0,0,False,False,False,5,5,23.6,1.1,4.1,0.0,0,False
Bad Bunny - HOY COBRÉ,off-10s/second_play,-10450,,,10450,,0,0,False,False,False,5,5,24.1,1.1,4.4,0.0,0,False
Bad Bunny - HOY COBRÉ,off-10s/seeded_correct,-10450,-10450,0,450,,0,0,False,True,False,5,5,16.3,1.0,3.7,10.2,0,True
Bad Bunny - HOY COBRÉ,off-10s/seeded_wrong_2s,-10450,-8450,2000,450,,0,0,False,True,False,5,5,16.2,1.0,3.6,0.0,0,False
Bad Bunny - HOY COBRÉ,off+25s/cold,24550,24577,27,25,44250,0,3,False,False,True,5,5,62.0,2.4,5.4,67.5,0,True
Bad Bunny - HOY COBRÉ,off+25s/second_play,24550,24997,447,452,,2,2,False,True,True,1,5,5.7,2.9,3.6,1.8,0,False
Bad Bunny - HOY COBRÉ,off+25s/seeded_correct,24550,24997,447,450,,2,2,False,True,True,1,5,5.5,2.8,3.5,1.8,0,False
Bad Bunny - HOY COBRÉ,off+25s/seeded_wrong_2s,24550,25000,450,450,,2,2,False,True,True,1,5,5.3,2.6,3.4,0.0,0,False
Bad Bunny - HOY COBRÉ,off-25s/cold,-25450,,,25450,,0,0,False,False,False,5,5,13.0,2.2,4.0,0.0,0,False
Bad Bunny - HOY COBRÉ,off-25s/second_play,-25450,,,25450,,0,0,False,False,False,5,5,12.7,2.2,3.9,0.0,0,False
Bad Bunny - HOY COBRÉ,off-25s/seeded_correct,-25450,-25450,0,0,,0,0,False,False,False,5,5,9.7,1.4,3.5,100.0,0,True
Bad Bunny - HOY COBRÉ,off-25s/seeded_wrong_2s,-25450,-23450,2000,2000,,0,0,False,False,False,5,5,9.7,1.4,3.5,0.0,0,False
Bad Bunny - HOY COBRÉ,noise0/cold,-450,0,450,450,,2,2,False,True,True,1,5,5.3,1.0,2.0,0.0,0,False
Bad Bunny - HOY COBRÉ,noise0/seeded_correct,-450,-3,447,450,,2,2,False,True,True,1,5,5.0,0.9,1.9,4.3,0,False
Bad Bunny - HOY COBRÉ,noise0/seeded_wrong_2s,-450,0,450,450,,2,2,False,True,True,1,5,5.0,0.9,1.9,0.0,0,False
Bad Bunny - HOY COBRÉ,noise-2s/cold,-2450,-2002,448,450,,1,1,False,True,True,2,5,8.5,1.0,2.3,0.0,0,False
Bad Bunny - HOY COBRÉ,noise-2s/seeded_correct,-2450,-2003,447,450,,2,2,False,True,True,1,5,5.9,0.9,1.8,6.1,0,False
Bad Bunny - HOY COBRÉ,noise-2s/seeded_wrong_2s,-2450,-2002,448,450,,1,1,False,True,True,2,5,8.3,0.9,2.3,0.0,0,False
Bad Bunny - HOY COBRÉ,cutin5s/cold,4550,5000,450,450,,2,2,False,True,True,1,5,4.3,0.1,2.3,0.0,0,False
Bad Bunny - HOY COBRÉ,cutin5s/second_play,4550,5000,450,450,,2,2,False,True,True,1,5,3.7,0.1,2.0,0.0,0,False
Bad Bunny - HOY COBRÉ,cutin5s/seeded_correct,4550,4997,447,450,,2,2,False,True,True,1,5,3.6,0.1,1.9,5.4,0,False
Bad Bunny - HOY COBRÉ,cutin5s/seeded_wrong_2s,4550,5000,450,450,,2,2,False,True,True,1,5,3.7,0.1,2.0,0.0,0,False
Bad Bunny - HOY COBRÉ,cutin15s/cold,14550,15000,450,450,,2,2,False,True,True,1,5,4.2,1.4,2.6,0.0,0,False
Bad Bunny - HOY COBRÉ,cutin15s/second_play,14550,15000,450,450,,2,2,False,True,True,1,5,3.1,0.9,2.0,0.0,0,False
Bad Bunny - HOY COBRÉ,cutin15s/seeded_correct,14550,14997,447,450,,2,2,False,True,True,1,5,3.1,0.9,2.0,2.7,0,False
Bad Bunny - HOY COBRÉ,cutin15s/seeded_wrong_2s,14550,15000,450,450,,2,2,False,True,True,1,5,3.1,0.9,2.0,0.0,0,False
Bad Bunny - HOY COBRÉ,cutin25s/cold,24550,24569,19,25,44250,0,3,False,False,True,5,5,60.0,3.0,4.0,67.5,0,True
Bad Bunny - HOY COBRÉ,cutin25s/second_play,24550,24572,22,25,32250,0,3,False,False,False,5,5,35.3,1.5,3.2,100.0,0,True
Bad Bunny - HOY COBRÉ,cutin25s/seeded_correct,24550,24570,20,25,32250,0,3,False,False,True,5,5,35.5,1.4,3.0,100.0,0,True
Bad Bunny - HOY COBRÉ,cutin25s/seeded_wrong_2s,24550,24566,16,25,39750,0,2,False,False,True,4,5,30.4,1.4,2.9,70.8,0,True
Bad Bunny - HOY COBRÉ,blend8s/cold,-450,0,450,450,,2,2,False,True,True,1,5,8.2,1.0,1.8,0.0,0,False
Bad Bunny - HOY COBRÉ,blend8s/seeded_correct,-450,-3,447,450,,2,2,False,True,True,1,5,7.7,0.9,1.7,9.0,0,False
Bad Bunny - HOY COBRÉ,blend8s/seeded_wrong_2s,-450,-425,25,25,64500,0,2,False,True,False,5,5,16.4,2.5,4.3,60.0,0,True
Bad Bunny - HOY COBRÉ,midshift+1.5s/cold,-450,0,-1050,-1050,,2,2,False,True,True,1,5,5.6,1.0,2.1,0.0,0,False
Bad Bunny - HOY COBRÉ,midshift+1.5s/seeded_correct,-450,-3,-1053,-1050,,2,2,False,True,True,1,5,5.2,1.0,2.0,4.4,0,False
Bad Bunny - HOY COBRÉ,midshift+1.5s/seeded_wrong_2s,-450,0,-1050,-1050,,2,2,False,True,True,1,5,5.3,1.0,2.1,0.0,0,False
Bad Bunny - HOY COBRÉ,midshift-1.5s/cold,-450,0,1950,1950,,2,2,False,True,True,1,5,5.6,1.0,2.2,0.0,0,False
Bad Bunny - HOY COBRÉ,midshift-1.5s/seeded_correct,-450,-3,1947,1950,,2,2,False,True,True,1,5,5.2,1.0,2.1,4.3,0,False
Bad Bunny - HOY COBRÉ,midshift-1.5s/seeded_wrong_2s,-450,0,1950,1950,,2,2,False,True,True,1,5,5.3,1.0,2.1,0.0,0,False
Bad Bunny - Si Estuviésemos Juntos,off0/cold,1844,1788,-56,-44,5500,0,3,False,True,True,3,13,8.6,1.5,2.3,96.7,0,True
Bad Bunny - Si Estuviésemos Juntos,off0/seeded_correct,1844,1791,-53,-44,5500,0,3,False,True,True,3,13,8.1,1.4,2.2,100.0,0,True
Bad Bunny - Si Estuviésemos Juntos,off0/seeded_wrong_2s,1844,1789,-55,-44,5500,0,3,False,True,True,3,13,8.0,1.4,2.2,96.7,0,True
Bad Bunny - Si Estuviésemos Juntos,off+200/cold,2044,1988,-56,-44,5500,0,3,False,True,True,3,13,8.3,1.4,2.3,96.7,0,True
Bad Bunny - Si Estuviésemos Juntos,off+200/seeded_correct,2044,1991,-53,-44,5500,0,3,False,True,True,3,13,8.1,1.4,2.3,100.0,0,True
Bad Bunny - Si Estuviésemos Juntos,off+200/seeded_wrong_2s,2044,1989,-55,-44,5500,0,3,False,True,True,3,13,8.4,1.5,2.3,96.7,0,True
Bad Bunny - Si Estuviésemos Juntos,off-200/cold,1644,1588,-56,-44,5500,0,3,False,True,True,3,13,8.2,1.4,2.3,96.7,0,True
Bad Bunny - Si Estuviésemos Juntos,off-200/seeded_correct,1644,1591,-53,-44,5500,0,3,False,True,True,3,13,8.0,1.3,2.3,100.0,0,True
Bad Bunny - Si Estuviésemos Juntos,off-200/seeded_wrong_2s,1644,1589,-55,-44,5500,0,3,False,True,True,3,13,8.2,1.4,2.3,96.7,0,True
Bad Bunny - Si Estuviésemos Juntos,off+2s/cold,3844,3832,-12,-19,58500,0,3,False,False,True,10,13,55.6,1.7,6.1,64.7,0,True
Bad Bunny - Si Estuviésemos Juntos,off+2s/seeded_correct,3844,3791,-53,-44,4000,0,3,False,True,True,3,13,8.6,2.0,2.4,100.0,0,True
Bad Bunny - Si Estuviésemos Juntos,off+2s/seeded_wrong_2s,3844,3789,-55,-44,4000,0,3,False,True,True,3,13,8.3,1.9,2.3,97.6,0,True
Bad Bunny - Si Estuviésemos Juntos,off-2s/cold,-156,-215,-59,-94,8500,0,2,False,True,True,2,13,5.9,1.0,1.9,100.0,0,True
Bad Bunny - Si Estuviésemos Juntos,off-2s/seeded_correct,-156,-212,-56,-100,8500,0,2,False,True,True,2,13,5.7,0.9,1.9,100.0,0,True
Bad Bunny - Si Estuviésemos Juntos,off-2s/seeded_wrong_2s,-156,-215,-59,-100,8500,0,2,False,True,True,2,13,5.7,0.9,1.9,95.0,0,True
Bad Bunny - Si Estuviésemos Juntos,off+10s/cold,11844,11837,-7,6,104000,2,5,False,False,True,11,13,67.2,2.2,7.0,34.0,0,True
Bad Bunny - Si Estuviésemos Juntos,off+10s/second_play,11844,11780,-64,-57,2500,0,2,False,True,True,2,13,6.0,2.3,2.4,100.0,0,True
Bad Bunny - Si Estuviésemos Juntos,off+10s/seeded_correct,11844,11800,-44,-50,2500,0,2,False,True,True,2,13,5.9,2.3,2.4,100.0,0,True
Bad Bunny - Si Estuviésemos Juntos,off+10s/seeded_wrong_2s,11844,11799,-45,-50,2500,0,2,False,True,True,2,13,6.2,2.4,2.4,98.4,0,True
Bad Bunny - Si Estuviésemos Juntos,off-10s/cold,-8156,3002,11158,33481,,2,2,False,False,True,12,13,56.5,3.5,6.8,0.0,0,False
Bad Bunny - Si Estuviésemos Juntos,off-10s/second_play,-8156,3001,11157,11157,,2,2,False,False,False,13,13,58.7,2.7,7.4,0.0,0,False
Bad Bunny - Si Estuviésemos Juntos,off-10s/seeded_correct,-8156,2999,11155,-100,16000,1,1,False,True,False,13,13,62.0,3.1,8.1,100.0,0,False
Bad Bunny - Si Estuviésemos Juntos,off-10s/seeded_wrong_2s,-8156,2999,11155,-100,16000,1,1,False,True,False,13,13,61.2,3.1,7.4,91.0,0,False
Bad Bunny - Si Estuviésemos Juntos,off+25s/cold,26844,26799,-45,-44,27500,0,3,False,False,True,4,13,36.5,2.2,4.6,80.7,0,True
Bad Bunny - Si Estuviésemos Juntos,off+25s/second_play,26844,26799,-45,-45,2500,0,1,False,True,True,1,13,4.8,2.4,2.9,100.0,0,True
Bad Bunny - Si Estuviésemos Juntos,off+25s/seeded_correct,26844,26798,-46,-50,2500,0,1,False,True,True,1,13,4.7,2.4,2.8,100.0,0,True
Bad Bunny - Si Estuviésemos Juntos,off+25s/seeded_wrong_2s,26844,26799,-45,-50,2500,0,2,False,True,True,2,13,7.8,2.9,3.1,98.2,0,True
Bad Bunny - Si Estuviésemos Juntos,off-25s/cold,-23156,-848,22308,22308,,3,3,False,False,True,13,13,53.5,3.9,6.8,0.0,0,False
Bad Bunny - Si Estuviésemos Juntos,off-25s/second_play,-23156,-848,22308,22308,,3,3,False,False,True,13,13,51.0,4.0,6.8,0.0,0,False
Bad Bunny - Si Estuviésemos Juntos,off-25s/seeded_correct,-23156,-850,22306,22306,,2,2,False,False,True,13,13,49.9,3.9,6.6,70.9,0,False
Bad Bunny - Si Estuviésemos Juntos,off-25s/seeded_wrong_2s,-23156,-850,22306,22306,,2,2,False,False,True,13,13,50.1,3.9,6.7,0.0,0,False
Bad Bunny - Si Estuviésemos Juntos,noise0/cold,1844,1788,-56,-44,5500,0,3,False,True,True,3,13,8.1,1.4,2.2,96.7,0,True
Bad Bunny - Si Estuviésemos Juntos,noise0/seeded_correct,1844,1790,-54,-44,5500,0,3,False,True,True,3,13,7.8,1.4,2.2,100.0,0,True
Bad Bunny - Si Estuviésemos Juntos,noise0/seeded_wrong_2s,1844,1789,-55,-44,5500,0,3,False,True,True,3,13,7.8,1.3,2.1,96.7,0,True
Bad Bunny - Si Estuviésemos Juntos,noise-2s/cold,-156,-215,-59,-94,8500,0,2,False,True,True,2,13,6.6,0.9,1.8,100.0,0,True
Bad Bunny - Si Estuviésemos Juntos,noise-2s/seeded_correct,-156,-212,-56,-100,8500,0,2,False,True,True,2,13,6.3,0.9,1.8,100.0,0,True
Bad Bunny - Si Estuviésemos Juntos,noise-2s/seeded_wrong_2s,-156,-215,-59,-100,8500,0,2,False,True,True,2,13,6.3,0.9,1.8,95.0,0,True
Bad Bunny - Si Estuviésemos Juntos,cutin5s/cold,6844,6795,-49,-69,4000,0,4,False,True,True,4,13,11.0,2.1,2.9,97.5,0,True
Bad Bunny - Si Estuviésemos Juntos,cutin5s/second_play,6844,6796,-48,-75,4000,0,4,False,True,True,4,13,10.0,1.9,2.7,100.0,0,True
Bad Bunny - Si Estuviésemos Juntos,cutin5s/seeded_correct,6844,6796,-48,-75,4000,0,4,False,True,True,4,13,10.0,1.9,2.7,100.0,0,True
Bad Bunny - Si Estuviésemos Juntos,cutin5s/seeded_wrong_2s,6844,6796,-48,-75,4000,0,4,False,True,True,4,13,9.9,1.9,2.7,97.5,0,True
Bad Bunny - Si Estuviésemos Juntos,cutin15s/cold,16844,16800,-44,-44,4000,0,2,False,True,True,3,13,9.1,2.2,2.7,97.4,0,True
Bad Bunny - Si Estuviésemos Juntos,cutin15s/second_play,16844,16800,-44,-44,4000,0,2,False,True,True,3,13,6.9,1.7,2.2,100.0,0,True
Bad Bunny - Si Estuviésemos Juntos,cutin15s/seeded_correct,16844,16800,-44,-50,4000,0,3,False,True,True,3,13,7.2,1.7,2.3,100.0,0,True
Bad Bunny - Si Estuviésemos Juntos,cutin15s/seeded_wrong_2s,16844,16799,-45,-50,4000,0,2,False,True,True,3,13,6.8,1.6,2.2,97.4,0,True
Bad Bunny - Si Estuviésemos Juntos,cutin25s/cold,26844,26800,-44,-44,4000,0,2,False,True,True,4,13,15.3,3.0,3.8,97.2,0,True
Bad Bunny - Si Estuviésemos Juntos,cutin25s/second_play,26844,26800,-44,-44,4000,0,2,False,True,True,4,13,11.8,1.8,3.8,100.0,0,True
Bad Bunny - Si Estuviésemos Juntos,cutin25s/seeded_correct,26844,26800,-44,-50,4000,0,2,False,True,True,4,13,11.7,1.8,3.8,100.0,0,True
Bad Bunny - Si Estuviésemos Juntos,cutin25s/seeded_wrong_2s,26844,26799,-45,-50,4000,0,2,False,True,True,4,13,11.6,1.7,3.7,97.2,0,True
Bad Bunny - Si Estuviésemos Juntos,blend8s/cold,1844,1799,-45,-44,21000,0,2,False,False,True,3,13,16.7,1.2,2.2,87.5,0,True
Bad Bunny - Si Estuviésemos Juntos,blend8s/seeded_correct,1844,1801,-43,-44,16000,0,2,False,False,True,3,13,16.2,1.2,2.2,100.0,0,True
Bad Bunny - Si Estuviésemos Juntos,blend8s/seeded_wrong_2s,1844,1801,-43,-44,27500,0,2,False,False,True,3,13,16.2,1.2,2.1,83.6,0,True
Bad Bunny - Si Estuviésemos Juntos,midshift+1.5s/cold,1844,1788,-1556,-1544,5500,1,3,False,True,True,3,13,8.9,1.5,2.4,32.8,0,False
Bad Bunny - Si Estuviésemos Juntos,midshift+1.5s/seeded_correct,1844,1791,-1553,-1544,5500,1,3,False,True,True,3,13,8.1,1.4,2.3,36.1,0,False
Bad Bunny - Si Estuviésemos Juntos,midshift+1.5s/seeded_wrong_2s,1844,1789,-1555,-1544,5500,1,3,False,True,True,3,13,8.2,1.5,2.2,32.8,0,False
Bad Bunny - Si Estuviésemos Juntos,midshift-1.5s/cold,1844,1788,1444,1456,5500,1,3,False,True,True,3,13,8.9,1.6,2.4,32.2,0,False
Bad Bunny - Si Estuviésemos Juntos,midshift-1.5s/seeded_correct,1844,1791,1447,1456,5500,1,3,False,True,True,3,13,8.8,1.6,2.4,35.5,0,False
Bad Bunny - Si Estuviésemos Juntos,midshift-1.5s/seeded_wrong_2s,1844,1789,1445,1456,5500,1,3,False,True,True,3,13,8.8,1.5,2.5,32.2,0,False
