stem,scenario,expected_offset_ms,final_stored_offset_ms,final_stored_error_ms,engine_final_error_ms,time_to_first_correct_lock_ms,wrong_lock_events,n_saves,anchor_matched,progressive_matched,locked_via_stop,windows_evaluated,windows_planned,cpu_ms_total,cpu_ms_p50,cpu_ms_p95,engine_correct_time_pct,monitor_recoveries,correct
Bad Bunny - EoO,off0/cold,-1075,-1041,34,25,16000,0,2,True,True,True,2,21,778.5,2.3,4.0,92.2,0,True
Bad Bunny - EoO,off0/seeded_correct,-1075,-1061,14,25,16000,0,1,False,True,True,2,21,212.6,2.3,4.0,100.0,0,True
Bad Bunny - EoO,off0/seeded_wrong_2s,-1075,-1057,18,25,16000,0,1,False,True,True,2,21,212.6,2.2,4.0,92.2,0,True
Bad Bunny - EoO,off+200/cold,-875,-846,29,0,14500,0,3,True,True,True,1,21,218.0,2.3,4.2,92.9,0,True
Bad Bunny - EoO,off+200/seeded_correct,-875,-872,3,0,14500,0,2,False,True,True,1,21,216.3,2.2,4.1,100.0,0,True
Bad Bunny - EoO,off+200/seeded_wrong_2s,-875,-872,3,0,14500,0,2,False,True,True,1,21,217.2,2.2,4.1,92.9,0,True
Bad Bunny - EoO,off-200/cold,-1275,-1244,31,25,16000,0,2,True,True,True,2,21,216.2,2.3,4.0,92.2,0,True
Bad Bunny - EoO,off-200/seeded_correct,-1275,-1265,10,25,16000,0,1,False,True,True,2,21,213.3,2.3,4.0,100.0,0,True
Bad Bunny - EoO,off-200/seeded_wrong_2s,-1275,-1262,13,25,16000,0,1,False,True,True,2,21,218.7,2.4,4.0,92.2,0,True
Bad Bunny - EoO,off+2s/cold,925,954,29,0,13000,0,3,True,True,True,1,21,216.7,2.3,4.5,93.6,0,True
Bad Bunny - EoO,off+2s/seeded_correct,925,927,2,0,13000,0,2,False,True,True,1,21,210.6,2.2,4.2,100.0,0,True
Bad Bunny - EoO,off+2s/seeded_wrong_2s,925,928,3,0,13000,0,2,False,True,True,1,21,211.1,2.2,4.2,93.6,0,True
Bad Bunny - EoO,off-2s/cold,-3075,-3044,31,0,17500,0,2,True,True,True,3,21,220.3,2.3,4.3,91.5,0,True
Bad Bunny - EoO,off-2s/seeded_correct,-3075,-3074,1,0,17500,0,1,False,True,True,3,21,220.8,2.3,4.4,100.0,0,True
Bad Bunny - EoO,off-2s/seeded_wrong_2s,-3075,-3073,2,0,17500,0,1,False,True,True,3,21,217.6,2.3,4.2,91.5,0,True
Bad Bunny - EoO,off+10s/cold,8925,8925,0,0,77250,0,2,False,False,False,21,21,199.2,4.0,9.5,60.4,0,True
Bad Bunny - EoO,off+10s/second_play,8925,8928,3,0,5500,0,2,False,True,True,1,21,208.7,2.5,4.2,100.0,0,True
Bad Bunny - EoO,off+10s/seeded_correct,8925,8927,2,0,5500,0,2,False,True,True,1,21,205.1,2.6,4.2,100.0,0,True
Bad Bunny - EoO,off+10s/seeded_wrong_2s,8925,8928,3,0,5500,0,2,False,True,True,1,21,208.1,2.6,4.1,97.2,0,True
Bad Bunny - EoO,off-10s/cold,-11075,7775,18850,18850,,2,2,False,False,False,23,21,226.8,4.0,8.8,0.0,2,False
Bad Bunny - EoO,off-10s/second_play,-11075,7775,18850,18850,,2,2,False,False,False,23,21,222.8,4.0,8.8,0.0,2,False
Bad Bunny - EoO,off-10s/seeded_correct,-11075,7775,18850,0,25000,2,2,False,True,False,21,21,206.2,4.0,8.2,100.0,0,False
Bad Bunny - EoO,off-10s/seeded_wrong_2s,-11075,7775,18850,0,25000,2,2,False,True,False,21,21,200.6,4.0,8.0,88.4,0,False
Bad Bunny - EoO,off+25s/cold,23925,23926,1,0,77250,0,4,False,False,True,10,21,246.4,3.2,5.7,57.1,0,True
Bad Bunny - EoO,off+25s/second_play,23925,23929,4,5,2500,0,2,False,True,True,1,21,219.9,2.9,4.8,100.0,0,True
Bad Bunny - EoO,off+25s/seeded_correct,23925,23927,2,0,2500,0,2,False,True,True,1,21,204.7,2.8,4.2,100.0,0,True
Bad Bunny - EoO,off+25s/seeded_wrong_2s,23925,23928,3,0,2500,0,2,False,True,True,1,21,202.6,2.7,4.2,98.6,0,True
Bad Bunny - EoO,off-25s/cold,-26075,11575,37650,37650,,1,1,False,False,False,23,21,233.4,4.0,8.2,0.0,2,False
Bad Bunny - EoO,off-25s/second_play,-26075,11575,37650,37650,,1,1,False,False,False,23,21,226.1,3.9,8.1,0.0,2,False
Bad Bunny - EoO,off-25s/seeded_correct,-26075,11575,37650,37650,,1,1,False,False,False,23,21,223.5,4.0,8.1,74.7,2,False
Bad Bunny - EoO,off-25s/seeded_wrong_2s,-26075,11575,37650,37650,,1,1,False,False,False,23,21,228.4,4.0,8.2,0.0,2,False
Bad Bunny - EoO,noise0/cold,-1075,-1041,34,25,8500,0,2,True,True,True,2,21,211.7,2.4,4.2,95.9,0,True
Bad Bunny - EoO,noise0/seeded_correct,-1075,-1060,15,25,8500,0,1,False,True,True,2,21,220.4,2.4,4.3,100.0,0,True
Bad Bunny - EoO,noise0/seeded_wrong_2s,-1075,-1057,18,25,8500,0,1,False,True,True,2,21,240.0,2.4,5.1,95.9,0,True
Bad Bunny - EoO,noise-2s/cold,-3075,-3044,31,25,11500,0,1,True,True,True,3,21,215.4,2.4,4.0,94.4,0,True
Bad Bunny - EoO,noise-2s/seeded_correct,-3075,-3064,11,25,11500,0,1,False,True,True,3,21,213.7,2.4,4.0,100.0,0,True
Bad Bunny - EoO,noise-2s/seeded_wrong_2s,-3075,-1075,2000,25,11500,0,0,False,True,True,3,21,215.9,2.4,4.1,94.4,0,False
Bad Bunny - EoO,cutin5s/cold,3925,3930,5,0,10000,0,3,True,True,True,1,21,208.7,2.4,4.0,95.0,0,True
Bad Bunny - EoO,cutin5s/second_play,3925,3929,4,5,10000,0,2,False,True,True,1,21,208.2,2.4,4.1,100.0,0,True
Bad Bunny - EoO,cutin5s/seeded_correct,3925,3927,2,0,10000,0,2,False,True,True,1,21,208.2,2.3,4.0,100.0,0,True
Bad Bunny - EoO,cutin5s/seeded_wrong_2s,3925,3927,2,0,10000,0,2,False,True,True,1,21,206.7,2.3,4.0,95.0,0,True
Bad Bunny - EoO,cutin15s/cold,13925,13938,13,25,4000,0,2,False,True,True,1,21,200.2,2.6,4.1,97.9,0,True
Bad Bunny - EoO,cutin15s/second_play,13925,13947,22,13,4000,0,2,False,True,True,1,21,197.3,2.5,4.2,100.0,0,True
Bad Bunny - EoO,cutin15s/seeded_correct,13925,13935,10,25,4000,0,2,False,True,True,1,21,195.6,2.4,4.1,100.0,0,True
Bad Bunny - EoO,cutin15s/seeded_wrong_2s,13925,13938,13,25,4000,0,2,False,True,True,1,21,198.1,2.4,4.3,97.9,0,True
Bad Bunny - EoO,cutin25s/cold,23925,23930,5,0,20500,0,2,False,True,True,2,21,211.5,2.5,3.8,88.6,0,True
Bad Bunny - EoO,cutin25s/second_play,23925,23929,4,5,4000,0,2,False,True,True,1,21,178.3,2.4,3.8,100.0,0,True
Bad Bunny - EoO,cutin25s/seeded_correct,23925,23928,3,0,17500,0,2,False,True,True,1,21,190.5,2.2,4.0,100.0,0,True
Bad Bunny - EoO,cutin25s/seeded_wrong_2s,23925,23930,5,0,16000,0,2,False,True,True,2,21,189.6,2.4,3.9,91.1,0,True
Bad Bunny - EoO,blend8s/cold,-1075,-1041,34,25,16000,0,2,True,True,True,2,21,238.2,2.5,4.4,92.2,0,True
Bad Bunny - EoO,blend8s/seeded_correct,-1075,-1061,14,25,16000,0,1,False,True,True,2,21,234.7,2.4,4.5,100.0,0,True
Bad Bunny - EoO,blend8s/seeded_wrong_2s,-1075,-1057,18,25,16000,0,1,False,True,True,2,21,233.9,2.6,4.5,92.2,0,True
Bad Bunny - EoO,midshift+1.5s/cold,-1075,454,29,0,16000,0,5,True,True,True,5,21,241.7,3.4,5.6,83.7,1,True
Bad Bunny - EoO,midshift+1.5s/seeded_correct,-1075,432,7,25,16000,0,10,False,True,True,12,21,243.7,3.4,10.2,71.2,1,True
Bad Bunny - EoO,midshift+1.5s/seeded_wrong_2s,-1075,433,8,25,16000,0,10,False,True,True,12,21,238.6,3.3,9.6,83.7,1,True
Bad Bunny - EoO,midshift-1.5s/cold,-1075,-2546,29,0,16000,0,4,True,True,True,5,21,233.8,3.2,5.5,83.9,1,True
Bad Bunny - EoO,midshift-1.5s/seeded_correct,-1075,-2575,0,0,16000,0,3,False,True,True,15,21,220.1,2.3,9.4,91.6,1,True
Bad Bunny - EoO,midshift-1.5s/seeded_wrong_2s,-1075,-2575,0,0,16000,0,3,False,True,True,15,21,221.5,2.1,9.3,83.9,1,True
Bad Bunny - A Tu Merced,off0/cold,-1050,-1051,-1,-3,13000,0,3,True,True,True,1,10,198.2,2.4,4.1,92.6,0,True
Bad Bunny - A Tu Merced,off0/seeded_correct,-1050,-1051,-1,0,13000,0,2,False,True,True,1,10,201.4,2.3,4.1,100.0,0,True
Bad Bunny - A Tu Merced,off0/seeded_wrong_2s,-1050,-1051,-1,0,13000,0,2,False,True,True,1,10,210.9,2.7,4.2,92.6,0,True
Bad Bunny - A Tu Merced,off+200/cold,-850,-851,-1,-1,11500,0,3,True,True,True,1,10,200.6,2.4,3.9,93.5,0,True
Bad Bunny - A Tu Merced,off+200/seeded_correct,-850,-850,0,0,11500,0,2,False,True,True,1,10,201.6,2.4,4.1,100.0,0,True
Bad Bunny - A Tu Merced,off+200/seeded_wrong_2s,-850,-850,0,0,11500,0,2,False,True,True,1,10,204.5,2.5,4.1,93.5,0,True
Bad Bunny - A Tu Merced,off-200/cold,-1250,-1252,-2,0,13000,0,3,True,True,True,1,10,211.3,2.6,4.1,92.6,0,True
Bad Bunny - A Tu Merced,off-200/seeded_correct,-1250,-1250,0,0,13000,0,2,False,True,True,1,10,197.7,2.3,3.9,100.0,0,True
Bad Bunny - A Tu Merced,off-200/seeded_wrong_2s,-1250,-1250,0,0,13000,0,2,False,True,True,1,10,204.1,2.4,4.3,92.6,0,True
Bad Bunny - A Tu Merced,off+2s/cold,950,950,0,0,10000,0,3,True,True,True,1,10,197.5,2.4,4.0,94.3,0,True
Bad Bunny - A Tu Merced,off+2s/seeded_correct,950,950,0,0,10000,0,2,False,True,True,1,10,198.2,2.3,4.1,100.0,0,True
Bad Bunny - A Tu Merced,off+2s/seeded_wrong_2s,950,950,0,0,10000,0,2,False,True,True,1,10,197.4,2.4,4.0,94.3,0,True
Bad Bunny - A Tu Merced,off-2s/cold,-3050,-3052,-2,0,14500,0,5,True,True,True,5,10,206.9,2.7,4.7,91.9,0,True
Bad Bunny - A Tu Merced,off-2s/seeded_correct,-3050,-3050,0,0,14500,0,2,False,True,True,5,10,192.5,2.5,4.1,100.0,0,True
Bad Bunny - A Tu Merced,off-2s/seeded_wrong_2s,-3050,-3050,0,0,14500,0,2,False,True,True,5,10,193.7,2.6,4.2,91.9,0,True
Bad Bunny - A Tu Merced,off+10s/cold,8950,8951,1,0,44250,0,3,False,False,True,5,10,218.8,3.0,4.2,73.4,0,True
Bad Bunny - A Tu Merced,off+10s/second_play,8950,8950,0,1,2500,0,2,False,True,True,1,10,189.8,2.6,4.1,100.0,0,True
Bad Bunny - A Tu Merced,off+10s/seeded_correct,8950,8950,0,0,2500,0,2,False,True,True,1,10,191.3,2.5,4.1,100.0,0,True
Bad Bunny - A Tu Merced,off+10s/seeded_wrong_2s,8950,8950,0,0,2500,0,2,False,True,True,1,10,189.2,2.6,4.0,98.5,0,True
Bad Bunny - A Tu Merced,off-10s/cold,-11050,20250,31300,31300,,1,1,False,False,False,10,10,178.8,3.2,5.9,0.0,0,False
Bad Bunny - A Tu Merced,off-10s/second_play,-11050,20250,31300,31300,,1,1,False,False,False,10,10,172.3,3.1,5.7,0.0,0,False
Bad Bunny - A Tu Merced,off-10s/seeded_correct,-11050,20250,31300,31300,,1,1,False,True,False,10,10,172.0,3.2,5.9,49.5,0,False
Bad Bunny - A Tu Merced,off-10s/seeded_wrong_2s,-11050,20250,31300,31300,,1,1,False,True,False,10,10,171.6,3.2,5.9,37.7,0,False
Bad Bunny - A Tu Merced,off+25s/cold,23950,23951,1,0,44250,0,3,False,False,True,5,10,213.8,3.0,4.4,70.8,0,True
Bad Bunny - A Tu Merced,off+25s/second_play,23950,23950,0,1,2500,0,2,False,True,True,1,10,180.8,2.7,4.0,100.0,0,True
Bad Bunny - A Tu Merced,off+25s/seeded_correct,23950,23950,0,0,2500,0,2,False,True,True,1,10,180.9,2.7,4.2,100.0,0,True
Bad Bunny - A Tu Merced,off+25s/seeded_wrong_2s,23950,23950,0,0,2500,0,2,False,True,True,1,10,184.5,2.8,4.1,98.3,0,True
Bad Bunny - A Tu Merced,off-25s/cold,-26050,26125,52175,52175,,3,3,False,False,False,10,10,178.5,3.2,5.3,0.0,0,False
Bad Bunny - A Tu Merced,off-25s/second_play,-26050,26125,52175,52175,,3,3,False,False,False,10,10,176.0,3.2,5.1,0.0,0,False
Bad Bunny - A Tu Merced,off-25s/seeded_correct,-26050,26125,52175,52175,,3,3,False,False,False,10,10,175.2,3.2,5.0,45.8,0,False
Bad Bunny - A Tu Merced,off-25s/seeded_wrong_2s,-26050,26125,52175,52175,,3,3,False,False,False,10,10,178.8,3.3,5.1,0.0,0,False
Bad Bunny - A Tu Merced,noise0/cold,-1050,-1052,-2,-3,8500,0,3,True,True,True,1,10,188.6,2.2,3.8,95.2,0,True
Bad Bunny - A Tu Merced,noise0/seeded_correct,-1050,-1051,-1,0,8500,0,2,False,True,True,1,10,189.0,2.2,3.8,100.0,0,True
Bad Bunny - A Tu Merced,noise0/seeded_wrong_2s,-1050,-1050,0,0,8500,0,3,False,True,True,2,10,189.3,2.3,3.8,95.2,0,True
Bad Bunny - A Tu Merced,noise-2s/cold,-3050,-3053,-3,0,11500,0,2,True,True,True,2,10,191.0,2.3,3.8,93.6,0,True
Bad Bunny - A Tu Merced,noise-2s/seeded_correct,-3050,-3050,0,0,11500,0,1,False,True,True,2,10,191.0,2.3,3.8,100.0,0,True
Bad Bunny - A Tu Merced,noise-2s/seeded_wrong_2s,-3050,-3050,0,0,11500,0,2,False,True,True,3,10,194.9,2.3,4.0,93.6,0,True
Bad Bunny - A Tu Merced,cutin5s/cold,3950,3948,-2,0,7000,0,3,True,True,True,1,10,180.4,2.3,3.8,95.9,0,True
Bad Bunny - A Tu Merced,cutin5s/second_play,3950,3949,-1,-2,7000,0,2,False,True,True,1,10,182.2,2.4,3.8,100.0,0,True
Bad Bunny - A Tu Merced,cutin5s/seeded_correct,3950,3949,-1,0,7000,0,2,False,True,True,1,10,179.3,2.3,3.8,100.0,0,True
Bad Bunny - A Tu Merced,cutin5s/seeded_wrong_2s,3950,3949,-1,0,7000,0,2,False,True,True,1,10,180.2,2.3,3.9,95.9,0,True
Bad Bunny - A Tu Merced,cutin15s/cold,13950,13950,0,0,4000,0,2,False,True,True,1,10,156.3,2.2,3.4,97.5,0,True
Bad Bunny - A Tu Merced,cutin15s/second_play,13950,13950,0,0,4000,0,2,False,True,True,1,10,165.9,2.2,5.1,100.0,0,True
Bad Bunny - A Tu Merced,cutin15s/seeded_correct,13950,13950,0,0,4000,0,2,False,True,True,1,10,155.4,2.2,3.4,100.0,0,True
Bad Bunny - A Tu Merced,cutin15s/seeded_wrong_2s,13950,13950,0,0,4000,0,2,False,True,True,1,10,154.7,2.2,3.4,97.5,0,True
Bad Bunny - A Tu Merced,cutin25s/cold,23950,23952,2,0,4000,0,2,False,True,True,2,10,151.9,2.3,3.6,97.4,0,True
Bad Bunny - A Tu Merced,cutin25s/second_play,23950,23952,2,2,4000,0,2,False,True,True,2,10,146.8,2.3,3.5,100.0,0,True
Bad Bunny - A Tu Merced,cutin25s/seeded_correct,23950,23952,2,0,4000,0,2,False,True,True,2,10,150.0,2.3,3.7,100.0,0,True
Bad Bunny - A Tu Merced,cutin25s/seeded_wrong_2s,23950,23952,2,0,4000,0,2,False,True,True,2,10,146.0,2.3,3.4,97.4,0,True
Bad Bunny - A Tu Merced,blend8s/cold,-1050,-1052,-2,-3,22850,0,3,True,True,True,1,10,213.8,2.1,4.0,87.0,0,True
Bad Bunny - A Tu Merced,blend8s/seeded_correct,-1050,-1051,-1,0,25000,0,2,False,True,True,1,10,214.4,2.1,4.1,100.0,0,True
Bad Bunny - A Tu Merced,blend8s/seeded_wrong_2s,-1050,-1050,0,0,25000,0,3,False,True,True,2,10,215.4,2.1,4.0,85.8,0,True
Bad Bunny - A Tu Merced,midshift+1.5s/cold,-1050,453,3,0,13000,0,5,True,True,True,4,10,216.2,3.0,5.1,78.0,1,True
Bad Bunny - A Tu Merced,midshift+1.5s/seeded_correct,-1050,452,2,0,13000,0,3,False,True,True,4,10,204.7,2.9,4.8,81.6,1,True
Bad Bunny - A Tu Merced,midshift+1.5s/seeded_wrong_2s,-1050,455,5,7,13000,0,4,False,True,True,4,10,206.2,2.9,4.9,78.0,1,True
Bad Bunny - A Tu Merced,midshift-1.5s/cold,-1050,-2553,-3,0,13000,0,4,True,True,True,5,10,196.6,3.0,5.1,78.4,1,True
Bad Bunny - A Tu Merced,midshift-1.5s/seeded_correct,-1050,-2554,-4,0,13000,0,3,False,True,True,5,10,196.0,3.2,4.9,85.7,1,True
Bad Bunny - A Tu Merced,midshift-1.5s/seeded_wrong_2s,-1050,-2542,8,0,13000,0,3,False,True,True,5,10,187.0,3.1,4.7,78.4,1,True
Bad Bunny - KLOuFRENS,off0/cold,-950,-952,-2,-3,44000,0,4,True,True,True,4,12,253.8,2.8,4.6,77.9,1,True
Bad Bunny - KLOuFRENS,off0/seeded_correct,-950,-951,-1,0,36000,0,4,False,True,True,4,12,257.1,2.8,4.9,85.4,1,True
Bad Bunny - KLOuFRENS,off0/seeded_wrong_2s,-950,-951,-1,0,44000,0,3,False,True,True,4,12,253.5,2.8,4.9,77.9,1,True
Bad Bunny - KLOuFRENS,off+200/cold,-750,-751,-1,0,44000,0,4,True,True,True,4,12,255.4,2.8,4.6,77.9,1,True
Bad Bunny - KLOuFRENS,off+200/seeded_correct,-750,-751,-1,0,36000,0,4,False,True,True,4,12,260.0,2.9,4.9,85.4,1,True
Bad Bunny - KLOuFRENS,off+200/seeded_wrong_2s,-750,-752,-2,0,44000,0,3,False,True,True,4,12,254.5,2.9,4.8,77.9,1,True
Bad Bunny - KLOuFRENS,off-200/cold,-1150,-1152,-2,0,44000,0,4,True,True,True,4,12,260.0,2.8,4.9,77.9,1,True
Bad Bunny - KLOuFRENS,off-200/seeded_correct,-1150,-1148,2,0,62500,0,4,False,True,True,5,12,254.0,3.1,4.9,72.9,1,True
Bad Bunny - KLOuFRENS,off-200/seeded_wrong_2s,-1150,-1147,3,0,44000,0,4,False,True,True,5,12,245.6,3.0,4.9,77.9,1,True
Bad Bunny - KLOuFRENS,off+2s/cold,1050,1050,0,0,44000,0,4,True,True,True,4,12,257.2,3.0,4.9,77.7,1,True
Bad Bunny - KLOuFRENS,off+2s/seeded_correct,1050,1049,-1,0,36000,0,3,False,True,True,3,12,258.9,2.8,4.7,84.5,1,True
Bad Bunny - KLOuFRENS,off+2s/seeded_wrong_2s,1050,1048,-2,0,44000,0,3,False,True,True,4,12,254.2,2.9,4.8,77.7,1,True
Bad Bunny - KLOuFRENS,off-2s/cold,-2950,-2953,-3,0,68000,0,4,True,True,True,6,12,250.8,3.0,4.8,66.2,1,True
Bad Bunny - KLOuFRENS,off-2s/seeded_correct,-2950,-2952,-2,0,50000,0,3,False,True,True,5,12,260.8,3.1,4.7,80.1,1,True
Bad Bunny - KLOuFRENS,off-2s/seeded_wrong_2s,-2950,28350,31300,0,120000,3,4,False,True,False,13,12,238.8,3.7,6.6,40.3,1,False
Bad Bunny - KLOuFRENS,off+10s/cold,9050,9047,-3,0,45000,0,5,False,False,True,8,12,270.6,3.3,5.5,76.2,0,True
Bad Bunny - KLOuFRENS,off+10s/second_play,9050,9049,-1,0,36000,0,3,False,True,True,3,12,250.5,3.0,4.7,82.3,1,True
Bad Bunny - KLOuFRENS,off+10s/seeded_correct,9050,9049,-1,0,36000,0,3,False,True,True,3,12,249.9,2.9,4.8,82.3,1,True
Bad Bunny - KLOuFRENS,off+10s/seeded_wrong_2s,9050,9048,-2,0,44000,0,3,False,True,True,4,12,253.9,3.1,5.1,76.7,1,True
Bad Bunny - KLOuFRENS,off-10s/cold,-10950,20352,31302,31300,,2,2,False,False,True,13,12,262.8,3.6,6.1,0.0,2,False
Bad Bunny - KLOuFRENS,off-10s/second_play,-10950,20351,31301,31302,,2,2,False,False,True,12,12,261.4,3.4,5.5,0.0,2,False
Bad Bunny - KLOuFRENS,off-10s/seeded_correct,-10950,20350,31300,0,116000,3,4,False,True,True,13,12,248.5,3.6,6.3,52.9,1,False
Bad Bunny - KLOuFRENS,off-10s/seeded_wrong_2s,-10950,20350,31300,0,116000,3,4,False,True,True,13,12,246.4,3.6,6.1,44.5,1,False
Bad Bunny - KLOuFRENS,off+25s/cold,24050,24048,-2,0,45000,0,3,False,False,True,5,12,286.5,3.5,6.7,74.1,0,True
Bad Bunny - KLOuFRENS,off+25s/second_play,24050,24049,-1,-2,4000,0,2,False,True,True,1,12,236.2,3.1,4.7,100.0,0,True
Bad Bunny - KLOuFRENS,off+25s/seeded_correct,24050,24050,0,0,4000,0,2,False,True,True,1,12,237.2,3.2,4.8,100.0,0,True
Bad Bunny - KLOuFRENS,off+25s/seeded_wrong_2s,24050,24050,0,0,4000,0,2,False,True,True,1,12,243.8,3.0,5.0,97.7,0,True
Bad Bunny - KLOuFRENS,off-25s/cold,-25950,5352,31302,31300,,2,2,False,False,True,13,12,260.6,3.5,5.8,0.0,2,False
Bad Bunny - KLOuFRENS,off-25s/second_play,-25950,5351,31301,31302,,2,2,False,False,True,12,12,261.2,3.5,5.4,0.0,2,False
Bad Bunny - KLOuFRENS,off-25s/seeded_correct,-25950,5351,31301,31300,,2,2,False,False,True,14,12,258.7,3.5,5.7,27.9,2,False
Bad Bunny - KLOuFRENS,off-25s/seeded_wrong_2s,-25950,5351,31301,31300,,2,2,False,False,True,14,12,256.1,3.6,5.7,0.0,2,False
Bad Bunny - KLOuFRENS,noise0/cold,-950,-952,-2,-3,44000,0,4,True,True,True,4,12,243.4,2.8,4.4,77.9,1,True
Bad Bunny - KLOuFRENS,noise0/seeded_correct,-950,-951,-1,0,36000,0,4,False,True,True,4,12,240.0,2.7,4.4,85.4,1,True
Bad Bunny - KLOuFRENS,noise0/seeded_wrong_2s,-950,-951,-1,0,44000,0,3,False,True,True,4,12,242.6,2.7,4.5,77.9,1,True
Bad Bunny - KLOuFRENS,noise-2s/cold,-2950,-2953,-3,0,68000,0,4,True,True,True,6,12,238.6,3.1,4.6,66.2,1,True
Bad Bunny - KLOuFRENS,noise-2s/seeded_correct,-2950,-2952,-2,0,68000,0,4,False,True,True,10,12,219.3,3.4,5.3,71.1,1,True
Bad Bunny - KLOuFRENS,noise-2s/seeded_wrong_2s,-2950,28350,31300,0,120000,3,4,False,True,False,13,12,228.6,3.5,6.3,40.3,1,False
Bad Bunny - KLOuFRENS,cutin5s/cold,4050,4048,-2,-3,45000,0,4,True,True,True,4,12,243.1,2.9,4.6,76.8,0,True
Bad Bunny - KLOuFRENS,cutin5s/second_play,4050,4050,0,0,38500,0,4,False,True,True,4,12,235.8,2.9,4.6,82.2,0,True
Bad Bunny - KLOuFRENS,cutin5s/seeded_correct,4050,4049,-1,0,38500,0,3,False,True,True,4,12,237.6,3.0,4.6,82.2,0,True
Bad Bunny - KLOuFRENS,cutin5s/seeded_wrong_2s,4050,4049,-1,0,38500,0,3,False,True,True,4,12,240.7,2.9,4.7,80.2,0,True
Bad Bunny - KLOuFRENS,cutin15s/cold,14050,14050,0,0,4000,0,2,False,True,True,1,12,201.8,2.5,4.0,97.8,0,True
Bad Bunny - KLOuFRENS,cutin15s/second_play,14050,14050,0,0,4000,0,2,False,True,True,1,12,200.3,2.4,4.0,100.0,0,True
Bad Bunny - KLOuFRENS,cutin15s/seeded_correct,14050,14050,0,0,4000,0,2,False,True,True,1,12,202.2,2.5,4.2,100.0,0,True
Bad Bunny - KLOuFRENS,cutin15s/seeded_wrong_2s,14050,14050,0,0,4000,0,2,False,True,True,1,12,199.7,2.4,3.9,97.8,0,True
Bad Bunny - KLOuFRENS,cutin25s/cold,24050,24051,1,0,4000,0,2,False,True,True,2,12,198.5,2.8,4.0,97.7,0,True
Bad Bunny - KLOuFRENS,cutin25s/second_play,24050,24051,1,1,4000,0,3,False,True,True,2,12,192.8,2.6,4.0,100.0,0,True
Bad Bunny - KLOuFRENS,cutin25s/seeded_correct,24050,24051,1,0,4000,0,3,False,True,True,2,12,195.4,2.7,4.1,100.0,0,True
Bad Bunny - KLOuFRENS,cutin25s/seeded_wrong_2s,24050,24051,1,0,4000,0,2,False,True,True,2,12,191.8,2.5,4.0,97.7,0,True
Bad Bunny - KLOuFRENS,blend8s/cold,-950,-952,-2,-3,38500,0,5,True,True,True,4,12,255.0,2.8,4.8,80.7,0,True
Bad Bunny - KLOuFRENS,blend8s/seeded_correct,-950,-951,-1,0,38500,0,3,False,True,True,4,12,255.4,2.8,4.7,85.7,0,True
Bad Bunny - KLOuFRENS,blend8s/seeded_wrong_2s,-950,-951,-1,0,38500,0,4,False,True,True,4,12,250.5,2.8,4.7,80.7,0,True
Bad Bunny - KLOuFRENS,midshift+1.5s/cold,-950,-950,-1500,20675,,3,5,True,True,True,5,12,294.4,3.3,5.6,8.1,2,False
Bad Bunny - KLOuFRENS,midshift+1.5s/seeded_correct,-950,547,-3,0,93750,1,6,False,True,True,7,12,291.0,4.0,6.1,68.2,2,True
Bad Bunny - KLOuFRENS,midshift+1.5s/seeded_wrong_2s,-950,550,0,0,93750,1,5,False,True,True,7,12,276.6,3.6,5.7,60.6,2,True
Bad Bunny - KLOuFRENS,midshift-1.5s/cold,-950,-953,1497,0,68000,2,5,True,True,True,5,12,296.3,3.3,5.9,74.1,2,False
Bad Bunny - KLOuFRENS,midshift-1.5s/seeded_correct,-950,-2450,0,0,36000,0,5,False,True,True,10,12,275.3,3.9,6.7,81.5,2,True
Bad Bunny - KLOuFRENS,midshift-1.5s/seeded_wrong_2s,-950,-2450,0,0,44000,0,4,False,True,True,10,12,270.6,3.7,6.4,74.1,2,True
Bad Bunny - NADIE SABE,off0/cold,-1000,-1001,-1,-3,66875,2,5,True,True,True,4,8,762.6,7.9,10.6,82.3,2,True
Bad Bunny - NADIE SABE,off0/seeded_correct,-1000,-996,4,0,201500,2,5,False,True,True,5,8,634.9,8.6,11.2,48.4,2,True
Bad Bunny - NADIE SABE,off0/seeded_wrong_2s,-1000,-995,5,0,201500,2,5,False,True,True,5,8,634.0,8.8,10.9,46.5,2,True
Bad Bunny - NADIE SABE,off+200/cold,-800,-800,0,-1,66875,2,5,True,True,True,4,8,771.5,8.1,10.6,82.3,2,True
Bad Bunny - NADIE SABE,off+200/seeded_correct,-800,-795,5,0,201500,2,5,False,True,True,5,8,641.6,8.7,11.1,48.4,2,True
Bad Bunny - NADIE SABE,off+200/seeded_wrong_2s,-800,-795,5,0,201500,2,5,False,True,True,5,8,647.6,8.7,11.2,46.5,2,True
Bad Bunny - NADIE SABE,off-200/cold,-1200,-1203,-3,-6,66875,2,5,True,True,True,4,8,771.7,7.9,10.9,82.3,2,True
Bad Bunny - NADIE SABE,off-200/seeded_correct,-1200,-1195,5,0,201500,2,5,False,True,True,5,8,643.9,8.7,10.9,49.6,2,True
Bad Bunny - NADIE SABE,off-200/seeded_wrong_2s,-1200,-1195,5,0,201500,2,5,False,True,True,5,8,645.8,8.9,11.0,46.6,2,True
Bad Bunny - NADIE SABE,off+2s/cold,1000,1000,0,0,45000,2,5,True,True,True,5,8,771.4,8.1,10.9,88.0,2,True
Bad Bunny - NADIE SABE,off+2s/seeded_correct,1000,1002,2,0,45000,2,4,False,True,True,5,8,774.0,7.9,11.1,90.7,2,True
Bad Bunny - NADIE SABE,off+2s/seeded_wrong_2s,1000,1002,2,0,45000,2,4,False,True,True,5,8,785.8,8.2,11.1,88.0,2,True
Bad Bunny - NADIE SABE,off-2s/cold,-3000,-3003,-3,-6,66875,2,5,True,True,True,5,8,782.8,7.7,11.0,82.4,2,True
Bad Bunny - NADIE SABE,off-2s/seeded_correct,-3000,-2998,2,0,201500,2,4,False,True,True,8,8,344.6,9.6,15.1,50.3,2,True
Bad Bunny - NADIE SABE,off-2s/seeded_wrong_2s,-3000,-2998,2,0,201500,2,4,False,True,True,8,8,353.3,10.1,15.8,46.8,2,True
Bad Bunny - NADIE SABE,off+10s/cold,9000,9005,5,0,201500,0,3,False,False,True,7,8,306.0,9.9,12.9,45.1,0,True
Bad Bunny - NADIE SABE,off+10s/second_play,9000,8999,-1,-4,45000,1,4,False,True,True,5,8,740.4,8.2,11.0,88.4,1,True
Bad Bunny - NADIE SABE,off+10s/seeded_correct,9000,9000,0,0,45000,1,4,False,True,True,5,8,736.1,8.1,11.2,88.4,1,True
Bad Bunny - NADIE SABE,off+10s/seeded_wrong_2s,9000,9000,0,0,45000,1,3,False,True,True,5,8,740.6,8.1,11.1,87.7,1,True
Bad Bunny - NADIE SABE,off-10s/cold,-11000,,,11000,,0,0,False,False,False,8,8,370.0,9.9,14.0,0.0,0,False
Bad Bunny - NADIE SABE,off-10s/second_play,-11000,,,11000,,0,0,False,False,False,8,8,373.8,10.0,15.3,0.0,0,False
Bad Bunny - NADIE SABE,off-10s/seeded_correct,-11000,-11000,0,0,336000,0,0,False,True,False,9,8,397.8,10.3,19.2,18.9,1,True
Bad Bunny - NADIE SABE,off-10s/seeded_wrong_2s,-11000,-9000,2000,0,336000,0,0,False,True,False,9,8,392.3,10.0,18.8,13.2,1,False
Bad Bunny - NADIE SABE,off+25s/cold,24000,23998,-2,0,41000,0,3,False,False,True,5,8,716.7,7.9,11.2,88.4,0,True
Bad Bunny - NADIE SABE,off+25s/second_play,24000,23999,-1,0,30000,1,3,False,True,True,3,8,995.7,5.9,10.7,92.2,1,True
Bad Bunny - NADIE SABE,off+25s/seeded_correct,24000,23998,-2,0,30000,1,3,False,True,True,3,8,1000.9,6.0,10.6,92.2,1,True
Bad Bunny - NADIE SABE,off+25s/seeded_wrong_2s,24000,23997,-3,0,30000,1,4,False,True,True,4,8,1003.3,6.0,10.8,91.5,1,True
Bad Bunny - NADIE SABE,off-25s/cold,-26000,,,26000,,0,0,False,False,False,8,8,422.4,9.9,14.5,0.0,0,False
Bad Bunny - NADIE SABE,off-25s/second_play,-26000,,,26000,,0,0,False,False,False,8,8,420.2,9.7,14.5,0.0,0,False
Bad Bunny - NADIE SABE,off-25s/seeded_correct,-26000,-26000,0,0,,0,0,False,False,False,8,8,423.7,9.9,14.3,100.0,0,True
Bad Bunny - NADIE SABE,off-25s/seeded_wrong_2s,-26000,-24000,2000,2000,,0,0,False,False,False,8,8,425.4,9.9,14.0,0.0,0,False
Bad Bunny - NADIE SABE,noise0/cold,-1000,-1001,-1,-3,66875,2,5,True,True,True,4,8,754.7,7.5,11.3,82.3,2,True
Bad Bunny - NADIE SABE,noise0/seeded_correct,-1000,-995,5,0,201500,2,5,False,True,True,5,8,637.9,8.4,11.9,48.4,2,True
Bad Bunny - NADIE SABE,noise0/seeded_wrong_2s,-1000,-995,5,0,201500,2,5,False,True,True,5,8,637.4,8.3,11.9,46.5,2,True
Bad Bunny - NADIE SABE,noise-2s/cold,-3000,-3003,-3,-6,66875,2,5,True,True,True,5,8,761.3,7.4,11.4,82.4,2,True
Bad Bunny - NADIE SABE,noise-2s/seeded_correct,-3000,-2998,2,0,201500,2,4,False,True,True,8,8,354.7,10.0,14.7,49.5,2,True
Bad Bunny - NADIE SABE,noise-2s/seeded_wrong_2s,-3000,-2000,1000,0,201500,3,3,False,True,True,8,8,344.3,9.8,15.0,46.8,2,False
Bad Bunny - NADIE SABE,cutin5s/cold,4000,4000,0,-3,66875,2,5,True,True,True,5,8,808.8,8.5,12.1,82.0,2,True
Bad Bunny - NADIE SABE,cutin5s/second_play,4000,4004,4,0,45000,2,4,False,True,True,5,8,813.1,8.3,12.4,89.4,2,True
Bad Bunny - NADIE SABE,cutin5s/seeded_correct,4000,4004,4,0,45000,2,4,False,True,True,5,8,813.5,8.5,12.4,89.4,2,True
Bad Bunny - NADIE SABE,cutin5s/seeded_wrong_2s,4000,4005,5,0,45000,2,4,False,True,True,5,8,807.8,8.4,12.3,87.9,2,True
Bad Bunny - NADIE SABE,cutin15s/cold,14000,13997,-3,0,41000,1,4,False,True,True,4,8,826.9,4.6,9.4,88.7,1,True
Bad Bunny - NADIE SABE,cutin15s/second_play,14000,13999,-1,0,30000,1,3,False,True,True,3,8,835.4,4.5,9.5,92.8,1,True
Bad Bunny - NADIE SABE,cutin15s/seeded_correct,14000,13998,-2,0,30000,1,3,False,True,True,3,8,818.4,4.6,9.4,92.8,1,True
Bad Bunny - NADIE SABE,cutin15s/seeded_wrong_2s,14000,13997,-3,0,30000,1,4,False,True,True,4,8,819.9,4.5,9.4,91.7,1,True
Bad Bunny - NADIE SABE,cutin25s/cold,24000,23998,-2,0,11500,0,2,False,True,True,3,8,1111.7,6.0,12.6,96.7,0,True
Bad Bunny - NADIE SABE,cutin25s/second_play,24000,23998,-2,-2,10000,0,2,False,True,True,3,8,1100.1,6.0,12.7,100.0,0,True
Bad Bunny - NADIE SABE,cutin25s/seeded_correct,24000,23998,-2,0,10000,0,2,False,True,True,3,8,1109.0,5.9,12.9,100.0,0,True
Bad Bunny - NADIE SABE,cutin25s/seeded_wrong_2s,24000,23998,-2,0,11500,0,2,False,True,True,3,8,1109.0,6.2,12.8,96.7,0,True
Bad Bunny - NADIE SABE,blend8s/cold,-1000,-1001,-1,-3,66875,3,6,True,False,True,5,8,829.0,7.9,11.7,82.3,2,True
Bad Bunny - NADIE SABE,blend8s/seeded_correct,-1000,-997,3,0,201500,3,6,False,False,True,6,8,705.0,8.9,13.1,53.0,2,True
Bad Bunny - NADIE SABE,blend8s/seeded_wrong_2s,-1000,-996,4,0,201500,3,6,False,False,True,6,8,694.9,8.9,12.2,46.5,2,True
Bad Bunny - NADIE SABE,midshift+1.5s/cold,-1000,498,-2,-3,78750,2,5,True,True,True,4,8,1062.6,11.1,15.3,79.0,2,True
Bad Bunny - NADIE SABE,midshift+1.5s/seeded_correct,-1000,502,2,0,201500,2,5,False,True,True,5,8,849.1,11.6,14.5,48.2,2,True
Bad Bunny - NADIE SABE,midshift+1.5s/seeded_wrong_2s,-1000,503,3,0,201500,2,5,False,True,True,5,8,859.5,11.9,14.7,46.3,2,True
Bad Bunny - NADIE SABE,midshift-1.5s/cold,-1000,-2501,-1,-3,78750,2,5,True,True,True,4,8,890.4,9.2,12.1,79.2,2,True
Bad Bunny - NADIE SABE,midshift-1.5s/seeded_correct,-1000,-2493,7,0,201500,2,4,False,True,True,6,8,381.6,10.8,14.3,48.6,2,True
Bad Bunny - NADIE SABE,midshift-1.5s/seeded_wrong_2s,-1000,-2481,19,0,201500,2,4,False,True,True,6,8,377.1,10.7,13.4,46.8,2,True
Bad Bunny - 120,off0/cold,-1025,-1027,-2,-3,46575,0,3,True,True,True,5,6,159.8,2.8,4.3,69.1,0,True
Bad Bunny - 120,off0/seeded_correct,-1025,-1028,-3,0,57750,0,4,False,True,True,5,6,154.7,2.7,3.9,69.3,0,True
Bad Bunny - 120,off0/seeded_wrong_2s,-1025,-1028,-3,-3,57750,0,2,False,True,True,5,6,160.5,2.9,4.1,61.7,0,True
Bad Bunny - 120,off+200/cold,-825,-826,-1,0,57750,0,3,True,True,True,5,6,165.2,3.0,4.8,61.7,0,True
Bad Bunny - 120,off+200/seeded_correct,-825,-828,-3,0,57750,0,4,False,True,True,5,6,158.0,2.8,4.2,68.3,0,True
Bad Bunny - 120,off+200/seeded_wrong_2s,-825,-829,-4,-4,57750,0,2,False,True,True,5,6,157.1,2.8,4.2,61.7,0,True
Bad Bunny - 120,off-200/cold,-1225,-1227,-2,-6,44850,0,4,True,True,True,5,6,163.3,2.8,4.1,70.3,0,True
Bad Bunny - 120,off-200/seeded_correct,-1225,-1223,2,0,57750,0,3,False,True,True,5,6,156.6,2.7,4.0,69.4,0,True
Bad Bunny - 120,off-200/seeded_wrong_2s,-1225,-1223,2,2,57750,0,2,False,True,True,5,6,157.9,2.7,4.2,61.8,0,True
Bad Bunny - 120,off+2s/cold,975,974,-1,0,57750,0,3,True,True,True,5,6,166.2,3.0,4.8,61.2,0,True
Bad Bunny - 120,off+2s/seeded_correct,975,972,-3,0,57750,0,4,False,True,True,5,6,160.1,2.9,4.0,66.9,0,True
Bad Bunny - 120,off+2s/seeded_wrong_2s,975,971,-4,-4,57750,0,2,False,True,True,5,6,156.9,2.9,4.2,61.2,0,True
Bad Bunny - 120,off-2s/cold,-3025,-3027,-2,1025,,0,4,True,True,False,8,6,183.1,3.0,5.4,0.0,2,True
Bad Bunny - 120,off-2s/seeded_correct,-3025,-3025,0,-25,108000,0,0,False,True,False,8,6,175.7,2.7,5.0,37.8,2,True
Bad Bunny - 120,off-2s/seeded_wrong_2s,-3025,-1025,2000,1025,,0,0,False,True,False,8,6,183.4,3.0,5.3,0.0,2,False
Bad Bunny - 120,off+10s/cold,8975,8975,0,0,57750,0,1,False,False,False,6,6,183.3,2.9,4.6,59.0,0,True
Bad Bunny - 120,off+10s/second_play,8975,8972,-3,-3,57750,0,3,False,True,True,5,6,147.5,3.0,4.1,60.8,0,True
Bad Bunny - 120,off+10s/seeded_correct,8975,8972,-3,0,57750,0,4,False,True,True,5,6,149.2,3.1,4.1,60.8,0,True
Bad Bunny - 120,off+10s/seeded_wrong_2s,8975,8971,-4,-4,57750,0,2,False,True,True,5,6,153.9,3.2,4.1,59.0,0,True
Bad Bunny - 120,off-10s/cold,-11025,,,11025,,0,0,False,True,False,8,6,183.9,2.9,4.7,0.0,2,False
Bad Bunny - 120,off-10s/second_play,-11025,,,11025,,0,0,False,True,False,8,6,208.6,3.1,6.7,0.0,2,False
Bad Bunny - 120,off-10s/seeded_correct,-11025,-11025,0,1025,,0,0,False,True,False,8,6,176.2,2.7,4.7,12.7,2,True
Bad Bunny - 120,off-10s/seeded_wrong_2s,-11025,-9025,2000,1025,,0,0,False,True,False,8,6,176.8,2.7,4.5,0.0,2,False
Bad Bunny - 120,off+25s/cold,23975,23975,0,0,57750,0,2,False,False,False,6,6,185.9,3.3,6.1,54.1,0,True
Bad Bunny - 120,off+25s/second_play,23975,23972,-3,0,2500,0,2,False,True,True,1,6,149.6,2.8,4.1,100.0,0,True
Bad Bunny - 120,off+25s/seeded_correct,23975,23972,-3,0,2500,0,2,False,True,True,1,6,147.1,2.8,4.0,100.0,0,True
Bad Bunny - 120,off+25s/seeded_wrong_2s,23975,23972,-3,0,2500,0,2,False,True,True,1,6,147.4,2.8,4.1,98.0,0,True
Bad Bunny - 120,off-25s/cold,-26025,,,26025,,0,0,False,False,False,6,6,168.9,2.6,4.1,0.0,0,False
Bad Bunny - 120,off-25s/second_play,-26025,,,26025,,0,0,False,False,False,6,6,171.8,2.7,4.3,0.0,0,False
Bad Bunny - 120,off-25s/seeded_correct,-26025,-26025,0,0,,0,0,False,False,False,6,6,165.7,2.5,4.1,100.0,0,True
Bad Bunny - 120,off-25s/seeded_wrong_2s,-26025,-24025,2000,2000,,0,0,False,False,False,6,6,162.0,2.5,3.9,0.0,0,False
Bad Bunny - 120,noise0/cold,-1025,-1027,-2,-25,100000,0,3,True,True,True,6,6,143.3,2.5,3.9,33.7,1,True
Bad Bunny - 120,noise0/seeded_correct,-1025,-1028,-3,1025,,0,1,False,True,True,6,6,150.5,2.3,3.4,4.6,2,True
Bad Bunny - 120,noise0/seeded_wrong_2s,-1025,-1027,-2,1025,,0,2,False,True,True,7,6,147.0,2.5,3.6,0.0,2,True
Bad Bunny - 120,noise-2s/cold,-3025,-3028,-3,1025,,0,2,True,True,True,6,6,152.5,2.3,3.7,0.0,2,True
Bad Bunny - 120,noise-2s/seeded_correct,-3025,-3025,0,-25,108000,0,0,False,True,False,8,6,150.4,2.5,4.7,35.9,2,True
Bad Bunny - 120,noise-2s/seeded_wrong_2s,-3025,-1025,2000,1025,,0,0,False,True,False,8,6,150.3,2.4,4.6,0.0,2,False
Bad Bunny - 120,cutin5s/cold,3975,3973,-2,0,57750,0,3,True,True,True,5,6,131.8,2.5,4.0,60.4,0,True
Bad Bunny - 120,cutin5s/second_play,3975,3973,-2,-2,57750,0,3,False,True,True,5,6,125.2,2.4,3.3,64.2,0,True
Bad Bunny - 120,cutin5s/seeded_correct,3975,3972,-3,-3,57750,0,3,False,True,True,5,6,125.3,2.4,3.3,64.2,0,True
Bad Bunny - 120,cutin5s/seeded_wrong_2s,3975,3971,-4,-4,57750,0,2,False,True,True,5,6,125.6,2.4,3.4,60.4,0,True
Bad Bunny - 120,cutin15s/cold,13975,13972,-3,0,10000,0,2,False,True,True,1,6,121.0,1.9,3.0,92.6,0,True
Bad Bunny - 120,cutin15s/second_play,13975,13972,-3,-3,4000,0,2,False,True,True,1,6,113.0,1.9,3.0,100.0,0,True
Bad Bunny - 120,cutin15s/seeded_correct,13975,13972,-3,0,4000,0,2,False,True,True,1,6,112.3,2.0,2.9,100.0,0,True
Bad Bunny - 120,cutin15s/seeded_wrong_2s,13975,13971,-4,0,4000,0,2,False,True,True,1,6,113.4,1.9,3.0,97.1,0,True
Bad Bunny - 120,cutin25s/cold,23975,23972,-3,0,4000,0,2,False,True,True,1,6,107.8,1.9,3.0,96.8,0,True
Bad Bunny - 120,cutin25s/second_play,23975,23972,-3,-3,4000,0,2,False,True,True,1,6,101.1,1.9,2.9,100.0,0,True
Bad Bunny - 120,cutin25s/seeded_correct,23975,23972,-3,0,4000,0,2,False,True,True,1,6,101.4,1.9,2.9,100.0,0,True
Bad Bunny - 120,cutin25s/seeded_wrong_2s,23975,23972,-3,0,4000,0,2,False,True,True,1,6,101.3,1.9,2.9,96.8,0,True
Bad Bunny - 120,blend8s/cold,-1025,-1027,-2,-3,46575,0,3,True,True,True,5,6,143.3,2.5,3.7,69.1,0,True
Bad Bunny - 120,blend8s/seeded_correct,-1025,-1028,-3,0,57750,0,4,False,True,True,5,6,139.2,2.4,3.5,69.3,0,True
Bad Bunny - 120,blend8s/seeded_wrong_2s,-1025,-1028,-3,-3,57750,0,2,False,True,True,5,6,140.1,2.4,3.5,61.7,0,True
Bad Bunny - 120,midshift+1.5s/cold,-1025,-1027,-1502,1275,,0,2,True,True,True,7,6,161.5,2.7,5.0,9.0,2,False
Bad Bunny - 120,midshift+1.5s/seeded_correct,-1025,-1025,-1500,-1500,57750,0,3,False,True,True,7,6,165.7,2.9,4.3,9.2,2,False
Bad Bunny - 120,midshift+1.5s/seeded_wrong_2s,-1025,-1028,-1503,1275,,0,1,False,True,True,7,6,158.2,2.7,4.3,1.5,2,False
Bad Bunny - 120,midshift-1.5s/cold,-1025,-1026,1499,1499,,1,3,True,True,True,7,6,158.2,2.5,4.7,8.8,2,False
Bad Bunny - 120,midshift-1.5s/seeded_correct,-1025,-1025,1500,0,57750,0,3,False,True,True,7,6,154.8,2.6,4.0,60.4,2,False
Bad Bunny - 120,midshift-1.5s/seeded_wrong_2s,-1025,-1028,1497,1497,57750,0,1,False,True,True,7,6,155.2,2.5,4.1,1.5,2,False
"Arcángel, Bad Bunny - La Jumpa",off0/cold,350,348,-2,0,7000,0,3,True,True,True,1,13,421.6,3.3,6.3,97.2,0,True
"Arcángel, Bad Bunny - La Jumpa",off0/seeded_correct,350,349,-1,0,7000,0,2,False,True,True,1,13,424.9,3.3,6.4,100.0,0,True
"Arcángel, Bad Bunny - La Jumpa",off0/seeded_wrong_2s,350,349,-1,0,7000,0,2,False,True,True,1,13,422.5,3.3,6.6,97.2,0,True
"Arcángel, Bad Bunny - La Jumpa",off+200/cold,550,549,-1,0,7000,0,3,True,True,True,1,13,453.6,4.0,6.7,97.2,0,True
"Arcángel, Bad Bunny - La Jumpa",off+200/seeded_correct,550,549,-1,0,7000,0,2,False,True,True,1,13,422.7,3.4,6.5,100.0,0,True
"Arcángel, Bad Bunny - La Jumpa",off+200/seeded_wrong_2s,550,549,-1,0,7000,0,2,False,True,True,1,13,423.0,3.3,6.6,97.2,0,True
"Arcángel, Bad Bunny - La Jumpa",off-200/cold,150,147,-3,0,7000,0,3,True,True,True,1,13,426.8,3.3,6.8,100.0,0,True
"Arcángel, Bad Bunny - La Jumpa",off-200/seeded_correct,150,149,-1,0,7000,0,2,False,True,True,1,13,423.7,3.5,6.4,100.0,0,True
"Arcángel, Bad Bunny - La Jumpa",off-200/seeded_wrong_2s,150,149,-1,0,7000,0,2,False,True,True,1,13,425.7,3.4,6.5,97.3,0,True
"Arcángel, Bad Bunny - La Jumpa",off+2s/cold,2350,2350,0,0,5500,0,3,True,True,True,1,13,423.1,3.4,6.4,97.8,0,True
"Arcángel, Bad Bunny - La Jumpa",off+2s/seeded_correct,2350,2349,-1,0,5500,0,2,False,True,True,1,13,427.8,3.4,6.7,100.0,0,True
"Arcángel, Bad Bunny - La Jumpa",off+2s/seeded_wrong_2s,2350,2349,-1,0,5500,0,2,False,True,True,1,13,421.0,3.4,6.4,97.8,0,True
"Arcángel, Bad Bunny - La Jumpa",off-2s/cold,-1650,-1653,-3,0,10000,0,3,True,True,True,2,13,423.7,3.3,6.7,96.1,0,True
"Arcángel, Bad Bunny - La Jumpa",off-2s/seeded_correct,-1650,-1650,0,0,10000,0,2,False,True,True,1,13,425.1,3.2,6.8,100.0,0,True
"Arcángel, Bad Bunny - La Jumpa",off-2s/seeded_wrong_2s,-1650,-1651,-1,0,10000,0,2,False,True,True,2,13,418.1,3.4,6.4,96.1,0,True
"Arcángel, Bad Bunny - La Jumpa",off+10s/cold,10350,10344,-6,0,40000,0,3,False,False,True,5,13,449.8,3.8,6.4,83.6,0,True
"Arcángel, Bad Bunny - La Jumpa",off+10s/second_play,10350,10348,-2,-6,2500,0,2,False,True,True,1,13,416.1,3.5,6.4,100.0,0,True
"Arcángel, Bad Bunny - La Jumpa",off+10s/seeded_correct,10350,10349,-1,0,2500,0,2,False,True,True,1,13,436.9,3.6,7.2,100.0,0,True
"Arcángel, Bad Bunny - La Jumpa",off+10s/seeded_wrong_2s,10350,10349,-1,0,2500,0,2,False,True,True,1,13,477.9,4.3,7.1,99.0,0,True
"Arcángel, Bad Bunny - La Jumpa",off-10s/cold,-9650,100,9750,0,226000,2,3,False,False,False,14,13,266.4,5.8,12.5,14.6,1,False
"Arcángel, Bad Bunny - La Jumpa",off-10s/second_play,-9650,100,9750,0,226000,2,3,False,False,False,14,13,263.7,5.7,12.2,14.6,1,False
"Arcángel, Bad Bunny - La Jumpa",off-10s/seeded_correct,-9650,100,9750,0,17500,1,1,False,True,False,13,13,238.5,5.8,11.5,100.0,0,False
"Arcángel, Bad Bunny - La Jumpa",off-10s/seeded_wrong_2s,-9650,100,9750,0,17500,1,1,False,True,False,13,13,240.2,5.9,12.1,93.4,0,False
"Arcángel, Bad Bunny - La Jumpa",off+25s/cold,25350,25343,-7,0,40000,0,3,False,False,True,4,13,446.0,3.7,6.4,82.6,0,True
"Arcángel, Bad Bunny - La Jumpa",off+25s/second_play,25350,25348,-2,-7,2500,0,2,False,True,True,1,13,401.2,3.7,6.6,100.0,0,True
"Arcángel, Bad Bunny - La Jumpa",off+25s/seeded_correct,25350,25349,-1,0,2500,0,2,False,True,True,1,13,406.3,3.9,6.6,100.0,0,True
"Arcángel, Bad Bunny - La Jumpa",off+25s/seeded_wrong_2s,25350,25349,-1,0,2500,0,2,False,True,True,1,13,406.0,3.7,7.0,98.9,0,True
"Arcángel, Bad Bunny - La Jumpa",off-25s/cold,-24650,,,24650,,0,0,False,False,False,13,13,266.8,5.9,10.7,0.0,0,False
"Arcángel, Bad Bunny - La Jumpa",off-25s/second_play,-24650,,,24650,,0,0,False,False,False,13,13,264.2,5.8,10.6,0.0,0,False
"Arcángel, Bad Bunny - La Jumpa",off-25s/seeded_correct,-24650,-24650,0,0,,0,0,False,False,False,13,13,260.3,5.8,10.6,100.0,0,True
"Arcángel, Bad Bunny - La Jumpa",off-25s/seeded_wrong_2s,-24650,-22650,2000,2000,,0,0,False,False,False,13,13,261.4,5.9,10.8,0.0,0,False
"Arcángel, Bad Bunny - La Jumpa",noise0/cold,350,346,-4,-3,7000,0,3,True,True,True,1,13,405.3,3.3,6.1,97.2,0,True
"Arcángel, Bad Bunny - La Jumpa",noise0/seeded_correct,350,342,-8,-25,7000,0,2,False,True,True,1,13,423.3,3.3,6.5,100.0,0,True
"Arcángel, Bad Bunny - La Jumpa",noise0/seeded_wrong_2s,350,340,-10,-25,7000,0,2,False,True,True,1,13,400.2,3.2,6.0,97.2,0,True
"Arcángel, Bad Bunny - La Jumpa",noise-2s/cold,-1650,-1655,-5,-25,10000,0,3,True,True,True,2,13,401.9,3.2,6.1,96.1,0,True
"Arcángel, Bad Bunny - La Jumpa",noise-2s/seeded_correct,-1650,-1657,-7,-25,10000,0,2,False,True,True,1,13,406.3,3.1,6.1,100.0,0,True
"Arcángel, Bad Bunny - La Jumpa",noise-2s/seeded_wrong_2s,-1650,-1659,-9,-25,10000,0,2,False,True,True,2,13,402.3,3.2,6.1,96.1,0,True
"Arcángel, Bad Bunny - La Jumpa",cutin5s/cold,5350,5349,-1,0,4000,0,2,False,True,True,1,13,418.8,3.6,6.4,98.4,0,True
"Arcángel, Bad Bunny - La Jumpa",cutin5s/second_play,5350,5349,-1,-1,4000,0,2,False,True,True,1,13,417.2,3.5,6.8,100.0,0,True
"Arcángel, Bad Bunny - La Jumpa",cutin5s/seeded_correct,5350,5349,-1,0,4000,0,2,False,True,True,1,13,415.3,3.5,6.4,100.0,0,True
"Arcángel, Bad Bunny - La Jumpa",cutin5s/seeded_wrong_2s,5350,5349,-1,0,4000,0,2,False,True,True,1,13,419.5,3.5,6.4,98.4,0,True
"Arcángel, Bad Bunny - La Jumpa",cutin15s/cold,15350,15349,-1,0,4000,0,2,False,True,True,1,13,344.1,3.0,5.6,98.3,0,True
"Arcángel, Bad Bunny - La Jumpa",cutin15s/second_play,15350,15349,-1,-1,4000,0,2,False,True,True,1,13,341.5,3.1,5.5,100.0,0,True
"Arcángel, Bad Bunny - La Jumpa",cutin15s/seeded_correct,15350,15349,-1,0,4000,0,2,False,True,True,1,13,341.6,3.1,5.4,100.0,0,True
"Arcángel, Bad Bunny - La Jumpa",cutin15s/seeded_wrong_2s,15350,15349,-1,0,4000,0,2,False,True,True,1,13,339.5,3.0,5.3,98.3,0,True
"Arcángel, Bad Bunny - La Jumpa",cutin25s/cold,25350,25347,-3,0,17500,0,2,False,True,True,3,13,412.7,3.4,6.9,92.4,0,True
"Arcángel, Bad Bunny - La Jumpa",cutin25s/second_play,25350,25347,-3,-3,5500,0,3,False,True,True,3,13,382.7,3.5,7.0,100.0,0,True
"Arcángel, Bad Bunny - La Jumpa",cutin25s/seeded_correct,25350,25349,-1,0,17500,0,2,False,True,True,2,13,394.7,3.3,7.0,100.0,0,True
"Arcángel, Bad Bunny - La Jumpa",cutin25s/seeded_wrong_2s,25350,25347,-3,0,17500,0,2,False,True,True,3,13,391.6,3.3,6.8,92.4,0,True
"Arcángel, Bad Bunny - La Jumpa",blend8s/cold,350,347,-3,0,26000,0,4,True,False,True,3,13,444.8,3.2,6.5,89.8,0,True
"Arcángel, Bad Bunny - La Jumpa",blend8s/seeded_correct,350,347,-3,0,26000,0,3,False,False,True,2,13,445.6,3.1,6.5,100.0,0,True
"Arcángel, Bad Bunny - La Jumpa",blend8s/seeded_wrong_2s,350,345,-5,0,26000,0,3,False,False,True,3,13,442.2,3.2,6.5,89.8,0,True
"Arcángel, Bad Bunny - La Jumpa",midshift+1.5s/cold,350,350,-1500,0,7000,2,4,True,True,True,3,13,528.0,4.6,7.9,91.6,1,False
"Arcángel, Bad Bunny - La Jumpa",midshift+1.5s/seeded_correct,350,1845,-5,-7,7000,0,4,False,True,True,5,13,450.0,5.6,7.9,87.9,1,True
"Arcángel, Bad Bunny - La Jumpa",midshift+1.5s/seeded_wrong_2s,350,1847,-3,-4,7000,0,4,False,True,True,5,13,448.3,5.4,8.3,85.2,1,True
"Arcángel, Bad Bunny - La Jumpa",midshift-1.5s/cold,350,337,1487,0,7000,2,4,True,True,True,4,13,452.3,4.0,7.0,91.7,1,False
"Arcángel, Bad Bunny - La Jumpa",midshift-1.5s/seeded_correct,350,-1148,2,0,7000,0,4,False,True,True,5,13,390.2,4.5,7.1,94.4,1,True
"Arcángel, Bad Bunny - La Jumpa",midshift-1.5s/seeded_wrong_2s,350,-1135,15,0,7000,0,3,False,True,True,6,13,352.9,4.8,7.8,58.6,1,True
Bad Bunny - 258,off0/cold,-1112,-1025,87,87,11500,0,3,False,True,True,5,5,389.0,3.6,6.2,95.2,2,True
Bad Bunny - 258,off0/seeded_correct,-1112,-1025,87,87,11500,0,4,False,True,True,5,5,394.6,3.7,6.4,100.0,2,True
Bad Bunny - 258,off0/seeded_wrong_2s,-1112,-1025,87,87,11500,0,3,False,True,True,5,5,388.6,3.7,6.2,95.2,2,True
Bad Bunny - 258,off+200/cold,-912,-825,87,87,11500,0,3,False,True,True,5,5,392.4,3.7,6.6,95.2,2,True
Bad Bunny - 258,off+200/seeded_correct,-912,-825,87,87,11500,0,4,False,True,True,5,5,386.7,3.6,6.3,100.0,2,True
Bad Bunny - 258,off+200/seeded_wrong_2s,-912,-825,87,87,11500,0,3,False,True,True,5,5,392.6,3.8,6.3,95.2,2,True
Bad Bunny - 258,off-200/cold,-1312,-1225,87,87,11500,0,3,False,True,True,5,5,397.2,3.7,6.6,95.3,2,True
Bad Bunny - 258,off-200/seeded_correct,-1312,-1225,87,87,11500,0,4,False,True,True,5,5,395.9,3.6,6.5,100.0,2,True
Bad Bunny - 258,off-200/seeded_wrong_2s,-1312,-1225,87,87,11500,0,3,False,True,True,5,5,397.8,3.7,6.6,95.3,2,True
Bad Bunny - 258,off+2s/cold,888,975,87,87,10000,0,3,False,True,True,5,5,395.1,3.8,6.5,95.8,2,True
Bad Bunny - 258,off+2s/seeded_correct,888,975,87,87,10000,0,4,False,True,True,5,5,394.7,3.8,6.6,100.0,2,True
Bad Bunny - 258,off+2s/seeded_wrong_2s,888,975,87,87,10000,0,3,False,True,True,5,5,391.0,3.8,6.3,95.8,2,True
Bad Bunny - 258,off-2s/cold,-3112,-3025,87,37,13000,0,2,False,True,False,7,5,392.0,3.8,6.4,94.7,2,True
Bad Bunny - 258,off-2s/seeded_correct,-3112,-3025,87,87,13000,0,2,False,True,True,7,5,390.8,3.9,6.4,100.0,2,True
Bad Bunny - 258,off-2s/seeded_wrong_2s,-3112,-3025,87,87,13000,0,1,False,True,False,7,5,392.0,3.8,6.4,94.7,2,True
Bad Bunny - 258,off+10s/cold,8888,2575,-6313,-8888,,1,1,False,False,False,5,5,390.5,4.0,6.1,0.0,0,False
Bad Bunny - 258,off+10s/second_play,8888,8975,87,87,86000,0,1,False,False,False,7,5,403.7,3.8,6.3,62.9,2,True
Bad Bunny - 258,off+10s/seeded_correct,8888,8975,87,87,2500,0,4,False,True,True,5,5,378.1,4.2,6.4,100.0,2,True
Bad Bunny - 258,off+10s/seeded_wrong_2s,8888,8975,87,87,2500,0,3,False,True,True,5,5,412.5,4.5,7.6,98.9,2,True
Bad Bunny - 258,off-10s/cold,-11112,,,11112,,0,0,False,False,False,5,5,385.7,3.9,6.3,0.0,0,False
Bad Bunny - 258,off-10s/second_play,-11112,,,11112,,0,0,False,False,False,5,5,388.3,3.8,6.2,0.0,0,False
Bad Bunny - 258,off-10s/seeded_correct,-11112,-11112,0,37,22000,0,0,False,True,False,7,5,393.4,3.7,6.3,100.0,2,True
Bad Bunny - 258,off-10s/seeded_wrong_2s,-11112,-9112,2000,37,22000,0,0,False,True,False,7,5,393.6,3.8,6.2,91.3,2,False
Bad Bunny - 258,off+25s/cold,23888,24000,112,112,,0,3,False,False,False,7,5,400.0,4.0,6.7,81.3,2,True
Bad Bunny - 258,off+25s/second_play,23888,23919,31,37,2500,0,4,False,True,True,5,5,364.7,4.3,6.3,100.0,2,True
Bad Bunny - 258,off+25s/seeded_correct,23888,23975,87,87,2500,0,3,False,True,True,6,5,359.6,4.4,6.5,100.0,2,True
Bad Bunny - 258,off+25s/seeded_wrong_2s,23888,23975,87,87,2500,0,2,False,True,True,5,5,369.5,4.3,6.3,98.8,2,True
Bad Bunny - 258,off-25s/cold,-26112,,,26112,,0,0,False,False,False,5,5,389.5,3.6,6.2,0.0,0,False
Bad Bunny - 258,off-25s/second_play,-26112,,,26112,,0,0,False,False,False,5,5,386.5,3.7,6.1,0.0,0,False
Bad Bunny - 258,off-25s/seeded_correct,-26112,-26112,0,0,,0,0,False,False,False,5,5,382.7,3.6,6.0,100.0,0,True
Bad Bunny - 258,off-25s/seeded_wrong_2s,-26112,-24112,2000,2000,,0,0,False,False,False,5,5,385.0,3.6,6.2,0.0,0,False
Bad Bunny - 258,noise0/cold,-1112,-1025,87,87,19000,0,3,False,True,True,5,5,371.1,3.4,5.9,92.2,2,True
Bad Bunny - 258,noise0/seeded_correct,-1112,-1025,87,87,17500,0,4,False,True,True,7,5,361.2,3.5,5.8,100.0,2,True
Bad Bunny - 258,noise0/seeded_wrong_2s,-1112,-1025,87,87,17500,0,4,False,True,True,7,5,363.9,3.6,5.8,92.8,2,True
Bad Bunny - 258,noise-2s/cold,-3112,-3025,87,37,22000,0,3,False,True,True,6,5,376.7,3.2,5.7,91.0,2,True
Bad Bunny - 258,noise-2s/seeded_correct,-3112,-3025,87,87,20500,0,1,False,True,False,7,5,366.1,3.5,5.8,100.0,2,True
Bad Bunny - 258,noise-2s/seeded_wrong_2s,-3112,-3025,87,87,20500,0,1,False,True,False,7,5,362.7,3.4,5.8,91.6,2,True
Bad Bunny - 258,cutin5s/cold,3888,3975,87,37,4000,0,5,False,True,True,7,5,360.0,4.0,6.0,98.3,2,True
Bad Bunny - 258,cutin5s/second_play,3888,3975,87,87,4000,0,4,False,True,True,5,5,361.8,3.7,6.1,100.0,2,True
Bad Bunny - 258,cutin5s/seeded_correct,3888,3975,87,87,4000,0,4,False,True,True,5,5,359.2,3.8,6.1,100.0,2,True
Bad Bunny - 258,cutin5s/seeded_wrong_2s,3888,3975,87,87,4000,0,3,False,True,True,5,5,362.0,3.7,6.0,98.3,2,True
Bad Bunny - 258,cutin15s/cold,13888,13975,87,-13,4000,0,2,False,True,True,5,5,297.0,3.4,5.4,98.2,2,True
Bad Bunny - 258,cutin15s/second_play,13888,13975,87,87,4000,0,3,False,True,True,5,5,293.0,3.4,5.3,100.0,2,True
Bad Bunny - 258,cutin15s/seeded_correct,13888,13975,87,87,4000,0,4,False,True,True,5,5,293.9,3.4,5.2,100.0,2,True
Bad Bunny - 258,cutin15s/seeded_wrong_2s,13888,13975,87,87,4000,0,3,False,True,True,5,5,293.7,3.4,5.2,98.2,2,True
Bad Bunny - 258,cutin25s/cold,23888,23975,87,37,4000,0,3,False,True,True,5,5,311.9,3.7,5.5,98.2,2,True
Bad Bunny - 258,cutin25s/second_play,23888,23975,87,87,4000,0,4,False,True,True,5,5,309.2,3.7,5.7,100.0,2,True
Bad Bunny - 258,cutin25s/seeded_correct,23888,23975,87,87,4000,0,4,False,True,True,5,5,311.2,3.7,5.7,100.0,2,True
Bad Bunny - 258,cutin25s/seeded_wrong_2s,23888,23975,87,87,4000,0,4,False,True,True,5,5,307.8,3.6,5.5,98.2,2,True
Bad Bunny - 258,blend8s/cold,-1112,-1025,87,87,20500,0,3,False,True,True,5,5,408.0,3.5,6.4,91.5,2,True
Bad Bunny - 258,blend8s/seeded_correct,-1112,-1025,87,87,20500,0,2,False,True,True,4,5,403.7,3.3,6.4,100.0,2,True
Bad Bunny - 258,blend8s/seeded_wrong_2s,-1112,-1025,87,87,20500,0,3,False,True,True,5,5,401.7,3.4,6.2,91.5,2,True
Bad Bunny - 258,midshift+1.5s/cold,-1112,-1112,-1500,-1500,,1,3,False,True,True,5,5,468.8,4.3,7.7,20.2,2,False
Bad Bunny - 258,midshift+1.5s/seeded_correct,-1112,-1122,-1510,-1510,,1,4,False,True,True,5,5,465.4,4.5,7.6,24.9,2,False
Bad Bunny - 258,midshift+1.5s/seeded_wrong_2s,-1112,-1122,-1510,-1463,11500,1,3,False,True,True,5,5,470.7,4.5,7.4,20.2,2,False
Bad Bunny - 258,midshift-1.5s/cold,-1112,-1112,1500,62,11500,1,4,False,True,True,5,5,413.4,3.8,6.5,87.1,2,False
Bad Bunny - 258,midshift-1.5s/seeded_correct,-1112,-1122,1490,62,11500,1,5,False,True,True,5,5,412.3,3.8,6.8,91.8,2,False
Bad Bunny - 258,midshift-1.5s/seeded_wrong_2s,-1112,-1122,1490,62,11500,1,4,False,True,True,5,5,412.7,4.1,6.6,87.1,2,False
ACDC - Thunderstruck,off0/cold,-1050,-1045,5,0,37000,2,5,True,True,True,4,20,671.0,4.7,9.1,87.4,1,True
ACDC - Thunderstruck,off0/seeded_correct,-1050,-1047,3,5,37000,1,5,False,True,True,5,20,664.9,4.6,9.0,89.8,1,True
ACDC - Thunderstruck,off0/seeded_wrong_2s,-1050,-1047,3,5,41000,1,4,False,True,True,5,20,663.8,4.5,8.8,86.0,1,True
ACDC - Thunderstruck,off+200/cold,-850,-846,4,0,37000,2,5,True,True,True,4,20,677.9,4.6,9.3,87.4,1,True
ACDC - Thunderstruck,off+200/seeded_correct,-850,-847,3,0,37000,1,4,False,True,True,4,20,693.5,4.6,9.5,89.8,1,True
ACDC - Thunderstruck,off+200/seeded_wrong_2s,-850,-848,2,4,41000,1,4,False,True,True,5,20,675.7,4.7,9.1,86.0,1,True
ACDC - Thunderstruck,off-200/cold,-1250,-1252,-2,-6,26425,1,4,True,True,True,3,20,678.9,4.5,9.1,91.0,1,True
ACDC - Thunderstruck,off-200/seeded_correct,-1250,-1248,2,3,41000,1,4,False,True,True,5,20,677.0,4.7,9.2,88.9,1,True
ACDC - Thunderstruck,off-200/seeded_wrong_2s,-1250,-1247,3,4,41000,1,4,False,True,True,5,20,675.0,4.6,9.0,86.1,1,True
ACDC - Thunderstruck,off+2s/cold,950,951,1,0,30650,1,4,True,True,True,3,20,675.3,5.0,9.3,89.5,1,True
ACDC - Thunderstruck,off+2s/seeded_correct,950,952,2,5,37000,1,4,False,True,True,4,20,671.1,4.9,8.8,89.2,1,True
ACDC - Thunderstruck,off+2s/seeded_wrong_2s,950,951,1,3,41000,1,4,False,True,True,5,20,671.9,4.7,9.0,86.0,1,True
ACDC - Thunderstruck,off-2s/cold,-3050,-3053,-3,-6,26425,1,3,True,True,True,3,20,681.4,4.4,9.2,91.1,1,True
ACDC - Thunderstruck,off-2s/seeded_correct,-3050,-3052,-2,-2,45000,1,3,False,True,True,5,20,672.0,4.3,9.2,88.2,1,True
ACDC - Thunderstruck,off-2s/seeded_wrong_2s,-3050,-3052,-2,3575,,3,5,False,True,True,16,20,505.0,5.2,10.6,0.0,2,True
ACDC - Thunderstruck,off+10s/cold,8950,8946,-4,0,41000,0,3,False,False,True,7,20,670.9,5.4,9.2,85.6,0,True
ACDC - Thunderstruck,off+10s/second_play,8950,8956,6,0,22000,1,4,False,True,True,3,20,665.6,5.1,9.4,93.1,1,True
ACDC - Thunderstruck,off+10s/seeded_correct,8950,8955,5,0,22000,1,4,False,True,True,3,20,666.1,5.2,9.1,93.1,1,True
ACDC - Thunderstruck,off+10s/seeded_wrong_2s,8950,8957,7,0,22000,1,4,False,True,True,3,20,669.5,5.0,9.0,92.2,1,True
ACDC - Thunderstruck,off-10s/cold,-11050,-246,10804,10825,,1,1,False,False,False,22,20,512.8,8.0,14.6,0.0,2,False
ACDC - Thunderstruck,off-10s/second_play,-11050,-249,10801,10804,,2,2,False,False,False,22,20,514.4,7.9,14.6,0.0,2,False
ACDC - Thunderstruck,off-10s/seeded_correct,-11050,-11050,0,0,,0,0,False,False,False,20,20,476.9,7.9,12.7,100.0,0,True
ACDC - Thunderstruck,off-10s/seeded_wrong_2s,-11050,-9050,2000,2000,,0,0,False,False,False,20,20,477.9,7.8,13.1,0.0,0,False
ACDC - Thunderstruck,off+25s/cold,23950,23946,-4,0,80000,0,3,False,False,True,6,20,647.8,5.6,9.0,70.2,1,True
ACDC - Thunderstruck,off+25s/second_play,23950,23958,8,8,46000,1,4,False,False,True,4,20,688.8,5.3,9.4,89.3,1,True
ACDC - Thunderstruck,off+25s/seeded_correct,23950,23957,7,7,46000,1,4,False,False,True,4,20,666.3,5.2,9.1,89.3,1,True
ACDC - Thunderstruck,off+25s/seeded_wrong_2s,23950,23960,10,10,46000,1,3,False,False,True,4,20,664.9,5.3,9.0,82.9,1,True
ACDC - Thunderstruck,off-25s/cold,-26050,,,25225,,0,0,False,False,False,22,20,538.6,7.6,14.0,0.0,2,False
ACDC - Thunderstruck,off-25s/second_play,-26050,,,25225,,0,0,False,False,False,22,20,539.7,7.6,13.5,0.0,2,False
ACDC - Thunderstruck,off-25s/seeded_correct,-26050,-26050,0,0,,0,0,False,False,False,20,20,509.8,7.7,11.2,100.0,0,True
ACDC - Thunderstruck,off-25s/seeded_wrong_2s,-26050,-24050,2000,2000,,0,0,False,False,False,20,20,508.5,7.5,11.7,0.0,0,False
ACDC - Thunderstruck,noise0/cold,-1050,-1046,4,0,37000,2,5,True,True,True,4,20,546.0,3.8,7.3,87.4,1,True
ACDC - Thunderstruck,noise0/seeded_correct,-1050,-1048,2,5,37000,1,5,False,True,True,5,20,547.2,3.8,7.4,89.8,1,True
ACDC - Thunderstruck,noise0/seeded_wrong_2s,-1050,-1047,3,4,41000,1,4,False,True,True,5,20,550.6,3.8,7.6,86.0,1,True
ACDC - Thunderstruck,noise-2s/cold,-3050,-3054,-4,-6,26425,1,3,True,True,True,3,20,543.1,3.6,7.3,91.1,1,True
ACDC - Thunderstruck,noise-2s/seeded_correct,-3050,-3053,-3,-3,52500,1,3,False,True,True,6,20,548.6,3.7,7.5,85.6,1,True
ACDC - Thunderstruck,noise-2s/seeded_wrong_2s,-3050,-3053,-3,3575,,3,4,False,True,True,16,20,424.0,4.7,9.3,0.0,2,True
ACDC - Thunderstruck,cutin5s/cold,3950,3956,6,0,22000,1,4,False,True,True,3,20,590.0,4.3,7.9,92.4,1,True
ACDC - Thunderstruck,cutin5s/second_play,3950,3952,2,0,22000,1,4,False,True,True,3,20,579.5,4.2,7.9,93.8,1,True
ACDC - Thunderstruck,cutin5s/seeded_correct,3950,3955,5,0,22000,1,4,False,True,True,3,20,583.7,4.1,8.0,93.8,1,True
ACDC - Thunderstruck,cutin5s/seeded_wrong_2s,3950,3956,6,0,22000,1,4,False,True,True,3,20,582.8,4.1,8.1,92.4,1,True
ACDC - Thunderstruck,cutin15s/cold,13950,13958,8,0,7000,0,2,False,True,True,2,20,470.3,3.5,6.5,97.5,0,True
ACDC - Thunderstruck,cutin15s/second_play,13950,13958,8,8,7000,0,2,False,True,True,2,20,465.9,3.5,6.4,100.0,0,True
ACDC - Thunderstruck,cutin15s/seeded_correct,13950,13956,6,0,7000,0,2,False,True,True,2,20,465.1,3.5,6.4,100.0,0,True
ACDC - Thunderstruck,cutin15s/seeded_wrong_2s,13950,13958,8,0,7000,0,2,False,True,True,2,20,472.2,3.5,6.6,97.5,0,True
ACDC - Thunderstruck,cutin25s/cold,23950,23949,-1,0,4000,0,2,False,True,True,2,20,515.5,4.1,7.2,98.5,0,True
ACDC - Thunderstruck,cutin25s/second_play,23950,23949,-1,-1,4000,0,2,False,True,True,2,20,513.2,3.9,7.5,100.0,0,True
ACDC - Thunderstruck,cutin25s/seeded_correct,23950,23949,-1,0,4000,0,2,False,True,True,2,20,506.8,4.0,7.4,100.0,0,True
ACDC - Thunderstruck,cutin25s/seeded_wrong_2s,23950,23949,-1,0,4000,0,2,False,True,True,2,20,510.6,4.1,7.3,98.5,0,True
ACDC - Thunderstruck,blend8s/cold,-1050,-1051,-1,-3,26425,1,4,True,True,True,3,20,636.3,4.2,9.0,91.0,1,True
ACDC - Thunderstruck,blend8s/seeded_correct,-1050,-1047,3,5,37000,1,5,False,True,True,5,20,629.3,4.4,8.8,89.8,1,True
ACDC - Thunderstruck,blend8s/seeded_wrong_2s,-1050,-1047,3,5,41000,1,4,False,True,True,5,20,635.1,4.4,8.7,86.0,1,True
ACDC - Thunderstruck,midshift+1.5s/cold,-1050,437,-13,0,37000,2,7,True,True,True,7,20,823.8,6.2,11.0,81.8,2,True
ACDC - Thunderstruck,midshift+1.5s/seeded_correct,-1050,433,-17,0,37000,1,7,False,True,True,8,20,822.1,6.1,11.2,84.2,2,True
ACDC - Thunderstruck,midshift+1.5s/seeded_wrong_2s,-1050,435,-15,0,41000,1,6,False,True,True,8,20,817.0,6.1,11.1,80.4,2,True
ACDC - Thunderstruck,midshift-1.5s/cold,-1050,-2550,0,0,37000,2,7,True,True,True,8,20,669.6,5.6,8.7,84.8,2,True
ACDC - Thunderstruck,midshift-1.5s/seeded_correct,-1050,-2551,-1,-1,37000,1,9,False,True,True,18,20,466.1,7.4,12.2,82.9,2,True
ACDC - Thunderstruck,midshift-1.5s/seeded_wrong_2s,-1050,-2548,2,1505,41000,1,9,False,True,True,18,20,464.9,7.1,11.7,6.4,2,True
Bad Bunny - LA MuDANZA,off0/cold,-1100,-1092,8,22,10000,0,2,True,True,True,2,8,330.4,3.1,6.2,95.3,0,True
Bad Bunny - LA MuDANZA,off0/seeded_correct,-1100,-1096,4,0,10000,0,5,False,True,False,8,8,193.2,5.2,7.8,100.0,0,True
Bad Bunny - LA MuDANZA,off0/seeded_wrong_2s,-1100,-1096,4,0,10000,0,4,False,True,False,8,8,183.6,5.2,7.1,95.3,0,True
Bad Bunny - LA MuDANZA,off+200/cold,-900,-900,0,-1,10000,0,2,True,True,True,2,8,328.1,3.0,6.2,95.3,0,True
Bad Bunny - LA MuDANZA,off+200/seeded_correct,-900,-897,3,0,10000,0,4,False,True,False,8,8,212.8,6.4,8.4,100.0,0,True
Bad Bunny - LA MuDANZA,off+200/seeded_wrong_2s,-900,-897,3,0,10000,0,5,False,True,False,8,8,230.6,6.8,9.2,95.3,0,True
Bad Bunny - LA MuDANZA,off-200/cold,-1300,-1292,8,19,10000,0,2,True,True,True,2,8,319.9,3.0,5.8,95.3,0,True
Bad Bunny - LA MuDANZA,off-200/seeded_correct,-1300,-1296,4,0,10000,0,4,False,True,False,8,8,187.6,5.5,7.0,100.0,0,True
Bad Bunny - LA MuDANZA,off-200/seeded_wrong_2s,-1300,-1296,4,0,10000,0,6,False,True,False,8,8,177.5,5.0,7.0,95.3,0,True
Bad Bunny - LA MuDANZA,off+2s/cold,900,901,1,0,7000,0,2,True,True,True,2,8,326.3,3.0,5.8,96.7,0,True
Bad Bunny - LA MuDANZA,off+2s/seeded_correct,900,903,3,0,7000,0,4,False,True,False,8,8,181.4,5.4,7.7,100.0,0,True
Bad Bunny - LA MuDANZA,off+2s/seeded_wrong_2s,900,903,3,0,7000,0,5,False,True,False,8,8,199.8,5.2,11.4,96.7,0,True
Bad Bunny - LA MuDANZA,off-2s/cold,-3100,-3092,8,19,11500,0,2,True,True,True,2,8,416.8,4.0,7.2,94.6,0,True
Bad Bunny - LA MuDANZA,off-2s/seeded_correct,-3100,-3098,2,0,11500,0,3,False,True,False,8,8,191.0,5.2,7.1,100.0,0,True
Bad Bunny - LA MuDANZA,off-2s/seeded_wrong_2s,-3100,-3098,2,0,11500,0,3,False,True,False,8,8,209.6,5.9,8.4,94.6,0,True
Bad Bunny - LA MuDANZA,off+10s/cold,8900,8905,5,-8900,,0,4,False,False,False,8,8,195.3,5.6,8.8,0.0,0,True
Bad Bunny - LA MuDANZA,off+10s/second_play,8900,8902,2,4,2500,0,1,False,True,True,2,8,370.6,3.5,8.0,100.0,0,True
Bad Bunny - LA MuDANZA,off+10s/seeded_correct,8900,8901,1,0,2500,0,1,False,True,True,2,8,399.9,3.6,8.9,100.0,0,True
Bad Bunny - LA MuDANZA,off+10s/seeded_wrong_2s,8900,8902,2,0,2500,0,1,False,True,True,2,8,438.3,4.4,8.5,98.8,0,True
Bad Bunny - LA MuDANZA,off-10s/cold,-11100,,,11100,,0,0,False,False,False,8,8,215.5,5.4,7.2,0.0,0,False
Bad Bunny - LA MuDANZA,off-10s/second_play,-11100,,,11100,,0,0,False,False,False,8,8,221.1,5.4,7.9,0.0,0,False
Bad Bunny - LA MuDANZA,off-10s/seeded_correct,-11100,-11100,0,0,,0,0,False,False,False,8,8,216.5,5.4,7.3,100.0,0,True
Bad Bunny - LA MuDANZA,off-10s/seeded_wrong_2s,-11100,-9100,2000,2000,,0,0,False,False,False,8,8,202.2,5.0,6.9,0.0,0,False
Bad Bunny - LA MuDANZA,off+25s/cold,23900,23905,5,-23900,,0,4,False,False,False,8,8,159.0,5.5,10.7,0.0,0,True
Bad Bunny - LA MuDANZA,off+25s/second_play,23900,23902,2,4,2500,0,1,False,True,True,2,8,310.3,3.5,6.2,100.0,0,True
Bad Bunny - LA MuDANZA,off+25s/seeded_correct,23900,23901,1,0,2500,0,1,False,True,True,2,8,308.4,3.5,6.1,100.0,0,True
Bad Bunny - LA MuDANZA,off+25s/seeded_wrong_2s,23900,23902,2,0,2500,0,1,False,True,True,2,8,314.3,3.7,6.2,98.7,0,True
Bad Bunny - LA MuDANZA,off-25s/cold,-26100,,,26100,,0,0,False,False,False,8,8,228.6,5.0,7.2,0.0,0,False
Bad Bunny - LA MuDANZA,off-25s/second_play,-26100,,,26100,,0,0,False,False,False,8,8,230.0,5.0,6.5,0.0,0,False
Bad Bunny - LA MuDANZA,off-25s/seeded_correct,-26100,-26100,0,0,,0,0,False,False,False,8,8,221.6,4.9,6.8,100.0,0,True
Bad Bunny - LA MuDANZA,off-25s/seeded_wrong_2s,-26100,-24100,2000,2000,,0,0,False,False,False,8,8,222.0,4.9,6.6,0.0,0,False
Bad Bunny - LA MuDANZA,noise0/cold,-1100,-1092,8,22,10000,0,2,True,True,True,2,8,276.2,2.6,4.9,95.3,0,True
Bad Bunny - LA MuDANZA,noise0/seeded_correct,-1100,-1096,4,0,10000,0,5,False,True,False,8,8,150.2,4.2,5.7,100.0,0,True
Bad Bunny - LA MuDANZA,noise0/seeded_wrong_2s,-1100,-1096,4,0,10000,0,5,False,True,False,8,8,148.8,4.2,5.6,95.3,0,True
Bad Bunny - LA MuDANZA,noise-2s/cold,-3100,-3081,19,19,11500,0,1,True,True,True,2,8,276.9,2.6,4.8,94.6,0,True
Bad Bunny - LA MuDANZA,noise-2s/seeded_correct,-3100,-3098,2,0,11500,0,3,False,True,False,8,8,153.5,4.2,5.2,100.0,0,True
Bad Bunny - LA MuDANZA,noise-2s/seeded_wrong_2s,-3100,-3098,2,0,11500,0,3,False,True,False,8,8,152.7,4.2,5.4,94.6,0,True
Bad Bunny - LA MuDANZA,cutin5s/cold,3900,3904,4,9,4000,0,4,True,True,True,4,8,276.3,3.1,5.0,98.1,0,True
Bad Bunny - LA MuDANZA,cutin5s/second_play,3900,3902,2,4,4000,0,2,False,True,True,7,8,144.6,4.5,5.9,100.0,0,True
Bad Bunny - LA MuDANZA,cutin5s/seeded_correct,3900,3903,3,0,4000,0,4,False,True,False,8,8,142.0,4.6,6.9,100.0,0,True
Bad Bunny - LA MuDANZA,cutin5s/seeded_wrong_2s,3900,3903,3,0,4000,0,3,False,True,False,8,8,142.2,4.5,7.2,98.1,0,True
Bad Bunny - LA MuDANZA,cutin15s/cold,13900,13903,3,0,4000,0,4,False,True,False,8,8,110.5,4.1,7.4,98.0,0,True
Bad Bunny - LA MuDANZA,cutin15s/second_play,13900,13902,2,2,4000,0,2,False,True,True,7,8,109.8,4.0,5.6,100.0,0,True
Bad Bunny - LA MuDANZA,cutin15s/seeded_correct,13900,13903,3,0,4000,0,6,False,True,False,8,8,106.3,4.1,7.0,100.0,0,True
Bad Bunny - LA MuDANZA,cutin15s/seeded_wrong_2s,13900,13903,3,0,4000,0,4,False,True,False,8,8,106.0,4.1,7.0,98.0,0,True
Bad Bunny - LA MuDANZA,cutin25s/cold,23900,23902,2,0,4000,0,4,False,True,True,7,8,101.7,4.5,6.5,97.9,0,True
Bad Bunny - LA MuDANZA,cutin25s/second_play,23900,23902,2,2,4000,0,4,False,True,True,7,8,98.0,4.3,6.0,100.0,0,True
Bad Bunny - LA MuDANZA,cutin25s/seeded_correct,23900,23901,1,0,4000,0,2,False,True,True,7,8,97.3,4.3,6.0,100.0,0,True
Bad Bunny - LA MuDANZA,cutin25s/seeded_wrong_2s,23900,23902,2,0,4000,0,4,False,True,True,7,8,98.6,4.5,6.2,97.9,0,True
Bad Bunny - LA MuDANZA,blend8s/cold,-1100,-1092,8,22,10000,0,2,True,True,True,2,8,297.8,2.8,5.2,95.3,0,True
Bad Bunny - LA MuDANZA,blend8s/seeded_correct,-1100,-1096,4,0,10000,0,5,False,True,False,8,8,162.6,4.6,6.1,100.0,0,True
Bad Bunny - LA MuDANZA,blend8s/seeded_wrong_2s,-1100,-1096,4,0,10000,0,5,False,True,False,8,8,162.7,4.6,6.2,95.3,0,True
Bad Bunny - LA MuDANZA,midshift+1.5s/cold,-1100,-1089,-1489,0,10000,1,3,True,True,True,6,8,222.1,2.7,7.6,48.9,1,False
Bad Bunny - LA MuDANZA,midshift+1.5s/seeded_correct,-1100,-1100,-1500,0,10000,1,5,False,True,False,9,8,198.3,5.7,10.2,48.9,1,False
Bad Bunny - LA MuDANZA,midshift+1.5s/seeded_wrong_2s,-1100,-1100,-1500,0,10000,1,4,False,True,False,9,8,197.1,5.5,10.6,44.2,1,False
Bad Bunny - LA MuDANZA,midshift-1.5s/cold,-1100,-1092,1508,1522,10000,0,2,True,True,True,7,8,214.1,4.0,7.5,23.3,2,False
Bad Bunny - LA MuDANZA,midshift-1.5s/seeded_correct,-1100,-1100,1500,0,10000,1,4,False,True,False,10,8,193.2,4.8,9.6,46.8,2,False
Bad Bunny - LA MuDANZA,midshift-1.5s/seeded_wrong_2s,-1100,-1100,1500,1500,,1,3,False,True,False,10,8,194.1,4.9,9.5,23.3,2,False
Bad Bunny - Soy Peor,off0/cold,-938,-925,13,13,40250,0,6,False,True,True,9,10,301.4,3.9,7.8,84.3,2,True
Bad Bunny - Soy Peor,off0/seeded_correct,-938,15700,16638,16638,,1,4,False,True,True,8,10,327.5,3.8,8.4,58.1,2,False
Bad Bunny - Soy Peor,off0/seeded_wrong_2s,-938,15700,16638,16638,,1,4,False,True,True,8,10,331.3,4.2,7.9,54.2,2,False
Bad Bunny - Soy Peor,off+200/cold,-738,-725,13,13,40250,0,6,False,True,True,9,10,309.3,4.0,8.4,84.3,2,True
Bad Bunny - Soy Peor,off+200/seeded_correct,-738,15900,16638,16638,,1,4,False,True,True,8,10,320.3,3.9,7.7,57.6,2,False
Bad Bunny - Soy Peor,off+200/seeded_wrong_2s,-738,15900,16638,16638,,1,4,False,True,True,8,10,331.0,4.0,9.1,54.3,2,False
Bad Bunny - Soy Peor,off-200/cold,-1138,-1125,13,13,40250,0,6,False,True,True,9,10,306.0,3.9,7.8,84.3,2,True
Bad Bunny - Soy Peor,off-200/seeded_correct,-1138,15500,16638,16638,,1,4,False,True,True,8,10,325.2,3.8,9.1,58.1,2,False
Bad Bunny - Soy Peor,off-200/seeded_wrong_2s,-1138,15500,16638,16638,,1,4,False,True,True,8,10,324.3,3.8,9.2,54.2,2,False
Bad Bunny - Soy Peor,off+2s/cold,1062,1075,13,13,40250,0,6,False,True,True,9,10,296.0,4.0,7.8,84.2,2,True
Bad Bunny - Soy Peor,off+2s/seeded_correct,1062,17700,16638,16638,,1,4,False,True,True,8,10,312.0,3.8,7.8,57.4,2,False
Bad Bunny - Soy Peor,off+2s/seeded_wrong_2s,1062,17700,16638,16638,,1,4,False,True,True,8,10,314.8,4.0,8.1,54.7,2,False
Bad Bunny - Soy Peor,off-2s/cold,-2938,-2825,113,113,,0,2,False,True,False,12,10,215.7,6.8,14.9,7.2,2,True
Bad Bunny - Soy Peor,off-2s/seeded_correct,-2938,13700,16638,16638,,1,1,False,True,False,12,10,211.0,6.8,15.1,4.4,2,False
Bad Bunny - Soy Peor,off-2s/seeded_wrong_2s,-2938,13700,16638,16638,,1,1,False,True,False,12,10,216.5,6.8,14.8,0.0,2,False
Bad Bunny - Soy Peor,off+10s/cold,9062,9125,63,13,40250,0,3,False,False,True,11,10,238.1,5.4,12.6,83.7,1,True
Bad Bunny - Soy Peor,off+10s/second_play,9062,9075,13,13,50000,0,5,False,True,True,9,10,289.9,4.0,7.9,80.7,2,True
Bad Bunny - Soy Peor,off+10s/seeded_correct,9062,9075,13,13,50000,0,5,False,True,True,9,10,293.9,4.0,8.3,80.7,2,True
Bad Bunny - Soy Peor,off+10s/seeded_wrong_2s,9062,9075,13,13,94750,0,5,False,True,True,9,10,285.4,3.9,8.0,61.6,2,True
Bad Bunny - Soy Peor,off-10s/cold,-10938,22125,33063,33063,,1,1,False,False,False,12,10,242.7,6.8,13.2,0.0,2,False
Bad Bunny - Soy Peor,off-10s/second_play,-10938,22125,33063,33063,,1,1,False,False,False,12,10,234.4,6.5,13.6,0.0,2,False
Bad Bunny - Soy Peor,off-10s/seeded_correct,-10938,22125,33063,33063,,1,1,False,True,False,12,10,230.8,6.7,13.1,7.1,2,False
Bad Bunny - Soy Peor,off-10s/seeded_wrong_2s,-10938,22125,33063,33063,,1,1,False,True,False,12,10,229.2,6.6,13.8,0.0,2,False
Bad Bunny - Soy Peor,off+25s/cold,24062,24125,63,13,40250,0,3,False,False,True,11,10,169.7,2.9,13.5,82.6,1,True
Bad Bunny - Soy Peor,off+25s/second_play,24062,24061,-1,13,2500,0,4,False,True,True,6,10,429.5,4.7,10.7,100.0,2,True
Bad Bunny - Soy Peor,off+25s/seeded_correct,24062,24060,-2,13,2500,0,4,False,True,True,7,10,349.1,5.9,9.1,100.0,2,True
Bad Bunny - Soy Peor,off+25s/seeded_wrong_2s,24062,24075,13,13,2500,0,4,False,True,True,9,10,230.5,4.1,13.7,98.9,2,True
Bad Bunny - Soy Peor,off-25s/cold,-25938,7142,33080,49688,,2,2,False,False,False,12,10,261.8,6.4,13.1,0.0,2,False
Bad Bunny - Soy Peor,off-25s/second_play,-25938,7125,33063,33063,,1,1,False,False,True,12,10,271.9,6.4,11.1,0.0,2,False
Bad Bunny - Soy Peor,off-25s/seeded_correct,-25938,7142,33080,49688,,2,2,False,False,False,12,10,264.0,6.6,12.4,33.6,2,False
Bad Bunny - Soy Peor,off-25s/seeded_wrong_2s,-25938,7142,33080,49688,,2,2,False,False,False,12,10,258.3,6.6,13.1,0.0,2,False
Bad Bunny - Soy Peor,noise0/cold,-938,-925,13,13,50000,0,6,False,True,True,8,10,287.3,3.5,6.7,80.5,2,True
Bad Bunny - Soy Peor,noise0/seeded_correct,-938,-925,13,13,50000,0,5,False,True,True,8,10,289.0,3.3,6.8,83.3,2,True
Bad Bunny - Soy Peor,noise0/seeded_wrong_2s,-938,-925,13,13,94750,0,5,False,True,True,8,10,284.1,3.4,6.7,63.1,2,True
Bad Bunny - Soy Peor,noise-2s/cold,-2938,-2825,113,113,,0,2,False,True,False,12,10,197.7,6.1,13.5,7.2,2,True
Bad Bunny - Soy Peor,noise-2s/seeded_correct,-2938,13700,16638,16638,,2,2,False,True,False,12,10,193.9,6.3,13.4,3.9,2,False
Bad Bunny - Soy Peor,noise-2s/seeded_wrong_2s,-2938,13700,16638,16638,,2,2,False,True,False,12,10,213.3,6.5,13.2,0.0,2,False
Bad Bunny - Soy Peor,cutin5s/cold,4062,4050,-12,-12,40250,0,5,False,True,True,9,10,260.5,3.9,7.8,84.0,2,True
Bad Bunny - Soy Peor,cutin5s/second_play,4062,4050,-12,113,,0,2,False,True,True,7,10,269.3,3.8,8.1,64.0,1,True
Bad Bunny - Soy Peor,cutin5s/seeded_correct,4062,4050,-12,113,,0,2,False,True,True,7,10,270.1,3.8,7.1,64.0,1,True
Bad Bunny - Soy Peor,cutin5s/seeded_wrong_2s,4062,4050,-12,113,,0,2,False,True,True,7,10,264.9,3.7,7.0,62.4,1,True
Bad Bunny - Soy Peor,cutin15s/cold,14062,14100,38,38,40250,0,6,False,True,True,11,10,185.1,3.6,8.9,83.4,2,True
Bad Bunny - Soy Peor,cutin15s/second_play,14062,14100,38,38,94750,0,3,False,True,True,8,10,200.4,3.3,7.5,62.5,1,True
Bad Bunny - Soy Peor,cutin15s/seeded_correct,14062,14100,38,38,94750,0,3,False,True,True,8,10,206.2,3.3,8.4,62.5,1,True
Bad Bunny - Soy Peor,cutin15s/seeded_wrong_2s,14062,14100,38,38,94750,0,3,False,True,True,8,10,203.1,3.3,7.6,60.8,1,True
Bad Bunny - Soy Peor,cutin25s/cold,24062,24075,13,13,4000,0,4,False,True,True,9,10,200.6,3.4,9.8,98.3,2,True
Bad Bunny - Soy Peor,cutin25s/second_play,24062,24175,113,113,,0,5,False,True,True,9,10,233.1,3.8,9.9,100.0,2,True
Bad Bunny - Soy Peor,cutin25s/seeded_correct,24062,24175,113,113,,0,4,False,True,True,9,10,233.4,3.7,10.0,100.0,2,True
Bad Bunny - Soy Peor,cutin25s/seeded_wrong_2s,24062,24175,113,113,,0,5,False,True,True,9,10,236.3,3.8,10.4,98.3,2,True
Bad Bunny - Soy Peor,blend8s/cold,-938,-925,13,13,26000,0,6,False,False,True,9,10,320.1,3.5,7.7,89.9,2,True
Bad Bunny - Soy Peor,blend8s/seeded_correct,-938,-981,-43,16638,,1,5,False,False,True,8,10,362.5,4.0,8.0,91.1,2,True
Bad Bunny - Soy Peor,blend8s/seeded_wrong_2s,-938,-925,13,13,40250,0,6,False,False,True,9,10,315.0,3.5,7.4,84.3,2,True
Bad Bunny - Soy Peor,midshift+1.5s/cold,-938,562,0,0,40250,0,6,False,True,True,12,10,360.5,7.5,14.7,70.6,2,True
Bad Bunny - Soy Peor,midshift+1.5s/seeded_correct,-938,17200,16638,16638,,1,3,False,True,True,8,10,407.9,4.7,10.1,58.5,2,False
Bad Bunny - Soy Peor,midshift+1.5s/seeded_wrong_2s,-938,17200,16638,16638,,1,3,False,True,True,8,10,402.9,4.8,10.0,54.6,2,False
Bad Bunny - Soy Peor,midshift-1.5s/cold,-938,14200,16638,16638,,2,4,False,True,True,12,10,227.2,5.4,12.1,34.1,2,False
Bad Bunny - Soy Peor,midshift-1.5s/seeded_correct,-938,14200,16638,16638,,1,2,False,True,False,12,10,213.2,6.7,14.8,30.3,2,False
Bad Bunny - Soy Peor,midshift-1.5s/seeded_wrong_2s,-938,14200,16638,16638,,1,2,False,True,False,12,10,215.4,6.8,14.4,26.4,2,False
Bad Bunny - BATICANO,off0/cold,-1031,-1080,-49,6,8500,0,1,False,True,True,10,11,348.3,5.2,9.0,96.7,2,True
Bad Bunny - BATICANO,off0/seeded_correct,-1031,-1034,-3,6,8500,0,2,False,True,True,8,11,340.9,5.0,7.9,100.0,2,True
Bad Bunny - BATICANO,off0/seeded_wrong_2s,-1031,-1036,-5,6,8500,0,2,False,True,True,10,11,348.9,5.2,8.9,96.7,2,True
Bad Bunny - BATICANO,off+200/cold,-831,-834,-3,6,8500,0,2,False,True,True,11,11,352.2,5.5,8.6,96.7,2,True
Bad Bunny - BATICANO,off+200/seeded_correct,-831,-830,1,6,8500,0,3,False,True,True,8,11,355.3,5.2,9.2,100.0,2,True
Bad Bunny - BATICANO,off+200/seeded_wrong_2s,-831,-831,0,6,8500,0,3,False,True,True,9,11,343.1,5.1,8.4,96.7,2,True
Bad Bunny - BATICANO,off-200/cold,-1231,-1125,106,106,,0,2,False,True,True,7,11,474.6,3.8,7.2,96.7,2,True
Bad Bunny - BATICANO,off-200/seeded_correct,-1231,-1234,-3,6,8500,0,2,False,True,True,9,11,342.6,5.0,8.2,100.0,2,True
Bad Bunny - BATICANO,off-200/seeded_wrong_2s,-1231,-1235,-4,6,8500,0,2,False,True,True,10,11,352.7,5.2,8.4,96.7,2,True
Bad Bunny - BATICANO,off+2s/cold,969,966,-3,6,7000,0,3,False,True,True,11,11,349.2,5.5,8.9,97.2,2,True
Bad Bunny - BATICANO,off+2s/seeded_correct,969,970,1,6,7000,0,3,False,True,True,8,11,347.0,5.3,8.4,100.0,2,True
Bad Bunny - BATICANO,off+2s/seeded_wrong_2s,969,968,-1,6,7000,0,3,False,True,True,9,11,342.2,5.3,8.6,97.2,2,True
Bad Bunny - BATICANO,off-2s/cold,-3031,,,-69,11500,0,0,False,True,True,11,11,346.3,5.7,9.2,95.5,2,False
Bad Bunny - BATICANO,off-2s/seeded_correct,-3031,-3031,0,6,11500,0,0,False,True,True,9,11,344.6,5.0,8.0,100.0,2,True
Bad Bunny - BATICANO,off-2s/seeded_wrong_2s,-3031,-3060,-29,6,11500,0,1,False,True,True,10,11,341.0,5.7,9.0,95.5,2,True
Bad Bunny - BATICANO,off+10s/cold,8969,8982,13,-8969,,0,5,False,False,False,11,11,304.1,5.8,8.6,0.0,0,True
Bad Bunny - BATICANO,off+10s/second_play,8969,8967,-2,6,2500,0,4,False,True,True,10,11,336.8,5.9,9.7,100.0,2,True
Bad Bunny - BATICANO,off+10s/seeded_correct,8969,8970,1,6,2500,0,6,False,True,True,10,11,328.6,5.7,9.8,100.0,2,True
Bad Bunny - BATICANO,off+10s/seeded_wrong_2s,8969,8969,0,6,2500,0,5,False,True,True,11,11,353.8,5.7,11.7,99.0,2,True
Bad Bunny - BATICANO,off-10s/cold,-11031,,,11031,,0,0,False,False,False,11,11,327.0,5.6,7.4,0.0,0,False
Bad Bunny - BATICANO,off-10s/second_play,-11031,,,11031,,0,0,False,False,False,11,11,332.4,5.7,7.8,0.0,0,False
Bad Bunny - BATICANO,off-10s/seeded_correct,-11031,-11031,0,0,,0,0,False,False,False,11,11,323.1,5.5,8.0,100.0,0,True
Bad Bunny - BATICANO,off-10s/seeded_wrong_2s,-11031,-9031,2000,2000,,0,0,False,False,False,11,11,330.3,5.7,8.3,0.0,0,False
Bad Bunny - BATICANO,off+25s/cold,23969,23982,13,-23969,,0,5,False,False,False,11,11,276.4,6.2,10.1,0.0,0,True
Bad Bunny - BATICANO,off+25s/second_play,23969,23998,29,56,2500,0,5,False,True,True,6,11,440.9,4.3,7.5,100.0,2,True
Bad Bunny - BATICANO,off+25s/seeded_correct,23969,23982,13,106,,0,6,False,True,True,11,11,290.4,6.1,11.9,100.0,2,True
Bad Bunny - BATICANO,off+25s/seeded_wrong_2s,23969,23982,13,106,,0,6,False,True,True,12,11,290.1,6.2,12.2,98.9,2,True
Bad Bunny - BATICANO,off-25s/cold,-26031,,,26031,,0,0,False,False,False,11,11,344.0,5.5,7.4,0.0,0,False
Bad Bunny - BATICANO,off-25s/second_play,-26031,,,26031,,0,0,False,False,False,11,11,346.1,5.4,8.5,0.0,0,False
Bad Bunny - BATICANO,off-25s/seeded_correct,-26031,-26031,0,0,,0,0,False,False,False,11,11,342.3,5.5,7.7,100.0,0,True
Bad Bunny - BATICANO,off-25s/seeded_wrong_2s,-26031,-24031,2000,2000,,0,0,False,False,False,11,11,338.1,5.3,8.5,0.0,0,False
Bad Bunny - BATICANO,noise0/cold,-1031,-1079,-48,6,8500,0,1,False,True,True,10,11,310.8,4.7,7.6,96.7,2,True
Bad Bunny - BATICANO,noise0/seeded_correct,-1031,-1034,-3,6,8500,0,2,False,True,True,8,11,310.8,4.6,7.5,100.0,2,True
Bad Bunny - BATICANO,noise0/seeded_wrong_2s,-1031,-1036,-5,6,8500,0,2,False,True,True,10,11,310.6,4.7,7.8,96.7,2,True
Bad Bunny - BATICANO,noise-2s/cold,-3031,,,-69,11500,0,0,False,True,True,11,11,288.0,5.2,8.6,95.5,2,False
Bad Bunny - BATICANO,noise-2s/seeded_correct,-3031,-3031,0,6,11500,0,0,False,True,True,9,11,306.5,4.5,7.2,100.0,2,True
Bad Bunny - BATICANO,noise-2s/seeded_wrong_2s,-3031,-3060,-29,6,11500,0,1,False,True,True,10,11,300.3,5.0,8.1,95.5,2,True
Bad Bunny - BATICANO,cutin5s/cold,3969,3974,5,-69,4000,0,5,False,True,False,13,11,304.2,5.6,11.1,98.4,2,True
Bad Bunny - BATICANO,cutin5s/second_play,3969,4075,106,106,,0,7,False,True,False,13,11,296.8,5.6,11.2,100.0,2,True
Bad Bunny - BATICANO,cutin5s/seeded_correct,3969,4075,106,106,,0,7,False,True,False,13,11,300.2,5.8,11.0,100.0,2,True
Bad Bunny - BATICANO,cutin5s/seeded_wrong_2s,3969,4075,106,106,,0,6,False,True,False,13,11,300.3,5.8,11.1,98.4,2,True
Bad Bunny - BATICANO,cutin15s/cold,13969,14100,131,-69,4000,0,4,False,True,False,13,11,243.4,5.0,9.9,98.3,2,True
Bad Bunny - BATICANO,cutin15s/second_play,13969,14075,106,106,,0,6,False,True,False,13,11,237.1,5.0,9.8,100.0,2,True
Bad Bunny - BATICANO,cutin15s/seeded_correct,13969,14075,106,106,,0,6,False,True,False,13,11,235.7,4.9,9.8,100.0,2,True
Bad Bunny - BATICANO,cutin15s/seeded_wrong_2s,13969,14075,106,106,,0,5,False,True,False,13,11,242.1,5.1,9.9,98.3,2,True
Bad Bunny - BATICANO,cutin25s/cold,23969,23947,-22,-44,4000,0,4,False,True,False,13,11,241.8,5.5,11.4,98.3,2,True
Bad Bunny - BATICANO,cutin25s/second_play,23969,23977,8,106,,0,5,False,True,False,12,11,230.7,5.7,11.2,100.0,1,True
Bad Bunny - BATICANO,cutin25s/seeded_correct,23969,23977,8,106,,0,6,False,True,False,12,11,226.1,5.5,10.6,100.0,1,True
Bad Bunny - BATICANO,cutin25s/seeded_wrong_2s,23969,23977,8,106,,0,5,False,True,False,12,11,224.3,5.5,11.1,98.3,1,True
Bad Bunny - BATICANO,blend8s/cold,-1031,-1079,-48,6,14500,0,1,False,True,True,10,11,346.4,5.1,8.5,94.3,2,True
Bad Bunny - BATICANO,blend8s/seeded_correct,-1031,-1034,-3,6,14500,0,2,False,True,True,9,11,356.2,5.2,8.6,100.0,2,True
Bad Bunny - BATICANO,blend8s/seeded_wrong_2s,-1031,-1035,-4,6,14500,0,2,False,True,True,10,11,347.5,5.0,8.3,94.3,2,True
Bad Bunny - BATICANO,midshift+1.5s/cold,-1031,479,10,6,8500,0,4,False,True,True,12,11,401.2,6.8,11.1,86.2,2,True
Bad Bunny - BATICANO,midshift+1.5s/seeded_correct,-1031,480,11,6,8500,0,4,False,True,True,10,11,397.2,6.8,11.0,89.5,2,True
Bad Bunny - BATICANO,midshift+1.5s/seeded_wrong_2s,-1031,480,11,6,8500,0,4,False,True,True,12,11,395.0,6.7,10.8,86.2,2,True
Bad Bunny - BATICANO,midshift-1.5s/cold,-1031,-2475,56,1431,8500,0,2,False,True,True,12,11,377.5,6.0,9.7,20.1,2,True
Bad Bunny - BATICANO,midshift-1.5s/seeded_correct,-1031,-2512,19,19,8500,0,2,False,True,True,10,11,379.7,6.0,10.4,54.1,2,True
Bad Bunny - BATICANO,midshift-1.5s/seeded_wrong_2s,-1031,-2512,19,1450,8500,0,2,False,True,True,12,11,369.4,6.1,10.4,20.1,2,True
"Arcángel, Bad Bunny, Mambo Kingz, DJ Luian - Tu No Vive Asi (feat. Mambo Kingz & DJ Luian)",off0/cold,-2183,5870,8053,8083,,6,6,False,False,True,10,18,439.4,3.9,7.8,0.0,2,False
"Arcángel, Bad Bunny, Mambo Kingz, DJ Luian - Tu No Vive Asi (feat. Mambo Kingz & DJ Luian)",off0/seeded_correct,-2183,5900,8083,8083,,4,6,False,False,True,16,18,461.3,4.8,8.5,44.8,2,False
"Arcángel, Bad Bunny, Mambo Kingz, DJ Luian - Tu No Vive Asi (feat. Mambo Kingz & DJ Luian)",off0/seeded_wrong_2s,-2183,1745,3928,8083,,8,8,False,False,True,16,18,458.4,4.7,8.6,0.0,2,False
"Arcángel, Bad Bunny, Mambo Kingz, DJ Luian - Tu No Vive Asi (feat. Mambo Kingz & DJ Luian)",off+200/cold,-1983,6070,8053,8083,,6,6,False,False,True,10,18,456.4,4.0,8.0,0.0,2,False
"Arcángel, Bad Bunny, Mambo Kingz, DJ Luian - Tu No Vive Asi (feat. Mambo Kingz & DJ Luian)",off+200/seeded_correct,-1983,6100,8083,8083,,4,6,False,False,True,16,18,469.8,4.8,8.7,44.8,2,False
"Arcángel, Bad Bunny, Mambo Kingz, DJ Luian - Tu No Vive Asi (feat. Mambo Kingz & DJ Luian)",off+200/seeded_wrong_2s,-1983,1945,3928,8083,,8,8,False,False,True,16,18,471.5,4.9,9.4,0.0,2,False
"Arcángel, Bad Bunny, Mambo Kingz, DJ Luian - Tu No Vive Asi (feat. Mambo Kingz & DJ Luian)",off-200/cold,-2383,5670,8053,8258,,6,6,False,False,True,10,18,454.2,3.9,7.6,0.0,2,False
"Arcángel, Bad Bunny, Mambo Kingz, DJ Luian - Tu No Vive Asi (feat. Mambo Kingz & DJ Luian)",off-200/seeded_correct,-2383,5642,8025,8258,,4,5,False,False,True,15,18,458.0,4.4,12.4,42.9,2,False
"Arcángel, Bad Bunny, Mambo Kingz, DJ Luian - Tu No Vive Asi (feat. Mambo Kingz & DJ Luian)",off-200/seeded_wrong_2s,-2383,1545,3928,8083,,8,8,False,False,True,16,18,465.6,5.0,8.4,0.0,2,False
"Arcángel, Bad Bunny, Mambo Kingz, DJ Luian - Tu No Vive Asi (feat. Mambo Kingz & DJ Luian)",off+2s/cold,-183,7863,8046,8083,,6,7,False,False,True,11,18,462.4,4.1,8.3,24.0,2,False
"Arcángel, Bad Bunny, Mambo Kingz, DJ Luian - Tu No Vive Asi (feat. Mambo Kingz & DJ Luian)",off+2s/seeded_correct,-183,7900,8083,8083,,5,6,False,False,True,12,18,443.2,4.1,8.8,46.0,2,False
"Arcángel, Bad Bunny, Mambo Kingz, DJ Luian - Tu No Vive Asi (feat. Mambo Kingz & DJ Luian)",off+2s/seeded_wrong_2s,-183,7816,7999,8258,,4,5,False,False,False,20,18,391.1,6.3,12.9,31.7,2,False
"Arcángel, Bad Bunny, Mambo Kingz, DJ Luian - Tu No Vive Asi (feat. Mambo Kingz & DJ Luian)",off-2s/cold,-4183,3900,8083,8083,,5,5,True,False,True,9,18,491.7,3.8,7.7,0.0,2,False
"Arcángel, Bad Bunny, Mambo Kingz, DJ Luian - Tu No Vive Asi (feat. Mambo Kingz & DJ Luian)",off-2s/seeded_correct,-4183,3862,8045,8083,,6,6,False,False,True,16,18,443.0,4.7,8.6,32.2,2,False
"Arcángel, Bad Bunny, Mambo Kingz, DJ Luian - Tu No Vive Asi (feat. Mambo Kingz & DJ Luian)",off-2s/seeded_wrong_2s,-4183,-250,3933,8083,,7,7,False,False,True,15,18,472.4,4.7,8.8,0.0,2,False
"Arcángel, Bad Bunny, Mambo Kingz, DJ Luian - Tu No Vive Asi (feat. Mambo Kingz & DJ Luian)",off+10s/cold,7817,15828,8011,7958,,5,5,False,False,True,11,18,490.7,3.6,11.0,0.0,2,False
"Arcángel, Bad Bunny, Mambo Kingz, DJ Luian - Tu No Vive Asi (feat. Mambo Kingz & DJ Luian)",off+10s/second_play,7817,15844,8027,8058,,4,4,False,True,True,4,18,468.9,4.1,7.8,0.0,2,False
"Arcángel, Bad Bunny, Mambo Kingz, DJ Luian - Tu No Vive Asi (feat. Mambo Kingz & DJ Luian)",off+10s/seeded_correct,7817,15775,7958,7958,,4,5,False,False,True,14,18,430.5,4.3,11.5,44.3,2,False
"Arcángel, Bad Bunny, Mambo Kingz, DJ Luian - Tu No Vive Asi (feat. Mambo Kingz & DJ Luian)",off+10s/seeded_wrong_2s,7817,15832,8015,7958,,2,3,False,False,False,20,18,387.7,6.7,13.5,32.7,2,False
"Arcángel, Bad Bunny, Mambo Kingz, DJ Luian - Tu No Vive Asi (feat. Mambo Kingz & DJ Luian)",off-10s/cold,-12183,-4241,7942,8058,,4,4,True,False,True,8,18,506.2,4.4,7.5,0.0,2,False
"Arcángel, Bad Bunny, Mambo Kingz, DJ Luian - Tu No Vive Asi (feat. Mambo Kingz & DJ Luian)",off-10s/second_play,-12183,28775,40958,40958,,3,3,False,True,True,17,18,387.6,6.2,9.7,0.0,2,False
"Arcángel, Bad Bunny, Mambo Kingz, DJ Luian - Tu No Vive Asi (feat. Mambo Kingz & DJ Luian)",off-10s/seeded_correct,-12183,3781,15964,8083,,6,6,False,False,True,18,18,407.4,6.1,10.9,22.9,2,False
"Arcángel, Bad Bunny, Mambo Kingz, DJ Luian - Tu No Vive Asi (feat. Mambo Kingz & DJ Luian)",off-10s/seeded_wrong_2s,-12183,3781,15964,8083,,6,6,False,False,True,18,18,416.8,6.1,10.8,0.0,2,False
"Arcángel, Bad Bunny, Mambo Kingz, DJ Luian - Tu No Vive Asi (feat. Mambo Kingz & DJ Luian)",off+25s/cold,22817,-1250,-24067,-23642,,2,2,False,False,True,13,18,380.2,4.1,13.3,0.0,2,False
"Arcángel, Bad Bunny, Mambo Kingz, DJ Luian - Tu No Vive Asi (feat. Mambo Kingz & DJ Luian)",off+25s/second_play,22817,-1260,-24077,-23642,,5,5,False,False,True,18,18,366.4,6.7,14.0,0.0,2,False
"Arcángel, Bad Bunny, Mambo Kingz, DJ Luian - Tu No Vive Asi (feat. Mambo Kingz & DJ Luian)",off+25s/seeded_correct,22817,22800,-17,-17,26000,0,3,False,False,True,15,18,393.5,4.3,13.8,100.0,2,True
"Arcángel, Bad Bunny, Mambo Kingz, DJ Luian - Tu No Vive Asi (feat. Mambo Kingz & DJ Luian)",off+25s/seeded_wrong_2s,22817,22750,-67,358,,0,1,False,False,False,20,18,362.1,7.1,14.1,52.9,2,True
"Arcángel, Bad Bunny, Mambo Kingz, DJ Luian - Tu No Vive Asi (feat. Mambo Kingz & DJ Luian)",off-25s/cold,-27183,12875,40058,40058,,4,4,False,False,True,20,18,419.1,6.3,11.2,0.0,2,False
"Arcángel, Bad Bunny, Mambo Kingz, DJ Luian - Tu No Vive Asi (feat. Mambo Kingz & DJ Luian)",off-25s/second_play,-27183,12875,40058,40058,,4,4,False,False,True,20,18,415.2,6.3,11.6,0.0,2,False
"Arcángel, Bad Bunny, Mambo Kingz, DJ Luian - Tu No Vive Asi (feat. Mambo Kingz & DJ Luian)",off-25s/seeded_correct,-27183,12875,40058,40058,,4,4,False,False,True,20,18,414.4,6.4,11.0,21.7,2,False
"Arcángel, Bad Bunny, Mambo Kingz, DJ Luian - Tu No Vive Asi (feat. Mambo Kingz & DJ Luian)",off-25s/seeded_wrong_2s,-27183,12875,40058,40058,,4,4,False,False,True,20,18,413.9,6.2,11.1,0.0,2,False
"Arcángel, Bad Bunny, Mambo Kingz, DJ Luian - Tu No Vive Asi (feat. Mambo Kingz & DJ Luian)",noise0/cold,-2183,5870,8053,8083,,6,6,False,False,True,10,18,386.9,3.2,6.9,0.0,2,False
"Arcángel, Bad Bunny, Mambo Kingz, DJ Luian - Tu No Vive Asi (feat. Mambo Kingz & DJ Luian)",noise0/seeded_correct,-2183,5900,8083,8083,,4,6,False,False,True,16,18,398.9,4.0,7.3,44.8,2,False
"Arcángel, Bad Bunny, Mambo Kingz, DJ Luian - Tu No Vive Asi (feat. Mambo Kingz & DJ Luian)",noise0/seeded_wrong_2s,-2183,1745,3928,8083,,8,8,False,False,True,16,18,418.6,4.7,7.3,0.0,2,False
"Arcángel, Bad Bunny, Mambo Kingz, DJ Luian - Tu No Vive Asi (feat. Mambo Kingz & DJ Luian)",noise-2s/cold,-4183,3900,8083,8083,,5,5,True,False,True,9,18,419.5,3.2,7.1,0.0,2,False
"Arcángel, Bad Bunny, Mambo Kingz, DJ Luian - Tu No Vive Asi (feat. Mambo Kingz & DJ Luian)",noise-2s/seeded_correct,-4183,3862,8045,8083,,6,6,False,False,True,16,18,379.5,3.7,7.1,32.2,2,False
"Arcángel, Bad Bunny, Mambo Kingz, DJ Luian - Tu No Vive Asi (feat. Mambo Kingz & DJ Luian)",noise-2s/seeded_wrong_2s,-4183,-250,3933,8083,,7,7,False,False,True,15,18,401.3,3.8,8.3,0.0,2,False
"Arcángel, Bad Bunny, Mambo Kingz, DJ Luian - Tu No Vive Asi (feat. Mambo Kingz & DJ Luian)",cutin5s/cold,2817,10900,8083,8083,,6,6,False,False,True,17,18,399.7,4.0,10.2,0.0,2,False
"Arcángel, Bad Bunny, Mambo Kingz, DJ Luian - Tu No Vive Asi (feat. Mambo Kingz & DJ Luian)",cutin5s/second_play,2817,10841,8024,8058,,4,4,False,True,True,5,18,408.9,3.3,7.1,0.0,2,False
"Arcángel, Bad Bunny, Mambo Kingz, DJ Luian - Tu No Vive Asi (feat. Mambo Kingz & DJ Luian)",cutin5s/seeded_correct,2817,10830,8013,8058,,4,5,False,False,True,11,18,366.5,4.3,7.8,45.8,2,False
"Arcángel, Bad Bunny, Mambo Kingz, DJ Luian - Tu No Vive Asi (feat. Mambo Kingz & DJ Luian)",cutin5s/seeded_wrong_2s,2817,10900,8083,8083,,5,5,False,False,True,17,18,387.0,4.4,9.9,0.0,2,False
"Arcángel, Bad Bunny, Mambo Kingz, DJ Luian - Tu No Vive Asi (feat. Mambo Kingz & DJ Luian)",cutin15s/cold,12817,20825,8008,8058,,6,6,False,False,True,15,18,329.4,3.8,7.1,0.0,2,False
"Arcángel, Bad Bunny, Mambo Kingz, DJ Luian - Tu No Vive Asi (feat. Mambo Kingz & DJ Luian)",cutin15s/second_play,12817,20900,8083,8083,,4,4,False,True,True,6,18,295.5,2.6,7.4,0.0,2,False
"Arcángel, Bad Bunny, Mambo Kingz, DJ Luian - Tu No Vive Asi (feat. Mambo Kingz & DJ Luian)",cutin15s/seeded_correct,12817,28764,15947,7958,,6,7,False,False,True,12,18,354.2,3.3,6.6,43.6,2,False
"Arcángel, Bad Bunny, Mambo Kingz, DJ Luian - Tu No Vive Asi (feat. Mambo Kingz & DJ Luian)",cutin15s/seeded_wrong_2s,12817,20838,8021,8058,,6,6,False,False,True,16,18,310.7,3.8,8.3,0.0,2,False
"Arcángel, Bad Bunny, Mambo Kingz, DJ Luian - Tu No Vive Asi (feat. Mambo Kingz & DJ Luian)",cutin25s/cold,22817,22758,-59,-67,8500,0,3,False,True,True,17,18,269.1,5.6,11.3,96.4,2,True
"Arcángel, Bad Bunny, Mambo Kingz, DJ Luian - Tu No Vive Asi (feat. Mambo Kingz & DJ Luian)",cutin25s/second_play,22817,22800,-17,-17,4000,0,4,False,True,True,15,18,282.6,5.3,10.4,100.0,2,True
"Arcángel, Bad Bunny, Mambo Kingz, DJ Luian - Tu No Vive Asi (feat. Mambo Kingz & DJ Luian)",cutin25s/seeded_correct,22817,22800,-17,-17,159750,2,4,False,True,True,9,18,294.5,3.1,10.5,47.8,2,True
"Arcángel, Bad Bunny, Mambo Kingz, DJ Luian - Tu No Vive Asi (feat. Mambo Kingz & DJ Luian)",cutin25s/seeded_wrong_2s,22817,22800,-17,7933,,2,4,False,True,True,11,18,281.7,3.4,10.3,13.9,2,True
"Arcángel, Bad Bunny, Mambo Kingz, DJ Luian - Tu No Vive Asi (feat. Mambo Kingz & DJ Luian)",blend8s/cold,-2183,5870,8053,8083,,6,6,False,False,True,10,18,428.3,3.6,9.2,0.0,2,False
"Arcángel, Bad Bunny, Mambo Kingz, DJ Luian - Tu No Vive Asi (feat. Mambo Kingz & DJ Luian)",blend8s/seeded_correct,-2183,5900,8083,8083,,4,6,False,False,True,16,18,438.0,4.6,8.2,44.8,2,False
"Arcángel, Bad Bunny, Mambo Kingz, DJ Luian - Tu No Vive Asi (feat. Mambo Kingz & DJ Luian)",blend8s/seeded_wrong_2s,-2183,1745,3928,8083,,8,8,False,False,True,16,18,441.3,4.5,7.8,0.0,2,False
"Arcángel, Bad Bunny, Mambo Kingz, DJ Luian - Tu No Vive Asi (feat. Mambo Kingz & DJ Luian)",midshift+1.5s/cold,-2183,7400,8083,8083,,7,7,False,False,True,17,18,517.9,5.9,11.1,0.0,2,False
"Arcángel, Bad Bunny, Mambo Kingz, DJ Luian - Tu No Vive Asi (feat. Mambo Kingz & DJ Luian)",midshift+1.5s/seeded_correct,-2183,7400,8083,8083,,4,6,False,False,True,19,18,439.3,7.1,13.2,38.7,2,False
"Arcángel, Bad Bunny, Mambo Kingz, DJ Luian - Tu No Vive Asi (feat. Mambo Kingz & DJ Luian)",midshift+1.5s/seeded_wrong_2s,-2183,7298,7981,8258,,7,7,False,False,False,20,18,439.4,7.5,14.1,0.0,2,False
"Arcángel, Bad Bunny, Mambo Kingz, DJ Luian - Tu No Vive Asi (feat. Mambo Kingz & DJ Luian)",midshift-1.5s/cold,-2183,4400,8083,8083,,6,6,False,False,True,14,18,460.6,4.2,8.4,0.0,2,False
"Arcángel, Bad Bunny, Mambo Kingz, DJ Luian - Tu No Vive Asi (feat. Mambo Kingz & DJ Luian)",midshift-1.5s/seeded_correct,-2183,4400,8083,8083,,5,5,False,False,True,15,18,486.0,4.9,9.1,23.1,2,False
"Arcángel, Bad Bunny, Mambo Kingz, DJ Luian - Tu No Vive Asi (feat. Mambo Kingz & DJ Luian)",midshift-1.5s/seeded_wrong_2s,-2183,4364,8047,8083,,6,6,False,False,True,20,18,401.4,6.6,12.6,0.0,2,False
Bad Bunny - BENDICIONES,off0/cold,2225,-1105,-3330,-3328,,6,6,True,True,True,6,13,170.7,2.8,4.3,0.0,1,False
Bad Bunny - BENDICIONES,off0/seeded_correct,2225,-1100,-3325,-3325,,2,3,False,True,True,12,13,140.6,3.6,6.8,4.5,1,False
Bad Bunny - BENDICIONES,off0/seeded_wrong_2s,2225,2227,2,-3325,,1,3,False,True,True,8,13,163.2,3.2,4.7,0.0,0,True
Bad Bunny - BENDICIONES,off+200/cold,2425,-905,-3330,-3327,,6,6,True,True,True,6,13,172.9,2.8,4.6,0.0,1,False
Bad Bunny - BENDICIONES,off+200/seeded_correct,2425,-900,-3325,-3325,,2,3,False,True,True,12,13,140.7,3.7,7.4,4.5,1,False
Bad Bunny - BENDICIONES,off+200/seeded_wrong_2s,2425,2425,0,0,39750,0,4,False,False,False,13,13,133.3,3.4,5.8,74.4,0,True
Bad Bunny - BENDICIONES,off-200/cold,2025,-1306,-3331,-3329,,6,6,True,True,True,6,13,179.2,2.9,5.1,0.0,1,False
Bad Bunny - BENDICIONES,off-200/seeded_correct,2025,-1300,-3325,-3325,,2,3,False,True,True,12,13,139.2,3.6,7.4,5.5,1,False
Bad Bunny - BENDICIONES,off-200/seeded_wrong_2s,2025,2027,2,-3325,,1,3,False,True,True,8,13,158.7,3.1,5.0,0.0,0,True
Bad Bunny - BENDICIONES,off+2s/cold,4225,896,-3329,-3327,,6,6,True,True,True,6,13,172.9,3.0,4.5,0.0,1,False
Bad Bunny - BENDICIONES,off+2s/seeded_correct,4225,900,-3325,-3325,,2,3,False,True,True,12,13,137.3,3.7,7.5,3.6,1,False
Bad Bunny - BENDICIONES,off+2s/seeded_wrong_2s,4225,4225,0,0,39750,0,4,False,False,False,13,13,140.9,3.8,6.3,74.1,0,True
Bad Bunny - BENDICIONES,off-2s/cold,225,-3106,-3331,-3325,,6,6,True,True,True,6,13,176.2,2.8,4.2,6.4,1,False
Bad Bunny - BENDICIONES,off-2s/seeded_correct,225,225,0,-3325,,1,6,False,True,True,12,13,142.6,3.7,7.4,21.5,1,True
Bad Bunny - BENDICIONES,off-2s/seeded_wrong_2s,225,225,0,0,39750,0,4,False,False,False,13,13,135.7,3.5,6.6,74.7,0,True
Bad Bunny - BENDICIONES,off+10s/cold,12225,8890,-3335,-3325,,4,4,False,False,True,12,13,183.7,3.9,8.0,0.0,0,False
Bad Bunny - BENDICIONES,off+10s/second_play,12225,8896,-3329,-3335,,2,2,False,True,True,1,13,166.6,2.5,4.0,0.0,0,False
Bad Bunny - BENDICIONES,off+10s/seeded_correct,12225,12225,0,0,34250,0,4,False,False,False,13,13,131.0,3.7,6.4,100.0,0,True
Bad Bunny - BENDICIONES,off+10s/seeded_wrong_2s,12225,12225,0,0,39750,0,4,False,False,False,13,13,132.3,3.7,6.8,72.6,0,True
Bad Bunny - BENDICIONES,off-10s/cold,-7775,,,36675,,0,0,False,False,False,15,13,173.1,3.7,7.5,0.0,2,False
Bad Bunny - BENDICIONES,off-10s/second_play,-7775,,,36675,,0,0,False,False,False,15,13,170.7,3.6,7.3,0.0,2,False
Bad Bunny - BENDICIONES,off-10s/seeded_correct,-7775,2225,10000,-2225,,1,1,False,True,False,15,13,165.3,3.6,7.8,10.6,2,False
Bad Bunny - BENDICIONES,off-10s/seeded_wrong_2s,-7775,2225,10000,10000,,1,1,False,False,False,13,13,150.5,3.5,6.8,0.0,0,False
Bad Bunny - BENDICIONES,off+25s/cold,27225,23891,-3334,-3325,,3,3,False,False,True,8,13,171.3,3.5,6.2,0.0,0,False
Bad Bunny - BENDICIONES,off+25s/second_play,27225,23897,-3328,-3334,,2,2,False,True,True,1,13,164.5,2.7,4.6,0.0,0,False
Bad Bunny - BENDICIONES,off+25s/seeded_correct,27225,27225,0,0,10000,0,3,False,True,False,13,13,115.0,4.3,7.8,100.0,0,True
Bad Bunny - BENDICIONES,off+25s/seeded_wrong_2s,27225,27225,0,0,10000,0,4,False,True,False,13,13,112.5,4.3,7.5,92.3,0,True
Bad Bunny - BENDICIONES,off-25s/cold,-22775,13894,36669,36669,,1,1,False,False,True,15,13,180.4,3.5,6.4,0.0,2,False
Bad Bunny - BENDICIONES,off-25s/second_play,-22775,13896,36671,36669,,1,1,False,False,True,14,13,187.3,3.2,6.1,0.0,2,False
Bad Bunny - BENDICIONES,off-25s/seeded_correct,-22775,13895,36670,36670,,1,1,False,False,True,14,13,187.5,3.3,6.0,55.3,2,False
Bad Bunny - BENDICIONES,off-25s/seeded_wrong_2s,-22775,13895,36670,36670,,1,1,False,False,True,14,13,185.6,3.3,5.9,0.0,2,False
Bad Bunny - BENDICIONES,noise0/cold,2225,-1102,-3327,-3325,,3,3,True,True,True,1,13,148.1,2.1,3.4,0.0,0,False
Bad Bunny - BENDICIONES,noise0/seeded_correct,2225,2225,0,0,34250,0,4,False,False,False,13,13,115.6,3.0,5.0,100.0,0,True
Bad Bunny - BENDICIONES,noise0/seeded_wrong_2s,2225,2226,1,0,39750,0,3,False,False,False,13,13,114.7,3.0,5.1,74.4,0,True
Bad Bunny - BENDICIONES,noise-2s/cold,225,-3103,-3328,-3325,,2,2,True,True,True,2,13,144.5,2.1,3.4,7.3,0,False
Bad Bunny - BENDICIONES,noise-2s/seeded_correct,225,225,0,0,34250,0,4,False,False,False,13,13,116.4,3.1,5.0,100.0,0,True
Bad Bunny - BENDICIONES,noise-2s/seeded_wrong_2s,225,226,1,0,39750,0,3,False,False,False,13,13,116.4,3.0,5.0,74.7,0,True
Bad Bunny - BENDICIONES,cutin5s/cold,7225,3898,-3327,-3328,,3,3,True,True,True,2,13,143.8,2.2,3.4,0.0,0,False
Bad Bunny - BENDICIONES,cutin5s/second_play,7225,3898,-3327,-3327,,2,2,False,True,True,1,13,148.6,2.2,3.7,0.0,0,False
Bad Bunny - BENDICIONES,cutin5s/seeded_correct,7225,3890,-3335,-3325,,3,3,False,False,True,12,13,144.1,2.9,6.1,39.8,0,False
Bad Bunny - BENDICIONES,cutin5s/seeded_wrong_2s,7225,3890,-3335,-3325,,3,3,False,False,True,12,13,137.3,2.9,5.0,0.0,0,False
Bad Bunny - BENDICIONES,cutin15s/cold,17225,13894,-3331,-3325,,6,6,False,True,True,7,13,126.7,2.5,4.2,0.0,0,False
Bad Bunny - BENDICIONES,cutin15s/second_play,17225,13898,-3327,-3330,,2,2,False,True,True,1,13,124.4,2.0,3.1,0.0,0,False
Bad Bunny - BENDICIONES,cutin15s/seeded_correct,17225,17225,0,0,34250,0,4,False,False,False,13,13,96.5,2.9,5.0,100.0,0,True
Bad Bunny - BENDICIONES,cutin15s/seeded_wrong_2s,17225,17226,1,-3325,,1,4,False,False,True,12,13,117.5,2.7,4.7,42.8,0,True
Bad Bunny - BENDICIONES,cutin25s/cold,27225,23894,-3331,-3325,,5,5,False,True,True,7,13,119.3,2.5,4.3,0.0,0,False
Bad Bunny - BENDICIONES,cutin25s/second_play,27225,23895,-3330,-3330,,5,5,False,True,True,7,13,116.3,2.5,4.3,0.0,0,False
Bad Bunny - BENDICIONES,cutin25s/seeded_correct,27225,27225,0,-3325,,1,4,False,True,True,7,13,120.3,2.4,4.3,45.9,0,True
Bad Bunny - BENDICIONES,cutin25s/seeded_wrong_2s,27225,23890,-3335,-3325,,3,3,False,False,True,11,13,114.1,2.7,5.7,0.0,0,False
Bad Bunny - BENDICIONES,blend8s/cold,2225,-1102,-3327,-3328,,3,3,True,True,True,2,13,152.8,2.1,3.5,0.0,0,False
Bad Bunny - BENDICIONES,blend8s/seeded_correct,2225,2225,0,0,34250,0,4,False,False,False,13,13,119.1,3.1,5.3,100.0,0,True
Bad Bunny - BENDICIONES,blend8s/seeded_wrong_2s,2225,2225,0,0,39750,0,4,False,False,False,13,13,122.4,3.2,5.1,74.4,0,True
Bad Bunny - BENDICIONES,midshift+1.5s/cold,2225,386,-3339,-3325,,7,7,True,True,True,12,13,172.9,3.3,6.8,0.0,2,False
Bad Bunny - BENDICIONES,midshift+1.5s/seeded_correct,2225,387,-3338,-3325,,2,3,False,True,True,11,13,157.7,3.3,6.7,4.6,1,False
Bad Bunny - BENDICIONES,midshift+1.5s/seeded_wrong_2s,2225,400,-3325,-3325,,3,3,False,True,False,13,13,130.5,3.6,7.3,0.0,0,False
Bad Bunny - BENDICIONES,midshift-1.5s/cold,2225,-1104,-1829,-3325,,7,7,True,True,True,7,13,169.7,2.6,4.6,0.0,2,False
Bad Bunny - BENDICIONES,midshift-1.5s/seeded_correct,2225,-2600,-3325,-3325,,2,3,False,True,True,12,13,132.2,3.3,6.7,7.3,1,False
Bad Bunny - BENDICIONES,midshift-1.5s/seeded_wrong_2s,2225,-1100,-1825,-1825,,1,1,False,True,False,15,13,146.4,3.5,7.7,0.0,2,False
Bad Bunny - Cuando Perriabas,off0/cold,1950,1947,-3,0,7000,0,4,True,True,True,3,10,1928.9,7.7,16.9,98.6,0,True
Bad Bunny - Cuando Perriabas,off0/seeded_correct,1950,1939,-11,0,5500,0,3,False,True,True,3,10,1940.4,7.4,16.8,100.0,0,True
Bad Bunny - Cuando Perriabas,off0/seeded_wrong_2s,1950,1938,-12,0,5500,0,3,False,True,True,3,10,1941.2,7.5,16.9,98.9,0,True
Bad Bunny - Cuando Perriabas,off+200/cold,2150,2144,-6,0,5500,0,4,True,True,True,3,10,1988.5,7.8,17.5,98.9,0,True
Bad Bunny - Cuando Perriabas,off+200/seeded_correct,2150,2139,-11,0,5500,0,3,False,True,True,3,10,1968.0,7.5,17.5,100.0,0,True
Bad Bunny - Cuando Perriabas,off+200/seeded_wrong_2s,2150,2138,-12,0,5500,0,3,False,True,True,3,10,1966.7,7.7,17.4,98.9,0,True
Bad Bunny - Cuando Perriabas,off-200/cold,1750,1744,-6,-25,8500,0,3,True,True,True,2,10,1963.9,7.4,17.0,98.3,0,True
Bad Bunny - Cuando Perriabas,off-200/seeded_correct,1750,1739,-11,0,5500,0,3,False,True,True,3,10,1961.2,7.4,17.2,100.0,0,True
Bad Bunny - Cuando Perriabas,off-200/seeded_wrong_2s,1750,1738,-12,0,5500,0,3,False,True,True,3,10,1960.8,7.9,17.1,98.9,0,True
Bad Bunny - Cuando Perriabas,off+2s/cold,3950,3949,-1,0,28300,0,3,True,False,True,4,10,1987.7,7.7,17.8,94.2,0,True
Bad Bunny - Cuando Perriabas,off+2s/seeded_correct,3950,3939,-11,0,4000,0,3,False,True,True,3,10,1958.3,7.8,17.0,100.0,0,True
Bad Bunny - Cuando Perriabas,off+2s/seeded_wrong_2s,3950,3938,-12,0,4000,0,3,False,True,True,3,10,1964.0,7.7,17.4,99.2,0,True
Bad Bunny - Cuando Perriabas,off-2s/cold,-50,-55,-5,0,8500,0,4,True,True,True,3,10,1966.7,7.6,16.9,100.0,0,True
Bad Bunny - Cuando Perriabas,off-2s/seeded_correct,-50,-57,-7,0,8500,0,3,False,True,True,3,10,1956.7,7.5,17.2,100.0,0,True
Bad Bunny - Cuando Perriabas,off-2s/seeded_wrong_2s,-50,-58,-8,0,8500,0,3,False,True,True,3,10,1960.6,7.3,17.1,98.3,0,True
Bad Bunny - Cuando Perriabas,off+10s/cold,11950,11944,-6,0,26000,0,3,False,False,True,4,10,1957.5,7.8,17.2,94.6,0,True
Bad Bunny - Cuando Perriabas,off+10s/second_play,11950,11947,-3,-6,2500,0,2,False,True,True,1,10,2005.0,7.8,18.3,100.0,0,True
Bad Bunny - Cuando Perriabas,off+10s/seeded_correct,11950,11948,-2,0,2500,0,2,False,True,True,1,10,1962.8,7.6,17.4,100.0,0,True
Bad Bunny - Cuando Perriabas,off+10s/seeded_wrong_2s,11950,11948,-2,0,2500,0,2,False,True,True,2,10,1956.4,7.7,17.4,99.5,0,True
Bad Bunny - Cuando Perriabas,off-10s/cold,-8050,-2200,5850,0,140000,1,2,False,False,False,11,10,1955.6,8.8,17.4,71.9,1,False
Bad Bunny - Cuando Perriabas,off-10s/second_play,-8050,-2200,5850,0,140000,4,5,False,False,True,11,10,1963.3,8.3,17.4,71.9,2,False
Bad Bunny - Cuando Perriabas,off-10s/seeded_correct,-8050,-2200,5850,0,140000,2,3,False,False,True,11,10,1954.8,8.5,17.4,86.6,1,False
Bad Bunny - Cuando Perriabas,off-10s/seeded_wrong_2s,-8050,-2200,5850,0,140000,1,2,False,False,False,11,10,1972.4,8.5,18.0,71.9,1,False
Bad Bunny - Cuando Perriabas,off+25s/cold,26950,26944,-6,0,26000,0,3,False,False,True,4,10,1969.0,8.1,17.3,94.4,0,True
Bad Bunny - Cuando Perriabas,off+25s/second_play,26950,26947,-3,-6,2500,0,2,False,True,True,1,10,1975.5,8.1,17.5,100.0,0,True
Bad Bunny - Cuando Perriabas,off+25s/seeded_correct,26950,26949,-1,0,2500,0,2,False,True,True,1,10,1980.1,8.0,17.5,100.0,0,True
Bad Bunny - Cuando Perriabas,off+25s/seeded_wrong_2s,26950,26948,-2,0,2500,0,2,False,True,True,2,10,1965.0,8.0,17.5,99.5,0,True
Bad Bunny - Cuando Perriabas,off-25s/cold,-23050,,,23050,,0,0,False,False,False,10,10,1974.0,8.4,17.1,0.0,0,False
Bad Bunny - Cuando Perriabas,off-25s/second_play,-23050,,,23050,,0,0,False,False,False,10,10,1963.2,8.3,17.2,0.0,0,False
Bad Bunny - Cuando Perriabas,off-25s/seeded_correct,-23050,-23050,0,0,,0,0,False,False,False,10,10,1989.1,8.2,17.4,100.0,0,True
Bad Bunny - Cuando Perriabas,off-25s/seeded_wrong_2s,-23050,-21050,2000,2000,,0,0,False,False,False,10,10,1949.9,8.3,17.5,0.0,0,False
Bad Bunny - Cuando Perriabas,noise0/cold,1950,1947,-3,0,7000,0,4,True,True,True,3,10,1885.1,7.1,16.7,98.6,0,True
Bad Bunny - Cuando Perriabas,noise0/seeded_correct,1950,1943,-7,0,5500,0,4,False,True,True,3,10,1881.7,7.2,17.2,100.0,0,True
Bad Bunny - Cuando Perriabas,noise0/seeded_wrong_2s,1950,1942,-8,0,5500,0,3,False,True,True,3,10,1887.5,7.2,16.9,98.9,0,True
Bad Bunny - Cuando Perriabas,noise-2s/cold,-50,-56,-6,0,8500,0,4,True,True,True,3,10,1894.2,7.1,17.2,100.0,0,True
Bad Bunny - Cuando Perriabas,noise-2s/seeded_correct,-50,-57,-7,0,8500,0,4,False,True,True,3,10,1882.6,7.0,16.9,100.0,0,True
Bad Bunny - Cuando Perriabas,noise-2s/seeded_wrong_2s,-50,-58,-8,0,8500,0,3,False,True,True,3,10,1879.6,7.1,16.9,98.3,0,True
Bad Bunny - Cuando Perriabas,cutin5s/cold,6950,6948,-2,0,4000,0,3,False,True,True,3,10,2287.9,9.2,19.4,99.2,0,True
Bad Bunny - Cuando Perriabas,cutin5s/second_play,6950,6948,-2,-2,4000,0,3,False,True,True,3,10,2315.4,9.6,19.7,100.0,0,True
Bad Bunny - Cuando Perriabas,cutin5s/seeded_correct,6950,6948,-2,0,4000,0,3,False,True,True,3,10,2298.2,9.1,20.0,100.0,0,True
Bad Bunny - Cuando Perriabas,cutin5s/seeded_wrong_2s,6950,6948,-2,0,4000,0,3,False,True,True,3,10,2289.2,9.0,19.5,99.2,0,True
Bad Bunny - Cuando Perriabas,cutin15s/cold,16950,16948,-2,0,4000,0,2,False,True,True,3,10,1507.7,6.0,13.5,99.2,0,True
Bad Bunny - Cuando Perriabas,cutin15s/second_play,16950,16948,-2,-2,4000,0,2,False,True,True,3,10,1506.5,6.2,14.1,100.0,0,True
Bad Bunny - Cuando Perriabas,cutin15s/seeded_correct,16950,16948,-2,0,4000,0,2,False,True,True,3,10,1510.1,6.2,13.7,100.0,0,True
Bad Bunny - Cuando Perriabas,cutin15s/seeded_wrong_2s,16950,16948,-2,0,4000,0,2,False,True,True,3,10,1500.6,5.9,13.4,99.2,0,True
Bad Bunny - Cuando Perriabas,cutin25s/cold,26950,26949,-1,0,4000,0,2,False,True,True,4,10,1914.5,8.5,16.3,99.1,0,True
Bad Bunny - Cuando Perriabas,cutin25s/second_play,26950,26949,-1,-1,4000,0,2,False,True,True,4,10,1904.9,8.1,16.2,100.0,0,True
Bad Bunny - Cuando Perriabas,cutin25s/seeded_correct,26950,26949,-1,0,4000,0,2,False,True,True,4,10,1897.8,8.4,16.1,100.0,0,True
Bad Bunny - Cuando Perriabas,cutin25s/seeded_wrong_2s,26950,26949,-1,0,4000,0,2,False,True,True,4,10,1900.3,8.1,16.3,99.1,0,True
Bad Bunny - Cuando Perriabas,blend8s/cold,1950,1946,-4,0,26000,0,3,True,False,True,3,10,1923.0,7.8,15.3,94.7,0,True
Bad Bunny - Cuando Perriabas,blend8s/seeded_correct,1950,1942,-8,0,16500,0,2,False,False,True,3,10,1929.5,7.9,15.4,100.0,0,True
Bad Bunny - Cuando Perriabas,blend8s/seeded_wrong_2s,1950,1940,-10,0,26000,0,2,False,False,True,3,10,1915.5,7.9,15.2,94.7,0,True
Bad Bunny - Cuando Perriabas,midshift+1.5s/cold,1950,1951,-1499,0,7000,1,5,True,True,True,5,10,2376.3,10.5,18.2,93.5,1,False
Bad Bunny - Cuando Perriabas,midshift+1.5s/seeded_correct,1950,1947,-1503,0,5500,1,4,False,True,True,5,10,2373.2,10.4,17.9,95.0,1,False
Bad Bunny - Cuando Perriabas,midshift+1.5s/seeded_wrong_2s,1950,1921,-1529,0,5500,1,4,False,True,True,6,10,2372.6,10.8,18.0,93.8,1,False
Bad Bunny - Cuando Perriabas,midshift-1.5s/cold,1950,1947,1497,0,7000,1,5,True,True,True,5,10,2086.4,8.7,15.8,93.6,1,False
Bad Bunny - Cuando Perriabas,midshift-1.5s/seeded_correct,1950,1921,1471,0,5500,1,4,False,True,True,6,10,2044.4,8.8,15.8,95.0,1,False
Bad Bunny - Cuando Perriabas,midshift-1.5s/seeded_wrong_2s,1950,1921,1471,0,5500,1,4,False,True,True,6,10,2076.7,8.8,15.9,93.9,1,False
Bad Bunny - 3,off0/cold,-1025,-1026,-1,6000,,1,4,False,False,False,8,7,161.7,3.5,5.4,62.4,1,True
Bad Bunny - 3,off0/seeded_correct,-1025,-1026,-1,0,24750,0,3,False,False,False,9,7,167.6,3.4,6.3,100.0,2,True
Bad Bunny - 3,off0/seeded_wrong_2s,-1025,-1026,-1,0,34250,0,2,False,False,False,9,7,165.3,3.3,6.7,77.7,2,True
Bad Bunny - 3,off+200/cold,-825,-825,0,6000,,1,5,False,False,False,8,7,166.8,3.5,5.7,68.7,1,True
Bad Bunny - 3,off+200/seeded_correct,-825,-825,0,0,24750,0,3,False,False,False,9,7,169.1,3.4,6.6,100.0,2,True
Bad Bunny - 3,off+200/seeded_wrong_2s,-825,-825,0,0,34250,0,3,False,False,False,9,7,167.8,3.4,6.3,77.7,2,True
Bad Bunny - 3,off-200/cold,-1225,-1225,0,6000,,1,4,False,False,False,8,7,159.1,3.4,5.4,59.5,1,True
Bad Bunny - 3,off-200/seeded_correct,-1225,-1223,2,0,24750,0,2,False,False,False,9,7,169.0,3.4,6.5,100.0,2,True
Bad Bunny - 3,off-200/seeded_wrong_2s,-1225,4775,6000,6000,,1,2,False,False,True,7,7,189.5,3.2,4.8,35.3,1,False
Bad Bunny - 3,off+2s/cold,975,975,0,6000,,1,5,False,False,False,8,7,163.6,3.5,5.6,68.1,1,True
Bad Bunny - 3,off+2s/seeded_correct,975,975,0,0,24750,0,3,False,False,False,9,7,168.6,3.4,6.5,100.0,2,True
Bad Bunny - 3,off+2s/seeded_wrong_2s,975,975,0,0,34250,0,3,False,False,False,9,7,171.9,3.5,7.0,77.4,2,True
Bad Bunny - 3,off-2s/cold,-3025,2975,6000,6000,,2,2,False,True,True,1,7,183.6,2.7,4.5,0.0,0,False
Bad Bunny - 3,off-2s/seeded_correct,-3025,-3025,0,6000,,1,2,False,False,True,5,7,191.9,2.6,4.5,33.3,0,True
Bad Bunny - 3,off-2s/seeded_wrong_2s,-3025,2975,6000,6000,,2,2,False,False,False,7,7,152.9,3.2,4.8,0.0,0,False
Bad Bunny - 3,off+10s/cold,8975,14975,6000,6000,,2,2,False,False,False,7,7,152.8,3.8,5.5,0.0,0,False
Bad Bunny - 3,off+10s/second_play,8975,14975,6000,6000,,2,2,False,True,True,1,7,178.6,3.1,4.6,0.0,0,False
Bad Bunny - 3,off+10s/seeded_correct,8975,8975,0,0,24750,0,3,False,False,False,9,7,164.1,3.6,7.3,100.0,2,True
Bad Bunny - 3,off+10s/seeded_wrong_2s,8975,8975,0,0,34250,0,3,False,False,False,9,7,164.2,3.6,7.4,76.1,2,True
Bad Bunny - 3,off-10s/cold,-11025,980,12005,12000,,1,1,False,False,False,9,7,172.4,3.3,6.5,0.0,2,False
Bad Bunny - 3,off-10s/second_play,-11025,976,12001,12005,,1,1,False,False,False,9,7,176.7,3.3,6.6,0.0,2,False
Bad Bunny - 3,off-10s/seeded_correct,-11025,-11025,0,0,,0,0,False,False,False,7,7,150.7,3.2,5.0,100.0,0,True
Bad Bunny - 3,off-10s/seeded_wrong_2s,-11025,-9025,2000,2000,,0,0,False,False,False,7,7,152.5,3.3,4.8,0.0,0,False
Bad Bunny - 3,off+25s/cold,23975,-25,-24000,6000,,3,3,False,False,True,7,7,184.4,3.5,5.3,0.0,1,False
Bad Bunny - 3,off+25s/second_play,23975,-26,-24001,6000,,4,4,False,False,True,8,7,148.1,4.1,7.7,0.0,1,False
Bad Bunny - 3,off+25s/seeded_correct,23975,23975,0,0,24750,0,3,False,False,False,9,7,161.7,4.0,8.5,100.0,2,True
Bad Bunny - 3,off+25s/seeded_wrong_2s,23975,23975,0,0,34250,0,3,False,False,False,9,7,157.8,4.0,8.3,73.3,2,True
Bad Bunny - 3,off-25s/cold,-26025,3975,30000,26025,,1,1,False,False,False,7,7,162.1,3.4,4.8,0.0,0,False
Bad Bunny - 3,off-25s/second_play,-26025,3975,30000,30000,,0,0,False,False,False,9,7,177.1,3.6,5.8,0.0,2,False
Bad Bunny - 3,off-25s/seeded_correct,-26025,-26025,0,0,,0,0,False,False,False,7,7,167.4,3.5,5.2,100.0,0,True
Bad Bunny - 3,off-25s/seeded_wrong_2s,-26025,-24025,2000,2000,,0,0,False,False,False,7,7,160.0,3.4,4.8,0.0,0,False
Bad Bunny - 3,noise0/cold,-1025,-1026,-1,6000,,1,4,False,False,False,8,7,127.4,2.7,4.0,62.4,1,True
Bad Bunny - 3,noise0/seeded_correct,-1025,-1026,-1,0,24750,0,3,False,False,False,9,7,134.3,2.7,5.1,100.0,2,True
Bad Bunny - 3,noise0/seeded_wrong_2s,-1025,-1026,-1,0,34250,0,2,False,False,False,9,7,134.2,2.7,4.9,77.7,2,True
Bad Bunny - 3,noise-2s/cold,-3025,2975,6000,6000,,2,2,False,True,True,1,7,143.6,2.1,3.4,0.0,0,False
Bad Bunny - 3,noise-2s/seeded_correct,-3025,-3025,0,6000,,1,2,False,False,True,5,7,157.2,2.2,3.3,33.3,0,True
Bad Bunny - 3,noise-2s/seeded_wrong_2s,-3025,2975,6000,6000,,2,2,False,False,False,7,7,120.8,2.6,3.4,0.0,0,False
Bad Bunny - 3,cutin5s/cold,3975,9975,6000,6000,,2,2,False,False,False,7,7,124.5,2.7,4.4,0.0,0,False
Bad Bunny - 3,cutin5s/second_play,3975,9975,6000,6000,,2,2,False,True,True,1,7,138.3,2.1,3.3,0.0,0,False
Bad Bunny - 3,cutin5s/seeded_correct,3975,3975,0,6000,,1,5,False,False,True,8,7,122.1,2.7,4.1,84.8,1,True
Bad Bunny - 3,cutin5s/seeded_wrong_2s,3975,9975,6000,6000,,1,2,False,False,True,7,7,145.9,2.4,3.7,33.8,1,False
Bad Bunny - 3,cutin15s/cold,13975,13975,0,-13975,,0,1,False,False,False,7,7,110.4,2.6,3.8,0.0,0,True
Bad Bunny - 3,cutin15s/second_play,13975,13973,-2,6000,,1,5,False,False,True,8,7,103.1,2.6,4.2,83.8,1,True
Bad Bunny - 3,cutin15s/seeded_correct,13975,13973,-2,6000,,1,5,False,False,True,8,7,103.5,2.6,4.3,83.8,1,True
Bad Bunny - 3,cutin15s/seeded_wrong_2s,13975,13975,0,6000,,1,5,False,False,False,8,7,103.1,2.6,4.2,59.0,1,True
Bad Bunny - 3,cutin25s/cold,23975,29975,6000,6000,,2,2,False,False,False,7,7,111.2,2.8,4.9,0.0,0,False
Bad Bunny - 3,cutin25s/second_play,23975,29976,6001,6000,,3,3,False,True,True,3,7,105.7,2.1,3.1,0.0,0,False
Bad Bunny - 3,cutin25s/seeded_correct,23975,23975,0,6000,,1,4,False,False,True,8,7,94.2,2.6,5.7,82.5,1,True
Bad Bunny - 3,cutin25s/seeded_wrong_2s,23975,29975,6000,6000,,2,2,False,False,False,7,7,87.5,2.6,4.7,0.0,0,False
Bad Bunny - 3,blend8s/cold,-1025,-1026,-1,6000,,1,4,False,False,False,8,7,134.0,2.9,4.4,62.4,1,True
Bad Bunny - 3,blend8s/seeded_correct,-1025,-1026,-1,0,24750,0,3,False,False,False,9,7,141.7,2.8,5.1,100.0,2,True
Bad Bunny - 3,blend8s/seeded_wrong_2s,-1025,-1026,-1,0,34250,0,2,False,False,False,9,7,143.0,2.8,5.2,77.7,2,True
Bad Bunny - 3,midshift+1.5s/cold,-1025,-1025,-1500,6000,,2,3,False,False,False,8,7,151.4,3.1,5.2,16.9,1,False
Bad Bunny - 3,midshift+1.5s/seeded_correct,-1025,-1025,-1500,6000,,2,4,False,False,False,8,7,143.3,3.0,4.6,39.5,1,False
Bad Bunny - 3,midshift+1.5s/seeded_wrong_2s,-1025,-1025,-1500,6000,,2,3,False,False,False,8,7,144.4,3.0,5.0,16.9,1,False
Bad Bunny - 3,midshift-1.5s/cold,-1025,-1025,1500,6000,,2,3,False,False,False,8,7,141.9,3.0,4.3,16.6,1,False
Bad Bunny - 3,midshift-1.5s/seeded_correct,-1025,-1025,1500,6000,,2,4,False,False,False,8,7,138.6,2.9,4.4,38.7,1,False
Bad Bunny - 3,midshift-1.5s/seeded_wrong_2s,-1025,-1025,1500,6000,,2,3,False,False,False,8,7,139.1,2.8,4.3,16.6,1,False
"Bad Bunny, Eladio Carrion - THUNDER Y LIGHTNING",off0/cold,-475,17972,18447,18450,,2,2,False,False,True,7,8,205.7,3.7,6.1,0.0,1,False
"Bad Bunny, Eladio Carrion - THUNDER Y LIGHTNING",off0/seeded_correct,-475,17979,18454,18450,,2,2,False,False,True,9,8,130.4,3.0,10.0,46.6,1,False
"Bad Bunny, Eladio Carrion - THUNDER Y LIGHTNING",off0/seeded_wrong_2s,-475,17974,18449,18450,,2,2,False,False,True,8,8,198.9,3.8,7.3,0.0,1,False
"Bad Bunny, Eladio Carrion - THUNDER Y LIGHTNING",off+200/cold,-275,18172,18447,18450,,2,2,False,False,True,7,8,201.0,3.6,5.8,46.6,1,False
"Bad Bunny, Eladio Carrion - THUNDER Y LIGHTNING",off+200/seeded_correct,-275,18179,18454,18450,,2,2,False,False,True,9,8,125.1,2.8,9.4,46.6,1,False
"Bad Bunny, Eladio Carrion - THUNDER Y LIGHTNING",off+200/seeded_wrong_2s,-275,18174,18449,18450,,2,2,False,False,True,8,8,196.4,3.7,7.4,0.0,1,False
"Bad Bunny, Eladio Carrion - THUNDER Y LIGHTNING",off-200/cold,-675,17772,18447,18450,,2,2,False,False,True,7,8,206.7,3.7,5.6,0.0,1,False
"Bad Bunny, Eladio Carrion - THUNDER Y LIGHTNING",off-200/seeded_correct,-675,17779,18454,18450,,2,2,False,False,True,9,8,132.3,2.9,9.6,46.5,1,False
"Bad Bunny, Eladio Carrion - THUNDER Y LIGHTNING",off-200/seeded_wrong_2s,-675,17774,18449,18450,,2,2,False,False,True,8,8,199.8,3.6,7.5,0.0,1,False
"Bad Bunny, Eladio Carrion - THUNDER Y LIGHTNING",off+2s/cold,1525,19972,18447,18450,,2,2,False,False,True,7,8,208.0,3.8,5.8,0.0,1,False
"Bad Bunny, Eladio Carrion - THUNDER Y LIGHTNING",off+2s/seeded_correct,1525,19979,18454,18450,,2,2,False,False,True,9,8,129.6,3.0,9.6,47.1,1,False
"Bad Bunny, Eladio Carrion - THUNDER Y LIGHTNING",off+2s/seeded_wrong_2s,1525,19974,18449,18450,,2,2,False,False,True,8,8,202.9,3.8,7.6,0.0,1,False
"Bad Bunny, Eladio Carrion - THUNDER Y LIGHTNING",off-2s/cold,-2475,15972,18447,18450,,2,2,False,False,True,7,8,205.5,3.6,5.5,0.0,1,False
"Bad Bunny, Eladio Carrion - THUNDER Y LIGHTNING",off-2s/seeded_correct,-2475,15974,18449,18450,,2,2,False,False,True,8,8,200.1,3.7,7.5,46.1,1,False
"Bad Bunny, Eladio Carrion - THUNDER Y LIGHTNING",off-2s/seeded_wrong_2s,-2475,15974,18449,18450,,2,2,False,False,True,8,8,201.0,3.7,7.1,0.0,1,False
"Bad Bunny, Eladio Carrion - THUNDER Y LIGHTNING",off+10s/cold,9525,27972,18447,18450,,2,2,False,False,True,7,8,202.9,3.9,6.9,0.0,1,False
"Bad Bunny, Eladio Carrion - THUNDER Y LIGHTNING",off+10s/second_play,9525,28025,18500,18500,,2,2,False,True,True,3,8,336.7,3.0,9.6,0.0,1,False
"Bad Bunny, Eladio Carrion - THUNDER Y LIGHTNING",off+10s/seeded_correct,9525,28000,18475,18450,,3,3,False,False,True,9,8,127.1,2.4,10.3,49.1,1,False
"Bad Bunny, Eladio Carrion - THUNDER Y LIGHTNING",off+10s/seeded_wrong_2s,9525,27974,18449,18450,,2,2,False,False,True,8,8,216.6,4.2,8.6,0.0,1,False
"Bad Bunny, Eladio Carrion - THUNDER Y LIGHTNING",off-10s/cold,-10475,7972,18447,18450,,2,2,False,False,True,7,8,218.0,4.0,6.3,0.0,1,False
"Bad Bunny, Eladio Carrion - THUNDER Y LIGHTNING",off-10s/second_play,-10475,7984,18459,18500,,3,3,False,True,True,6,8,235.2,3.4,5.1,0.0,1,False
"Bad Bunny, Eladio Carrion - THUNDER Y LIGHTNING",off-10s/seeded_correct,-10475,7974,18449,18450,,2,2,False,False,True,8,8,218.0,3.8,8.2,44.3,1,False
"Bad Bunny, Eladio Carrion - THUNDER Y LIGHTNING",off-10s/seeded_wrong_2s,-10475,7974,18449,18450,,2,2,False,False,True,8,8,209.8,3.6,7.1,0.0,1,False
"Bad Bunny, Eladio Carrion - THUNDER Y LIGHTNING",off+25s/cold,24525,,,-24525,,0,0,False,False,False,7,8,82.4,2.4,9.7,0.0,0,False
"Bad Bunny, Eladio Carrion - THUNDER Y LIGHTNING",off+25s/second_play,24525,,,-24525,,0,0,False,False,False,7,8,82.2,2.4,9.9,0.0,0,False
"Bad Bunny, Eladio Carrion - THUNDER Y LIGHTNING",off+25s/seeded_correct,24525,24525,0,0,129250,0,1,False,False,False,7,8,80.5,2.5,10.3,100.0,0,True
"Bad Bunny, Eladio Carrion - THUNDER Y LIGHTNING",off+25s/seeded_wrong_2s,24525,26525,2000,2000,,0,0,False,False,False,7,8,80.6,2.4,9.7,0.0,0,False
"Bad Bunny, Eladio Carrion - THUNDER Y LIGHTNING",off-25s/cold,-25475,,,24600,,0,0,False,False,False,10,8,164.6,4.4,10.4,0.0,2,False
"Bad Bunny, Eladio Carrion - THUNDER Y LIGHTNING",off-25s/second_play,-25475,,,24600,,0,0,False,False,False,10,8,168.6,4.5,10.5,0.0,2,False
"Bad Bunny, Eladio Carrion - THUNDER Y LIGHTNING",off-25s/seeded_correct,-25475,-25475,0,0,,0,0,False,False,False,8,8,144.0,4.4,7.7,100.0,0,True
"Bad Bunny, Eladio Carrion - THUNDER Y LIGHTNING",off-25s/seeded_wrong_2s,-25475,-23475,2000,2000,,0,0,False,False,False,8,8,138.9,4.4,7.7,0.0,0,False
"Bad Bunny, Eladio Carrion - THUNDER Y LIGHTNING",noise0/cold,-475,17972,18447,18450,,2,2,False,False,True,7,8,197.1,3.6,5.7,0.0,1,False
"Bad Bunny, Eladio Carrion - THUNDER Y LIGHTNING",noise0/seeded_correct,-475,17979,18454,18450,,2,2,False,False,True,9,8,123.6,2.7,9.0,46.6,1,False
"Bad Bunny, Eladio Carrion - THUNDER Y LIGHTNING",noise0/seeded_wrong_2s,-475,17974,18449,18450,,2,2,False,False,True,8,8,195.5,3.9,7.0,0.0,1,False
"Bad Bunny, Eladio Carrion - THUNDER Y LIGHTNING",noise-2s/cold,-2475,15972,18447,18450,,2,2,False,False,True,7,8,217.6,3.5,8.5,0.0,1,False
"Bad Bunny, Eladio Carrion - THUNDER Y LIGHTNING",noise-2s/seeded_correct,-2475,15974,18449,18450,,2,2,False,False,True,8,8,189.7,3.5,6.8,46.1,1,False
"Bad Bunny, Eladio Carrion - THUNDER Y LIGHTNING",noise-2s/seeded_wrong_2s,-2475,15974,18449,18450,,2,2,False,False,True,8,8,189.8,3.4,6.6,0.0,1,False
"Bad Bunny, Eladio Carrion - THUNDER Y LIGHTNING",cutin5s/cold,4525,22973,18448,18450,,2,2,False,False,True,7,8,191.8,3.7,5.4,0.0,1,False
"Bad Bunny, Eladio Carrion - THUNDER Y LIGHTNING",cutin5s/second_play,4525,22974,18449,18500,,2,2,False,True,True,6,8,210.1,3.4,4.9,0.0,1,False
"Bad Bunny, Eladio Carrion - THUNDER Y LIGHTNING",cutin5s/seeded_correct,4525,22980,18455,18450,,2,2,False,False,True,9,8,112.5,2.2,9.4,47.8,1,False
"Bad Bunny, Eladio Carrion - THUNDER Y LIGHTNING",cutin5s/seeded_wrong_2s,4525,22974,18449,18450,,2,2,False,False,True,8,8,180.6,3.7,7.2,0.0,1,False
"Bad Bunny, Eladio Carrion - THUNDER Y LIGHTNING",cutin15s/cold,14525,,,-14525,,0,0,False,False,False,8,8,87.3,2.3,7.8,0.0,0,False
"Bad Bunny, Eladio Carrion - THUNDER Y LIGHTNING",cutin15s/second_play,14525,,,-14525,,0,0,False,False,False,8,8,86.8,2.4,7.8,0.0,0,False
"Bad Bunny, Eladio Carrion - THUNDER Y LIGHTNING",cutin15s/seeded_correct,14525,32959,18434,18450,,2,2,False,False,True,7,8,149.9,3.3,5.0,50.4,1,False
"Bad Bunny, Eladio Carrion - THUNDER Y LIGHTNING",cutin15s/seeded_wrong_2s,14525,32972,18447,18450,,2,2,False,False,True,7,8,151.9,3.3,5.2,0.0,1,False
"Bad Bunny, Eladio Carrion - THUNDER Y LIGHTNING",cutin25s/cold,24525,,,-24525,,0,0,False,False,False,7,8,78.9,2.9,8.2,0.0,0,False
"Bad Bunny, Eladio Carrion - THUNDER Y LIGHTNING",cutin25s/second_play,24525,,,-24525,,0,0,False,False,False,7,8,80.9,3.0,8.2,0.0,0,False
"Bad Bunny, Eladio Carrion - THUNDER Y LIGHTNING",cutin25s/seeded_correct,24525,24525,0,0,129250,0,1,False,False,False,7,8,57.3,1.5,8.2,100.0,0,True
"Bad Bunny, Eladio Carrion - THUNDER Y LIGHTNING",cutin25s/seeded_wrong_2s,24525,26525,2000,2000,,0,0,False,False,False,7,8,57.4,1.5,8.3,0.0,0,False
"Bad Bunny, Eladio Carrion - THUNDER Y LIGHTNING",blend8s/cold,-475,17972,18447,18450,,2,2,False,False,True,7,8,213.8,3.8,6.0,0.0,1,False
"Bad Bunny, Eladio Carrion - THUNDER Y LIGHTNING",blend8s/seeded_correct,-475,17979,18454,18450,,2,2,False,False,True,9,8,139.1,2.9,9.8,46.6,1,False
"Bad Bunny, Eladio Carrion - THUNDER Y LIGHTNING",blend8s/seeded_wrong_2s,-475,17974,18449,18450,,2,2,False,False,True,8,8,209.6,3.8,7.5,0.0,1,False
"Bad Bunny, Eladio Carrion - THUNDER Y LIGHTNING",midshift+1.5s/cold,-475,19473,18448,18450,,2,2,False,False,True,8,8,234.4,4.7,8.6,0.0,1,False
"Bad Bunny, Eladio Carrion - THUNDER Y LIGHTNING",midshift+1.5s/seeded_correct,-475,19474,18449,18450,,2,2,False,False,True,8,8,226.8,4.3,9.2,30.5,1,False
"Bad Bunny, Eladio Carrion - THUNDER Y LIGHTNING",midshift+1.5s/seeded_wrong_2s,-475,19474,18449,18450,,2,2,False,False,True,8,8,232.7,4.4,8.7,0.0,1,False
"Bad Bunny, Eladio Carrion - THUNDER Y LIGHTNING",midshift-1.5s/cold,-475,16472,18447,18450,,2,2,False,False,True,8,8,214.0,3.9,7.8,0.0,1,False
"Bad Bunny, Eladio Carrion - THUNDER Y LIGHTNING",midshift-1.5s/seeded_correct,-475,16474,18449,18450,,2,2,False,False,True,8,8,204.7,3.8,7.6,30.1,1,False
"Bad Bunny, Eladio Carrion - THUNDER Y LIGHTNING",midshift-1.5s/seeded_wrong_2s,-475,16474,18449,18450,,2,2,False,False,True,8,8,208.9,3.9,7.9,0.0,1,False
Bad Bunny - EL MUNDO ES MÍO,off0/cold,-1100,-1100,0,0,10000,0,4,False,True,True,7,14,163.3,2.8,4.2,93.9,0,True
Bad Bunny - EL MUNDO ES MÍO,off0/seeded_correct,-1100,-1100,0,0,10000,0,5,False,True,True,7,14,161.4,2.9,4.0,100.0,0,True
Bad Bunny - EL MUNDO ES MÍO,off0/seeded_wrong_2s,-1100,-1100,0,0,10000,0,4,False,True,True,7,14,163.8,3.0,3.9,93.9,0,True
Bad Bunny - EL MUNDO ES MÍO,off+200/cold,-900,-900,0,0,10000,0,2,False,True,True,2,14,180.5,2.5,4.0,93.9,0,True
Bad Bunny - EL MUNDO ES MÍO,off+200/seeded_correct,-900,-900,0,0,10000,0,3,False,True,True,2,14,173.9,2.4,3.8,100.0,0,True
Bad Bunny - EL MUNDO ES MÍO,off+200/seeded_wrong_2s,-900,-900,0,0,10000,0,2,False,True,True,2,14,173.7,2.3,3.9,93.9,0,True
Bad Bunny - EL MUNDO ES MÍO,off-200/cold,-1300,-1300,0,0,10000,0,4,False,True,True,7,14,163.8,2.9,4.2,93.9,0,True
Bad Bunny - EL MUNDO ES MÍO,off-200/seeded_correct,-1300,-1300,0,0,10000,0,4,False,True,True,7,14,167.4,2.9,4.6,100.0,0,True
Bad Bunny - EL MUNDO ES MÍO,off-200/seeded_wrong_2s,-1300,-1300,0,0,10000,0,4,False,True,True,7,14,160.8,2.9,4.1,93.9,0,True
Bad Bunny - EL MUNDO ES MÍO,off+2s/cold,900,899,-1,0,8500,0,2,False,True,True,2,14,174.2,2.4,3.8,94.8,0,True
Bad Bunny - EL MUNDO ES MÍO,off+2s/seeded_correct,900,900,0,0,8500,0,3,False,True,True,2,14,173.5,2.4,3.9,100.0,0,True
Bad Bunny - EL MUNDO ES MÍO,off+2s/seeded_wrong_2s,900,899,-1,0,8500,0,2,False,True,True,2,14,176.2,2.4,4.2,94.8,0,True
Bad Bunny - EL MUNDO ES MÍO,off-2s/cold,-3100,-3104,-4,0,13000,0,3,False,True,True,7,14,174.1,2.9,4.7,92.2,0,True
Bad Bunny - EL MUNDO ES MÍO,off-2s/seeded_correct,-3100,-3104,-4,0,13000,0,3,False,True,True,7,14,165.1,2.8,4.0,100.0,0,True
Bad Bunny - EL MUNDO ES MÍO,off-2s/seeded_wrong_2s,-3100,-3104,-4,0,13000,0,3,False,True,True,7,14,167.9,3.0,4.1,92.2,0,True
Bad Bunny - EL MUNDO ES MÍO,off+10s/cold,8900,8891,-9,0,72750,0,3,False,False,True,8,14,175.7,3.1,5.7,52.9,0,True
Bad Bunny - EL MUNDO ES MÍO,off+10s/second_play,8900,8898,-2,-9,2500,0,2,False,True,True,1,14,174.8,2.4,3.8,100.0,0,True
Bad Bunny - EL MUNDO ES MÍO,off+10s/seeded_correct,8900,8900,0,0,2500,0,2,False,True,True,1,14,176.2,2.4,3.9,100.0,0,True
Bad Bunny - EL MUNDO ES MÍO,off+10s/seeded_wrong_2s,8900,8899,-1,0,2500,0,2,False,True,True,2,14,170.7,2.7,4.0,98.4,0,True
Bad Bunny - EL MUNDO ES MÍO,off-10s/cold,-11100,,,11100,,0,0,False,False,False,14,14,158.5,3.6,6.6,0.0,0,False
Bad Bunny - EL MUNDO ES MÍO,off-10s/second_play,-11100,,,11100,,0,0,False,False,False,14,14,153.2,3.5,6.6,0.0,0,False
Bad Bunny - EL MUNDO ES MÍO,off-10s/seeded_correct,-11100,-11100,0,0,,0,0,False,False,False,14,14,149.7,3.5,6.3,100.0,0,True
Bad Bunny - EL MUNDO ES MÍO,off-10s/seeded_wrong_2s,-11100,-9100,2000,2000,,0,0,False,False,False,14,14,149.7,3.5,6.6,0.0,0,False
Bad Bunny - EL MUNDO ES MÍO,off+25s/cold,23900,23895,-5,0,72750,0,3,False,False,True,7,14,166.8,3.2,6.0,47.8,0,True
Bad Bunny - EL MUNDO ES MÍO,off+25s/second_play,23900,23899,-1,-5,2500,0,2,False,True,True,1,14,168.0,2.6,3.8,100.0,0,True
Bad Bunny - EL MUNDO ES MÍO,off+25s/seeded_correct,23900,23900,0,0,2500,0,2,False,True,True,1,14,168.1,2.6,4.1,100.0,0,True
Bad Bunny - EL MUNDO ES MÍO,off+25s/seeded_wrong_2s,23900,23899,-1,0,2500,0,2,False,True,True,2,14,158.0,2.8,4.0,98.2,0,True
Bad Bunny - EL MUNDO ES MÍO,off-25s/cold,-26100,11300,37400,26100,,1,1,False,False,False,14,14,161.4,3.4,5.8,0.0,0,False
Bad Bunny - EL MUNDO ES MÍO,off-25s/second_play,-26100,11300,37400,37400,,0,0,False,False,False,15,14,171.2,3.6,6.7,0.0,1,False
Bad Bunny - EL MUNDO ES MÍO,off-25s/seeded_correct,-26100,11300,37400,0,,1,1,False,False,False,14,14,158.3,3.4,5.8,100.0,0,False
Bad Bunny - EL MUNDO ES MÍO,off-25s/seeded_wrong_2s,-26100,11300,37400,2000,,1,1,False,False,False,14,14,158.2,3.4,5.7,0.0,0,False
Bad Bunny - EL MUNDO ES MÍO,noise0/cold,-1100,-1098,2,0,32250,0,4,False,False,True,7,14,152.8,2.6,3.7,80.4,0,True
Bad Bunny - EL MUNDO ES MÍO,noise0/seeded_correct,-1100,-1098,2,0,16000,0,5,False,False,True,7,14,151.9,2.6,3.8,100.0,0,True
Bad Bunny - EL MUNDO ES MÍO,noise0/seeded_wrong_2s,-1100,-1098,2,0,32250,0,4,False,False,True,7,14,152.4,2.7,3.8,80.4,0,True
Bad Bunny - EL MUNDO ES MÍO,noise-2s/cold,-3100,-3108,-8,0,72750,0,2,False,False,True,9,14,159.4,2.8,4.8,56.3,0,True
Bad Bunny - EL MUNDO ES MÍO,noise-2s/seeded_correct,-3100,-3107,-7,0,60750,0,2,False,False,True,7,14,156.6,2.6,3.8,100.0,0,True
Bad Bunny - EL MUNDO ES MÍO,noise-2s/seeded_wrong_2s,-3100,-3109,-9,0,72750,0,2,False,False,True,7,14,155.6,2.6,3.8,56.3,0,True
Bad Bunny - EL MUNDO ES MÍO,cutin5s/cold,3900,3897,-3,0,5500,0,5,False,True,True,7,14,146.0,2.9,3.9,96.5,0,True
Bad Bunny - EL MUNDO ES MÍO,cutin5s/second_play,3900,3898,-2,-1,5500,0,3,False,True,True,7,14,149.5,2.8,4.5,100.0,0,True
Bad Bunny - EL MUNDO ES MÍO,cutin5s/seeded_correct,3900,3897,-3,0,5500,0,3,False,True,True,7,14,148.4,2.8,3.9,100.0,0,True
Bad Bunny - EL MUNDO ES MÍO,cutin5s/seeded_wrong_2s,3900,3897,-3,0,5500,0,5,False,True,True,7,14,145.8,2.8,3.9,96.5,0,True
Bad Bunny - EL MUNDO ES MÍO,cutin15s/cold,13900,13899,-1,0,4000,0,2,False,True,True,2,14,136.3,2.2,3.3,97.3,0,True
Bad Bunny - EL MUNDO ES MÍO,cutin15s/second_play,13900,13899,-1,-1,4000,0,2,False,True,True,2,14,135.0,2.2,3.2,100.0,0,True
Bad Bunny - EL MUNDO ES MÍO,cutin15s/seeded_correct,13900,13899,-1,0,4000,0,2,False,True,True,2,14,134.3,2.2,3.2,100.0,0,True
Bad Bunny - EL MUNDO ES MÍO,cutin15s/seeded_wrong_2s,13900,13899,-1,0,4000,0,2,False,True,True,2,14,135.3,2.2,3.3,97.3,0,True
Bad Bunny - EL MUNDO ES MÍO,cutin25s/cold,23900,23897,-3,0,4000,0,3,False,True,True,7,14,123.1,2.8,5.1,97.1,0,True
Bad Bunny - EL MUNDO ES MÍO,cutin25s/second_play,23900,23898,-2,-3,4000,0,3,False,True,True,7,14,116.9,2.7,5.1,100.0,0,True
Bad Bunny - EL MUNDO ES MÍO,cutin25s/seeded_correct,23900,23898,-2,0,4000,0,3,False,True,True,7,14,110.9,2.7,3.9,100.0,0,True
Bad Bunny - EL MUNDO ES MÍO,cutin25s/seeded_wrong_2s,23900,23897,-3,0,4000,0,3,False,True,True,7,14,111.1,2.7,3.8,97.1,0,True
Bad Bunny - EL MUNDO ES MÍO,blend8s/cold,-1100,-1100,0,0,32250,0,5,False,False,True,7,14,166.3,2.8,4.1,80.4,0,True
Bad Bunny - EL MUNDO ES MÍO,blend8s/seeded_correct,-1100,-1100,0,0,16000,0,4,False,False,True,7,14,163.4,2.7,4.0,100.0,0,True
Bad Bunny - EL MUNDO ES MÍO,blend8s/seeded_wrong_2s,-1100,-1100,0,0,32250,0,5,False,False,True,7,14,166.2,2.8,4.0,80.4,0,True
Bad Bunny - EL MUNDO ES MÍO,midshift+1.5s/cold,-1100,403,3,0,10000,0,5,False,True,False,14,14,150.4,4.1,7.9,73.4,0,True
Bad Bunny - EL MUNDO ES MÍO,midshift+1.5s/seeded_correct,-1100,403,3,0,10000,0,4,False,True,False,14,14,149.3,4.0,8.5,79.6,0,True
Bad Bunny - EL MUNDO ES MÍO,midshift+1.5s/seeded_wrong_2s,-1100,404,4,0,10000,0,6,False,True,False,14,14,149.3,4.0,8.2,73.4,0,True
Bad Bunny - EL MUNDO ES MÍO,midshift-1.5s/cold,-1100,-1097,1503,0,10000,1,4,False,True,True,7,14,165.4,3.0,4.3,86.3,0,False
Bad Bunny - EL MUNDO ES MÍO,midshift-1.5s/seeded_correct,-1100,-1097,1503,0,10000,1,4,False,True,True,7,14,166.1,2.9,4.5,92.3,0,False
Bad Bunny - EL MUNDO ES MÍO,midshift-1.5s/seeded_wrong_2s,-1100,-1100,1500,1500,,1,3,False,True,False,16,14,155.7,3.7,8.5,30.2,2,False
Bad Bunny - La Zona,off0/cold,-1094,-1101,-7,-9,21150,0,3,True,True,True,1,18,133.2,2.2,3.1,84.2,0,True
Bad Bunny - La Zona,off0/seeded_correct,-1094,-1098,-4,-6,30250,0,2,False,True,True,2,18,117.8,2.0,3.2,83.8,0,True
Bad Bunny - La Zona,off0/seeded_wrong_2s,-1094,-1100,-6,-6,30250,0,3,False,True,True,3,18,118.2,2.1,3.1,77.4,0,True
Bad Bunny - La Zona,off+200/cold,-894,-900,-6,-7,21150,0,3,True,True,True,1,18,119.5,1.9,3.3,84.2,0,True
Bad Bunny - La Zona,off+200/seeded_correct,-894,-898,-4,-6,30250,0,2,False,True,True,2,18,115.1,2.1,3.1,83.8,0,True
Bad Bunny - La Zona,off+200/seeded_wrong_2s,-894,-899,-5,-6,30250,0,3,False,True,True,3,18,119.2,2.1,3.4,77.4,0,True
Bad Bunny - La Zona,off-200/cold,-1294,-1303,-9,-12,21150,0,3,True,True,True,1,18,119.9,1.9,3.1,84.3,0,True
Bad Bunny - La Zona,off-200/seeded_correct,-1294,-1296,-2,-6,30250,0,2,False,True,True,2,18,118.0,2.0,3.2,83.8,0,True
Bad Bunny - La Zona,off-200/seeded_wrong_2s,-1294,-1301,-7,-6,30250,0,3,False,True,True,4,18,119.5,2.1,3.2,77.5,0,True
Bad Bunny - La Zona,off+2s/cold,906,901,-5,-6,21150,0,3,True,True,True,1,18,120.2,2.1,3.1,84.0,0,True
Bad Bunny - La Zona,off+2s/seeded_correct,906,902,-4,-6,30250,0,2,False,True,True,2,18,116.9,2.1,3.2,82.4,0,True
Bad Bunny - La Zona,off+2s/seeded_wrong_2s,906,902,-4,-6,30250,0,3,False,True,True,3,18,119.8,2.2,3.1,77.1,0,True
Bad Bunny - La Zona,off-2s/cold,-3094,-3103,-9,-12,21150,0,2,True,True,True,1,18,120.4,1.9,3.2,84.5,0,True
Bad Bunny - La Zona,off-2s/seeded_correct,-3094,-3097,-3,0,19000,0,2,False,True,True,2,18,119.8,1.9,3.1,100.0,0,True
Bad Bunny - La Zona,off-2s/seeded_wrong_2s,-3094,-3097,-3,0,19000,0,2,False,True,True,2,18,121.1,1.9,3.1,86.0,0,True
Bad Bunny - La Zona,off+10s/cold,8906,8900,-6,-6,40000,0,4,False,False,True,8,18,138.9,2.5,4.7,67.8,0,True
Bad Bunny - La Zona,off+10s/second_play,8906,8902,-4,-6,7000,0,2,False,True,True,1,18,117.4,2.0,3.1,100.0,0,True
Bad Bunny - La Zona,off+10s/seeded_correct,8906,8903,-3,0,7000,0,2,False,True,True,1,18,116.7,2.1,3.1,100.0,0,True
Bad Bunny - La Zona,off+10s/seeded_wrong_2s,8906,8904,-2,0,7000,0,2,False,True,True,2,18,113.9,2.2,3.2,94.4,0,True
Bad Bunny - La Zona,off-10s/cold,-11094,-881,10213,35744,,4,4,False,False,True,14,18,137.1,2.7,5.4,0.0,0,False
Bad Bunny - La Zona,off-10s/second_play,-11094,-879,10215,10213,,3,3,False,False,True,8,18,127.2,2.2,3.8,0.0,0,False
Bad Bunny - La Zona,off-10s/seeded_correct,-11094,24650,35744,35744,,2,2,False,True,False,18,18,138.2,3.1,5.9,13.2,0,False
Bad Bunny - La Zona,off-10s/seeded_wrong_2s,-11094,24650,35744,35744,,2,2,False,True,False,18,18,137.9,3.0,5.9,0.0,0,False
Bad Bunny - La Zona,off+25s/cold,23906,23900,-6,-6,40000,0,4,False,False,True,7,18,141.3,2.6,5.2,63.3,0,True
Bad Bunny - La Zona,off+25s/second_play,23906,23902,-4,-6,2500,0,2,False,True,True,1,18,106.8,2.3,3.2,100.0,0,True
Bad Bunny - La Zona,off+25s/seeded_correct,23906,23903,-3,0,2500,0,2,False,True,True,1,18,105.7,2.3,3.1,100.0,0,True
Bad Bunny - La Zona,off+25s/seeded_wrong_2s,23906,23904,-2,0,2500,0,2,False,True,True,2,18,101.9,2.3,3.2,97.7,0,True
Bad Bunny - La Zona,off-25s/cold,-26094,9650,35744,35744,,2,2,False,False,False,18,18,141.0,2.8,5.4,0.0,0,False
Bad Bunny - La Zona,off-25s/second_play,-26094,9650,35744,35744,,2,2,False,False,False,18,18,137.6,2.9,5.4,0.0,0,False
Bad Bunny - La Zona,off-25s/seeded_correct,-26094,9650,35744,35744,,2,2,False,False,False,18,18,136.2,2.8,5.3,56.3,0,False
Bad Bunny - La Zona,off-25s/seeded_wrong_2s,-26094,9650,35744,35744,,2,2,False,False,False,18,18,137.3,2.8,5.3,0.0,0,False
Bad Bunny - La Zona,noise0/cold,-1094,-1100,-6,-6,26000,0,4,True,True,True,2,18,119.8,1.9,3.0,80.6,1,True
Bad Bunny - La Zona,noise0/seeded_correct,-1094,-1099,-5,-6,36000,0,3,False,True,True,4,18,114.8,2.1,3.0,78.4,1,True
Bad Bunny - La Zona,noise0/seeded_wrong_2s,-1094,-1102,-8,-6,52000,0,5,False,True,True,6,18,118.8,2.2,3.1,61.2,1,True
Bad Bunny - La Zona,noise-2s/cold,-3094,-3101,-7,-6,26000,0,4,True,True,True,2,18,121.1,1.8,3.0,80.9,1,True
Bad Bunny - La Zona,noise-2s/seeded_correct,-3094,-3101,-7,-6,64000,0,3,False,True,True,10,18,119.7,2.4,3.4,60.3,1,True
Bad Bunny - La Zona,noise-2s/seeded_wrong_2s,-3094,-3075,19,19,118000,0,2,False,True,False,20,18,136.1,2.9,6.6,13.3,2,True
Bad Bunny - La Zona,cutin5s/cold,3906,3899,-7,-9,11500,0,3,True,True,True,1,18,109.1,1.8,2.9,91.1,0,True
Bad Bunny - La Zona,cutin5s/second_play,3906,3901,-5,-7,11500,0,2,False,True,True,1,18,109.3,1.8,3.0,100.0,0,True
Bad Bunny - La Zona,cutin5s/seeded_correct,3906,3903,-3,0,11500,0,2,False,True,True,1,18,108.9,1.8,2.9,100.0,0,True
Bad Bunny - La Zona,cutin5s/seeded_wrong_2s,3906,3903,-3,0,11500,0,3,False,True,True,2,18,106.3,1.9,3.0,91.1,0,True
Bad Bunny - La Zona,cutin15s/cold,13906,13903,-3,-6,4000,0,2,False,True,True,2,18,90.5,1.9,2.7,96.6,0,True
Bad Bunny - La Zona,cutin15s/second_play,13906,13903,-3,-3,4000,0,3,False,True,True,2,18,88.4,1.9,2.6,100.0,0,True
Bad Bunny - La Zona,cutin15s/seeded_correct,13906,13903,-3,0,4000,0,3,False,True,True,2,18,89.3,1.9,2.7,100.0,0,True
Bad Bunny - La Zona,cutin15s/seeded_wrong_2s,13906,13904,-2,0,4000,0,2,False,True,True,2,18,88.4,1.9,2.7,96.6,0,True
Bad Bunny - La Zona,cutin25s/cold,23906,23900,-6,-6,4000,0,2,False,True,True,2,18,82.3,1.9,2.9,96.3,0,True
Bad Bunny - La Zona,cutin25s/second_play,23906,23900,-6,-6,4000,0,2,False,True,True,2,18,78.4,1.9,2.6,100.0,0,True
Bad Bunny - La Zona,cutin25s/seeded_correct,23906,23902,-4,0,4000,0,2,False,True,True,2,18,77.6,1.8,2.5,100.0,0,True
Bad Bunny - La Zona,cutin25s/seeded_wrong_2s,23906,23902,-4,0,4000,0,2,False,True,True,2,18,78.3,1.8,2.6,96.3,0,True
Bad Bunny - La Zona,blend8s/cold,-1094,-1101,-7,-9,21150,0,3,True,False,True,1,18,132.4,1.8,3.0,84.2,0,True
Bad Bunny - La Zona,blend8s/seeded_correct,-1094,-1098,-4,0,21500,0,2,False,False,True,2,18,129.0,1.9,3.1,100.0,0,True
Bad Bunny - La Zona,blend8s/seeded_wrong_2s,-1094,-1100,-6,-6,30250,0,3,False,False,True,3,18,129.0,1.9,3.0,77.4,0,True
Bad Bunny - La Zona,midshift+1.5s/cold,-1094,422,16,19,80750,1,8,True,True,True,7,18,138.4,2.1,6.1,68.4,2,True
Bad Bunny - La Zona,midshift+1.5s/seeded_correct,-1094,419,13,19,30250,0,6,False,True,True,8,18,132.3,2.6,6.2,67.9,1,True
Bad Bunny - La Zona,midshift+1.5s/seeded_wrong_2s,-1094,421,15,19,30250,0,5,False,True,True,8,18,143.0,2.5,5.7,58.5,1,True
Bad Bunny - La Zona,midshift-1.5s/cold,-1094,-1100,1494,-6,21150,1,4,True,True,True,2,18,127.9,2.0,3.2,78.5,1,False
Bad Bunny - La Zona,midshift-1.5s/seeded_correct,-1094,-2600,-6,-6,30250,0,3,False,True,True,11,18,128.0,2.1,6.3,78.1,1,True
Bad Bunny - La Zona,midshift-1.5s/seeded_wrong_2s,-1094,-2600,-6,-6,30250,0,4,False,True,True,12,18,130.7,2.6,6.5,71.8,1,True
Bad Bunny - VOU 787,off0/cold,-1100,-1105,-5,0,36000,0,4,False,True,True,6,5,75.8,2.7,4.3,71.2,1,True
Bad Bunny - VOU 787,off0/seeded_correct,-1100,-1105,-5,-3,36000,0,4,False,True,True,6,5,69.9,2.6,4.0,76.8,1,True
Bad Bunny - VOU 787,off0/seeded_wrong_2s,-1100,-1105,-5,0,92750,0,4,False,True,True,6,5,70.3,2.5,4.1,25.7,1,True
Bad Bunny - VOU 787,off+200/cold,-900,-902,-2,0,11500,0,2,False,True,True,2,5,108.0,1.8,2.9,90.8,0,True
Bad Bunny - VOU 787,off+200/seeded_correct,-900,-901,-1,0,11500,0,2,False,True,True,1,5,108.2,1.6,2.9,100.0,0,True
Bad Bunny - VOU 787,off+200/seeded_wrong_2s,-900,-902,-2,0,11500,0,2,False,True,True,2,5,104.4,1.8,2.9,90.8,0,True
Bad Bunny - VOU 787,off-200/cold,-1300,-1301,-1,0,11500,0,2,False,True,True,2,5,113.2,1.8,3.1,90.8,0,True
Bad Bunny - VOU 787,off-200/seeded_correct,-1300,-1301,-1,0,11500,0,2,False,True,True,2,5,104.6,1.8,2.9,100.0,0,True
Bad Bunny - VOU 787,off-200/seeded_wrong_2s,-1300,-1301,-1,0,11500,0,2,False,True,True,2,5,104.9,1.8,2.9,90.8,0,True
Bad Bunny - VOU 787,off+2s/cold,900,899,-1,0,10000,0,2,False,True,True,2,5,107.3,1.9,3.0,91.9,0,True
Bad Bunny - VOU 787,off+2s/seeded_correct,900,899,-1,0,10000,0,2,False,True,True,1,5,106.5,1.7,2.9,100.0,0,True
Bad Bunny - VOU 787,off+2s/seeded_wrong_2s,900,899,-1,0,10000,0,2,False,True,True,2,5,103.1,1.8,2.9,91.9,0,True
Bad Bunny - VOU 787,off-2s/cold,-3100,,,3100,,0,0,False,False,False,5,5,66.2,2.5,3.8,0.0,0,False
Bad Bunny - VOU 787,off-2s/seeded_correct,-3100,-3100,0,0,92750,0,0,False,False,False,5,5,63.6,2.5,3.1,100.0,0,True
Bad Bunny - VOU 787,off-2s/seeded_wrong_2s,-3100,-1200,1900,0,110000,1,2,False,False,False,7,5,76.8,2.5,6.1,13.2,2,False
Bad Bunny - VOU 787,off+10s/cold,8900,,,-7700,,0,0,False,False,False,5,5,59.5,2.7,4.0,0.0,0,False
Bad Bunny - VOU 787,off+10s/second_play,8900,,,-7700,,0,0,False,False,False,5,5,58.3,2.7,3.9,0.0,0,False
Bad Bunny - VOU 787,off+10s/seeded_correct,8900,8899,-1,0,2500,0,2,False,True,True,1,5,103.0,2.0,2.8,100.0,0,True
Bad Bunny - VOU 787,off+10s/seeded_wrong_2s,8900,8899,-1,0,2500,0,2,False,True,True,2,5,97.1,2.0,2.9,97.8,0,True
Bad Bunny - VOU 787,off-10s/cold,-11100,,,11100,,0,0,False,False,False,5,5,70.1,2.5,3.7,0.0,0,False
Bad Bunny - VOU 787,off-10s/second_play,-11100,,,11100,,0,0,False,False,False,5,5,72.0,2.6,3.9,0.0,0,False
Bad Bunny - VOU 787,off-10s/seeded_correct,-11100,-11100,0,0,,0,0,False,False,False,5,5,68.1,2.6,3.2,100.0,0,True
Bad Bunny - VOU 787,off-10s/seeded_wrong_2s,-11100,-9100,2000,2000,,0,0,False,False,False,5,5,67.3,2.5,3.2,0.0,0,False
Bad Bunny - VOU 787,off+25s/cold,23900,23894,-6,0,92750,0,2,False,False,True,5,5,47.8,2.7,6.7,7.1,0,True
Bad Bunny - VOU 787,off+25s/second_play,23900,23897,-3,-6,2500,0,2,False,True,True,1,5,93.5,2.0,2.9,100.0,0,True
Bad Bunny - VOU 787,off+25s/seeded_correct,23900,23899,-1,0,2500,0,2,False,True,True,1,5,94.0,2.1,3.0,100.0,0,True
Bad Bunny - VOU 787,off+25s/seeded_wrong_2s,23900,23899,-1,0,2500,0,2,False,True,True,1,5,93.1,2.0,2.8,97.5,0,True
Bad Bunny - VOU 787,off-25s/cold,-26100,,,26100,,0,0,False,False,False,5,5,80.6,2.3,3.1,0.0,0,False
Bad Bunny - VOU 787,off-25s/second_play,-26100,,,26100,,0,0,False,False,False,5,5,79.8,2.3,3.1,0.0,0,False
Bad Bunny - VOU 787,off-25s/seeded_correct,-26100,-26100,0,0,,0,0,False,False,False,5,5,79.6,2.4,3.2,100.0,0,True
Bad Bunny - VOU 787,off-25s/seeded_wrong_2s,-26100,-24100,2000,2000,,0,0,False,False,False,5,5,77.1,2.3,3.0,0.0,0,False
Bad Bunny - VOU 787,noise0/cold,-1100,-1105,-5,0,54000,0,4,False,True,True,6,5,72.1,2.4,4.3,56.7,1,True
Bad Bunny - VOU 787,noise0/seeded_correct,-1100,-1104,-4,-3,36000,0,4,False,True,True,6,5,66.3,2.4,3.9,79.2,1,True
Bad Bunny - VOU 787,noise0/seeded_wrong_2s,-1100,-1102,-2,1900,,1,2,False,True,True,5,5,68.8,2.3,3.6,0.0,2,True
Bad Bunny - VOU 787,noise-2s/cold,-3100,,,950,,0,0,False,True,False,5,5,61.0,2.4,3.6,0.0,0,False
Bad Bunny - VOU 787,noise-2s/seeded_correct,-3100,-3100,0,950,,0,0,False,True,False,5,5,59.0,2.4,3.1,7.9,0,True
Bad Bunny - VOU 787,noise-2s/seeded_wrong_2s,-3100,-1100,2000,950,,0,0,False,True,False,5,5,58.7,2.4,2.9,0.0,0,False
Bad Bunny - VOU 787,cutin5s/cold,3900,3899,-1,0,7000,0,2,False,True,True,2,5,93.9,1.8,2.7,94.2,0,True
Bad Bunny - VOU 787,cutin5s/second_play,3900,3899,-1,-1,7000,0,2,False,True,True,1,5,95.0,1.6,2.7,100.0,0,True
Bad Bunny - VOU 787,cutin5s/seeded_correct,3900,3899,-1,0,7000,0,2,False,True,True,1,5,94.9,1.6,2.7,100.0,0,True
Bad Bunny - VOU 787,cutin5s/seeded_wrong_2s,3900,3899,-1,0,7000,0,2,False,True,True,2,5,92.7,1.8,2.7,94.2,0,True
Bad Bunny - VOU 787,cutin15s/cold,13900,13900,0,0,10000,0,2,False,True,True,2,5,83.5,1.7,2.5,90.9,0,True
Bad Bunny - VOU 787,cutin15s/second_play,13900,13900,0,0,10000,0,2,False,True,True,2,5,79.7,1.6,2.5,100.0,0,True
Bad Bunny - VOU 787,cutin15s/seeded_correct,13900,13900,0,0,10000,0,2,False,True,True,2,5,79.1,1.6,2.5,100.0,0,True
Bad Bunny - VOU 787,cutin15s/seeded_wrong_2s,13900,13899,-1,0,4000,0,3,False,True,True,3,5,76.3,1.7,2.4,96.4,0,True
Bad Bunny - VOU 787,cutin25s/cold,23900,23894,-6,0,4000,0,4,False,True,True,5,5,29.5,2.4,5.5,96.0,0,True
Bad Bunny - VOU 787,cutin25s/second_play,23900,23895,-5,-6,4000,0,2,False,True,True,3,5,68.6,1.8,2.4,100.0,0,True
Bad Bunny - VOU 787,cutin25s/seeded_correct,23900,23895,-5,0,4000,0,4,False,True,True,5,5,26.1,2.4,5.4,100.0,0,True
Bad Bunny - VOU 787,cutin25s/seeded_wrong_2s,23900,23894,-6,0,4000,0,4,False,True,True,5,5,25.9,2.4,5.3,96.0,0,True
Bad Bunny - VOU 787,blend8s/cold,-1100,-1103,-3,0,26000,0,3,False,False,True,3,5,109.1,1.9,2.9,79.2,0,True
Bad Bunny - VOU 787,blend8s/seeded_correct,-1100,-1102,-2,0,12000,0,2,False,False,True,2,5,104.9,1.8,2.8,100.0,0,True
Bad Bunny - VOU 787,blend8s/seeded_wrong_2s,-1100,-1103,-3,0,26000,0,3,False,False,True,3,5,105.5,1.8,2.8,79.2,0,True
Bad Bunny - VOU 787,midshift+1.5s/cold,-1100,-1103,-1503,0,36000,1,4,False,True,True,6,5,75.2,2.7,4.8,44.2,1,False
Bad Bunny - VOU 787,midshift+1.5s/seeded_correct,-1100,-1103,-1503,0,36000,1,4,False,True,True,6,5,71.8,2.7,4.2,49.9,1,False
Bad Bunny - VOU 787,midshift+1.5s/seeded_wrong_2s,-1100,-1103,-1503,0,92750,1,4,False,True,True,6,5,71.3,2.6,4.2,24.8,1,False
Bad Bunny - VOU 787,midshift-1.5s/cold,-1100,-1104,1496,0,36000,1,4,False,True,True,6,5,76.4,2.6,4.3,45.6,1,False
Bad Bunny - VOU 787,midshift-1.5s/seeded_correct,-1100,-1104,1496,0,36000,1,4,False,True,True,6,5,73.6,2.6,4.0,51.1,1,False
Bad Bunny - VOU 787,midshift-1.5s/seeded_wrong_2s,-1100,-1104,1496,0,92750,1,4,False,True,True,6,5,74.0,2.5,4.1,26.6,1,False
Bad Bunny - BOKeTE,off0/cold,-1062,-1050,12,12,8500,0,2,False,True,True,1,5,326.8,3.0,6.0,96.1,0,True
Bad Bunny - BOKeTE,off0/seeded_correct,-1062,-1030,32,25,8500,0,2,False,True,True,1,5,318.6,3.0,5.7,100.0,0,True
Bad Bunny - BOKeTE,off0/seeded_wrong_2s,-1062,-1030,32,25,8500,0,2,False,True,True,2,5,325.8,3.0,6.4,96.1,0,True
Bad Bunny - BOKeTE,off+200/cold,-862,-758,104,12,8500,0,3,True,True,True,1,5,325.0,3.0,5.8,96.1,0,True
Bad Bunny - BOKeTE,off+200/seeded_correct,-862,-830,32,25,8500,0,2,False,True,True,1,5,328.3,3.0,6.1,100.0,0,True
Bad Bunny - BOKeTE,off+200/seeded_wrong_2s,-862,-831,31,25,8500,0,2,False,True,True,2,5,323.9,3.0,5.8,96.1,0,True
Bad Bunny - BOKeTE,off-200/cold,-1262,-1248,14,12,8500,0,2,False,True,True,2,5,321.7,3.0,5.8,96.1,0,True
Bad Bunny - BOKeTE,off-200/seeded_correct,-1262,-1229,33,25,8500,0,2,False,True,True,1,5,338.5,3.2,5.8,100.0,0,True
Bad Bunny - BOKeTE,off-200/seeded_wrong_2s,-1262,-1229,33,25,8500,0,2,False,True,True,2,5,322.9,3.0,5.9,96.1,0,True
Bad Bunny - BOKeTE,off+2s/cold,938,949,11,12,8500,0,5,True,True,True,5,5,261.7,4.6,6.2,96.1,0,True
Bad Bunny - BOKeTE,off+2s/seeded_correct,938,970,32,25,16000,0,2,False,True,True,1,5,327.7,2.9,5.8,100.0,0,True
Bad Bunny - BOKeTE,off+2s/seeded_wrong_2s,938,969,31,25,16000,0,2,False,True,True,2,5,335.3,2.8,6.2,92.6,0,True
Bad Bunny - BOKeTE,off-2s/cold,-3062,-3051,11,12,11500,0,1,False,True,False,5,5,260.9,4.1,6.0,94.8,0,True
Bad Bunny - BOKeTE,off-2s/seeded_correct,-3062,-3031,31,25,11500,0,1,False,True,False,5,5,261.4,4.1,6.1,100.0,0,True
Bad Bunny - BOKeTE,off-2s/seeded_wrong_2s,-3062,-1062,2000,25,11500,0,0,False,True,False,5,5,264.3,4.3,6.0,94.8,0,False
Bad Bunny - BOKeTE,off+10s/cold,8938,,,-8938,,0,0,False,False,False,5,5,270.2,4.0,6.0,0.0,0,False
Bad Bunny - BOKeTE,off+10s/second_play,8938,,,-8938,,0,0,False,False,False,5,5,276.9,4.4,6.2,0.0,0,False
Bad Bunny - BOKeTE,off+10s/seeded_correct,8938,8970,32,25,7000,0,2,False,True,True,1,5,317.8,3.2,5.7,100.0,0,True
Bad Bunny - BOKeTE,off+10s/seeded_wrong_2s,8938,8969,31,25,7000,0,2,False,True,True,2,5,324.8,3.3,6.2,96.6,0,True
Bad Bunny - BOKeTE,off-10s/cold,-11062,,,11062,,0,0,False,False,False,5,5,271.7,3.8,5.9,0.0,0,False
Bad Bunny - BOKeTE,off-10s/second_play,-11062,,,11062,,0,0,False,False,False,5,5,277.4,4.0,6.0,0.0,0,False
Bad Bunny - BOKeTE,off-10s/seeded_correct,-11062,-11062,0,0,,0,0,False,False,False,5,5,274.7,3.9,6.0,100.0,0,True
Bad Bunny - BOKeTE,off-10s/seeded_wrong_2s,-11062,-9062,2000,2000,,0,0,False,False,False,5,5,270.8,3.9,6.2,0.0,0,False
Bad Bunny - BOKeTE,off+25s/cold,23938,,,-23938,,0,0,False,False,False,5,5,267.4,4.4,6.4,0.0,0,False
Bad Bunny - BOKeTE,off+25s/second_play,23938,,,-23938,,0,0,False,False,False,5,5,258.7,4.3,6.2,0.0,0,False
Bad Bunny - BOKeTE,off+25s/seeded_correct,23938,23969,31,25,2500,0,2,False,True,True,1,5,315.0,3.5,6.3,100.0,0,True
Bad Bunny - BOKeTE,off+25s/seeded_wrong_2s,23938,23969,31,25,2500,0,2,False,True,True,1,5,310.0,3.5,5.9,98.7,0,True
Bad Bunny - BOKeTE,off-25s/cold,-26062,,,26062,,0,0,False,False,False,5,5,284.2,3.8,6.3,0.0,0,False
Bad Bunny - BOKeTE,off-25s/second_play,-26062,,,26062,,0,0,False,False,False,5,5,288.8,4.0,6.0,0.0,0,False
Bad Bunny - BOKeTE,off-25s/seeded_correct,-26062,-26062,0,0,,0,0,False,False,False,5,5,280.7,3.9,6.1,100.0,0,True
Bad Bunny - BOKeTE,off-25s/seeded_wrong_2s,-26062,-24062,2000,2000,,0,0,False,False,False,5,5,288.6,4.1,6.5,0.0,0,False
Bad Bunny - BOKeTE,noise0/cold,-1062,-1050,12,12,8500,0,2,False,True,True,1,5,290.2,2.7,5.2,96.1,0,True
Bad Bunny - BOKeTE,noise0/seeded_correct,-1062,-1030,32,25,8500,0,2,False,True,True,1,5,292.6,2.7,5.1,100.0,0,True
Bad Bunny - BOKeTE,noise0/seeded_wrong_2s,-1062,-1030,32,25,8500,0,2,False,True,True,2,5,288.7,2.7,5.0,96.1,0,True
Bad Bunny - BOKeTE,noise-2s/cold,-3062,-3050,12,12,11500,0,1,False,True,True,2,5,293.3,2.8,5.2,94.8,0,True
Bad Bunny - BOKeTE,noise-2s/seeded_correct,-3062,-3031,31,25,11500,0,1,False,True,True,2,5,289.7,2.7,5.1,100.0,0,True
Bad Bunny - BOKeTE,noise-2s/seeded_wrong_2s,-3062,-3031,31,25,11500,0,1,False,True,True,2,5,289.3,2.7,5.0,94.8,0,True
Bad Bunny - BOKeTE,cutin5s/cold,3938,3948,10,9,5500,0,3,True,True,True,1,5,298.8,3.0,5.3,97.4,0,True
Bad Bunny - BOKeTE,cutin5s/second_play,3938,3950,12,10,5500,0,3,False,True,False,5,5,229.1,3.9,5.6,100.0,0,True
Bad Bunny - BOKeTE,cutin5s/seeded_correct,3938,3968,30,25,5500,0,3,False,True,False,5,5,234.3,4.0,6.4,100.0,0,True
Bad Bunny - BOKeTE,cutin5s/seeded_wrong_2s,3938,3968,30,25,5500,0,4,False,True,False,5,5,230.7,4.0,5.5,97.4,0,True
Bad Bunny - BOKeTE,cutin15s/cold,13938,13949,11,12,4000,0,4,False,True,False,5,5,189.6,3.6,4.9,98.0,0,True
Bad Bunny - BOKeTE,cutin15s/second_play,13938,13949,11,11,4000,0,5,False,True,False,5,5,187.0,3.5,4.9,100.0,0,True
Bad Bunny - BOKeTE,cutin15s/seeded_correct,13938,13967,29,25,4000,0,2,False,True,False,5,5,184.5,3.5,4.5,100.0,0,True
Bad Bunny - BOKeTE,cutin15s/seeded_wrong_2s,13938,13966,28,25,4000,0,2,False,True,False,5,5,183.9,3.6,4.7,98.0,0,True
Bad Bunny - BOKeTE,cutin25s/cold,23938,23954,16,12,4000,0,3,False,True,False,5,5,189.3,4.1,5.3,97.9,0,True
Bad Bunny - BOKeTE,cutin25s/second_play,23938,23953,15,13,4000,0,3,False,True,False,5,5,188.4,4.0,5.3,100.0,0,True
Bad Bunny - BOKeTE,cutin25s/seeded_correct,23938,23972,34,25,4000,0,2,False,True,False,5,5,183.6,3.9,5.1,100.0,0,True
Bad Bunny - BOKeTE,cutin25s/seeded_wrong_2s,23938,23972,34,25,4000,0,3,False,True,False,5,5,183.9,3.9,5.1,97.9,0,True
Bad Bunny - BOKeTE,blend8s/cold,-1062,-1050,12,15,30000,0,3,False,False,False,5,5,278.2,4.2,6.1,86.2,0,True
Bad Bunny - BOKeTE,blend8s/seeded_correct,-1062,-1031,31,0,25750,0,3,False,False,False,5,5,276.6,4.0,6.2,100.0,0,True
Bad Bunny - BOKeTE,blend8s/seeded_wrong_2s,-1062,-1032,30,34,30000,0,2,False,False,False,5,5,284.9,3.8,6.8,86.2,0,True
Bad Bunny - BOKeTE,midshift+1.5s/cold,-1062,-1050,-1488,-38,8500,0,1,False,True,True,4,5,330.7,4.2,7.0,71.2,2,False
Bad Bunny - BOKeTE,midshift+1.5s/seeded_correct,-1062,-1030,-1468,-38,8500,0,1,False,True,True,4,5,335.2,4.3,7.0,73.1,2,False
Bad Bunny - BOKeTE,midshift+1.5s/seeded_wrong_2s,-1062,-1030,-1468,-38,8500,0,1,False,True,True,5,5,326.2,4.3,6.8,71.2,2,False
Bad Bunny - BOKeTE,midshift-1.5s/cold,-1062,-2525,37,37,8500,0,2,False,True,True,4,5,302.5,3.7,6.1,69.6,2,True
Bad Bunny - BOKeTE,midshift-1.5s/seeded_correct,-1062,-2525,37,37,8500,0,2,False,True,True,4,5,292.2,3.8,5.7,73.5,2,True
Bad Bunny - BOKeTE,midshift-1.5s/seeded_wrong_2s,-1062,-1037,1525,37,8500,1,3,False,True,True,5,5,292.9,3.7,6.1,69.6,2,False
Bad Bunny - BAILE INoLVIDABLE,off0/cold,-1008,-900,108,108,,0,4,False,True,True,7,5,960.4,5.9,10.9,76.7,2,True
Bad Bunny - BAILE INoLVIDABLE,off0/seeded_correct,-1008,-900,108,108,,0,4,False,True,True,7,5,969.0,5.9,10.8,79.0,2,True
Bad Bunny - BAILE INoLVIDABLE,off0/seeded_wrong_2s,-1008,-900,108,108,,0,4,False,True,True,7,5,962.3,6.2,10.8,76.7,2,True
Bad Bunny - BAILE INoLVIDABLE,off+200/cold,-808,-789,19,108,,0,5,True,True,True,7,5,976.6,5.9,11.0,76.6,2,True
Bad Bunny - BAILE INoLVIDABLE,off+200/seeded_correct,-808,-700,108,108,,0,4,False,True,True,7,5,976.2,5.9,10.8,78.5,2,True
Bad Bunny - BAILE INoLVIDABLE,off+200/seeded_wrong_2s,-808,-700,108,108,,0,4,False,True,True,7,5,978.9,6.2,10.8,76.6,2,True
Bad Bunny - BAILE INoLVIDABLE,off-200/cold,-1208,-1100,108,108,,0,4,False,True,True,7,5,970.6,6.0,10.8,76.7,2,True
Bad Bunny - BAILE INoLVIDABLE,off-200/seeded_correct,-1208,-1125,83,83,86000,0,3,False,True,True,7,5,966.7,6.0,10.7,79.0,2,True
Bad Bunny - BAILE INoLVIDABLE,off-200/seeded_wrong_2s,-1208,-1125,83,83,86000,0,3,False,True,True,7,5,966.8,6.2,10.8,76.7,2,True
Bad Bunny - BAILE INoLVIDABLE,off+2s/cold,992,1011,19,108,,0,5,True,True,True,7,5,977.7,6.3,10.8,76.5,2,True
Bad Bunny - BAILE INoLVIDABLE,off+2s/seeded_correct,992,1100,108,108,,0,4,False,True,True,7,5,971.9,6.1,10.9,78.0,2,True
Bad Bunny - BAILE INoLVIDABLE,off+2s/seeded_wrong_2s,992,1100,108,108,,0,4,False,True,True,7,5,977.7,6.2,10.7,76.5,2,True
Bad Bunny - BAILE INoLVIDABLE,off-2s/cold,-3008,-2900,108,108,,0,2,False,True,True,7,5,984.4,5.8,10.9,76.8,2,True
Bad Bunny - BAILE INoLVIDABLE,off-2s/seeded_correct,-3008,-2975,33,83,86000,0,1,False,True,False,7,5,974.8,6.1,10.8,79.5,2,True
Bad Bunny - BAILE INoLVIDABLE,off-2s/seeded_wrong_2s,-3008,-2975,33,83,86000,0,1,False,True,False,7,5,974.7,5.9,11.0,76.8,2,True
Bad Bunny - BAILE INoLVIDABLE,off+10s/cold,8992,9175,183,183,,0,4,False,False,False,7,5,1007.9,6.2,11.3,77.2,2,True
Bad Bunny - BAILE INoLVIDABLE,off+10s/second_play,8992,9100,108,108,,0,3,False,True,False,7,5,973.0,6.3,11.2,76.7,2,True
Bad Bunny - BAILE INoLVIDABLE,off+10s/seeded_correct,8992,9100,108,108,,0,4,False,True,False,7,5,972.5,6.5,11.2,76.7,2,True
Bad Bunny - BAILE INoLVIDABLE,off+10s/seeded_wrong_2s,8992,9100,108,108,,0,3,False,True,False,7,5,965.4,6.2,11.3,76.0,2,True
Bad Bunny - BAILE INoLVIDABLE,off-10s/cold,-11008,,,11008,,0,0,False,False,False,5,5,958.0,6.2,10.8,0.0,0,False
Bad Bunny - BAILE INoLVIDABLE,off-10s/second_play,-11008,,,11008,,0,0,False,False,False,5,5,959.8,6.0,10.7,0.0,0,False
Bad Bunny - BAILE INoLVIDABLE,off-10s/seeded_correct,-11008,-11008,0,0,,0,0,False,False,False,5,5,951.6,6.0,10.7,100.0,0,True
Bad Bunny - BAILE INoLVIDABLE,off-10s/seeded_wrong_2s,-11008,-9008,2000,2000,,0,0,False,False,False,5,5,951.1,6.1,10.5,0.0,0,False
Bad Bunny - BAILE INoLVIDABLE,off+25s/cold,23992,24200,208,208,,0,4,False,False,False,7,5,971.0,6.2,11.0,76.2,2,True
Bad Bunny - BAILE INoLVIDABLE,off+25s/second_play,23992,24100,108,108,,0,2,False,True,True,7,5,951.8,6.7,11.0,75.7,2,True
Bad Bunny - BAILE INoLVIDABLE,off+25s/seeded_correct,23992,24100,108,108,,0,4,False,True,True,7,5,948.8,6.8,11.0,75.7,2,True
Bad Bunny - BAILE INoLVIDABLE,off+25s/seeded_wrong_2s,23992,24100,108,108,,0,4,False,True,True,7,5,952.8,6.6,11.0,75.0,2,True
Bad Bunny - BAILE INoLVIDABLE,off-25s/cold,-26008,,,26008,,0,0,False,False,False,5,5,963.7,5.6,10.9,0.0,0,False
Bad Bunny - BAILE INoLVIDABLE,off-25s/second_play,-26008,,,26008,,0,0,False,False,False,5,5,983.6,5.9,10.8,0.0,0,False
Bad Bunny - BAILE INoLVIDABLE,off-25s/seeded_correct,-26008,-26008,0,0,,0,0,False,False,False,5,5,959.0,5.7,10.7,100.0,0,True
Bad Bunny - BAILE INoLVIDABLE,off-25s/seeded_wrong_2s,-26008,-24008,2000,2000,,0,0,False,False,False,5,5,959.7,5.7,10.8,0.0,0,False
Bad Bunny - BAILE INoLVIDABLE,noise0/cold,-1008,-900,108,108,,0,4,False,True,True,7,5,956.3,5.7,11.2,76.7,2,True
Bad Bunny - BAILE INoLVIDABLE,noise0/seeded_correct,-1008,-900,108,108,,0,4,False,True,True,7,5,969.9,5.7,12.1,79.0,2,True
Bad Bunny - BAILE INoLVIDABLE,noise0/seeded_wrong_2s,-1008,-900,108,108,,0,4,False,True,True,7,5,965.9,5.6,11.4,76.7,2,True
Bad Bunny - BAILE INoLVIDABLE,noise-2s/cold,-3008,-2900,108,108,,0,2,False,True,False,7,5,970.3,6.1,11.2,76.8,2,True
Bad Bunny - BAILE INoLVIDABLE,noise-2s/seeded_correct,-3008,-2975,33,83,86000,0,1,False,True,False,7,5,946.3,5.6,11.7,79.5,2,True
Bad Bunny - BAILE INoLVIDABLE,noise-2s/seeded_wrong_2s,-3008,-2975,33,83,86000,0,1,False,True,False,7,5,940.3,5.5,10.9,76.8,2,True
Bad Bunny - BAILE INoLVIDABLE,cutin5s/cold,3992,4125,133,58,81750,0,2,False,True,False,7,5,1090.4,6.8,12.4,77.5,2,True
Bad Bunny - BAILE INoLVIDABLE,cutin5s/second_play,3992,4175,183,183,,0,2,False,True,False,7,5,1076.3,6.6,12.4,79.0,2,True
Bad Bunny - BAILE INoLVIDABLE,cutin5s/seeded_correct,3992,4175,183,183,,0,2,False,True,False,7,5,1082.6,6.9,12.2,79.0,2,True
Bad Bunny - BAILE INoLVIDABLE,cutin5s/seeded_wrong_2s,3992,4175,183,183,,0,2,False,True,False,7,5,1075.1,6.6,12.6,77.5,2,True
Bad Bunny - BAILE INoLVIDABLE,cutin15s/cold,13992,14200,208,208,,0,5,False,True,True,7,5,803.9,5.1,9.6,98.4,2,True
Bad Bunny - BAILE INoLVIDABLE,cutin15s/second_play,13992,14100,108,108,,0,5,False,True,False,7,5,793.7,5.1,9.7,100.0,2,True
Bad Bunny - BAILE INoLVIDABLE,cutin15s/seeded_correct,13992,14200,208,208,,0,5,False,True,True,7,5,804.7,5.3,10.0,100.0,2,True
Bad Bunny - BAILE INoLVIDABLE,cutin15s/seeded_wrong_2s,13992,14200,208,208,,0,5,False,True,True,7,5,807.5,5.2,10.0,98.4,2,True
Bad Bunny - BAILE INoLVIDABLE,cutin25s/cold,23992,24175,183,108,,0,4,False,True,True,7,5,975.8,6.5,11.5,98.4,2,True
Bad Bunny - BAILE INoLVIDABLE,cutin25s/second_play,23992,24150,158,158,,0,3,False,True,True,7,5,953.7,6.7,11.2,100.0,2,True
Bad Bunny - BAILE INoLVIDABLE,cutin25s/seeded_correct,23992,24175,183,183,,0,4,False,True,True,7,5,991.7,6.6,12.2,100.0,2,True
Bad Bunny - BAILE INoLVIDABLE,cutin25s/seeded_wrong_2s,23992,24175,183,183,,0,3,False,True,True,7,5,973.2,6.5,11.5,98.4,2,True
Bad Bunny - BAILE INoLVIDABLE,blend8s/cold,-1008,-825,183,183,,0,4,False,True,False,7,5,1240.6,7.9,13.9,77.8,2,True
Bad Bunny - BAILE INoLVIDABLE,blend8s/seeded_correct,-1008,-825,183,183,,0,3,False,False,False,7,5,1226.2,7.9,13.7,100.0,2,True
Bad Bunny - BAILE INoLVIDABLE,blend8s/seeded_wrong_2s,-1008,-900,108,108,,0,3,False,False,True,7,5,1207.1,7.8,13.5,76.7,2,True
Bad Bunny - BAILE INoLVIDABLE,midshift+1.5s/cold,-1008,600,108,108,,0,4,False,True,False,7,5,1310.4,8.8,13.5,76.6,2,True
Bad Bunny - BAILE INoLVIDABLE,midshift+1.5s/seeded_correct,-1008,600,108,108,,0,4,False,True,False,7,5,1306.9,8.5,13.6,78.9,2,True
Bad Bunny - BAILE INoLVIDABLE,midshift+1.5s/seeded_wrong_2s,-1008,600,108,108,,0,4,False,True,False,7,5,1307.1,8.6,13.6,76.6,2,True
Bad Bunny - BAILE INoLVIDABLE,midshift-1.5s/cold,-1008,-2400,108,108,,0,2,False,True,False,7,5,1069.5,6.6,11.6,76.7,2,True
Bad Bunny - BAILE INoLVIDABLE,midshift-1.5s/seeded_correct,-1008,-2475,33,83,86000,0,1,False,True,False,7,5,1052.7,6.8,11.3,79.0,2,True
Bad Bunny - BAILE INoLVIDABLE,midshift-1.5s/seeded_wrong_2s,-1008,-2475,33,33,86000,0,1,False,True,False,7,5,1061.1,6.7,11.6,76.7,2,True
Bad Bunny - Estamos Bien,off0/cold,306,379,73,144,,0,7,True,False,True,5,14,1527.6,5.0,13.6,97.2,2,True
Bad Bunny - Estamos Bien,off0/seeded_correct,306,413,107,144,,0,7,False,False,True,6,14,1503.2,5.1,13.3,100.0,2,True
Bad Bunny - Estamos Bien,off0/seeded_wrong_2s,306,411,105,144,,0,7,False,False,True,6,14,1491.7,5.1,13.2,97.2,2,True
Bad Bunny - Estamos Bien,off+200/cold,506,578,72,144,,0,7,True,False,True,5,14,1536.9,5.1,13.7,97.2,2,True
Bad Bunny - Estamos Bien,off+200/seeded_correct,506,613,107,144,,0,7,False,False,True,6,14,1542.2,5.3,13.9,100.0,2,True
Bad Bunny - Estamos Bien,off+200/seeded_wrong_2s,506,611,105,144,,0,7,False,False,True,6,14,1535.3,5.4,14.1,97.2,2,True
Bad Bunny - Estamos Bien,off-200/cold,106,179,73,144,,0,7,True,False,True,5,14,1531.7,5.0,13.8,100.0,2,True
Bad Bunny - Estamos Bien,off-200/seeded_correct,106,213,107,144,,0,7,False,False,True,6,14,1526.4,5.4,14.1,100.0,2,True
Bad Bunny - Estamos Bien,off-200/seeded_wrong_2s,106,211,105,144,,0,7,False,False,True,6,14,1522.8,5.4,13.8,97.2,2,True
Bad Bunny - Estamos Bien,off+2s/cold,2306,2378,72,144,,0,7,True,False,True,5,14,1525.6,5.1,13.5,97.2,2,True
Bad Bunny - Estamos Bien,off+2s/seeded_correct,2306,2412,106,144,,0,7,False,False,True,6,14,1519.5,5.6,13.6,100.0,2,True
Bad Bunny - Estamos Bien,off+2s/seeded_wrong_2s,2306,2410,104,144,,0,7,False,False,True,6,14,1517.8,5.4,13.5,97.2,2,True
Bad Bunny - Estamos Bien,off-2s/cold,-1694,-1550,144,144,,0,4,True,False,True,7,14,1556.2,5.7,13.8,95.4,2,True
Bad Bunny - Estamos Bien,off-2s/seeded_correct,-1694,-1550,144,144,,0,3,False,False,True,8,14,1538.3,5.8,13.6,100.0,2,True
Bad Bunny - Estamos Bien,off-2s/seeded_wrong_2s,-1694,-1550,144,144,,0,4,False,False,True,9,14,1522.8,6.1,13.6,90.2,2,True
Bad Bunny - Estamos Bien,off+10s/cold,10306,10475,169,169,,0,6,False,False,True,9,14,1526.6,6.3,13.8,90.0,2,True
Bad Bunny - Estamos Bien,off+10s/second_play,10306,10421,115,144,,0,5,False,True,True,5,14,1528.1,5.3,13.7,100.0,2,True
Bad Bunny - Estamos Bien,off+10s/seeded_correct,10306,10418,112,144,,0,5,False,True,True,5,14,1523.5,6.0,14.0,100.0,2,True
Bad Bunny - Estamos Bien,off+10s/seeded_wrong_2s,10306,10416,110,144,,0,5,False,True,True,5,14,1641.8,6.6,14.6,98.4,2,True
Bad Bunny - Estamos Bien,off-10s/cold,-9694,,,9694,,0,0,False,False,False,14,14,1479.7,8.7,13.9,0.0,0,False
Bad Bunny - Estamos Bien,off-10s/second_play,-9694,,,9694,,0,0,False,False,False,14,14,1414.1,7.5,14.0,0.0,0,False
Bad Bunny - Estamos Bien,off-10s/seeded_correct,-9694,-9694,0,0,,0,0,False,False,False,14,14,1406.6,7.5,13.9,100.0,0,True
Bad Bunny - Estamos Bien,off-10s/seeded_wrong_2s,-9694,-7694,2000,2000,,0,0,False,False,False,14,14,1413.4,7.6,14.0,0.0,0,False
Bad Bunny - Estamos Bien,off+25s/cold,25306,25433,127,144,,0,7,False,False,True,10,14,1507.9,6.8,13.9,89.7,2,True
Bad Bunny - Estamos Bien,off+25s/second_play,25306,25401,95,94,149000,0,5,False,True,True,5,14,1494.5,6.4,13.9,100.0,2,True
Bad Bunny - Estamos Bien,off+25s/seeded_correct,25306,25388,82,94,149000,0,6,False,True,True,6,14,1490.5,6.5,13.7,100.0,2,True
Bad Bunny - Estamos Bien,off+25s/seeded_wrong_2s,25306,25388,82,94,149000,0,6,False,True,True,6,14,1492.3,6.2,13.5,99.5,2,True
Bad Bunny - Estamos Bien,off-25s/cold,-24694,,,24019,,0,0,False,False,False,16,14,1295.2,6.7,13.2,0.0,2,False
Bad Bunny - Estamos Bien,off-25s/second_play,-24694,,,24019,,0,0,False,False,False,16,14,1293.0,6.8,12.8,0.0,2,False
Bad Bunny - Estamos Bien,off-25s/seeded_correct,-24694,-24694,0,0,,0,0,False,False,False,14,14,1450.9,7.4,14.0,100.0,0,True
Bad Bunny - Estamos Bien,off-25s/seeded_wrong_2s,-24694,-22694,2000,2000,,0,0,False,False,False,14,14,1433.5,7.2,13.7,0.0,0,False
Bad Bunny - Estamos Bien,noise0/cold,306,337,31,69,31075,1,5,True,False,True,7,14,1368.6,4.2,13.8,94.3,2,True
Bad Bunny - Estamos Bien,noise0/seeded_correct,306,356,50,69,53000,1,5,False,False,True,8,14,1353.1,4.3,13.5,93.0,2,True
Bad Bunny - Estamos Bien,noise0/seeded_wrong_2s,306,286,-20,144,,0,5,False,False,True,7,14,1357.3,4.4,13.6,96.3,2,True
Bad Bunny - Estamos Bien,noise-2s/cold,-1694,-1550,144,144,,0,4,True,False,True,7,14,1337.9,4.3,13.3,95.4,2,True
Bad Bunny - Estamos Bien,noise-2s/seeded_correct,-1694,-1550,144,144,,0,3,False,False,True,8,14,1339.5,4.4,13.7,100.0,2,True
Bad Bunny - Estamos Bien,noise-2s/seeded_wrong_2s,-1694,-1550,144,144,,0,4,False,False,True,9,14,1324.3,4.6,13.3,90.2,2,True
Bad Bunny - Estamos Bien,cutin5s/cold,5306,5417,111,144,,0,5,False,True,True,5,14,1639.5,5.9,15.8,97.6,2,True
Bad Bunny - Estamos Bien,cutin5s/second_play,5306,5425,119,144,,0,5,False,True,True,4,14,1701.8,5.2,16.0,100.0,2,True
Bad Bunny - Estamos Bien,cutin5s/seeded_correct,5306,5417,111,144,,0,5,False,True,True,5,14,1640.3,5.8,16.1,100.0,2,True
Bad Bunny - Estamos Bien,cutin5s/seeded_wrong_2s,5306,5416,110,144,,0,5,False,True,True,5,14,1639.5,5.9,15.9,97.6,2,True
Bad Bunny - Estamos Bien,cutin15s/cold,15306,15419,113,144,,0,6,False,True,True,6,14,1134.2,4.2,11.8,99.2,2,True
Bad Bunny - Estamos Bien,cutin15s/second_play,15306,15422,116,144,,0,6,False,True,True,6,14,1121.4,4.2,11.7,100.0,2,True
Bad Bunny - Estamos Bien,cutin15s/seeded_correct,15306,15419,113,144,,0,6,False,True,True,6,14,1114.1,4.1,11.5,100.0,2,True
Bad Bunny - Estamos Bien,cutin15s/seeded_wrong_2s,15306,15416,110,144,,0,6,False,True,True,9,14,1110.1,4.4,11.5,99.2,2,True
Bad Bunny - Estamos Bien,cutin25s/cold,25306,25391,85,94,149000,1,6,False,True,True,9,14,1478.6,6.6,14.5,91.9,2,True
Bad Bunny - Estamos Bien,cutin25s/second_play,25306,25432,126,144,,0,5,False,True,True,9,14,1502.5,6.4,14.5,100.0,2,True
Bad Bunny - Estamos Bien,cutin25s/seeded_correct,25306,25391,85,94,149000,0,5,False,True,True,9,14,1462.3,6.4,14.5,100.0,2,True
Bad Bunny - Estamos Bien,cutin25s/seeded_wrong_2s,25306,25391,85,94,149000,0,5,False,True,True,9,14,1464.1,6.6,14.7,99.2,2,True
Bad Bunny - Estamos Bien,blend8s/cold,306,379,73,144,,0,7,True,False,True,5,14,1710.7,5.0,16.6,97.2,2,True
Bad Bunny - Estamos Bien,blend8s/seeded_correct,306,412,106,144,,0,7,False,False,True,6,14,1719.3,5.7,16.6,100.0,2,True
Bad Bunny - Estamos Bien,blend8s/seeded_wrong_2s,306,411,105,144,,0,7,False,False,True,6,14,1711.7,5.3,16.7,97.2,2,True
Bad Bunny - Estamos Bien,midshift+1.5s/cold,306,1866,60,69,15000,0,8,True,False,True,7,14,2015.8,8.3,17.2,92.0,2,True
Bad Bunny - Estamos Bien,midshift+1.5s/seeded_correct,306,281,-1525,144,,1,7,False,False,True,6,14,1960.5,7.0,17.2,98.3,2,False
Bad Bunny - Estamos Bien,midshift+1.5s/seeded_wrong_2s,306,1950,144,144,,0,8,False,False,True,8,14,1946.7,7.9,17.0,95.5,2,True
Bad Bunny - Estamos Bien,midshift-1.5s/cold,306,-1177,17,19,15000,0,7,True,False,True,6,14,1645.0,6.0,13.9,95.8,2,True
Bad Bunny - Estamos Bien,midshift-1.5s/seeded_correct,306,281,1475,144,,1,7,False,False,True,6,14,1618.1,6.4,13.7,98.3,2,False
Bad Bunny - Estamos Bien,midshift-1.5s/seeded_wrong_2s,306,-1050,144,144,,0,8,False,False,True,8,14,1606.9,6.3,14.0,95.6,2,True
Bad Bunny - Después de la Playa,off0/cold,1700,1698,-2,-3,5500,0,3,True,True,True,3,10,429.1,4.2,7.2,97.6,0,True
Bad Bunny - Después de la Playa,off0/seeded_correct,1700,1698,-2,0,5500,0,3,False,True,True,5,10,433.9,5.5,7.8,100.0,0,True
Bad Bunny - Después de la Playa,off0/seeded_wrong_2s,1700,1698,-2,0,5500,0,4,False,True,True,5,10,406.1,4.9,7.2,97.6,0,True
Bad Bunny - Después de la Playa,off+200/cold,1900,1899,-1,-1,5500,0,2,True,True,True,3,10,445.2,4.4,7.2,97.6,0,True
Bad Bunny - Después de la Playa,off+200/seeded_correct,1900,1898,-2,0,5500,0,3,False,True,True,5,10,413.0,5.0,7.6,100.0,0,True
Bad Bunny - Después de la Playa,off+200/seeded_wrong_2s,1900,1898,-2,0,5500,0,4,False,True,True,5,10,408.1,4.9,7.7,97.6,0,True
Bad Bunny - Después de la Playa,off-200/cold,1500,1494,-6,-6,7000,0,2,True,True,True,2,10,449.5,4.4,7.7,97.0,0,True
Bad Bunny - Después de la Playa,off-200/seeded_correct,1500,1498,-2,0,5500,0,3,False,True,True,5,10,407.8,4.9,7.5,100.0,0,True
Bad Bunny - Después de la Playa,off-200/seeded_wrong_2s,1500,1498,-2,0,5500,0,4,False,True,True,5,10,417.8,5.0,7.5,97.6,0,True
Bad Bunny - Después de la Playa,off+2s/cold,3700,3699,-1,0,28350,0,2,True,False,True,3,10,450.7,4.2,7.5,87.5,0,True
Bad Bunny - Después de la Playa,off+2s/seeded_correct,3700,3699,-1,0,4000,0,1,False,True,True,1,10,445.0,4.2,7.2,100.0,0,True
Bad Bunny - Después de la Playa,off+2s/seeded_wrong_2s,3700,3699,-1,0,4000,0,1,False,True,True,2,10,436.1,4.2,7.3,98.2,0,True
Bad Bunny - Después de la Playa,off-2s/cold,-300,-306,-6,-6,8500,0,2,True,True,True,2,10,459.2,4.2,7.5,100.0,0,True
Bad Bunny - Después de la Playa,off-2s/seeded_correct,-300,-301,-1,0,8500,0,1,False,True,True,1,10,451.9,4.1,7.6,100.0,0,True
Bad Bunny - Después de la Playa,off-2s/seeded_wrong_2s,-300,-301,-1,0,8500,0,1,False,True,True,2,10,444.0,3.9,7.3,96.3,0,True
Bad Bunny - Después de la Playa,off+10s/cold,11700,11695,-5,0,77250,0,3,False,False,True,6,10,419.6,5.0,8.0,64.8,0,True
Bad Bunny - Después de la Playa,off+10s/second_play,11700,11698,-2,-5,2500,0,2,False,True,True,1,10,433.0,4.3,7.3,100.0,0,True
Bad Bunny - Después de la Playa,off+10s/seeded_correct,11700,11699,-1,0,2500,0,1,False,True,True,1,10,440.4,4.4,7.3,100.0,0,True
Bad Bunny - Después de la Playa,off+10s/seeded_wrong_2s,11700,11699,-1,0,2500,0,1,False,True,True,2,10,428.9,4.2,7.5,98.9,0,True
Bad Bunny - Después de la Playa,off-10s/cold,-8300,,,8300,,0,0,False,False,False,10,10,242.5,7.0,10.5,0.0,0,False
Bad Bunny - Después de la Playa,off-10s/second_play,-8300,,,8300,,0,0,False,False,False,10,10,235.7,6.7,10.5,0.0,0,False
Bad Bunny - Después de la Playa,off-10s/seeded_correct,-8300,-8300,0,0,16000,0,0,False,True,False,10,10,230.3,6.6,10.3,100.0,0,True
Bad Bunny - Después de la Playa,off-10s/seeded_wrong_2s,-8300,-6300,2000,0,16000,0,0,False,True,False,10,10,236.8,6.7,12.5,93.3,0,False
Bad Bunny - Después de la Playa,off+25s/cold,26700,26695,-5,0,77250,0,3,False,False,True,6,10,406.9,5.3,7.6,62.2,0,True
Bad Bunny - Después de la Playa,off+25s/second_play,26700,26698,-2,-5,2500,0,2,False,True,True,1,10,435.2,4.8,7.4,100.0,0,True
Bad Bunny - Después de la Playa,off+25s/seeded_correct,26700,26699,-1,0,2500,0,1,False,True,True,1,10,431.4,4.6,7.4,100.0,0,True
Bad Bunny - Después de la Playa,off+25s/seeded_wrong_2s,26700,26699,-1,0,2500,0,1,False,True,True,2,10,437.5,4.7,7.5,98.8,0,True
Bad Bunny - Después de la Playa,off-25s/cold,-23300,,,23300,,0,0,False,False,False,10,10,272.3,6.5,9.2,0.0,0,False
Bad Bunny - Después de la Playa,off-25s/second_play,-23300,,,23300,,0,0,False,False,False,10,10,277.5,7.0,9.3,0.0,0,False
Bad Bunny - Después de la Playa,off-25s/seeded_correct,-23300,-23300,0,0,,0,0,False,False,False,10,10,269.4,6.6,9.2,100.0,0,True
Bad Bunny - Después de la Playa,off-25s/seeded_wrong_2s,-23300,-21300,2000,2000,,0,0,False,False,False,10,10,275.4,6.6,9.8,0.0,0,False
Bad Bunny - Después de la Playa,noise0/cold,1700,1698,-2,-3,5500,0,3,True,True,True,3,10,316.5,3.2,5.5,97.6,0,True
Bad Bunny - Después de la Playa,noise0/seeded_correct,1700,1698,-2,0,5500,0,3,False,True,True,5,10,319.3,3.4,6.7,100.0,0,True
Bad Bunny - Después de la Playa,noise0/seeded_wrong_2s,1700,1698,-2,0,5500,0,4,False,True,True,5,10,292.4,3.4,5.4,97.6,0,True
Bad Bunny - Después de la Playa,noise-2s/cold,-300,-306,-6,-6,8500,0,2,True,True,True,2,10,324.6,2.9,5.7,100.0,0,True
Bad Bunny - Después de la Playa,noise-2s/seeded_correct,-300,-301,-1,0,8500,0,1,False,True,True,1,10,320.5,2.8,5.4,100.0,0,True
Bad Bunny - Después de la Playa,noise-2s/seeded_wrong_2s,-300,-301,-1,0,8500,0,1,False,True,True,2,10,320.7,2.8,5.4,96.3,0,True
Bad Bunny - Después de la Playa,cutin5s/cold,6700,6698,-2,0,4000,0,4,False,True,True,5,10,305.5,3.6,5.7,98.2,0,True
Bad Bunny - Después de la Playa,cutin5s/second_play,6700,6698,-2,-2,4000,0,4,False,True,True,5,10,306.5,3.7,5.9,100.0,0,True
Bad Bunny - Después de la Playa,cutin5s/seeded_correct,6700,6698,-2,0,4000,0,3,False,True,True,5,10,307.3,3.7,5.6,100.0,0,True
Bad Bunny - Después de la Playa,cutin5s/seeded_wrong_2s,6700,6698,-2,0,4000,0,4,False,True,True,5,10,308.5,3.7,5.7,98.2,0,True
Bad Bunny - Después de la Playa,cutin15s/cold,16700,16698,-2,0,4000,0,3,False,True,True,5,10,255.6,3.4,4.9,98.1,0,True
Bad Bunny - Después de la Playa,cutin15s/second_play,16700,16698,-2,-2,4000,0,4,False,True,True,5,10,253.9,3.3,4.8,100.0,0,True
Bad Bunny - Después de la Playa,cutin15s/seeded_correct,16700,16698,-2,0,4000,0,4,False,True,True,5,10,253.0,3.2,4.8,100.0,0,True
Bad Bunny - Después de la Playa,cutin15s/seeded_wrong_2s,16700,16698,-2,0,4000,0,3,False,True,True,5,10,252.6,3.3,4.8,98.1,0,True
Bad Bunny - Después de la Playa,cutin25s/cold,26700,26698,-2,0,4000,0,2,False,True,True,5,10,261.6,3.6,5.4,98.0,0,True
Bad Bunny - Después de la Playa,cutin25s/second_play,26700,26698,-2,-2,4000,0,3,False,True,True,5,10,262.6,3.5,5.6,100.0,0,True
Bad Bunny - Después de la Playa,cutin25s/seeded_correct,26700,26699,-1,0,4000,0,3,False,True,True,5,10,257.0,3.6,5.3,100.0,0,True
Bad Bunny - Después de la Playa,cutin25s/seeded_wrong_2s,26700,26698,-2,0,4000,0,2,False,True,True,5,10,261.3,3.7,5.5,98.0,0,True
Bad Bunny - Después de la Playa,blend8s/cold,1700,1698,-2,-3,7000,0,3,True,True,True,3,10,350.3,3.2,6.1,96.9,0,True
Bad Bunny - Después de la Playa,blend8s/seeded_correct,1700,1698,-2,0,5500,0,3,False,True,True,5,10,330.7,3.9,6.1,100.0,0,True
Bad Bunny - Después de la Playa,blend8s/seeded_wrong_2s,1700,1698,-2,0,5500,0,4,False,True,True,5,10,328.6,3.9,6.2,97.6,0,True
Bad Bunny - Después de la Playa,midshift+1.5s/cold,1700,1697,-1503,0,5500,1,5,True,True,True,5,10,420.3,4.3,7.7,90.0,1,False
Bad Bunny - Después de la Playa,midshift+1.5s/seeded_correct,1700,1700,-1500,0,5500,2,4,False,True,False,10,10,189.9,6.7,10.2,65.4,0,False
Bad Bunny - Después de la Playa,midshift+1.5s/seeded_wrong_2s,1700,1700,-1500,0,5500,2,5,False,True,False,10,10,189.0,7.0,10.2,63.0,0,False
Bad Bunny - Después de la Playa,midshift-1.5s/cold,1700,1700,1500,0,5500,1,5,True,True,True,5,10,370.9,3.6,6.5,90.1,1,False
Bad Bunny - Después de la Playa,midshift-1.5s/seeded_correct,1700,197,-3,0,5500,1,4,False,True,True,11,10,187.1,5.8,10.0,40.2,1,True
Bad Bunny - Después de la Playa,midshift-1.5s/seeded_wrong_2s,1700,1701,1501,0,5500,2,5,False,True,True,9,10,311.5,5.0,11.1,63.5,0,False
Bad Bunny - CYBERTRUCK,off0/cold,-1100,-1101,-1,0,10000,0,3,True,True,True,1,13,247.2,2.5,4.8,94.8,0,True
Bad Bunny - CYBERTRUCK,off0/seeded_correct,-1100,-1099,1,0,10000,0,2,False,True,True,1,13,246.1,2.5,4.6,100.0,0,True
Bad Bunny - CYBERTRUCK,off0/seeded_wrong_2s,-1100,-1099,1,0,10000,0,2,False,True,True,1,13,252.0,2.4,4.9,94.8,0,True
Bad Bunny - CYBERTRUCK,off+200/cold,-900,-900,0,0,10000,0,3,True,True,True,1,13,245.7,2.4,4.9,94.8,0,True
Bad Bunny - CYBERTRUCK,off+200/seeded_correct,-900,-899,1,0,10000,0,2,False,True,True,1,13,245.4,2.5,5.0,100.0,0,True
Bad Bunny - CYBERTRUCK,off+200/seeded_wrong_2s,-900,-899,1,0,10000,0,2,False,True,True,1,13,255.5,2.5,5.2,94.8,0,True
Bad Bunny - CYBERTRUCK,off-200/cold,-1300,-1302,-2,0,10000,0,3,True,True,True,1,13,250.1,2.5,4.8,94.8,0,True
Bad Bunny - CYBERTRUCK,off-200/seeded_correct,-1300,-1299,1,0,10000,0,2,False,True,True,1,13,247.9,2.5,4.8,100.0,0,True
Bad Bunny - CYBERTRUCK,off-200/seeded_wrong_2s,-1300,-1298,2,0,10000,0,2,False,True,True,1,13,252.1,2.5,5.0,94.8,0,True
Bad Bunny - CYBERTRUCK,off+2s/cold,900,900,0,0,8500,0,3,True,True,True,1,13,248.1,2.5,4.8,95.5,0,True
Bad Bunny - CYBERTRUCK,off+2s/seeded_correct,900,901,1,0,8500,0,2,False,True,True,1,13,248.6,2.6,5.0,100.0,0,True
Bad Bunny - CYBERTRUCK,off+2s/seeded_wrong_2s,900,901,1,0,8500,0,2,False,True,True,1,13,252.6,2.6,4.9,95.5,0,True
Bad Bunny - CYBERTRUCK,off-2s/cold,-3100,-3102,-2,-6,11500,0,5,True,True,True,5,13,233.5,3.0,4.7,94.1,0,True
Bad Bunny - CYBERTRUCK,off-2s/seeded_correct,-3100,-3098,2,0,11500,0,3,False,True,True,8,13,228.7,3.3,5.0,100.0,0,True
Bad Bunny - CYBERTRUCK,off-2s/seeded_wrong_2s,-3100,-3098,2,0,11500,0,4,False,True,True,8,13,233.9,3.4,5.2,94.1,0,True
Bad Bunny - CYBERTRUCK,off+10s/cold,8900,8903,3,0,38750,0,3,False,False,True,5,13,246.3,3.2,4.9,78.7,0,True
Bad Bunny - CYBERTRUCK,off+10s/second_play,8900,8901,1,3,2500,0,2,False,True,True,1,13,244.8,2.7,4.9,100.0,0,True
Bad Bunny - CYBERTRUCK,off+10s/seeded_correct,8900,8901,1,0,2500,0,2,False,True,True,1,13,252.0,2.8,4.9,100.0,0,True
Bad Bunny - CYBERTRUCK,off+10s/seeded_wrong_2s,8900,8901,1,0,2500,0,2,False,True,True,1,13,244.8,2.8,5.0,98.6,0,True
Bad Bunny - CYBERTRUCK,off-10s/cold,-11100,26800,37900,11100,,1,1,False,False,False,13,13,205.9,4.0,7.3,0.0,0,False
Bad Bunny - CYBERTRUCK,off-10s/second_play,-11100,26800,37900,37900,,0,0,False,False,False,15,13,226.3,4.3,8.2,0.0,2,False
Bad Bunny - CYBERTRUCK,off-10s/seeded_correct,-11100,26800,37900,0,,1,1,False,False,False,13,13,205.4,4.1,7.3,100.0,0,False
Bad Bunny - CYBERTRUCK,off-10s/seeded_wrong_2s,-11100,26800,37900,2000,,1,1,False,False,False,13,13,210.2,4.3,7.9,0.0,0,False
Bad Bunny - CYBERTRUCK,off+25s/cold,23900,23903,3,0,38750,0,3,False,False,True,5,13,241.3,3.5,5.2,76.8,0,True
Bad Bunny - CYBERTRUCK,off+25s/second_play,23900,23901,1,3,2500,0,2,False,True,True,1,13,234.5,2.9,4.9,100.0,0,True
Bad Bunny - CYBERTRUCK,off+25s/seeded_correct,23900,23901,1,0,2500,0,2,False,True,True,1,13,235.1,3.0,4.9,100.0,0,True
Bad Bunny - CYBERTRUCK,off+25s/seeded_wrong_2s,23900,23901,1,0,2500,0,2,False,True,True,1,13,239.8,2.9,5.1,98.5,0,True
Bad Bunny - CYBERTRUCK,off-25s/cold,-26100,11800,37900,25250,,1,1,False,False,False,15,13,232.7,4.0,7.4,0.0,2,False
Bad Bunny - CYBERTRUCK,off-25s/second_play,-26100,11800,37900,37900,,0,0,False,False,False,15,13,232.7,4.0,7.5,0.0,2,False
Bad Bunny - CYBERTRUCK,off-25s/seeded_correct,-26100,11800,37900,0,,1,1,False,False,False,13,13,217.3,4.2,6.4,100.0,0,False
Bad Bunny - CYBERTRUCK,off-25s/seeded_wrong_2s,-26100,11800,37900,2000,,1,1,False,False,False,13,13,213.6,3.9,6.2,0.0,0,False
Bad Bunny - CYBERTRUCK,noise0/cold,-1100,-1101,-1,3,26000,0,4,True,True,True,3,13,233.4,2.4,4.3,86.5,1,True
Bad Bunny - CYBERTRUCK,noise0/seeded_correct,-1100,-1098,2,2,26000,0,3,False,True,True,3,13,236.8,2.4,4.4,90.1,1,True
Bad Bunny - CYBERTRUCK,noise0/seeded_wrong_2s,-1100,-1097,3,3,26000,0,3,False,True,True,3,13,235.5,2.5,4.4,86.5,1,True
Bad Bunny - CYBERTRUCK,noise-2s/cold,-3100,-3102,-2,0,82250,0,5,True,True,True,8,13,221.4,3.1,4.8,57.6,1,True
Bad Bunny - CYBERTRUCK,noise-2s/seeded_correct,-3100,-3098,2,0,66000,0,4,False,True,True,8,13,221.8,3.0,4.8,71.1,1,True
Bad Bunny - CYBERTRUCK,noise-2s/seeded_wrong_2s,-3100,-3097,3,0,66000,0,4,False,True,True,8,13,219.6,3.1,4.8,66.0,1,True
Bad Bunny - CYBERTRUCK,cutin5s/cold,3900,3899,-1,0,5500,0,3,True,True,True,1,13,224.2,2.4,4.5,97.1,0,True
Bad Bunny - CYBERTRUCK,cutin5s/second_play,3900,3900,0,-1,5500,0,2,False,True,True,1,13,224.0,2.4,4.5,100.0,0,True
Bad Bunny - CYBERTRUCK,cutin5s/seeded_correct,3900,3900,0,0,5500,0,2,False,True,True,1,13,233.3,2.4,4.6,100.0,0,True
Bad Bunny - CYBERTRUCK,cutin5s/seeded_wrong_2s,3900,3900,0,0,5500,0,2,False,True,True,1,13,224.8,2.4,4.5,97.1,0,True
Bad Bunny - CYBERTRUCK,cutin15s/cold,13900,13901,1,0,4000,0,2,False,True,True,1,13,193.1,2.3,3.9,97.7,0,True
Bad Bunny - CYBERTRUCK,cutin15s/second_play,13900,13901,1,1,4000,0,2,False,True,True,1,13,191.6,2.3,3.8,100.0,0,True
Bad Bunny - CYBERTRUCK,cutin15s/seeded_correct,13900,13901,1,0,4000,0,2,False,True,True,1,13,191.7,2.2,3.8,100.0,0,True
Bad Bunny - CYBERTRUCK,cutin15s/seeded_wrong_2s,13900,13901,1,0,4000,0,2,False,True,True,1,13,190.6,2.2,3.8,97.7,0,True
Bad Bunny - CYBERTRUCK,cutin25s/cold,23900,23901,1,0,7000,0,2,False,True,True,4,13,188.7,2.7,4.1,95.8,0,True
Bad Bunny - CYBERTRUCK,cutin25s/second_play,23900,23901,1,1,7000,0,2,False,True,True,4,13,184.8,2.5,4.1,100.0,0,True
Bad Bunny - CYBERTRUCK,cutin25s/seeded_correct,23900,23901,1,0,7000,0,2,False,True,True,4,13,184.3,2.6,4.0,100.0,0,True
Bad Bunny - CYBERTRUCK,cutin25s/seeded_wrong_2s,23900,23901,1,0,7000,0,2,False,True,True,4,13,182.0,2.6,4.0,95.8,0,True
Bad Bunny - CYBERTRUCK,blend8s/cold,-1100,-1101,-1,0,16250,0,4,True,False,True,2,13,249.1,2.4,4.7,91.5,0,True
Bad Bunny - CYBERTRUCK,blend8s/seeded_correct,-1100,-1097,3,0,16250,0,3,False,False,True,2,13,250.5,2.4,4.6,100.0,0,True
Bad Bunny - CYBERTRUCK,blend8s/seeded_wrong_2s,-1100,-1096,4,0,16250,0,3,False,False,True,2,13,250.2,2.4,4.7,91.5,0,True
Bad Bunny - CYBERTRUCK,midshift+1.5s/cold,-1100,-1137,-1537,0,10000,1,4,True,True,True,4,13,279.3,3.0,5.7,85.6,1,False
Bad Bunny - CYBERTRUCK,midshift+1.5s/seeded_correct,-1100,410,10,0,10000,0,4,False,True,True,6,13,260.9,3.4,5.9,79.9,1,True
Bad Bunny - CYBERTRUCK,midshift+1.5s/seeded_wrong_2s,-1100,412,12,0,10000,0,4,False,True,True,6,13,260.3,3.5,5.7,74.7,1,True
Bad Bunny - CYBERTRUCK,midshift-1.5s/cold,-1100,-1066,1534,0,82250,1,4,True,True,True,4,13,254.2,2.8,5.2,83.3,1,False
Bad Bunny - CYBERTRUCK,midshift-1.5s/seeded_correct,-1100,-2600,0,0,136750,0,2,False,True,True,9,13,228.7,3.5,7.3,60.4,1,True
Bad Bunny - CYBERTRUCK,midshift-1.5s/seeded_wrong_2s,-1100,-2600,0,2375,,0,3,False,True,True,10,13,222.3,3.6,7.6,25.8,2,True
"Bad Bunny, Zion & Lennox - MÁS DE UNA CITA",off0/cold,-1075,-1071,4,0,43250,0,9,True,True,True,18,17,201.2,4.5,8.4,76.6,1,True
"Bad Bunny, Zion & Lennox - MÁS DE UNA CITA",off0/seeded_correct,-1075,-1069,6,0,43250,0,9,False,True,True,18,17,205.2,4.8,8.6,80.4,1,True
"Bad Bunny, Zion & Lennox - MÁS DE UNA CITA",off0/seeded_wrong_2s,-1075,-1069,6,0,43250,0,9,False,True,True,18,17,196.5,4.5,8.5,76.6,1,True
"Bad Bunny, Zion & Lennox - MÁS DE UNA CITA",off+200/cold,-875,-871,4,0,43250,0,10,True,True,True,18,17,196.7,4.4,8.5,76.6,1,True
"Bad Bunny, Zion & Lennox - MÁS DE UNA CITA",off+200/seeded_correct,-875,-870,5,-1,43250,0,9,False,True,True,17,17,196.2,4.5,8.8,80.4,1,True
"Bad Bunny, Zion & Lennox - MÁS DE UNA CITA",off+200/seeded_wrong_2s,-875,-869,6,0,43250,0,10,False,True,True,18,17,198.8,4.3,8.4,76.6,1,True
"Bad Bunny, Zion & Lennox - MÁS DE UNA CITA",off-200/cold,-1275,-1271,4,0,43250,0,10,True,True,True,18,17,197.7,4.3,8.1,76.6,1,True
"Bad Bunny, Zion & Lennox - MÁS DE UNA CITA",off-200/seeded_correct,-1275,-1268,7,0,43250,0,9,False,True,True,18,17,194.4,4.3,8.7,81.2,1,True
"Bad Bunny, Zion & Lennox - MÁS DE UNA CITA",off-200/seeded_wrong_2s,-1275,-1269,6,0,174000,0,10,False,True,True,19,17,210.4,4.4,9.0,6.0,2,True
"Bad Bunny, Zion & Lennox - MÁS DE UNA CITA",off+2s/cold,925,929,4,0,43250,0,8,True,True,True,18,17,194.2,4.4,8.6,76.4,1,True
"Bad Bunny, Zion & Lennox - MÁS DE UNA CITA",off+2s/seeded_correct,925,931,6,0,43250,0,10,False,True,True,17,17,188.8,4.4,8.8,79.4,1,True
"Bad Bunny, Zion & Lennox - MÁS DE UNA CITA",off+2s/seeded_wrong_2s,925,931,6,0,43250,0,10,False,True,True,18,17,193.6,4.4,8.9,76.4,1,True
"Bad Bunny, Zion & Lennox - MÁS DE UNA CITA",off-2s/cold,-3075,-3073,2,0,176000,0,10,True,True,True,19,17,214.2,4.3,9.0,5.9,2,True
"Bad Bunny, Zion & Lennox - MÁS DE UNA CITA",off-2s/seeded_correct,-3075,-1794,1281,0,176000,1,3,False,True,True,18,17,208.7,4.5,9.0,11.2,2,False
"Bad Bunny, Zion & Lennox - MÁS DE UNA CITA",off-2s/seeded_wrong_2s,-3075,-3075,0,5,85250,0,3,False,True,True,16,17,191.0,4.3,8.1,54.4,1,True
"Bad Bunny, Zion & Lennox - MÁS DE UNA CITA",off+10s/cold,8925,8934,9,-9025,,0,9,False,False,False,19,17,215.7,4.8,10.3,0.0,2,True
"Bad Bunny, Zion & Lennox - MÁS DE UNA CITA",off+10s/second_play,8925,8904,-21,-17,4000,0,2,False,True,True,1,17,226.2,2.6,4.6,100.0,0,True
"Bad Bunny, Zion & Lennox - MÁS DE UNA CITA",off+10s/seeded_correct,8925,8925,0,0,4000,0,2,False,True,True,1,17,224.5,2.6,4.8,100.0,0,True
"Bad Bunny, Zion & Lennox - MÁS DE UNA CITA",off+10s/seeded_wrong_2s,8925,8925,0,0,4000,0,2,False,True,True,1,17,231.3,2.6,4.8,97.7,0,True
"Bad Bunny, Zion & Lennox - MÁS DE UNA CITA",off-10s/cold,-11075,-750,10325,0,182000,1,2,False,False,False,19,17,218.5,4.4,8.8,6.6,2,False
"Bad Bunny, Zion & Lennox - MÁS DE UNA CITA",off-10s/second_play,-11075,-750,10325,0,182000,1,2,False,False,False,19,17,216.0,4.5,8.8,6.6,2,False
"Bad Bunny, Zion & Lennox - MÁS DE UNA CITA",off-10s/seeded_correct,-11075,7000,18075,0,,1,1,False,False,False,17,17,220.1,4.6,8.4,100.0,0,False
"Bad Bunny, Zion & Lennox - MÁS DE UNA CITA",off-10s/seeded_wrong_2s,-11075,7000,18075,2000,,1,1,False,False,False,17,17,194.4,4.4,7.8,0.0,0,False
"Bad Bunny, Zion & Lennox - MÁS DE UNA CITA",off+25s/cold,23925,23932,7,-23925,,0,7,False,False,False,17,17,176.5,5.0,10.7,0.0,0,True
"Bad Bunny, Zion & Lennox - MÁS DE UNA CITA",off+25s/second_play,23925,23904,-21,-19,2500,0,2,False,True,True,1,17,220.3,2.9,5.0,100.0,0,True
"Bad Bunny, Zion & Lennox - MÁS DE UNA CITA",off+25s/seeded_correct,23925,23925,0,0,2500,0,2,False,True,True,1,17,214.1,2.8,4.6,100.0,0,True
"Bad Bunny, Zion & Lennox - MÁS DE UNA CITA",off+25s/seeded_wrong_2s,23925,23925,0,0,2500,0,2,False,True,True,1,17,216.1,2.9,4.6,98.4,0,True
"Bad Bunny, Zion & Lennox - MÁS DE UNA CITA",off-25s/cold,-26075,,,26075,,0,0,False,False,False,17,17,207.0,4.0,7.4,0.0,0,False
"Bad Bunny, Zion & Lennox - MÁS DE UNA CITA",off-25s/second_play,-26075,,,26075,,0,0,False,False,False,17,17,206.4,4.1,7.2,0.0,0,False
"Bad Bunny, Zion & Lennox - MÁS DE UNA CITA",off-25s/seeded_correct,-26075,-26075,0,0,,0,0,False,False,False,17,17,202.9,4.0,6.8,100.0,0,True
"Bad Bunny, Zion & Lennox - MÁS DE UNA CITA",off-25s/seeded_wrong_2s,-26075,-24075,2000,2000,,0,0,False,False,False,17,17,201.8,4.1,6.9,0.0,0,False
"Bad Bunny, Zion & Lennox - MÁS DE UNA CITA",noise0/cold,-1075,-1076,-1,0,14500,0,3,True,True,True,1,17,209.6,2.2,4.0,92.2,0,True
"Bad Bunny, Zion & Lennox - MÁS DE UNA CITA",noise0/seeded_correct,-1075,-1074,1,0,14500,0,2,False,True,True,1,17,210.5,2.2,4.1,100.0,0,True
"Bad Bunny, Zion & Lennox - MÁS DE UNA CITA",noise0/seeded_wrong_2s,-1075,-1074,1,0,14500,0,2,False,True,True,1,17,208.0,2.1,4.1,92.2,0,True
"Bad Bunny, Zion & Lennox - MÁS DE UNA CITA",noise-2s/cold,-3075,-3078,-3,-6,20200,0,2,True,False,True,3,17,212.5,2.2,4.2,89.2,0,True
"Bad Bunny, Zion & Lennox - MÁS DE UNA CITA",noise-2s/seeded_correct,-3075,-3071,4,0,176000,0,7,False,False,True,18,17,165.1,3.7,7.0,55.7,1,True
"Bad Bunny, Zion & Lennox - MÁS DE UNA CITA",noise-2s/seeded_wrong_2s,-3075,-1775,1300,0,176000,1,2,False,False,False,18,17,166.7,3.8,7.2,43.0,1,False
"Bad Bunny, Zion & Lennox - MÁS DE UNA CITA",cutin5s/cold,3925,3923,-2,-3,8500,0,3,True,True,True,1,17,205.7,2.3,4.1,95.3,0,True
"Bad Bunny, Zion & Lennox - MÁS DE UNA CITA",cutin5s/second_play,3925,3924,-1,-2,8500,0,2,False,True,True,1,17,207.5,2.2,4.3,100.0,0,True
"Bad Bunny, Zion & Lennox - MÁS DE UNA CITA",cutin5s/seeded_correct,3925,3925,0,0,8500,0,2,False,True,True,1,17,202.8,2.2,4.1,100.0,0,True
"Bad Bunny, Zion & Lennox - MÁS DE UNA CITA",cutin5s/seeded_wrong_2s,3925,3924,-1,0,8500,0,2,False,True,True,1,17,204.5,2.3,4.1,95.3,0,True
"Bad Bunny, Zion & Lennox - MÁS DE UNA CITA",cutin15s/cold,13925,13929,4,0,4000,0,9,False,True,False,17,17,137.1,3.8,7.8,97.6,0,True
"Bad Bunny, Zion & Lennox - MÁS DE UNA CITA",cutin15s/second_play,13925,13925,0,3,4000,0,5,False,True,True,8,17,161.6,2.9,4.8,100.0,0,True
"Bad Bunny, Zion & Lennox - MÁS DE UNA CITA",cutin15s/seeded_correct,13925,13928,3,0,4000,0,9,False,True,False,17,17,127.6,3.8,7.3,100.0,0,True
"Bad Bunny, Zion & Lennox - MÁS DE UNA CITA",cutin15s/seeded_wrong_2s,13925,13929,4,0,4000,0,9,False,True,False,17,17,128.2,3.8,7.4,97.6,0,True
"Bad Bunny, Zion & Lennox - MÁS DE UNA CITA",cutin25s/cold,23925,23931,6,0,4000,0,8,False,True,False,17,17,130.2,5.2,8.7,97.5,0,True
"Bad Bunny, Zion & Lennox - MÁS DE UNA CITA",cutin25s/second_play,23925,23931,6,5,4000,0,7,False,True,False,17,17,125.0,5.3,8.5,100.0,0,True
"Bad Bunny, Zion & Lennox - MÁS DE UNA CITA",cutin25s/seeded_correct,23925,23931,6,0,4000,0,9,False,True,False,17,17,125.0,5.2,8.6,100.0,0,True
"Bad Bunny, Zion & Lennox - MÁS DE UNA CITA",cutin25s/seeded_wrong_2s,23925,23931,6,0,4000,0,8,False,True,False,17,17,127.0,5.6,8.7,97.5,0,True
"Bad Bunny, Zion & Lennox - MÁS DE UNA CITA",blend8s/cold,-1075,-1076,-1,-3,13000,0,4,True,True,True,2,17,225.0,2.3,4.3,93.0,0,True
"Bad Bunny, Zion & Lennox - MÁS DE UNA CITA",blend8s/seeded_correct,-1075,-1074,1,0,13000,0,2,False,True,True,1,17,225.6,2.3,4.4,100.0,0,True
"Bad Bunny, Zion & Lennox - MÁS DE UNA CITA",blend8s/seeded_wrong_2s,-1075,-1074,1,0,13000,0,3,False,True,True,2,17,225.1,2.3,4.3,93.0,0,True
"Bad Bunny, Zion & Lennox - MÁS DE UNA CITA",midshift+1.5s/cold,-1075,380,-45,0,43250,0,4,True,True,True,18,17,213.6,4.9,9.7,71.8,1,True
"Bad Bunny, Zion & Lennox - MÁS DE UNA CITA",midshift+1.5s/seeded_correct,-1075,380,-45,0,43250,1,4,False,True,True,18,17,213.9,5.2,9.5,75.6,1,True
"Bad Bunny, Zion & Lennox - MÁS DE UNA CITA",midshift+1.5s/seeded_wrong_2s,-1075,435,10,0,43250,1,5,False,True,True,18,17,210.8,4.8,9.2,71.8,1,True
"Bad Bunny, Zion & Lennox - MÁS DE UNA CITA",midshift-1.5s/cold,-1075,-1133,1442,1442,,1,4,True,True,True,19,17,214.7,4.5,8.8,9.0,2,False
"Bad Bunny, Zion & Lennox - MÁS DE UNA CITA",midshift-1.5s/seeded_correct,-1075,-1203,1372,0,176000,5,8,False,True,True,19,17,207.5,4.3,9.0,18.3,2,False
"Bad Bunny, Zion & Lennox - MÁS DE UNA CITA",midshift-1.5s/seeded_wrong_2s,-1075,-1155,1420,2800,,5,7,False,True,True,19,17,211.8,4.4,8.8,9.0,2,False
Bad Bunny - Efecto,off0/cold,-1050,-1070,-20,-16,11500,0,2,True,True,True,1,15,330.4,2.9,6.3,94.6,0,True
Bad Bunny - Efecto,off0/seeded_correct,-1050,-1057,-7,-25,11500,0,3,False,True,False,15,15,242.1,5.4,9.5,100.0,0,True
Bad Bunny - Efecto,off0/seeded_wrong_2s,-1050,-1057,-7,-25,11500,0,5,False,True,False,15,15,237.9,5.3,9.1,94.6,0,True
Bad Bunny - Efecto,off+200/cold,-850,-860,-10,-14,11500,0,2,True,True,True,1,15,321.7,3.1,5.8,94.6,0,True
Bad Bunny - Efecto,off+200/seeded_correct,-850,-857,-7,-25,11500,0,6,False,True,False,15,15,232.6,5.3,9.7,100.0,0,True
Bad Bunny - Efecto,off+200/seeded_wrong_2s,-850,-858,-8,-25,11500,0,5,False,True,False,15,15,234.6,5.4,10.5,94.6,0,True
Bad Bunny - Efecto,off-200/cold,-1250,-1256,-6,-6,11500,0,2,True,True,True,1,15,330.8,2.9,6.3,94.6,0,True
Bad Bunny - Efecto,off-200/seeded_correct,-1250,-1257,-7,-25,11500,0,4,False,True,False,15,15,242.8,5.6,10.4,100.0,0,True
Bad Bunny - Efecto,off-200/seeded_wrong_2s,-1250,-1258,-8,-25,11500,0,4,False,True,False,15,15,247.0,5.5,9.3,94.6,0,True
Bad Bunny - Efecto,off+2s/cold,950,941,-9,-13,8500,0,2,True,True,True,1,15,324.8,2.9,6.4,96.0,0,True
Bad Bunny - Efecto,off+2s/seeded_correct,950,943,-7,-25,8500,0,4,False,True,False,15,15,238.7,5.6,9.6,100.0,0,True
Bad Bunny - Efecto,off+2s/seeded_wrong_2s,950,942,-8,-25,8500,0,5,False,True,False,15,15,235.0,5.3,10.0,96.0,0,True
Bad Bunny - Efecto,off-2s/cold,-3050,-3056,-6,-6,13000,0,2,True,True,True,1,15,349.4,2.8,6.7,93.9,0,True
Bad Bunny - Efecto,off-2s/seeded_correct,-3050,-3058,-8,-25,13000,0,4,False,True,False,15,15,317.7,6.0,15.6,100.0,0,True
Bad Bunny - Efecto,off-2s/seeded_wrong_2s,-3050,-3059,-9,-25,13000,0,2,False,True,False,15,15,277.5,6.5,9.8,93.9,0,True
Bad Bunny - Efecto,off+10s/cold,8950,8944,-6,-9800,,0,3,False,False,False,15,15,261.6,5.6,11.7,0.0,0,True
Bad Bunny - Efecto,off+10s/second_play,8950,8948,-2,-6,2500,0,1,False,True,True,2,15,315.6,3.3,6.2,100.0,0,True
Bad Bunny - Efecto,off+10s/seeded_correct,8950,8941,-9,-25,2500,0,1,False,True,True,2,15,342.5,3.2,8.1,100.0,0,True
Bad Bunny - Efecto,off+10s/seeded_wrong_2s,8950,8939,-11,-25,2500,0,1,False,True,True,3,15,319.5,3.4,6.3,98.8,0,True
Bad Bunny - Efecto,off-10s/cold,-11050,,,11050,,0,0,False,False,False,15,15,250.0,4.8,9.6,0.0,0,False
Bad Bunny - Efecto,off-10s/second_play,-11050,,,11050,,0,0,False,False,False,15,15,309.0,6.8,9.9,0.0,0,False
Bad Bunny - Efecto,off-10s/seeded_correct,-11050,-11050,0,-25,20500,0,0,False,True,False,15,15,260.3,5.5,8.4,100.0,0,True
Bad Bunny - Efecto,off-10s/seeded_wrong_2s,-11050,-9050,2000,-25,20500,0,0,False,True,False,15,15,258.8,5.3,8.2,90.8,0,False
Bad Bunny - Efecto,off+25s/cold,23950,23944,-6,-23950,,0,3,False,False,False,15,15,230.1,5.7,11.3,0.0,0,True
Bad Bunny - Efecto,off+25s/second_play,23950,23948,-2,-6,2500,0,1,False,True,True,2,15,311.6,3.6,6.7,100.0,0,True
Bad Bunny - Efecto,off+25s/seeded_correct,23950,23949,-1,0,2500,0,1,False,True,True,2,15,301.4,3.5,6.1,100.0,0,True
Bad Bunny - Efecto,off+25s/seeded_wrong_2s,23950,23948,-2,0,2500,0,1,False,True,True,3,15,301.5,3.7,6.3,98.7,0,True
Bad Bunny - Efecto,off-25s/cold,-26050,,,26050,,0,0,False,False,False,15,15,194.8,4.3,7.4,0.0,0,False
Bad Bunny - Efecto,off-25s/second_play,-26050,,,26050,,0,0,False,False,False,15,15,186.0,4.1,7.3,0.0,0,False
Bad Bunny - Efecto,off-25s/seeded_correct,-26050,-26050,0,0,,0,0,False,False,False,15,15,260.4,5.1,7.3,100.0,0,True
Bad Bunny - Efecto,off-25s/seeded_wrong_2s,-26050,-24050,2000,2000,,0,0,False,False,False,15,15,267.4,5.3,7.2,0.0,0,False
Bad Bunny - Efecto,noise0/cold,-1050,-1070,-20,-16,11500,0,2,True,True,True,3,15,301.9,2.7,5.0,94.6,2,True
Bad Bunny - Efecto,noise0/seeded_correct,-1050,-1057,-7,-25,11500,0,2,False,True,False,17,15,232.1,4.6,9.7,100.0,2,True
Bad Bunny - Efecto,noise0/seeded_wrong_2s,-1050,-1057,-7,-25,11500,0,4,False,True,False,17,15,225.8,4.6,9.8,94.6,2,True
Bad Bunny - Efecto,noise-2s/cold,-3050,-3056,-6,-6,13000,0,1,True,True,True,2,15,296.5,2.6,4.9,93.9,1,True
Bad Bunny - Efecto,noise-2s/seeded_correct,-3050,-3058,-8,-25,13000,0,3,False,True,False,17,15,231.6,4.5,9.7,100.0,2,True
Bad Bunny - Efecto,noise-2s/seeded_wrong_2s,-3050,-3060,-10,-25,13000,0,1,False,True,False,17,15,227.6,4.4,9.7,93.9,2,True
Bad Bunny - Efecto,cutin5s/cold,3950,3948,-2,-3,4000,0,2,True,True,True,1,15,279.5,2.9,5.3,98.1,0,True
Bad Bunny - Efecto,cutin5s/second_play,3950,3945,-5,-3,4000,0,5,False,True,False,15,15,202.3,5.2,9.6,100.0,0,True
Bad Bunny - Efecto,cutin5s/seeded_correct,3950,3946,-4,0,4000,0,5,False,True,False,15,15,180.2,4.7,7.7,100.0,0,True
Bad Bunny - Efecto,cutin5s/seeded_wrong_2s,3950,3945,-5,0,4000,0,5,False,True,False,15,15,181.5,4.9,7.8,98.1,0,True
Bad Bunny - Efecto,cutin15s/cold,13950,13950,0,25,4000,0,9,False,True,False,15,15,155.1,4.3,8.3,98.0,0,True
Bad Bunny - Efecto,cutin15s/second_play,13950,13950,0,0,4000,0,9,False,True,False,15,15,152.6,4.3,8.4,100.0,0,True
Bad Bunny - Efecto,cutin15s/seeded_correct,13950,13950,0,0,4000,0,9,False,True,False,15,15,153.6,4.3,8.4,100.0,0,True
Bad Bunny - Efecto,cutin15s/seeded_wrong_2s,13950,13950,0,0,4000,0,9,False,True,False,15,15,152.9,4.3,8.3,98.0,0,True
Bad Bunny - Efecto,cutin25s/cold,23950,23945,-5,0,4000,0,5,False,True,False,15,15,148.4,4.7,9.5,97.9,0,True
Bad Bunny - Efecto,cutin25s/second_play,23950,23945,-5,-4,4000,0,4,False,True,False,15,15,143.6,4.6,9.4,100.0,0,True
Bad Bunny - Efecto,cutin25s/seeded_correct,23950,23946,-4,0,4000,0,5,False,True,False,15,15,130.3,4.4,8.3,100.0,0,True
Bad Bunny - Efecto,cutin25s/seeded_wrong_2s,23950,23945,-5,0,4000,0,5,False,True,False,15,15,131.9,4.4,8.4,97.9,0,True
Bad Bunny - Efecto,blend8s/cold,-1050,-1058,-8,-16,16000,0,2,True,True,True,1,15,303.1,2.8,5.5,92.5,0,True
Bad Bunny - Efecto,blend8s/seeded_correct,-1050,-1053,-3,0,16000,0,7,False,True,False,15,15,208.3,4.6,7.3,100.0,0,True
Bad Bunny - Efecto,blend8s/seeded_wrong_2s,-1050,-1054,-4,0,16000,0,6,False,True,False,15,15,218.0,4.8,7.5,92.5,0,True
Bad Bunny - Efecto,midshift+1.5s/cold,-1050,444,-6,0,11500,0,4,True,True,True,10,15,268.3,5.2,10.0,74.7,1,True
Bad Bunny - Efecto,midshift+1.5s/seeded_correct,-1050,448,-2,0,11500,0,5,False,True,False,16,15,269.9,6.3,11.7,46.8,1,True
Bad Bunny - Efecto,midshift+1.5s/seeded_wrong_2s,-1050,450,0,0,11500,0,5,False,True,False,16,15,273.8,6.2,12.5,41.4,1,True
Bad Bunny - Efecto,midshift-1.5s/cold,-1050,-2553,-3,0,11500,0,4,True,True,True,11,15,259.1,4.8,9.3,43.1,2,True
Bad Bunny - Efecto,midshift-1.5s/seeded_correct,-1050,-1071,1479,0,11500,1,4,False,True,False,16,15,256.7,5.4,10.3,48.5,1,False
Bad Bunny - Efecto,midshift-1.5s/seeded_wrong_2s,-1050,-1071,1479,0,11500,1,4,False,True,False,16,15,248.9,5.2,9.8,43.1,1,False
Bad Bunny - TRELLAS,off0/cold,-1000,-978,22,22,17500,0,4,True,True,False,6,6,173.4,2.5,4.0,89.0,0,True
Bad Bunny - TRELLAS,off0/seeded_correct,-1000,-1034,-34,-75,17500,0,5,False,True,False,8,6,183.3,2.5,4.2,100.0,2,True
Bad Bunny - TRELLAS,off0/seeded_wrong_2s,-1000,-1036,-36,-75,17500,0,3,False,True,False,8,6,185.5,2.6,4.5,89.0,2,True
Bad Bunny - TRELLAS,off+200/cold,-800,-789,11,11,17500,0,4,True,True,False,6,6,178.7,2.6,4.1,89.0,0,True
Bad Bunny - TRELLAS,off+200/seeded_correct,-800,-835,-35,-75,17500,0,5,False,True,False,8,6,186.0,2.5,4.2,100.0,2,True
Bad Bunny - TRELLAS,off+200/seeded_wrong_2s,-800,-836,-36,-75,17500,0,3,False,True,False,8,6,185.7,2.6,4.0,89.0,2,True
Bad Bunny - TRELLAS,off-200/cold,-1200,-1156,44,44,28000,0,2,True,False,False,6,6,182.5,2.9,4.1,82.4,0,True
Bad Bunny - TRELLAS,off-200/seeded_correct,-1200,-1212,-12,-75,18250,0,2,False,False,False,8,6,182.7,2.6,4.1,100.0,2,True
Bad Bunny - TRELLAS,off-200/seeded_wrong_2s,-1200,-1215,-15,0,38750,0,1,False,False,False,6,6,168.0,2.5,3.8,75.7,0,True
Bad Bunny - TRELLAS,off+2s/cold,1000,1012,12,12,16000,0,5,True,True,False,6,6,173.3,2.6,4.1,89.8,0,True
Bad Bunny - TRELLAS,off+2s/seeded_correct,1000,965,-35,-75,16000,0,5,False,True,False,8,6,189.6,2.6,4.7,100.0,2,True
Bad Bunny - TRELLAS,off+2s/seeded_wrong_2s,1000,964,-36,-75,16000,0,4,False,True,False,8,6,184.4,2.6,4.2,89.8,2,True
Bad Bunny - TRELLAS,off-2s/cold,-3000,-2956,44,44,86150,0,1,True,False,False,6,6,181.7,2.7,4.5,46.5,0,True
Bad Bunny - TRELLAS,off-2s/seeded_correct,-3000,-3000,0,25,18250,0,0,False,False,False,7,6,177.5,2.6,4.0,100.0,1,True
Bad Bunny - TRELLAS,off-2s/seeded_wrong_2s,-3000,-1000,2000,0,50500,0,0,False,False,False,6,6,176.5,2.6,4.0,68.6,0,False
Bad Bunny - TRELLAS,off+10s/cold,9000,,,-9000,,0,0,False,False,False,6,6,179.6,2.9,4.5,0.0,0,False
Bad Bunny - TRELLAS,off+10s/second_play,9000,,,-9000,,0,0,False,False,False,6,6,179.8,2.9,4.5,0.0,0,False
Bad Bunny - TRELLAS,off+10s/seeded_correct,9000,8966,-34,-75,8500,0,5,False,True,False,8,6,180.4,2.9,4.9,100.0,2,True
Bad Bunny - TRELLAS,off+10s/seeded_wrong_2s,9000,8964,-36,-75,8500,0,3,False,True,False,8,6,176.9,2.9,5.1,94.3,2,True
Bad Bunny - TRELLAS,off-10s/cold,-11000,,,11000,,0,0,False,False,False,6,6,179.3,2.7,4.1,0.0,0,False
Bad Bunny - TRELLAS,off-10s/second_play,-11000,,,11000,,0,0,False,False,False,6,6,179.9,2.7,4.0,0.0,0,False
Bad Bunny - TRELLAS,off-10s/seeded_correct,-11000,-11000,0,0,,0,0,False,False,False,6,6,170.8,2.5,4.1,100.0,0,True
Bad Bunny - TRELLAS,off-10s/seeded_wrong_2s,-11000,-9000,2000,2000,,0,0,False,False,False,6,6,170.4,2.5,4.0,0.0,0,False
Bad Bunny - TRELLAS,off+25s/cold,24000,,,-24000,,0,0,False,False,False,6,6,175.5,3.2,5.2,0.0,0,False
Bad Bunny - TRELLAS,off+25s/second_play,24000,,,-24000,,0,0,False,False,False,6,6,175.4,3.2,5.2,0.0,0,False
Bad Bunny - TRELLAS,off+25s/seeded_correct,24000,23950,-50,-50,2500,0,1,False,True,True,3,6,163.8,2.8,4.1,100.0,1,True
Bad Bunny - TRELLAS,off+25s/seeded_wrong_2s,24000,23959,-41,-50,2500,0,1,False,True,True,4,6,157.0,2.8,4.1,98.1,1,True
Bad Bunny - TRELLAS,off-25s/cold,-26000,,,26000,,0,0,False,False,False,6,6,179.0,2.6,3.9,0.0,0,False
Bad Bunny - TRELLAS,off-25s/second_play,-26000,,,26000,,0,0,False,False,False,6,6,180.9,2.5,4.0,0.0,0,False
Bad Bunny - TRELLAS,off-25s/seeded_correct,-26000,-26000,0,0,,0,0,False,False,False,6,6,171.7,2.3,3.9,100.0,0,True
Bad Bunny - TRELLAS,off-25s/seeded_wrong_2s,-26000,-24000,2000,2000,,0,0,False,False,False,6,6,175.4,2.3,3.9,0.0,0,False
Bad Bunny - TRELLAS,noise0/cold,-1000,-953,47,47,28000,0,2,True,False,False,6,6,158.2,2.4,3.5,82.4,0,True
Bad Bunny - TRELLAS,noise0/seeded_correct,-1000,-1013,-13,-75,18250,0,2,False,False,False,8,6,166.7,2.3,3.6,100.0,2,True
Bad Bunny - TRELLAS,noise0/seeded_wrong_2s,-1000,-1016,-16,0,38750,0,1,False,False,False,6,6,153.3,2.3,3.4,75.6,0,True
Bad Bunny - TRELLAS,noise-2s/cold,-3000,-2956,44,44,86150,0,1,True,False,False,6,6,161.1,2.4,3.6,46.5,0,True
Bad Bunny - TRELLAS,noise-2s/seeded_correct,-3000,-3000,0,25,18250,0,0,False,False,False,7,6,161.4,2.3,3.5,100.0,1,True
Bad Bunny - TRELLAS,noise-2s/seeded_wrong_2s,-3000,-1000,2000,2000,,0,0,False,False,False,6,6,155.7,2.3,3.5,0.0,0,False
Bad Bunny - TRELLAS,cutin5s/cold,4000,3956,-44,-125,,0,1,False,True,False,8,6,159.4,2.6,4.4,97.4,2,True
Bad Bunny - TRELLAS,cutin5s/second_play,4000,3943,-57,-119,,0,2,False,True,False,8,6,159.0,2.6,4.6,100.0,2,True
Bad Bunny - TRELLAS,cutin5s/seeded_correct,4000,3958,-42,-125,,0,1,False,True,False,8,6,155.2,2.5,4.4,100.0,2,True
Bad Bunny - TRELLAS,cutin5s/seeded_wrong_2s,4000,3956,-44,-125,,0,1,False,True,False,8,6,154.3,2.6,4.4,97.4,2,True
Bad Bunny - TRELLAS,cutin15s/cold,14000,13971,-29,-50,4000,0,4,False,True,False,7,6,134.7,2.4,4.0,97.2,1,True
Bad Bunny - TRELLAS,cutin15s/second_play,14000,13972,-28,-58,4000,0,5,False,True,False,8,6,139.3,2.4,4.2,100.0,2,True
Bad Bunny - TRELLAS,cutin15s/seeded_correct,14000,13972,-28,-50,4000,0,5,False,True,False,7,6,131.5,2.4,3.7,100.0,1,True
Bad Bunny - TRELLAS,cutin15s/seeded_wrong_2s,14000,13971,-29,-50,4000,0,4,False,True,False,7,6,132.1,2.4,3.8,97.2,1,True
Bad Bunny - TRELLAS,cutin25s/cold,24000,,,-24000,,0,0,False,False,False,6,6,121.2,2.4,3.9,0.0,0,False
Bad Bunny - TRELLAS,cutin25s/second_play,24000,,,-24000,,0,0,False,False,False,6,6,119.9,2.4,4.0,0.0,0,False
Bad Bunny - TRELLAS,cutin25s/seeded_correct,24000,23998,-2,0,38750,0,1,False,False,False,6,6,115.4,2.2,4.0,100.0,0,True
Bad Bunny - TRELLAS,cutin25s/seeded_wrong_2s,24000,26000,2000,0,43000,0,0,False,False,False,6,6,116.1,2.3,3.9,67.9,0,False
Bad Bunny - TRELLAS,blend8s/cold,-1000,-978,22,22,17500,0,4,True,True,False,6,6,165.0,2.4,3.7,89.0,0,True
Bad Bunny - TRELLAS,blend8s/seeded_correct,-1000,-1034,-34,-75,17500,0,5,False,True,False,8,6,179.8,2.5,4.5,100.0,2,True
Bad Bunny - TRELLAS,blend8s/seeded_wrong_2s,-1000,-1036,-36,-75,17500,0,3,False,True,False,8,6,174.5,2.4,3.8,89.0,2,True
Bad Bunny - TRELLAS,midshift+1.5s/cold,-1000,-1036,-1536,-1575,17500,0,3,False,True,False,8,6,193.5,2.9,4.6,27.0,2,False
Bad Bunny - TRELLAS,midshift+1.5s/seeded_correct,-1000,-1034,-1534,-1575,17500,0,5,False,True,False,8,6,184.9,2.6,4.2,38.1,2,False
Bad Bunny - TRELLAS,midshift+1.5s/seeded_wrong_2s,-1000,-1036,-1536,-1575,17500,0,3,False,True,False,8,6,191.8,2.6,5.3,27.0,2,False
Bad Bunny - TRELLAS,midshift-1.5s/cold,-1000,-2453,47,47,17500,0,4,True,True,False,8,6,187.8,2.6,4.3,72.8,2,True
Bad Bunny - TRELLAS,midshift-1.5s/seeded_correct,-1000,-1034,1466,1425,17500,0,5,False,True,False,8,6,179.5,2.5,4.0,37.4,2,False
Bad Bunny - TRELLAS,midshift-1.5s/seeded_wrong_2s,-1000,-1036,1464,1425,17500,0,3,False,True,False,8,6,179.5,2.5,4.1,26.5,2,False
Bad Bunny - BYE ME FUI,off0/cold,-1025,-1028,-3,-3,35775,0,3,True,True,True,3,10,207.9,2.7,4.4,79.9,0,True
Bad Bunny - BYE ME FUI,off0/seeded_correct,-1025,-1031,-6,0,44500,0,4,False,True,True,10,10,159.2,3.8,6.5,80.7,0,True
Bad Bunny - BYE ME FUI,off0/seeded_wrong_2s,-1025,-1031,-6,0,44500,0,5,False,True,True,10,10,151.9,3.6,6.5,75.1,0,True
Bad Bunny - BYE ME FUI,off+200/cold,-825,-827,-2,-1,13000,0,3,True,True,True,3,10,206.3,2.5,4.2,92.7,0,True
Bad Bunny - BYE ME FUI,off+200/seeded_correct,-825,-828,-3,0,13000,0,2,False,True,True,3,10,205.1,2.5,4.2,100.0,0,True
Bad Bunny - BYE ME FUI,off+200/seeded_wrong_2s,-825,-829,-4,0,13000,0,2,False,True,True,3,10,211.3,2.7,4.3,92.7,0,True
Bad Bunny - BYE ME FUI,off-200/cold,-1225,-1228,-3,-6,14500,0,3,True,True,True,3,10,206.7,2.5,4.3,91.9,0,True
Bad Bunny - BYE ME FUI,off-200/seeded_correct,-1225,-1227,-2,0,14500,0,2,False,True,True,3,10,206.4,2.6,4.3,100.0,0,True
Bad Bunny - BYE ME FUI,off-200/seeded_wrong_2s,-1225,-1227,-2,0,14500,0,2,False,True,True,3,10,211.9,2.5,5.0,91.9,0,True
Bad Bunny - BYE ME FUI,off+2s/cold,975,973,-2,0,35775,0,3,True,True,True,3,10,203.2,2.6,4.3,79.7,0,True
Bad Bunny - BYE ME FUI,off+2s/seeded_correct,975,969,-6,0,44500,0,5,False,True,True,10,10,150.0,3.6,6.7,79.6,0,True
Bad Bunny - BYE ME FUI,off+2s/seeded_wrong_2s,975,971,-4,0,11500,0,2,False,True,True,3,10,203.5,2.6,4.2,93.5,0,True
Bad Bunny - BYE ME FUI,off-2s/cold,-3025,-3029,-4,-6,35775,0,3,True,True,True,3,10,211.1,2.6,4.6,80.2,0,True
Bad Bunny - BYE ME FUI,off-2s/seeded_correct,-3025,-3025,0,0,128000,0,1,False,True,False,11,10,169.9,3.7,7.5,35.4,1,True
Bad Bunny - BYE ME FUI,off-2s/seeded_wrong_2s,-3025,-3025,0,0,128000,0,1,False,True,False,11,10,169.1,3.6,7.6,29.0,1,True
Bad Bunny - BYE ME FUI,off+10s/cold,8975,8975,0,0,123250,0,2,False,False,False,10,10,169.8,3.6,8.1,26.8,0,True
Bad Bunny - BYE ME FUI,off+10s/second_play,8975,8972,-3,0,4000,0,2,False,True,True,3,10,199.8,2.9,4.3,100.0,0,True
Bad Bunny - BYE ME FUI,off+10s/seeded_correct,8975,8972,-3,0,4000,0,2,False,True,True,3,10,196.3,2.9,4.3,100.0,0,True
Bad Bunny - BYE ME FUI,off+10s/seeded_wrong_2s,8975,8971,-4,0,4000,0,2,False,True,True,3,10,200.1,2.8,4.6,97.6,0,True
Bad Bunny - BYE ME FUI,off-10s/cold,-11025,-365,10660,10650,,2,2,False,False,False,11,10,203.6,3.8,8.9,0.0,1,False
Bad Bunny - BYE ME FUI,off-10s/second_play,-11025,-372,10653,10660,,3,3,False,False,False,11,10,172.9,3.4,5.9,0.0,1,False
Bad Bunny - BYE ME FUI,off-10s/seeded_correct,-11025,-11025,0,0,138000,0,0,False,True,False,11,10,174.1,3.4,7.1,37.6,1,True
Bad Bunny - BYE ME FUI,off-10s/seeded_wrong_2s,-11025,-9025,2000,2000,,0,0,False,False,False,10,10,168.4,3.4,7.0,0.0,0,False
Bad Bunny - BYE ME FUI,off+25s/cold,23975,23967,-8,0,40500,0,3,False,False,True,8,10,156.3,3.8,5.8,73.6,0,True
Bad Bunny - BYE ME FUI,off+25s/second_play,23975,23972,-3,-8,2500,0,1,False,True,True,2,10,187.8,2.9,4.3,100.0,0,True
Bad Bunny - BYE ME FUI,off+25s/seeded_correct,23975,23974,-1,0,2500,0,1,False,True,True,2,10,189.3,2.9,4.3,100.0,0,True
Bad Bunny - BYE ME FUI,off+25s/seeded_wrong_2s,23975,23972,-3,0,2500,0,2,False,True,True,3,10,189.7,3.1,4.7,98.4,0,True
Bad Bunny - BYE ME FUI,off-25s/cold,-26025,,,26025,,0,0,False,False,False,10,10,179.2,3.4,6.4,0.0,0,False
Bad Bunny - BYE ME FUI,off-25s/second_play,-26025,,,26025,,0,0,False,False,False,10,10,178.5,3.4,6.3,0.0,0,False
Bad Bunny - BYE ME FUI,off-25s/seeded_correct,-26025,-26025,0,0,,0,0,False,False,False,10,10,181.6,3.4,6.3,100.0,0,True
Bad Bunny - BYE ME FUI,off-25s/seeded_wrong_2s,-26025,-24025,2000,2000,,0,0,False,False,False,10,10,178.7,3.5,6.3,0.0,0,False
Bad Bunny - BYE ME FUI,noise0/cold,-1025,-1029,-4,-4,46000,0,7,True,True,True,10,10,156.4,3.5,7.1,74.2,1,True
Bad Bunny - BYE ME FUI,noise0/seeded_correct,-1025,-1031,-6,-8,57000,0,6,False,True,True,10,10,156.9,3.4,7.2,72.0,1,True
Bad Bunny - BYE ME FUI,noise0/seeded_wrong_2s,-1025,-1031,-6,0,50000,0,5,False,True,True,10,10,154.0,3.4,7.3,72.0,1,True
Bad Bunny - BYE ME FUI,noise-2s/cold,-3025,-3030,-5,2650,,0,3,True,True,True,10,10,161.5,3.5,7.1,0.0,1,True
Bad Bunny - BYE ME FUI,noise-2s/seeded_correct,-3025,-3025,0,0,128000,0,1,False,True,False,11,10,160.7,3.4,7.0,34.6,1,True
Bad Bunny - BYE ME FUI,noise-2s/seeded_wrong_2s,-3025,-3025,0,0,128000,0,1,False,True,False,11,10,159.7,3.4,7.2,29.0,1,True
Bad Bunny - BYE ME FUI,cutin5s/cold,3975,3970,-5,-3,8500,0,3,True,True,True,3,10,189.7,2.6,4.2,95.1,0,True
Bad Bunny - BYE ME FUI,cutin5s/second_play,3975,3973,-2,0,44500,0,5,False,True,True,10,10,139.6,3.8,6.3,77.5,0,True
Bad Bunny - BYE ME FUI,cutin5s/seeded_correct,3975,3969,-6,0,44500,0,5,False,True,True,10,10,136.5,3.5,6.4,77.5,0,True
Bad Bunny - BYE ME FUI,cutin5s/seeded_wrong_2s,3975,3966,-9,0,8500,0,6,False,True,True,10,10,136.5,3.5,6.4,95.1,0,True
Bad Bunny - BYE ME FUI,cutin15s/cold,13975,13972,-3,0,4000,0,2,False,True,True,3,10,158.3,2.4,3.5,97.6,0,True
Bad Bunny - BYE ME FUI,cutin15s/second_play,13975,13972,-3,-3,4000,0,3,False,True,True,3,10,157.0,2.4,3.5,100.0,0,True
Bad Bunny - BYE ME FUI,cutin15s/seeded_correct,13975,13972,-3,0,4000,0,3,False,True,True,3,10,156.6,2.4,3.5,100.0,0,True
Bad Bunny - BYE ME FUI,cutin15s/seeded_wrong_2s,13975,13972,-3,0,4000,0,2,False,True,True,3,10,155.9,2.4,3.5,97.6,0,True
Bad Bunny - BYE ME FUI,cutin25s/cold,23975,23971,-4,0,5500,0,2,False,True,True,3,10,156.5,2.5,3.7,96.4,0,True
Bad Bunny - BYE ME FUI,cutin25s/second_play,23975,23972,-3,-4,4000,0,2,False,True,True,3,10,147.1,2.4,3.5,100.0,0,True
Bad Bunny - BYE ME FUI,cutin25s/seeded_correct,23975,23972,-3,0,4000,0,2,False,True,True,3,10,146.5,2.4,3.5,100.0,0,True
Bad Bunny - BYE ME FUI,cutin25s/seeded_wrong_2s,23975,23971,-4,0,4000,0,2,False,True,True,3,10,149.5,2.4,3.5,97.4,0,True
Bad Bunny - BYE ME FUI,blend8s/cold,-1025,-1028,-3,-3,31000,0,3,True,False,True,3,10,213.9,2.4,4.2,82.6,0,True
Bad Bunny - BYE ME FUI,blend8s/seeded_correct,-1025,-1030,-5,0,23250,0,2,False,False,True,3,10,210.0,2.3,4.2,100.0,0,True
Bad Bunny - BYE ME FUI,blend8s/seeded_wrong_2s,-1025,-1033,-8,0,31000,0,3,False,False,True,4,10,211.7,2.4,4.1,82.6,0,True
Bad Bunny - BYE ME FUI,midshift+1.5s/cold,-1025,467,-8,0,35775,0,4,True,True,True,8,10,190.1,3.7,8.3,49.0,1,True
Bad Bunny - BYE ME FUI,midshift+1.5s/seeded_correct,-1025,-1010,-1485,0,44500,1,3,False,True,True,10,10,169.8,4.1,7.4,49.7,0,False
Bad Bunny - BYE ME FUI,midshift+1.5s/seeded_wrong_2s,-1025,475,0,0,44500,0,3,False,True,False,10,10,166.3,4.0,7.6,44.0,0,True
Bad Bunny - BYE ME FUI,midshift-1.5s/cold,-1025,-1027,1498,0,35775,1,4,True,True,True,8,10,190.1,3.4,7.6,44.9,1,False
Bad Bunny - BYE ME FUI,midshift-1.5s/seeded_correct,-1025,-1069,1456,0,44500,1,3,False,True,False,11,10,166.2,3.6,6.8,43.0,1,False
Bad Bunny - BYE ME FUI,midshift-1.5s/seeded_wrong_2s,-1025,-1025,1500,0,44500,1,3,False,True,False,11,10,166.2,3.7,7.1,37.5,1,False
Bad Bunny - BOOKER T,off0/cold,-1075,-1078,-3,0,11500,0,3,True,True,True,2,4,176.5,2.2,4.3,92.6,0,True
Bad Bunny - BOOKER T,off0/seeded_correct,-1075,-1077,-2,0,11500,0,2,False,True,True,1,4,170.7,1.9,3.9,100.0,0,True
Bad Bunny - BOOKER T,off0/seeded_wrong_2s,-1075,-1080,-5,0,11500,0,2,False,True,True,2,4,170.2,2.1,4.0,92.6,0,True
Bad Bunny - BOOKER T,off+200/cold,-875,-877,-2,0,11500,0,3,True,True,True,2,4,172.7,2.0,4.1,92.6,0,True
Bad Bunny - BOOKER T,off+200/seeded_correct,-875,-877,-2,0,11500,0,2,False,True,True,1,4,174.4,2.1,4.1,100.0,0,True
Bad Bunny - BOOKER T,off+200/seeded_wrong_2s,-875,-880,-5,0,11500,0,2,False,True,True,2,4,174.6,2.0,4.0,92.6,0,True
Bad Bunny - BOOKER T,off-200/cold,-1275,-1280,-5,0,16000,0,3,True,False,True,4,4,166.4,2.4,4.0,89.7,0,True
Bad Bunny - BOOKER T,off-200/seeded_correct,-1275,-1276,-1,0,11500,0,2,False,True,True,1,4,172.3,2.0,4.0,100.0,0,True
Bad Bunny - BOOKER T,off-200/seeded_wrong_2s,-1275,-1286,-11,0,16000,0,2,False,False,True,4,4,165.6,2.4,3.9,89.7,0,True
Bad Bunny - BOOKER T,off+2s/cold,925,922,-3,0,11500,0,3,True,False,True,3,4,166.8,2.4,4.1,92.5,0,True
Bad Bunny - BOOKER T,off+2s/seeded_correct,925,917,-8,0,11500,0,2,False,False,True,2,4,173.7,2.0,4.5,100.0,0,True
Bad Bunny - BOOKER T,off+2s/seeded_wrong_2s,925,913,-12,0,16000,0,2,False,False,True,3,4,170.7,2.5,4.2,89.6,0,True
Bad Bunny - BOOKER T,off-2s/cold,-3075,-3078,-3,0,112000,1,4,True,False,True,5,4,176.1,2.4,4.2,29.0,1,True
Bad Bunny - BOOKER T,off-2s/seeded_correct,-3075,-3082,-7,0,11500,0,2,False,False,False,4,4,166.6,2.4,4.0,100.0,0,True
Bad Bunny - BOOKER T,off-2s/seeded_wrong_2s,-3075,-3077,-2,0,112000,1,3,False,False,True,5,4,172.9,2.4,4.1,29.0,1,True
Bad Bunny - BOOKER T,off+10s/cold,8925,8925,0,0,34250,0,3,False,False,False,4,4,168.7,2.8,4.3,76.5,0,True
Bad Bunny - BOOKER T,off+10s/second_play,8925,8917,-8,0,11500,0,2,False,False,True,2,4,167.7,2.2,4.1,100.0,0,True
Bad Bunny - BOOKER T,off+10s/seeded_correct,8925,8917,-8,0,11500,0,2,False,False,True,2,4,169.6,2.2,4.1,100.0,0,True
Bad Bunny - BOOKER T,off+10s/seeded_wrong_2s,8925,8913,-12,0,16000,0,2,False,False,True,3,4,159.3,2.5,4.0,89.0,0,True
Bad Bunny - BOOKER T,off-10s/cold,-11075,14175,25250,25250,,1,1,False,False,False,6,4,184.8,2.6,4.2,0.0,2,False
Bad Bunny - BOOKER T,off-10s/second_play,-11075,14175,25250,25250,,1,1,False,False,False,6,4,177.3,2.4,4.3,0.0,2,False
Bad Bunny - BOOKER T,off-10s/seeded_correct,-11075,-11075,0,0,,0,0,False,False,False,4,4,167.0,2.3,4.0,100.0,0,True
Bad Bunny - BOOKER T,off-10s/seeded_wrong_2s,-11075,-9075,2000,2000,,0,0,False,False,False,4,4,164.9,2.4,4.1,0.0,0,False
Bad Bunny - BOOKER T,off+25s/cold,23925,-1350,-25275,0,66000,1,2,False,False,False,5,4,178.5,3.1,4.3,49.5,1,False
Bad Bunny - BOOKER T,off+25s/second_play,23925,-1350,-25275,0,66000,1,2,False,False,True,5,4,171.0,2.8,4.3,49.5,1,False
Bad Bunny - BOOKER T,off+25s/seeded_correct,23925,23923,-2,0,2500,0,2,False,True,True,1,4,163.0,2.6,4.1,100.0,0,True
Bad Bunny - BOOKER T,off+25s/seeded_wrong_2s,23925,23920,-5,0,2500,0,2,False,True,True,2,4,162.0,2.6,4.1,98.1,0,True
Bad Bunny - BOOKER T,off-25s/cold,-26075,-825,25250,25250,,1,1,False,False,False,6,4,185.4,2.4,4.2,0.0,2,False
Bad Bunny - BOOKER T,off-25s/second_play,-26075,-825,25250,25250,,1,1,False,False,False,6,4,181.0,2.2,4.1,0.0,2,False
Bad Bunny - BOOKER T,off-25s/seeded_correct,-26075,-26075,0,0,,0,0,False,False,False,4,4,172.3,2.1,4.2,100.0,0,True
Bad Bunny - BOOKER T,off-25s/seeded_wrong_2s,-26075,-24075,2000,2000,,0,0,False,False,False,4,4,169.7,2.1,3.9,0.0,0,False
Bad Bunny - BOOKER T,noise0/cold,-1075,-1078,-3,0,11500,0,3,True,True,True,2,4,153.6,1.9,3.3,92.6,0,True
Bad Bunny - BOOKER T,noise0/seeded_correct,-1075,-1077,-2,0,11500,0,2,False,True,True,1,4,153.0,1.9,3.4,100.0,0,True
Bad Bunny - BOOKER T,noise0/seeded_wrong_2s,-1075,-1080,-5,0,11500,0,2,False,True,True,2,4,152.8,1.9,3.4,92.6,0,True
Bad Bunny - BOOKER T,noise-2s/cold,-3075,-3078,-3,0,112000,1,4,True,False,True,5,4,153.5,2.1,3.4,29.0,1,True
Bad Bunny - BOOKER T,noise-2s/seeded_correct,-3075,-3082,-7,0,11500,0,2,False,False,False,4,4,145.9,2.1,3.4,100.0,0,True
Bad Bunny - BOOKER T,noise-2s/seeded_wrong_2s,-3075,-3077,-2,0,112000,1,3,False,False,True,5,4,152.1,2.1,3.4,29.0,1,True
Bad Bunny - BOOKER T,cutin5s/cold,3925,3915,-10,0,11500,0,4,True,False,True,4,4,142.6,2.2,3.4,92.4,0,True
Bad Bunny - BOOKER T,cutin5s/second_play,3925,3925,0,-10,11500,0,3,False,False,True,2,4,147.3,1.9,3.4,100.0,0,True
Bad Bunny - BOOKER T,cutin5s/seeded_correct,3925,3918,-7,0,11500,0,3,False,False,True,2,4,147.6,1.9,3.4,100.0,0,True
Bad Bunny - BOOKER T,cutin5s/seeded_wrong_2s,3925,3914,-11,0,11500,0,3,False,False,True,4,4,142.2,2.3,3.4,92.4,0,True
Bad Bunny - BOOKER T,cutin15s/cold,13925,13921,-4,0,4000,0,3,False,True,True,4,4,124.2,2.2,3.2,97.2,0,True
Bad Bunny - BOOKER T,cutin15s/second_play,13925,13922,-3,-4,4000,0,2,False,True,True,3,4,119.6,2.1,3.1,100.0,0,True
Bad Bunny - BOOKER T,cutin15s/seeded_correct,13925,13923,-2,0,4000,0,2,False,True,True,3,4,120.3,2.0,3.1,100.0,0,True
Bad Bunny - BOOKER T,cutin15s/seeded_wrong_2s,13925,13922,-3,0,4000,0,2,False,True,True,3,4,119.8,2.0,3.1,97.2,0,True
Bad Bunny - BOOKER T,cutin25s/cold,23925,23925,0,0,8500,0,3,False,True,False,4,4,124.5,2.3,3.1,93.5,0,True
Bad Bunny - BOOKER T,cutin25s/second_play,23925,23923,-2,0,4000,0,2,False,True,True,3,4,109.5,2.0,3.1,100.0,0,True
Bad Bunny - BOOKER T,cutin25s/seeded_correct,23925,23923,-2,0,4000,0,2,False,True,True,3,4,109.4,2.1,3.0,100.0,0,True
Bad Bunny - BOOKER T,cutin25s/seeded_wrong_2s,23925,23922,-3,0,4000,0,2,False,True,True,3,4,109.8,2.1,3.0,96.9,0,True
Bad Bunny - BOOKER T,blend8s/cold,-1075,-1078,-3,0,16000,0,3,True,False,True,3,4,157.8,2.2,3.6,89.7,0,True
Bad Bunny - BOOKER T,blend8s/seeded_correct,-1075,-1083,-8,0,11500,0,2,False,False,True,2,4,160.9,1.9,3.6,100.0,0,True
Bad Bunny - BOOKER T,blend8s/seeded_wrong_2s,-1075,-1087,-12,0,16000,0,2,False,False,True,3,4,155.8,2.1,3.6,89.7,0,True
Bad Bunny - BOOKER T,midshift+1.5s/cold,-1075,424,-1,0,11500,0,4,True,True,True,3,4,183.3,2.4,3.9,88.7,1,True
Bad Bunny - BOOKER T,midshift+1.5s/seeded_correct,-1075,425,0,0,11500,0,2,False,True,True,2,4,178.9,2.1,4.0,96.1,1,True
Bad Bunny - BOOKER T,midshift+1.5s/seeded_wrong_2s,-1075,-1075,-1500,0,11500,1,3,False,True,True,3,4,178.8,2.1,4.0,88.7,1,False
Bad Bunny - BOOKER T,midshift-1.5s/cold,-1075,-2578,-3,0,11500,0,4,True,True,True,4,4,178.7,2.2,3.7,83.8,2,True
Bad Bunny - BOOKER T,midshift-1.5s/seeded_correct,-1075,-2575,0,0,11500,0,3,False,True,True,3,4,174.0,2.1,3.8,91.1,2,True
Bad Bunny - BOOKER T,midshift-1.5s/seeded_wrong_2s,-1075,-1075,1500,0,11500,1,3,False,True,True,4,4,175.1,2.1,3.7,83.8,2,False
Bad Bunny - MONACO,off0/cold,-619,-525,94,94,38000,1,4,False,True,True,5,5,478.8,4.1,7.8,85.7,2,True
Bad Bunny - MONACO,off0/seeded_correct,-619,-2,617,19,88000,1,1,False,True,True,5,5,473.7,4.2,7.7,69.4,2,False
Bad Bunny - MONACO,off0/seeded_wrong_2s,-619,0,619,19,88000,1,1,False,True,True,5,5,470.0,4.1,7.7,66.8,2,False
Bad Bunny - MONACO,off+200/cold,-419,-300,119,119,,1,4,False,True,True,5,5,485.2,4.2,8.0,85.7,2,True
Bad Bunny - MONACO,off+200/seeded_correct,-419,198,617,19,88000,1,1,False,True,True,5,5,474.8,4.1,7.6,69.4,2,False
Bad Bunny - MONACO,off+200/seeded_wrong_2s,-419,200,619,19,88000,1,1,False,True,True,5,5,480.2,4.1,7.9,66.8,2,False
Bad Bunny - MONACO,off-200/cold,-819,-725,94,94,38000,1,4,False,True,True,5,5,481.1,4.2,7.9,85.7,2,True
Bad Bunny - MONACO,off-200/seeded_correct,-819,-202,617,625,,1,1,False,True,True,4,5,477.1,4.1,7.7,3.2,2,False
Bad Bunny - MONACO,off-200/seeded_wrong_2s,-819,-200,619,625,,1,1,False,True,True,4,5,477.0,4.0,8.0,0.0,2,False
Bad Bunny - MONACO,off+2s/cold,1381,1475,94,94,36000,1,4,False,True,True,5,5,478.1,4.4,7.8,86.3,2,True
Bad Bunny - MONACO,off+2s/seeded_correct,1381,1998,617,19,88000,1,1,False,True,True,5,5,471.2,4.3,7.7,68.6,2,False
Bad Bunny - MONACO,off+2s/seeded_wrong_2s,1381,2000,619,19,88000,1,1,False,True,True,5,5,475.4,4.5,7.9,66.6,2,False
Bad Bunny - MONACO,off-2s/cold,-2619,-2000,619,619,,2,2,False,True,True,4,5,479.7,4.0,7.9,0.0,2,False
Bad Bunny - MONACO,off-2s/seeded_correct,-2619,-2002,617,19,88000,1,1,False,True,True,4,5,478.4,4.2,8.0,70.8,2,False
Bad Bunny - MONACO,off-2s/seeded_wrong_2s,-2619,-2000,619,19,88000,1,1,False,True,True,4,5,478.8,4.2,7.7,67.1,2,False
Bad Bunny - MONACO,off+10s/cold,9381,9500,119,-6,45750,0,2,False,False,False,7,5,492.6,4.4,8.0,82.1,2,True
Bad Bunny - MONACO,off+10s/second_play,9381,9475,94,94,32000,1,4,False,True,True,5,5,502.7,3.9,7.7,89.6,2,True
Bad Bunny - MONACO,off+10s/seeded_correct,9381,9475,94,94,45750,1,3,False,True,True,6,5,503.3,3.8,7.8,84.2,2,True
Bad Bunny - MONACO,off+10s/seeded_wrong_2s,9381,9475,94,94,45750,1,3,False,True,True,6,5,505.4,3.9,8.0,82.1,2,True
Bad Bunny - MONACO,off-10s/cold,-10619,,,10619,,0,0,False,False,False,5,5,472.6,4.2,7.6,0.0,0,False
Bad Bunny - MONACO,off-10s/second_play,-10619,,,10619,,0,0,False,False,False,5,5,476.9,4.4,7.9,0.0,0,False
Bad Bunny - MONACO,off-10s/seeded_correct,-10619,-10619,0,119,,0,0,False,True,False,7,5,489.8,4.2,8.1,74.4,2,True
Bad Bunny - MONACO,off-10s/seeded_wrong_2s,-10619,-8619,2000,119,,0,0,False,True,False,7,5,487.7,4.3,8.0,68.0,2,False
Bad Bunny - MONACO,off+25s/cold,24381,24500,119,-6,45750,0,3,False,False,True,7,5,485.0,4.8,8.2,80.9,2,True
Bad Bunny - MONACO,off+25s/second_play,24381,24475,94,94,26000,1,4,False,True,True,5,5,497.0,4.2,8.0,90.2,2,True
Bad Bunny - MONACO,off+25s/seeded_correct,24381,24475,94,94,26000,1,4,False,True,True,5,5,500.3,4.3,8.1,90.2,2,True
Bad Bunny - MONACO,off+25s/seeded_wrong_2s,24381,24475,94,94,26000,1,4,False,True,True,6,5,502.2,4.4,8.1,89.2,2,True
Bad Bunny - MONACO,off-25s/cold,-25619,,,25619,,0,0,False,False,False,5,5,483.1,4.1,7.8,0.0,0,False
Bad Bunny - MONACO,off-25s/second_play,-25619,,,25619,,0,0,False,False,False,5,5,483.4,4.2,7.7,0.0,0,False
Bad Bunny - MONACO,off-25s/seeded_correct,-25619,-25619,0,0,,0,0,False,False,False,5,5,482.6,4.2,7.8,100.0,0,True
Bad Bunny - MONACO,off-25s/seeded_wrong_2s,-25619,-23619,2000,2000,,0,0,False,False,False,5,5,487.9,4.1,7.8,0.0,0,False
Bad Bunny - MONACO,noise0/cold,-619,-525,94,94,38000,1,4,False,True,True,5,5,442.4,3.8,7.0,85.7,2,True
Bad Bunny - MONACO,noise0/seeded_correct,-619,-624,-5,119,,1,2,False,True,True,5,5,436.9,3.5,6.8,74.2,2,True
Bad Bunny - MONACO,noise0/seeded_wrong_2s,-619,0,619,19,88000,1,1,False,True,True,5,5,433.0,3.6,7.0,66.8,2,False
Bad Bunny - MONACO,noise-2s/cold,-2619,-2625,-6,619,,0,1,False,True,False,7,5,439.5,4.0,7.0,0.0,2,True
Bad Bunny - MONACO,noise-2s/seeded_correct,-2619,-2619,0,119,,0,0,False,True,False,7,5,438.0,4.0,7.0,73.0,2,True
Bad Bunny - MONACO,noise-2s/seeded_wrong_2s,-2619,-619,2000,119,,0,0,False,True,False,7,5,437.2,3.8,6.9,67.1,2,False
Bad Bunny - MONACO,cutin5s/cold,4381,4475,94,-6,45750,1,3,False,True,True,5,5,492.2,3.8,7.2,82.4,2,True
Bad Bunny - MONACO,cutin5s/second_play,4381,4475,94,94,34000,1,3,False,True,True,5,5,486.2,3.7,7.4,88.5,2,True
Bad Bunny - MONACO,cutin5s/seeded_correct,4381,4380,-1,119,,1,2,False,True,True,5,5,456.6,4.2,7.4,69.6,2,True
Bad Bunny - MONACO,cutin5s/seeded_wrong_2s,4381,5000,619,119,,1,1,False,True,True,5,5,461.0,4.2,7.4,68.1,2,False
Bad Bunny - MONACO,cutin15s/cold,14381,14500,119,-6,45750,1,4,False,True,True,7,5,377.3,3.9,6.1,81.7,2,True
Bad Bunny - MONACO,cutin15s/second_play,14381,14380,-1,144,,0,1,False,True,False,6,5,368.8,3.9,6.2,68.4,1,True
Bad Bunny - MONACO,cutin15s/seeded_correct,14381,14997,616,144,,1,1,False,True,False,6,5,369.7,3.9,6.0,68.4,1,False
Bad Bunny - MONACO,cutin15s/seeded_wrong_2s,14381,16381,2000,144,,0,0,False,True,False,6,5,369.7,3.8,6.3,66.8,1,False
Bad Bunny - MONACO,cutin25s/cold,24381,24525,144,-6,45750,0,3,False,True,True,7,5,408.5,4.6,7.1,80.9,2,True
Bad Bunny - MONACO,cutin25s/second_play,24381,24376,-5,194,,0,1,False,True,False,7,5,409.3,4.4,7.1,67.1,2,True
Bad Bunny - MONACO,cutin25s/seeded_correct,24381,24374,-7,194,,0,2,False,True,False,7,5,410.4,4.6,7.7,67.1,2,True
Bad Bunny - MONACO,cutin25s/seeded_wrong_2s,24381,24374,-7,194,,0,1,False,True,False,7,5,412.0,4.5,6.9,65.4,2,True
Bad Bunny - MONACO,blend8s/cold,-619,-525,94,94,38000,1,4,False,True,True,5,5,559.8,4.7,9.2,85.7,2,True
Bad Bunny - MONACO,blend8s/seeded_correct,-619,-2,617,19,88000,1,1,False,True,True,5,5,547.8,4.8,8.7,72.8,2,False
Bad Bunny - MONACO,blend8s/seeded_wrong_2s,-619,0,619,19,88000,1,1,False,True,True,5,5,550.9,4.8,8.8,66.8,2,False
Bad Bunny - MONACO,midshift+1.5s/cold,-619,0,-881,19,38000,2,3,False,True,True,5,5,581.5,5.4,9.0,75.0,2,False
Bad Bunny - MONACO,midshift+1.5s/seeded_correct,-619,-2,-883,144,,1,1,False,True,True,5,5,605.1,5.6,9.0,71.2,2,False
Bad Bunny - MONACO,midshift+1.5s/seeded_wrong_2s,-619,0,-881,144,,1,1,False,True,True,5,5,585.0,5.4,9.0,68.5,2,False
Bad Bunny - MONACO,midshift-1.5s/cold,-619,0,2119,2119,,2,3,False,True,True,5,5,489.1,4.4,7.5,8.3,2,False
Bad Bunny - MONACO,midshift-1.5s/seeded_correct,-619,-2,2117,2125,,1,1,False,True,True,5,5,485.3,4.3,7.4,2.6,2,False
Bad Bunny - MONACO,midshift-1.5s/seeded_wrong_2s,-619,0,2119,2125,,1,1,False,True,True,5,5,483.2,4.3,7.3,0.0,2,False
Bad Bunny - HACIENDO QUE ME AMAS,off0/cold,-1050,-1047,3,-3,10000,0,5,True,True,True,5,7,259.8,4.3,6.0,95.4,0,True
Bad Bunny - HACIENDO QUE ME AMAS,off0/seeded_correct,-1050,-1037,13,0,10000,0,5,False,True,False,7,7,186.1,5.0,8.4,100.0,0,True
Bad Bunny - HACIENDO QUE ME AMAS,off0/seeded_wrong_2s,-1050,-1036,14,0,10000,0,6,False,True,False,7,7,186.2,5.1,8.8,95.4,0,True
Bad Bunny - HACIENDO QUE ME AMAS,off+200/cold,-850,-846,4,-1,10000,0,5,True,True,True,5,7,256.2,4.2,6.2,95.4,0,True
Bad Bunny - HACIENDO QUE ME AMAS,off+200/seeded_correct,-850,-838,12,0,10000,0,6,False,True,False,7,7,179.4,5.0,8.5,100.0,0,True
Bad Bunny - HACIENDO QUE ME AMAS,off+200/seeded_wrong_2s,-850,-836,14,0,10000,0,6,False,True,False,7,7,181.5,5.1,8.6,95.4,0,True
Bad Bunny - HACIENDO QUE ME AMAS,off-200/cold,-1250,-1242,8,6,10000,0,5,True,True,True,5,7,260.1,4.3,6.2,95.4,0,True
Bad Bunny - HACIENDO QUE ME AMAS,off-200/seeded_correct,-1250,-1237,13,0,10000,0,5,False,True,False,7,7,185.9,5.1,8.3,100.0,0,True
Bad Bunny - HACIENDO QUE ME AMAS,off-200/seeded_wrong_2s,-1250,-1235,15,0,10000,0,6,False,True,False,7,7,189.4,5.1,8.4,95.4,0,True
Bad Bunny - HACIENDO QUE ME AMAS,off+2s/cold,950,958,8,0,7000,0,5,True,True,False,7,7,179.1,5.3,7.7,96.7,0,True
Bad Bunny - HACIENDO QUE ME AMAS,off+2s/seeded_correct,950,962,12,0,7000,0,5,False,True,False,7,7,181.2,5.1,8.8,100.0,0,True
Bad Bunny - HACIENDO QUE ME AMAS,off+2s/seeded_wrong_2s,950,963,13,0,7000,0,6,False,True,False,7,7,184.5,5.3,9.1,96.7,0,True
Bad Bunny - HACIENDO QUE ME AMAS,off-2s/cold,-3050,-3042,8,6,11500,0,2,True,True,True,5,7,266.8,4.3,6.1,94.7,0,True
Bad Bunny - HACIENDO QUE ME AMAS,off-2s/seeded_correct,-3050,-3037,13,0,11500,0,2,False,True,False,8,7,200.5,4.9,9.1,100.0,1,True
Bad Bunny - HACIENDO QUE ME AMAS,off-2s/seeded_wrong_2s,-3050,-3036,14,0,11500,0,2,False,True,False,8,7,201.9,5.0,9.3,94.7,1,True
Bad Bunny - HACIENDO QUE ME AMAS,off+10s/cold,8950,8950,0,-8950,,0,2,False,False,False,7,7,193.8,5.0,8.5,0.0,0,True
Bad Bunny - HACIENDO QUE ME AMAS,off+10s/second_play,8950,8950,0,0,2500,0,1,False,True,True,2,7,321.0,3.5,5.9,100.0,0,True
Bad Bunny - HACIENDO QUE ME AMAS,off+10s/seeded_correct,8950,8950,0,0,2500,0,1,False,True,True,2,7,320.5,3.5,5.8,100.0,0,True
Bad Bunny - HACIENDO QUE ME AMAS,off+10s/seeded_wrong_2s,8950,8950,0,0,2500,0,1,False,True,True,3,7,317.0,3.6,5.8,98.8,0,True
Bad Bunny - HACIENDO QUE ME AMAS,off-10s/cold,-11050,244,11294,11275,,1,1,False,True,False,9,7,229.4,5.1,9.9,0.0,2,False
Bad Bunny - HACIENDO QUE ME AMAS,off-10s/second_play,-11050,249,11299,11299,,1,1,False,False,False,8,7,217.5,5.0,7.9,0.0,1,False
Bad Bunny - HACIENDO QUE ME AMAS,off-10s/seeded_correct,-11050,-11050,0,0,19000,0,0,False,True,False,8,7,211.5,4.9,8.3,100.0,1,True
Bad Bunny - HACIENDO QUE ME AMAS,off-10s/seeded_wrong_2s,-11050,-9050,2000,0,19000,0,0,False,True,False,8,7,214.2,5.1,8.9,91.6,1,False
Bad Bunny - HACIENDO QUE ME AMAS,off+25s/cold,23950,23950,0,-23950,,0,2,False,False,False,7,7,168.5,5.0,10.1,0.0,0,True
Bad Bunny - HACIENDO QUE ME AMAS,off+25s/second_play,23950,23950,0,0,2500,0,1,False,True,True,2,7,305.4,3.7,6.0,100.0,0,True
Bad Bunny - HACIENDO QUE ME AMAS,off+25s/seeded_correct,23950,23950,0,0,2500,0,1,False,True,True,2,7,305.0,3.7,5.7,100.0,0,True
Bad Bunny - HACIENDO QUE ME AMAS,off+25s/seeded_wrong_2s,23950,23950,0,0,2500,0,1,False,True,True,2,7,303.0,3.6,6.0,98.7,0,True
Bad Bunny - HACIENDO QUE ME AMAS,off-25s/cold,-26050,,,26050,,0,0,False,False,False,7,7,223.3,4.8,7.2,0.0,0,False
Bad Bunny - HACIENDO QUE ME AMAS,off-25s/second_play,-26050,,,26050,,0,0,False,False,False,7,7,223.3,4.8,6.8,0.0,0,False
Bad Bunny - HACIENDO QUE ME AMAS,off-25s/seeded_correct,-26050,-26050,0,0,,0,0,False,False,False,7,7,224.6,4.8,7.3,100.0,0,True
Bad Bunny - HACIENDO QUE ME AMAS,off-25s/seeded_wrong_2s,-26050,-24050,2000,2000,,0,0,False,False,False,7,7,221.1,5.0,7.0,0.0,0,False
Bad Bunny - HACIENDO QUE ME AMAS,noise0/cold,-1050,-1046,4,-3,10000,0,5,True,True,True,5,7,230.4,3.8,5.5,95.4,0,True
Bad Bunny - HACIENDO QUE ME AMAS,noise0/seeded_correct,-1050,-1037,13,0,10000,0,6,False,True,False,7,7,163.7,4.4,7.6,100.0,0,True
Bad Bunny - HACIENDO QUE ME AMAS,noise0/seeded_wrong_2s,-1050,-1036,14,0,10000,0,6,False,True,False,7,7,165.6,4.4,7.6,95.4,0,True
Bad Bunny - HACIENDO QUE ME AMAS,noise-2s/cold,-3050,-3042,8,6,11500,0,2,True,True,True,5,7,232.9,3.7,5.7,94.7,0,True
Bad Bunny - HACIENDO QUE ME AMAS,noise-2s/seeded_correct,-3050,-3037,13,0,11500,0,2,False,True,False,8,7,178.5,4.5,8.1,100.0,1,True
Bad Bunny - HACIENDO QUE ME AMAS,noise-2s/seeded_wrong_2s,-3050,-3036,14,0,11500,0,2,False,True,False,8,7,176.4,4.4,7.8,94.7,1,True
Bad Bunny - HACIENDO QUE ME AMAS,cutin5s/cold,3950,3952,2,-3,5500,0,5,True,True,True,5,7,229.9,4.0,5.8,97.4,0,True
Bad Bunny - HACIENDO QUE ME AMAS,cutin5s/second_play,3950,3959,9,0,5500,0,5,False,True,False,7,7,155.4,4.7,8.0,100.0,0,True
Bad Bunny - HACIENDO QUE ME AMAS,cutin5s/seeded_correct,3950,3958,8,0,5500,0,5,False,True,False,7,7,155.8,4.7,8.0,100.0,0,True
Bad Bunny - HACIENDO QUE ME AMAS,cutin5s/seeded_wrong_2s,3950,3959,9,0,5500,0,6,False,True,False,7,7,156.4,4.8,8.1,97.4,0,True
Bad Bunny - HACIENDO QUE ME AMAS,cutin15s/cold,13950,13950,0,0,4000,0,2,False,True,False,7,7,117.1,4.1,7.1,98.0,0,True
Bad Bunny - HACIENDO QUE ME AMAS,cutin15s/second_play,13950,13950,0,0,4000,0,2,False,True,False,7,7,112.2,4.1,6.4,100.0,0,True
Bad Bunny - HACIENDO QUE ME AMAS,cutin15s/seeded_correct,13950,13950,0,0,4000,0,2,False,True,False,7,7,111.9,4.1,6.4,100.0,0,True
Bad Bunny - HACIENDO QUE ME AMAS,cutin15s/seeded_wrong_2s,13950,13950,0,0,4000,0,2,False,True,False,7,7,111.9,4.1,6.5,98.0,0,True
Bad Bunny - HACIENDO QUE ME AMAS,cutin25s/cold,23950,23950,0,0,4000,0,2,False,True,False,7,7,112.0,4.4,9.0,97.9,0,True
Bad Bunny - HACIENDO QUE ME AMAS,cutin25s/second_play,23950,23950,0,0,4000,0,2,False,True,False,7,7,103.3,4.6,7.4,100.0,0,True
Bad Bunny - HACIENDO QUE ME AMAS,cutin25s/seeded_correct,23950,23950,0,0,4000,0,2,False,True,False,7,7,102.2,4.5,7.4,100.0,0,True
Bad Bunny - HACIENDO QUE ME AMAS,cutin25s/seeded_wrong_2s,23950,23950,0,0,4000,0,2,False,True,False,7,7,103.4,4.7,8.0,97.9,0,True
Bad Bunny - HACIENDO QUE ME AMAS,blend8s/cold,-1050,-1051,-1,-3,35750,0,3,True,False,True,5,7,259.7,3.7,5.7,83.5,0,True
Bad Bunny - HACIENDO QUE ME AMAS,blend8s/seeded_correct,-1050,-1049,1,0,24500,0,2,False,False,False,7,7,190.4,4.5,6.6,100.0,0,True
Bad Bunny - HACIENDO QUE ME AMAS,blend8s/seeded_wrong_2s,-1050,-1049,1,0,35750,0,2,False,False,False,7,7,189.3,4.5,6.8,83.5,0,True
Bad Bunny - HACIENDO QUE ME AMAS,midshift+1.5s/cold,-1050,-1000,-1450,0,10000,1,3,False,True,False,7,7,211.5,5.9,10.0,61.9,0,False
Bad Bunny - HACIENDO QUE ME AMAS,midshift+1.5s/seeded_correct,-1050,-1034,-1484,0,10000,0,2,False,True,False,7,7,206.3,5.8,10.1,66.6,0,False
Bad Bunny - HACIENDO QUE ME AMAS,midshift+1.5s/seeded_wrong_2s,-1050,-1031,-1481,0,10000,0,2,False,True,False,7,7,211.7,5.9,10.0,61.9,0,False
Bad Bunny - HACIENDO QUE ME AMAS,midshift-1.5s/cold,-1050,-1031,1519,1575,10000,0,2,False,True,False,9,7,213.1,5.2,10.6,23.0,2,False
Bad Bunny - HACIENDO QUE ME AMAS,midshift-1.5s/seeded_correct,-1050,-1034,1516,0,10000,0,2,False,True,False,8,7,202.0,5.0,9.2,50.4,1,False
Bad Bunny - HACIENDO QUE ME AMAS,midshift-1.5s/seeded_wrong_2s,-1050,-1031,1519,1575,10000,0,2,False,True,False,9,7,211.9,5.2,10.6,23.0,2,False
Bad Bunny - MALDITA POBREZA,off0/cold,-1000,-1002,-2,0,46000,0,1,False,True,True,4,4,310.2,3.3,5.6,78.4,1,True
Bad Bunny - MALDITA POBREZA,off0/seeded_correct,-1000,-1001,-1,0,46000,0,1,False,True,True,4,4,311.6,3.2,5.6,81.7,1,True
Bad Bunny - MALDITA POBREZA,off0/seeded_wrong_2s,-1000,-1002,-2,0,46000,0,1,False,True,True,4,4,309.1,3.1,5.6,78.4,1,True
Bad Bunny - MALDITA POBREZA,off+200/cold,-800,-802,-2,0,50000,0,3,False,True,False,5,4,316.7,3.3,5.5,76.5,1,True
Bad Bunny - MALDITA POBREZA,off+200/seeded_correct,-800,-802,-2,0,50000,0,2,False,True,False,5,4,310.4,3.1,5.7,81.9,1,True
Bad Bunny - MALDITA POBREZA,off+200/seeded_wrong_2s,-800,-802,-2,0,50000,0,3,False,True,False,5,4,312.2,3.2,5.8,76.5,1,True
Bad Bunny - MALDITA POBREZA,off-200/cold,-1200,-1202,-2,0,50000,0,3,False,True,False,5,4,321.4,3.2,5.7,76.6,1,True
Bad Bunny - MALDITA POBREZA,off-200/seeded_correct,-1200,-1201,-1,0,50000,0,3,False,True,False,5,4,316.0,3.2,5.8,82.0,1,True
Bad Bunny - MALDITA POBREZA,off-200/seeded_wrong_2s,-1200,-1202,-2,0,50000,0,3,False,True,False,5,4,312.9,3.1,5.6,76.6,1,True
Bad Bunny - MALDITA POBREZA,off+2s/cold,1000,998,-2,0,50000,0,3,False,True,False,5,4,313.0,3.3,5.6,76.3,1,True
Bad Bunny - MALDITA POBREZA,off+2s/seeded_correct,1000,998,-2,0,50000,0,2,False,True,False,5,4,311.8,3.3,5.5,81.1,1,True
Bad Bunny - MALDITA POBREZA,off+2s/seeded_wrong_2s,1000,998,-2,0,50000,0,3,False,True,False,5,4,311.3,3.4,5.6,76.3,1,True
Bad Bunny - MALDITA POBREZA,off-2s/cold,-3000,,,1000,,0,0,False,True,False,6,4,328.3,3.2,5.8,0.0,2,False
Bad Bunny - MALDITA POBREZA,off-2s/seeded_correct,-3000,-3000,0,0,50000,0,0,False,True,False,5,4,313.8,3.2,5.6,82.8,1,True
Bad Bunny - MALDITA POBREZA,off-2s/seeded_wrong_2s,-3000,-1000,2000,0,50000,0,0,False,True,False,5,4,316.9,3.2,5.6,76.8,1,False
Bad Bunny - MALDITA POBREZA,off+10s/cold,9000,,,-9000,,0,0,False,False,False,4,4,328.6,3.1,5.5,0.0,0,False
Bad Bunny - MALDITA POBREZA,off+10s/second_play,9000,,,-9000,,0,0,False,False,False,4,4,330.3,3.1,5.8,0.0,0,False
Bad Bunny - MALDITA POBREZA,off+10s/seeded_correct,9000,8999,-1,0,56000,0,1,False,True,False,6,4,311.1,3.6,5.8,73.7,2,True
Bad Bunny - MALDITA POBREZA,off+10s/seeded_wrong_2s,9000,8998,-2,0,56000,0,2,False,True,False,6,4,309.0,3.5,5.5,72.4,2,True
Bad Bunny - MALDITA POBREZA,off-10s/cold,-11000,,,14250,,0,0,False,True,False,6,4,324.7,3.1,5.5,0.0,2,False
Bad Bunny - MALDITA POBREZA,off-10s/second_play,-11000,,,14250,,0,0,False,True,False,6,4,323.2,3.1,5.5,0.0,2,False
Bad Bunny - MALDITA POBREZA,off-10s/seeded_correct,-11000,-11000,0,0,50000,0,0,False,True,False,5,4,316.1,2.9,5.5,87.5,1,True
Bad Bunny - MALDITA POBREZA,off-10s/seeded_wrong_2s,-11000,-9000,2000,0,50000,0,0,False,True,False,5,4,314.7,2.9,5.4,77.6,1,False
Bad Bunny - MALDITA POBREZA,off+25s/cold,24000,,,-24000,,0,0,False,False,False,4,4,333.4,3.3,6.0,0.0,0,False
Bad Bunny - MALDITA POBREZA,off+25s/second_play,24000,,,-24000,,0,0,False,False,False,4,4,331.8,3.4,5.6,0.0,0,False
Bad Bunny - MALDITA POBREZA,off+25s/seeded_correct,24000,23999,-1,0,5500,0,2,False,True,True,2,4,299.8,3.7,5.7,100.0,0,True
Bad Bunny - MALDITA POBREZA,off+25s/seeded_wrong_2s,24000,23999,-1,0,5500,0,2,False,True,True,2,4,295.6,3.6,5.6,97.1,0,True
Bad Bunny - MALDITA POBREZA,off-25s/cold,-26000,,,26000,,0,0,False,False,False,4,4,318.1,3.0,5.5,0.0,0,False
Bad Bunny - MALDITA POBREZA,off-25s/second_play,-26000,,,26000,,0,0,False,False,False,4,4,323.4,3.1,5.7,0.0,0,False
Bad Bunny - MALDITA POBREZA,off-25s/seeded_correct,-26000,-26000,0,0,,0,0,False,False,False,4,4,314.1,2.9,5.6,100.0,0,True
Bad Bunny - MALDITA POBREZA,off-25s/seeded_wrong_2s,-26000,-24000,2000,2000,,0,0,False,False,False,4,4,315.9,3.0,5.7,0.0,0,False
Bad Bunny - MALDITA POBREZA,noise0/cold,-1000,-1002,-2,0,46000,0,1,False,True,True,4,4,281.4,2.9,5.1,78.4,1,True
Bad Bunny - MALDITA POBREZA,noise0/seeded_correct,-1000,-1001,-1,0,46000,0,1,False,True,True,4,4,283.3,2.9,5.3,81.7,1,True
Bad Bunny - MALDITA POBREZA,noise0/seeded_wrong_2s,-1000,-1002,-2,0,46000,0,1,False,True,True,4,4,280.5,2.9,4.8,78.4,1,True
Bad Bunny - MALDITA POBREZA,noise-2s/cold,-3000,-3000,0,0,50000,0,1,False,True,False,5,4,283.8,2.8,4.8,76.8,1,True
Bad Bunny - MALDITA POBREZA,noise-2s/seeded_correct,-3000,-3000,0,0,50000,0,1,False,True,False,5,4,282.5,2.9,5.0,82.8,1,True
Bad Bunny - MALDITA POBREZA,noise-2s/seeded_wrong_2s,-3000,-3000,0,0,50000,0,1,False,True,False,5,4,282.3,2.8,4.8,76.8,1,True
Bad Bunny - MALDITA POBREZA,cutin5s/cold,4000,3998,-2,1000,,0,3,False,True,False,6,4,295.0,3.2,5.2,0.0,2,True
Bad Bunny - MALDITA POBREZA,cutin5s/second_play,4000,3998,-2,0,50000,0,2,False,True,False,5,4,286.5,3.1,5.1,79.3,1,True
Bad Bunny - MALDITA POBREZA,cutin5s/seeded_correct,4000,3998,-2,0,50000,0,2,False,True,False,5,4,288.0,3.1,5.2,79.3,1,True
Bad Bunny - MALDITA POBREZA,cutin5s/seeded_wrong_2s,4000,3998,-2,0,50000,0,3,False,True,False,5,4,288.1,3.1,5.2,76.0,1,True
Bad Bunny - MALDITA POBREZA,cutin15s/cold,14000,13999,-1,0,5500,0,2,False,True,True,2,4,236.4,2.8,4.4,97.2,0,True
Bad Bunny - MALDITA POBREZA,cutin15s/second_play,14000,13999,-1,-1,5500,0,3,False,True,True,2,4,236.4,2.7,4.5,100.0,0,True
Bad Bunny - MALDITA POBREZA,cutin15s/seeded_correct,14000,13999,-1,0,5500,0,3,False,True,True,2,4,235.8,2.7,4.4,100.0,0,True
Bad Bunny - MALDITA POBREZA,cutin15s/seeded_wrong_2s,14000,13999,-1,0,5500,0,2,False,True,True,2,4,234.9,2.7,4.4,97.2,0,True
Bad Bunny - MALDITA POBREZA,cutin25s/cold,24000,23998,-2,0,4000,0,2,False,True,True,2,4,239.2,3.0,4.8,97.9,0,True
Bad Bunny - MALDITA POBREZA,cutin25s/second_play,24000,23998,-2,-2,4000,0,2,False,True,True,2,4,233.8,2.8,4.7,100.0,0,True
Bad Bunny - MALDITA POBREZA,cutin25s/seeded_correct,24000,23998,-2,0,4000,0,2,False,True,True,2,4,234.4,2.9,4.6,100.0,0,True
Bad Bunny - MALDITA POBREZA,cutin25s/seeded_wrong_2s,24000,23998,-2,0,4000,0,2,False,True,True,2,4,235.2,2.9,4.6,97.9,0,True
Bad Bunny - MALDITA POBREZA,blend8s/cold,-1000,-1002,-2,0,50000,0,2,False,True,False,5,4,315.8,3.2,5.5,76.5,1,True
Bad Bunny - MALDITA POBREZA,blend8s/seeded_correct,-1000,-1002,-2,0,50000,0,2,False,True,False,5,4,303.0,3.1,5.5,81.9,1,True
Bad Bunny - MALDITA POBREZA,blend8s/seeded_wrong_2s,-1000,-1002,-2,0,50000,0,2,False,True,False,5,4,304.0,3.0,5.4,76.5,1,True
Bad Bunny - MALDITA POBREZA,midshift+1.5s/cold,-1000,-1002,-1502,-1500,46000,0,1,False,True,True,5,4,362.7,3.9,6.8,6.6,2,False
Bad Bunny - MALDITA POBREZA,midshift+1.5s/seeded_correct,-1000,-1001,-1501,-1500,46000,0,1,False,True,True,5,4,356.5,3.6,6.2,9.9,2,False
Bad Bunny - MALDITA POBREZA,midshift+1.5s/seeded_wrong_2s,-1000,-1002,-1502,-1500,46000,0,1,False,True,True,5,4,354.8,3.7,6.5,6.6,2,False
Bad Bunny - MALDITA POBREZA,midshift-1.5s/cold,-1000,-1002,1498,1500,46000,0,1,False,True,True,5,4,350.6,3.5,6.5,6.5,2,False
Bad Bunny - MALDITA POBREZA,midshift-1.5s/seeded_correct,-1000,-1001,1499,1500,46000,0,1,False,True,True,5,4,343.9,3.5,6.4,9.8,2,False
Bad Bunny - MALDITA POBREZA,midshift-1.5s/seeded_wrong_2s,-1000,-1002,1498,1500,46000,0,1,False,True,True,5,4,344.1,3.3,6.2,6.5,2,False
Bad Bunny - KETU TeCRÉ,off0/cold,-1025,-1027,-2,-3,35650,0,2,True,True,True,4,18,423.5,3.5,6.7,85.8,0,True
Bad Bunny - KETU TeCRÉ,off0/seeded_correct,-1025,-1028,-3,0,56500,0,3,False,True,True,5,18,416.7,3.8,6.9,81.5,0,True
Bad Bunny - KETU TeCRÉ,off0/seeded_wrong_2s,-1025,-1029,-4,0,56500,0,3,False,True,True,5,18,416.0,3.7,6.5,77.5,0,True
Bad Bunny - KETU TeCRÉ,off+200/cold,-825,-827,-2,-1,35650,0,2,True,True,True,4,18,433.9,3.6,6.6,85.8,0,True
Bad Bunny - KETU TeCRÉ,off+200/seeded_correct,-825,-830,-5,0,56500,0,3,False,True,True,5,18,421.1,3.7,6.6,81.5,0,True
Bad Bunny - KETU TeCRÉ,off+200/seeded_wrong_2s,-825,-831,-6,0,56500,0,3,False,True,True,5,18,419.6,3.8,6.8,77.5,0,True
Bad Bunny - KETU TeCRÉ,off-200/cold,-1225,-1229,-4,-6,35650,0,2,True,True,True,4,18,428.7,3.7,6.6,85.8,0,True
Bad Bunny - KETU TeCRÉ,off-200/seeded_correct,-1225,-1228,-3,-3,56500,0,3,False,True,True,5,18,420.4,3.8,6.5,82.1,0,True
Bad Bunny - KETU TeCRÉ,off-200/seeded_wrong_2s,-1225,-1228,-3,-3,56500,0,2,False,True,True,5,18,420.5,3.7,6.7,77.5,0,True
Bad Bunny - KETU TeCRÉ,off+2s/cold,975,974,-1,0,35650,0,2,True,True,True,4,18,430.0,3.6,6.7,85.7,0,True
Bad Bunny - KETU TeCRÉ,off+2s/seeded_correct,975,970,-5,0,56500,0,3,False,True,True,5,18,424.8,3.8,6.8,80.7,0,True
Bad Bunny - KETU TeCRÉ,off+2s/seeded_wrong_2s,975,969,-6,0,56500,0,3,False,True,True,5,18,418.0,3.9,6.6,77.3,0,True
Bad Bunny - KETU TeCRÉ,off-2s/cold,-3025,-3031,-6,-6,35650,0,1,True,True,True,4,18,436.2,3.5,6.9,85.9,0,True
Bad Bunny - KETU TeCRÉ,off-2s/seeded_correct,-3025,-3025,0,0,63750,0,5,False,True,False,18,18,249.9,6.4,12.8,80.0,0,True
Bad Bunny - KETU TeCRÉ,off-2s/seeded_wrong_2s,-3025,-725,2300,2300,,2,2,False,True,False,18,18,250.3,6.3,12.6,0.0,0,False
Bad Bunny - KETU TeCRÉ,off+10s/cold,8975,8971,-4,0,56500,0,2,False,False,True,5,18,437.9,3.9,6.5,76.6,0,True
Bad Bunny - KETU TeCRÉ,off+10s/second_play,8975,8971,-4,0,56500,0,3,False,True,True,5,18,423.8,4.1,7.0,77.6,1,True
Bad Bunny - KETU TeCRÉ,off+10s/seeded_correct,8975,8971,-4,0,56500,0,3,False,True,True,5,18,420.5,4.1,6.7,77.6,1,True
Bad Bunny - KETU TeCRÉ,off+10s/seeded_wrong_2s,8975,8969,-6,-6,46000,0,3,False,True,True,5,18,425.1,3.9,6.8,80.9,1,True
Bad Bunny - KETU TeCRÉ,off-10s/cold,-11025,16662,27687,9225,,1,1,False,False,False,20,18,296.8,6.1,13.3,0.0,2,False
Bad Bunny - KETU TeCRÉ,off-10s/second_play,-11025,16662,27687,27687,,1,1,False,False,False,20,18,294.0,6.2,12.8,0.0,2,False
Bad Bunny - KETU TeCRÉ,off-10s/seeded_correct,-11025,-11025,0,1025,,0,0,False,True,False,20,18,287.0,6.2,12.7,7.8,2,True
Bad Bunny - KETU TeCRÉ,off-10s/seeded_wrong_2s,-11025,-9025,2000,1025,,0,0,False,True,False,20,18,292.0,6.2,12.7,0.0,2,False
Bad Bunny - KETU TeCRÉ,off+25s/cold,23975,23968,-7,0,56500,0,3,False,False,True,8,18,426.9,4.3,6.9,75.0,0,True
Bad Bunny - KETU TeCRÉ,off+25s/second_play,23975,23972,-3,-7,2500,0,2,False,True,True,1,18,421.4,3.9,6.8,100.0,0,True
Bad Bunny - KETU TeCRÉ,off+25s/seeded_correct,23975,23972,-3,0,2500,0,1,False,True,True,2,18,420.1,3.9,6.8,100.0,0,True
Bad Bunny - KETU TeCRÉ,off+25s/seeded_wrong_2s,23975,23972,-3,0,2500,0,1,False,True,True,2,18,420.9,4.0,6.6,98.9,0,True
Bad Bunny - KETU TeCRÉ,off-25s/cold,-26025,29350,55375,55375,,1,1,False,False,False,20,18,315.5,6.1,12.1,0.0,2,False
Bad Bunny - KETU TeCRÉ,off-25s/second_play,-26025,20125,46150,46150,,1,1,False,False,False,20,18,316.4,6.1,11.9,0.0,2,False
Bad Bunny - KETU TeCRÉ,off-25s/seeded_correct,-26025,20125,46150,46150,,1,1,False,False,False,20,18,314.7,6.0,11.7,38.6,2,False
Bad Bunny - KETU TeCRÉ,off-25s/seeded_wrong_2s,-26025,20125,46150,46150,,1,1,False,False,False,20,18,313.8,6.1,12.1,0.0,2,False
Bad Bunny - KETU TeCRÉ,noise0/cold,-1025,-1027,-2,-3,35650,0,2,True,True,True,4,18,411.8,3.4,6.4,85.8,0,True
Bad Bunny - KETU TeCRÉ,noise0/seeded_correct,-1025,-1028,-3,0,56500,0,3,False,True,True,5,18,397.6,3.5,6.5,81.5,0,True
Bad Bunny - KETU TeCRÉ,noise0/seeded_wrong_2s,-1025,-1029,-4,0,56500,0,3,False,True,True,5,18,396.5,3.4,6.6,77.5,0,True
Bad Bunny - KETU TeCRÉ,noise-2s/cold,-3025,-3031,-6,-6,35650,0,1,True,True,True,4,18,407.0,3.3,6.5,85.9,0,True
Bad Bunny - KETU TeCRÉ,noise-2s/seeded_correct,-3025,-3025,0,0,63750,0,5,False,True,False,18,18,232.5,5.8,12.0,80.0,0,True
Bad Bunny - KETU TeCRÉ,noise-2s/seeded_wrong_2s,-3025,-725,2300,2300,,2,2,False,True,False,18,18,235.4,6.0,12.0,0.0,0,False
Bad Bunny - KETU TeCRÉ,cutin5s/cold,3975,3973,-2,-3,35650,0,2,True,True,True,4,18,427.0,3.7,6.8,85.5,0,True
Bad Bunny - KETU TeCRÉ,cutin5s/second_play,3975,3972,-3,0,56500,0,3,False,True,True,5,18,417.2,3.9,6.7,79.3,0,True
Bad Bunny - KETU TeCRÉ,cutin5s/seeded_correct,3975,3971,-4,0,56500,0,4,False,True,True,5,18,416.0,3.9,6.7,79.3,0,True
Bad Bunny - KETU TeCRÉ,cutin5s/seeded_wrong_2s,3975,3970,-5,0,56500,0,3,False,True,True,5,18,416.8,3.9,6.7,77.1,0,True
Bad Bunny - KETU TeCRÉ,cutin15s/cold,13975,13971,-4,0,5500,0,3,False,True,True,5,18,334.5,3.3,5.3,97.7,0,True
Bad Bunny - KETU TeCRÉ,cutin15s/second_play,13975,13972,-3,-4,5500,0,4,False,True,True,5,18,330.4,3.4,5.3,100.0,0,True
Bad Bunny - KETU TeCRÉ,cutin15s/seeded_correct,13975,13972,-3,0,5500,0,3,False,True,True,5,18,330.2,3.3,5.3,100.0,0,True
Bad Bunny - KETU TeCRÉ,cutin15s/seeded_wrong_2s,13975,13971,-4,0,5500,0,3,False,True,True,5,18,328.3,3.3,5.3,97.7,0,True
Bad Bunny - KETU TeCRÉ,cutin25s/cold,23975,23973,-2,0,4000,0,3,False,True,True,5,18,356.3,3.8,6.0,98.2,0,True
Bad Bunny - KETU TeCRÉ,cutin25s/second_play,23975,23973,-2,-2,4000,0,3,False,True,True,5,18,350.2,3.8,6.1,100.0,0,True
Bad Bunny - KETU TeCRÉ,cutin25s/seeded_correct,23975,23973,-2,0,4000,0,3,False,True,True,5,18,350.9,3.7,6.0,100.0,0,True
Bad Bunny - KETU TeCRÉ,cutin25s/seeded_wrong_2s,23975,23973,-2,0,4000,0,3,False,True,True,5,18,350.9,3.7,6.0,98.2,0,True
Bad Bunny - KETU TeCRÉ,blend8s/cold,-1025,-1027,-2,-3,26750,0,2,True,False,True,4,18,452.8,3.5,7.0,89.4,0,True
Bad Bunny - KETU TeCRÉ,blend8s/seeded_correct,-1025,-1028,-3,0,22000,0,3,False,False,True,5,18,445.8,3.5,7.0,100.0,0,True
Bad Bunny - KETU TeCRÉ,blend8s/seeded_wrong_2s,-1025,-1029,-4,0,26750,0,3,False,False,True,5,18,442.1,3.5,7.1,89.4,0,True
Bad Bunny - KETU TeCRÉ,midshift+1.5s/cold,-1025,-1027,-1502,0,35650,1,4,True,True,True,6,18,527.6,5.0,8.5,77.3,1,False
Bad Bunny - KETU TeCRÉ,midshift+1.5s/seeded_correct,-1025,469,-6,0,56500,0,6,False,True,True,10,18,508.1,5.5,8.7,73.0,1,True
Bad Bunny - KETU TeCRÉ,midshift+1.5s/seeded_wrong_2s,-1025,473,-2,0,56500,0,5,False,True,True,9,18,515.5,5.5,8.6,69.0,1,True
Bad Bunny - KETU TeCRÉ,midshift-1.5s/cold,-1025,-2528,-3,0,252000,1,5,True,True,True,17,18,303.2,6.4,14.8,9.9,2,True
Bad Bunny - KETU TeCRÉ,midshift-1.5s/seeded_correct,-1025,-2528,-3,0,252000,1,5,False,True,True,18,18,297.3,6.8,15.4,5.6,2,True
Bad Bunny - KETU TeCRÉ,midshift-1.5s/seeded_wrong_2s,-1025,-2528,-3,0,252000,1,5,False,True,True,18,18,295.7,6.9,14.9,1.7,2,True
Bad Bunny - Vete,off0/cold,-1000,-1007,-7,-16,13000,0,2,True,True,True,2,8,275.7,2.8,5.9,93.3,0,True
Bad Bunny - Vete,off0/seeded_correct,-1000,-999,1,0,13000,0,3,False,True,True,3,8,272.2,3.1,5.5,100.0,0,True
Bad Bunny - Vete,off0/seeded_wrong_2s,-1000,-999,1,0,13000,0,3,False,True,True,3,8,270.7,2.9,5.4,93.3,0,True
Bad Bunny - Vete,off+200/cold,-800,-800,0,-1,11500,0,3,True,True,True,2,8,281.6,3.0,5.7,94.0,0,True
Bad Bunny - Vete,off+200/seeded_correct,-800,-799,1,0,11500,0,3,False,True,True,3,8,278.8,3.0,5.7,100.0,0,True
Bad Bunny - Vete,off+200/seeded_wrong_2s,-800,-799,1,0,11500,0,3,False,True,True,3,8,278.5,3.0,5.7,94.0,0,True
Bad Bunny - Vete,off-200/cold,-1200,-1197,3,6,13000,0,3,True,True,True,2,8,281.9,2.9,5.9,93.3,0,True
Bad Bunny - Vete,off-200/seeded_correct,-1200,-1199,1,0,13000,0,3,False,True,True,3,8,277.6,3.0,5.8,100.0,0,True
Bad Bunny - Vete,off-200/seeded_wrong_2s,-1200,-1199,1,0,13000,0,3,False,True,True,3,8,276.8,3.0,5.7,93.3,0,True
Bad Bunny - Vete,off+2s/cold,1000,1000,0,0,10000,0,3,True,True,True,2,8,277.4,3.1,5.8,94.8,0,True
Bad Bunny - Vete,off+2s/seeded_correct,1000,1001,1,0,10000,0,3,False,True,True,3,8,276.4,3.1,5.7,100.0,0,True
Bad Bunny - Vete,off+2s/seeded_wrong_2s,1000,1001,1,0,10000,0,3,False,True,True,3,8,275.8,3.2,5.6,94.8,0,True
Bad Bunny - Vete,off-2s/cold,-3000,-2997,3,6,14500,0,2,True,True,True,2,8,280.6,2.8,5.8,92.6,0,True
Bad Bunny - Vete,off-2s/seeded_correct,-3000,-2999,1,0,14500,0,3,False,True,True,5,8,277.5,3.2,5.7,100.0,0,True
Bad Bunny - Vete,off-2s/seeded_wrong_2s,-3000,-2999,1,0,14500,0,3,False,True,True,5,8,283.4,3.3,5.8,92.6,0,True
Bad Bunny - Vete,off+10s/cold,9000,9005,5,0,53000,0,3,False,False,True,8,8,252.9,4.3,6.2,71.0,0,True
Bad Bunny - Vete,off+10s/second_play,9000,9002,2,5,2500,0,2,False,True,True,2,8,271.3,3.3,5.7,100.0,0,True
Bad Bunny - Vete,off+10s/seeded_correct,9000,9001,1,0,2500,0,3,False,True,True,3,8,267.5,3.4,6.0,100.0,0,True
Bad Bunny - Vete,off+10s/seeded_wrong_2s,9000,9001,1,0,2500,0,3,False,True,True,3,8,267.6,3.5,5.7,98.6,0,True
Bad Bunny - Vete,off-10s/cold,-11000,,,10450,,0,0,False,False,False,10,8,276.1,4.1,6.7,0.0,2,False
Bad Bunny - Vete,off-10s/second_play,-11000,,,10450,,0,0,False,False,False,10,8,276.3,4.1,6.6,0.0,2,False
Bad Bunny - Vete,off-10s/seeded_correct,-11000,-11000,0,0,22000,0,0,False,True,False,8,8,249.3,3.9,6.2,100.0,0,True
Bad Bunny - Vete,off-10s/seeded_wrong_2s,-11000,-9000,2000,0,22000,0,0,False,True,False,8,8,249.2,4.1,5.7,89.2,0,False
Bad Bunny - Vete,off+25s/cold,24000,24005,5,0,40500,0,4,False,False,True,6,8,271.5,4.0,6.0,75.9,0,True
Bad Bunny - Vete,off+25s/second_play,24000,24001,1,2,2500,0,2,False,True,True,2,8,254.7,3.6,5.8,100.0,0,True
Bad Bunny - Vete,off+25s/seeded_correct,24000,24000,0,0,2500,0,2,False,True,True,2,8,257.4,3.5,5.9,100.0,0,True
Bad Bunny - Vete,off+25s/seeded_wrong_2s,24000,24001,1,0,2500,0,2,False,True,True,2,8,255.9,3.6,5.7,98.5,0,True
Bad Bunny - Vete,off-25s/cold,-26000,,,26000,,0,0,False,False,False,8,8,279.6,4.7,6.1,0.0,0,False
Bad Bunny - Vete,off-25s/second_play,-26000,,,26000,,0,0,False,False,False,8,8,256.9,4.1,5.9,0.0,0,False
Bad Bunny - Vete,off-25s/seeded_correct,-26000,-26000,0,0,,0,0,False,False,False,8,8,254.4,4.0,5.9,100.0,0,True
Bad Bunny - Vete,off-25s/seeded_wrong_2s,-26000,-24000,2000,2000,,0,0,False,False,False,8,8,255.0,3.9,6.1,0.0,0,False
Bad Bunny - Vete,noise0/cold,-1000,-1007,-7,-16,10000,0,2,True,True,True,2,8,227.1,2.5,4.4,94.8,0,True
Bad Bunny - Vete,noise0/seeded_correct,-1000,-1000,0,0,10000,0,2,False,True,True,2,8,227.2,2.5,4.3,100.0,0,True
Bad Bunny - Vete,noise0/seeded_wrong_2s,-1000,-999,1,0,10000,0,2,False,True,True,2,8,227.5,2.5,4.3,94.8,0,True
Bad Bunny - Vete,noise-2s/cold,-3000,-2997,3,6,11500,0,2,True,True,True,2,8,228.5,2.5,4.4,94.1,0,True
Bad Bunny - Vete,noise-2s/seeded_correct,-3000,-2999,1,0,11500,0,3,False,True,True,5,8,225.6,2.7,4.4,100.0,0,True
Bad Bunny - Vete,noise-2s/seeded_wrong_2s,-3000,-2999,1,0,11500,0,3,False,True,True,5,8,225.1,2.7,4.3,94.1,0,True
Bad Bunny - Vete,cutin5s/cold,4000,3999,-1,-3,7000,0,3,True,True,True,2,8,221.4,2.6,4.3,96.3,0,True
Bad Bunny - Vete,cutin5s/second_play,4000,4001,1,-1,7000,0,3,False,True,True,3,8,221.3,2.7,4.3,100.0,0,True
Bad Bunny - Vete,cutin5s/seeded_correct,4000,4001,1,0,7000,0,3,False,True,True,3,8,219.3,2.7,4.3,100.0,0,True
Bad Bunny - Vete,cutin5s/seeded_wrong_2s,4000,4001,1,0,7000,0,3,False,True,True,3,8,219.8,2.7,4.3,96.3,0,True
Bad Bunny - Vete,cutin15s/cold,14000,14001,1,0,4000,0,3,False,True,True,3,8,189.3,2.6,3.9,97.8,0,True
Bad Bunny - Vete,cutin15s/second_play,14000,14001,1,1,4000,0,3,False,True,True,3,8,188.5,2.5,3.9,100.0,0,True
Bad Bunny - Vete,cutin15s/seeded_correct,14000,14001,1,0,4000,0,3,False,True,True,3,8,186.8,2.5,4.0,100.0,0,True
Bad Bunny - Vete,cutin15s/seeded_wrong_2s,14000,14001,1,0,4000,0,3,False,True,True,3,8,186.2,2.5,3.9,97.8,0,True
Bad Bunny - Vete,cutin25s/cold,24000,24002,2,0,4000,0,2,False,True,True,3,8,190.4,2.8,4.2,97.6,0,True
Bad Bunny - Vete,cutin25s/second_play,24000,24002,2,2,4000,0,3,False,True,True,3,8,186.8,2.6,4.3,100.0,0,True
Bad Bunny - Vete,cutin25s/seeded_correct,24000,24001,1,0,4000,0,3,False,True,True,3,8,186.3,2.7,4.2,100.0,0,True
Bad Bunny - Vete,cutin25s/seeded_wrong_2s,24000,24002,2,0,4000,0,2,False,True,True,3,8,183.8,2.6,4.1,97.6,0,True
Bad Bunny - Vete,blend8s/cold,-1000,-1007,-7,-16,13000,0,2,True,True,True,2,8,240.7,2.6,4.6,93.3,0,True
Bad Bunny - Vete,blend8s/seeded_correct,-1000,-999,1,0,13000,0,3,False,True,True,3,8,239.4,2.7,4.8,100.0,0,True
Bad Bunny - Vete,blend8s/seeded_wrong_2s,-1000,-999,1,0,13000,0,3,False,True,True,3,8,238.4,2.7,4.7,93.3,0,True
Bad Bunny - Vete,midshift+1.5s/cold,-1000,-1006,-1506,0,13000,1,4,True,True,True,4,8,282.0,3.2,5.6,85.9,1,False
Bad Bunny - Vete,midshift+1.5s/seeded_correct,-1000,506,6,6,13000,0,5,False,True,True,7,8,252.3,3.8,6.0,85.1,1,True
Bad Bunny - Vete,midshift+1.5s/seeded_wrong_2s,-1000,507,7,8,13000,0,5,False,True,True,7,8,249.8,3.8,6.1,78.3,1,True
Bad Bunny - Vete,midshift-1.5s/cold,-1000,-1007,1493,1484,13000,0,2,True,True,True,7,8,246.3,3.3,5.7,24.2,2,False
Bad Bunny - Vete,midshift-1.5s/seeded_correct,-1000,-1000,1500,0,13000,1,3,False,True,True,7,8,235.6,3.2,5.6,74.3,2,False
Bad Bunny - Vete,midshift-1.5s/seeded_wrong_2s,-1000,-1000,1500,1500,,1,3,False,True,True,7,8,234.7,3.3,5.4,24.2,2,False
"Bad Bunny, Mora - HIBIKI",off0/cold,-1025,-1023,2,2,40750,0,2,False,True,True,3,8,287.6,3.0,5.2,80.5,0,True
"Bad Bunny, Mora - HIBIKI",off0/seeded_correct,-1025,-1027,-2,0,80000,0,3,False,True,True,4,8,290.0,3.0,5.5,65.0,1,True
"Bad Bunny, Mora - HIBIKI",off0/seeded_wrong_2s,-1025,-1027,-2,0,80000,0,3,False,True,True,4,8,295.0,3.2,5.4,61.7,1,True
"Bad Bunny, Mora - HIBIKI",off+200/cold,-825,-829,-4,0,40750,0,2,False,True,True,3,8,288.1,3.1,5.2,80.5,0,True
"Bad Bunny, Mora - HIBIKI",off+200/seeded_correct,-825,-831,-6,0,80000,0,3,False,True,True,4,8,291.1,3.1,5.4,65.0,1,True
"Bad Bunny, Mora - HIBIKI",off+200/seeded_wrong_2s,-825,-831,-6,0,80000,0,3,False,True,True,4,8,292.8,3.2,5.3,61.6,1,True
"Bad Bunny, Mora - HIBIKI",off-200/cold,-1225,-1227,-2,0,80000,0,3,False,True,True,4,8,296.9,3.1,5.5,61.7,1,True
"Bad Bunny, Mora - HIBIKI",off-200/seeded_correct,-1225,-1226,-1,0,80000,0,3,False,True,True,4,8,297.0,3.0,5.5,65.8,1,True
"Bad Bunny, Mora - HIBIKI",off-200/seeded_wrong_2s,-1225,-1227,-2,0,80000,0,3,False,True,True,4,8,292.0,3.1,5.4,61.7,1,True
"Bad Bunny, Mora - HIBIKI",off+2s/cold,975,971,-4,0,40750,0,2,False,True,True,3,8,283.2,3.1,5.2,80.3,0,True
"Bad Bunny, Mora - HIBIKI",off+2s/seeded_correct,975,969,-6,0,78000,0,3,False,True,True,4,8,290.0,3.2,5.4,64.9,1,True
"Bad Bunny, Mora - HIBIKI",off+2s/seeded_wrong_2s,975,969,-6,0,78000,0,3,False,True,True,4,8,293.4,3.1,5.4,62.3,1,True
"Bad Bunny, Mora - HIBIKI",off-2s/cold,-3025,,,1025,,0,0,False,True,False,8,8,151.5,4.9,9.5,0.0,0,False
"Bad Bunny, Mora - HIBIKI",off-2s/seeded_correct,-3025,-3025,0,1025,,0,0,False,True,False,8,8,151.5,4.7,9.6,4.7,0,True
"Bad Bunny, Mora - HIBIKI",off-2s/seeded_wrong_2s,-3025,-1025,2000,1025,,0,0,False,True,False,8,8,150.4,4.7,9.7,0.0,0,False
"Bad Bunny, Mora - HIBIKI",off+10s/cold,8975,8968,-7,0,40750,0,3,False,False,True,5,8,240.5,3.6,5.5,79.5,0,True
"Bad Bunny, Mora - HIBIKI",off+10s/second_play,8975,8976,1,1018,,0,6,False,True,False,8,8,123.7,5.0,10.7,1.3,0,True
"Bad Bunny, Mora - HIBIKI",off+10s/seeded_correct,8975,8974,-1,1025,,0,6,False,True,False,8,8,128.4,5.1,11.0,1.3,0,True
"Bad Bunny, Mora - HIBIKI",off+10s/seeded_wrong_2s,8975,8974,-1,1025,,0,5,False,True,False,8,8,125.0,5.1,10.7,0.0,0,True
"Bad Bunny, Mora - HIBIKI",off-10s/cold,-11025,,,11025,,0,0,False,False,False,8,8,171.3,4.5,8.9,0.0,0,False
"Bad Bunny, Mora - HIBIKI",off-10s/second_play,-11025,,,11025,,0,0,False,False,False,8,8,170.7,4.4,8.9,0.0,0,False
"Bad Bunny, Mora - HIBIKI",off-10s/seeded_correct,-11025,-11025,0,1025,,0,0,False,True,False,8,8,161.8,4.6,9.9,8.0,0,True
"Bad Bunny, Mora - HIBIKI",off-10s/seeded_wrong_2s,-11025,-9025,2000,1025,,0,0,False,True,False,8,8,164.6,4.7,9.2,0.0,0,False
"Bad Bunny, Mora - HIBIKI",off+25s/cold,23975,23968,-7,0,40750,0,3,False,False,True,5,8,227.5,4.0,5.7,77.8,0,True
"Bad Bunny, Mora - HIBIKI",off+25s/second_play,23975,23973,-2,-7,2500,0,2,False,True,True,1,8,271.7,3.2,5.4,100.0,0,True
"Bad Bunny, Mora - HIBIKI",off+25s/seeded_correct,23975,23975,0,0,2500,0,2,False,True,True,1,8,271.4,3.2,5.4,100.0,0,True
"Bad Bunny, Mora - HIBIKI",off+25s/seeded_wrong_2s,23975,23975,0,0,2500,0,2,False,True,True,1,8,272.8,3.2,5.3,98.6,0,True
"Bad Bunny, Mora - HIBIKI",off-25s/cold,-26025,,,26025,,0,0,False,False,False,8,8,183.3,4.6,8.2,0.0,0,False
"Bad Bunny, Mora - HIBIKI",off-25s/second_play,-26025,,,26025,,0,0,False,False,False,8,8,184.4,4.6,8.2,0.0,0,False
"Bad Bunny, Mora - HIBIKI",off-25s/seeded_correct,-26025,-26025,0,0,,0,0,False,False,False,8,8,179.3,4.5,8.2,100.0,0,True
"Bad Bunny, Mora - HIBIKI",off-25s/seeded_wrong_2s,-26025,-24025,2000,2000,,0,0,False,False,False,8,8,178.1,4.5,8.4,0.0,0,False
"Bad Bunny, Mora - HIBIKI",noise0/cold,-1025,-1022,3,3,40750,0,2,False,True,True,3,8,266.0,2.8,4.9,80.5,0,True
"Bad Bunny, Mora - HIBIKI",noise0/seeded_correct,-1025,-1027,-2,0,80000,0,3,False,True,True,4,8,277.5,2.8,5.0,65.0,1,True
"Bad Bunny, Mora - HIBIKI",noise0/seeded_wrong_2s,-1025,-1027,-2,0,80000,0,3,False,True,True,4,8,270.9,2.8,5.0,61.7,1,True
"Bad Bunny, Mora - HIBIKI",noise-2s/cold,-3025,,,1025,,0,0,False,True,False,8,8,139.4,4.3,8.6,0.0,0,False
"Bad Bunny, Mora - HIBIKI",noise-2s/seeded_correct,-3025,-3025,0,1025,,0,0,False,True,False,8,8,137.6,4.5,8.6,4.7,0,True
"Bad Bunny, Mora - HIBIKI",noise-2s/seeded_wrong_2s,-3025,-1025,2000,1025,,0,0,False,True,False,8,8,137.5,4.4,8.7,0.0,0,False
"Bad Bunny, Mora - HIBIKI",cutin5s/cold,3975,3969,-6,-25,4000,0,2,False,True,True,1,8,273.1,2.9,5.0,98.0,0,True
"Bad Bunny, Mora - HIBIKI",cutin5s/second_play,3975,3974,-1,-6,4000,0,2,False,True,True,1,8,271.9,2.9,5.1,100.0,0,True
"Bad Bunny, Mora - HIBIKI",cutin5s/seeded_correct,3975,3970,-5,-25,4000,0,2,False,True,True,1,8,271.3,2.9,5.0,100.0,0,True
"Bad Bunny, Mora - HIBIKI",cutin5s/seeded_wrong_2s,3975,3969,-6,-25,4000,0,2,False,True,True,1,8,271.2,2.9,5.0,98.0,0,True
"Bad Bunny, Mora - HIBIKI",cutin15s/cold,13975,13975,0,0,4000,0,2,False,True,True,1,8,223.4,2.5,4.2,97.9,0,True
"Bad Bunny, Mora - HIBIKI",cutin15s/second_play,13975,13975,0,0,4000,0,2,False,True,True,1,8,221.6,2.5,4.2,100.0,0,True
"Bad Bunny, Mora - HIBIKI",cutin15s/seeded_correct,13975,13975,0,0,4000,0,2,False,True,True,1,8,222.7,2.5,4.2,100.0,0,True
"Bad Bunny, Mora - HIBIKI",cutin15s/seeded_wrong_2s,13975,13975,0,0,4000,0,2,False,True,True,1,8,221.3,2.5,4.1,97.9,0,True
"Bad Bunny, Mora - HIBIKI",cutin25s/cold,23975,23968,-7,0,4000,0,3,False,True,True,3,8,224.7,3.0,4.7,97.8,0,True
"Bad Bunny, Mora - HIBIKI",cutin25s/second_play,23975,23970,-5,-4,4000,0,3,False,True,True,3,8,221.5,3.0,4.5,100.0,0,True
"Bad Bunny, Mora - HIBIKI",cutin25s/seeded_correct,23975,23969,-6,-4,4000,0,3,False,True,True,3,8,218.5,2.9,4.5,100.0,0,True
"Bad Bunny, Mora - HIBIKI",cutin25s/seeded_wrong_2s,23975,23968,-7,0,4000,0,3,False,True,True,3,8,218.7,2.9,4.4,97.8,0,True
"Bad Bunny, Mora - HIBIKI",blend8s/cold,-1025,-1024,1,0,13000,0,2,False,True,True,1,8,293.8,2.8,5.3,93.8,0,True
"Bad Bunny, Mora - HIBIKI",blend8s/seeded_correct,-1025,-1025,0,0,13000,0,2,False,True,True,1,8,289.6,2.8,5.3,100.0,0,True
"Bad Bunny, Mora - HIBIKI",blend8s/seeded_wrong_2s,-1025,-1024,1,0,13000,0,2,False,True,True,1,8,291.5,2.7,5.4,93.8,0,True
"Bad Bunny, Mora - HIBIKI",midshift+1.5s/cold,-1025,475,0,0,40750,0,3,False,True,True,8,8,207.2,2.8,10.7,70.7,1,True
"Bad Bunny, Mora - HIBIKI",midshift+1.5s/seeded_correct,-1025,475,0,0,111750,0,2,False,True,True,8,8,228.6,2.7,9.6,49.5,1,True
"Bad Bunny, Mora - HIBIKI",midshift+1.5s/seeded_wrong_2s,-1025,475,0,0,111750,0,2,False,True,True,8,8,227.0,2.7,9.7,46.1,1,True
"Bad Bunny, Mora - HIBIKI",midshift-1.5s/cold,-1025,-2525,0,0,40750,0,3,False,True,True,8,8,212.9,3.2,9.5,70.2,1,True
"Bad Bunny, Mora - HIBIKI",midshift-1.5s/seeded_correct,-1025,-1021,1504,1502,,3,4,False,True,True,9,8,209.7,5.1,11.4,3.3,2,False
"Bad Bunny, Mora - HIBIKI",midshift-1.5s/seeded_wrong_2s,-1025,-2525,0,0,184000,0,2,False,True,True,9,8,209.9,5.1,11.8,12.5,2,True
Bad Bunny - DtMF,off0/cold,-975,-972,3,0,90250,0,7,True,True,True,12,11,291.3,5.2,8.4,62.2,1,True
Bad Bunny - DtMF,off0/seeded_correct,-975,-969,6,0,90250,0,6,False,True,True,12,11,291.8,5.1,8.5,65.1,1,True
Bad Bunny - DtMF,off0/seeded_wrong_2s,-975,-969,6,0,90250,0,5,False,True,True,12,11,288.3,5.2,8.7,62.2,1,True
Bad Bunny - DtMF,off+200/cold,-775,-775,0,-1,36275,0,2,True,True,True,4,11,396.4,3.5,6.3,84.8,0,True
Bad Bunny - DtMF,off+200/seeded_correct,-775,-770,5,0,90250,0,6,False,True,False,11,11,284.4,5.3,8.9,67.0,0,True
Bad Bunny - DtMF,off+200/seeded_wrong_2s,-775,-769,6,0,90250,0,6,False,True,False,11,11,282.2,5.3,8.6,62.1,0,True
Bad Bunny - DtMF,off-200/cold,-1175,-1165,10,19,36275,0,2,True,True,True,4,11,398.0,3.6,6.3,84.8,0,True
Bad Bunny - DtMF,off-200/seeded_correct,-1175,-1169,6,0,90250,0,4,False,True,False,11,11,288.6,5.4,8.8,67.0,0,True
Bad Bunny - DtMF,off-200/seeded_wrong_2s,-1175,-1168,7,0,90250,0,4,False,True,False,11,11,290.1,5.3,9.0,62.2,0,True
Bad Bunny - DtMF,off+2s/cold,1025,1025,0,0,36275,0,2,True,True,True,4,11,397.9,3.6,6.5,84.7,0,True
Bad Bunny - DtMF,off+2s/seeded_correct,1025,1030,5,0,90250,0,6,False,True,False,11,11,286.1,5.4,9.3,66.1,0,True
Bad Bunny - DtMF,off+2s/seeded_wrong_2s,1025,1031,6,0,90250,0,6,False,True,False,11,11,288.0,5.5,9.2,61.8,0,True
Bad Bunny - DtMF,off-2s/cold,-2975,-2956,19,19,36275,0,1,True,True,True,4,11,403.8,3.5,6.2,84.9,0,True
Bad Bunny - DtMF,off-2s/seeded_correct,-2975,-2970,5,0,90250,0,4,False,True,False,11,11,290.7,5.4,8.5,67.9,0,True
Bad Bunny - DtMF,off-2s/seeded_wrong_2s,-2975,-2970,5,0,90250,0,2,False,True,False,11,11,292.5,5.3,8.1,62.5,0,True
Bad Bunny - DtMF,off+10s/cold,9025,9032,7,-9025,,0,4,False,False,False,11,11,296.6,5.2,9.0,0.0,0,True
Bad Bunny - DtMF,off+10s/second_play,9025,9029,4,0,90250,0,6,False,True,False,11,11,268.9,5.7,10.3,61.6,0,True
Bad Bunny - DtMF,off+10s/seeded_correct,9025,9030,5,0,90250,0,6,False,True,False,11,11,269.1,5.7,10.4,61.6,0,True
Bad Bunny - DtMF,off+10s/seeded_wrong_2s,9025,9031,6,0,90250,0,6,False,True,False,11,11,269.2,5.7,10.2,60.5,0,True
Bad Bunny - DtMF,off-10s/cold,-10975,,,10975,,0,0,False,False,False,11,11,309.9,5.1,7.7,0.0,0,False
Bad Bunny - DtMF,off-10s/second_play,-10975,,,10975,,0,0,False,False,False,11,11,309.4,5.0,7.8,0.0,0,False
Bad Bunny - DtMF,off-10s/seeded_correct,-10975,-10975,0,0,168000,0,0,False,True,False,12,11,313.7,5.2,8.9,41.2,1,True
Bad Bunny - DtMF,off-10s/seeded_wrong_2s,-10975,-8975,2000,0,168000,0,0,False,True,False,12,11,317.3,5.3,9.3,32.4,1,False
Bad Bunny - DtMF,off+25s/cold,24025,24032,7,-24025,,0,4,False,False,False,11,11,276.7,5.5,10.6,0.0,0,True
Bad Bunny - DtMF,off+25s/second_play,24025,24028,3,6,2500,0,2,False,True,True,1,11,377.5,4.0,6.2,100.0,0,True
Bad Bunny - DtMF,off+25s/seeded_correct,24025,24026,1,0,2500,0,1,False,True,True,1,11,372.9,3.8,6.5,100.0,0,True
Bad Bunny - DtMF,off+25s/seeded_wrong_2s,24025,24026,1,0,2500,0,1,False,True,True,2,11,376.1,3.9,6.6,98.8,0,True
Bad Bunny - DtMF,off-25s/cold,-25975,,,25975,,0,0,False,False,False,11,11,346.0,5.8,8.8,0.0,0,False
Bad Bunny - DtMF,off-25s/second_play,-25975,,,25975,,0,0,False,False,False,11,11,319.2,5.3,7.2,0.0,0,False
Bad Bunny - DtMF,off-25s/seeded_correct,-25975,-25975,0,0,,0,0,False,False,False,11,11,317.5,5.3,7.4,100.0,0,True
Bad Bunny - DtMF,off-25s/seeded_wrong_2s,-25975,-23975,2000,2000,,0,0,False,False,False,11,11,316.3,5.1,7.1,0.0,0,False
Bad Bunny - DtMF,noise0/cold,-975,-972,3,0,90250,0,7,True,True,True,12,11,268.6,4.7,7.8,62.2,1,True
Bad Bunny - DtMF,noise0/seeded_correct,-975,-969,6,0,90250,0,6,False,True,True,12,11,265.1,4.8,8.0,65.1,1,True
Bad Bunny - DtMF,noise0/seeded_wrong_2s,-975,-969,6,0,90250,0,5,False,True,True,12,11,266.5,4.8,7.7,62.2,1,True
Bad Bunny - DtMF,noise-2s/cold,-2975,-2967,8,975,,0,4,True,True,True,13,11,280.0,4.7,9.0,0.0,2,True
Bad Bunny - DtMF,noise-2s/seeded_correct,-2975,-2973,2,0,124000,0,3,False,True,True,9,11,310.7,4.1,6.8,52.6,1,True
Bad Bunny - DtMF,noise-2s/seeded_wrong_2s,-2975,-2969,6,0,168000,0,3,False,True,True,12,11,269.9,4.8,9.0,30.1,1,True
Bad Bunny - DtMF,cutin5s/cold,4025,4024,-1,-3,36275,0,2,True,True,True,4,11,369.8,3.4,6.2,84.5,0,True
Bad Bunny - DtMF,cutin5s/second_play,4025,4031,6,0,90250,0,6,False,True,False,11,11,259.0,5.3,8.7,64.3,0,True
Bad Bunny - DtMF,cutin5s/seeded_correct,4025,4030,5,0,90250,0,6,False,True,False,11,11,261.6,5.2,9.1,64.3,0,True
Bad Bunny - DtMF,cutin5s/seeded_wrong_2s,4025,4031,6,0,90250,0,6,False,True,False,11,11,257.7,5.3,8.9,61.3,0,True
Bad Bunny - DtMF,cutin15s/cold,14025,14029,4,0,5500,0,5,False,True,False,11,11,204.9,4.5,8.1,97.5,0,True
Bad Bunny - DtMF,cutin15s/second_play,14025,14027,2,3,5500,0,3,False,True,True,5,11,267.5,3.6,5.2,100.0,0,True
Bad Bunny - DtMF,cutin15s/seeded_correct,14025,14029,4,0,5500,0,5,False,True,False,11,11,197.0,4.7,7.5,100.0,0,True
Bad Bunny - DtMF,cutin15s/seeded_wrong_2s,14025,14029,4,0,5500,0,5,False,True,False,11,11,197.0,4.6,7.5,97.5,0,True
Bad Bunny - DtMF,cutin25s/cold,24025,24026,1,0,4000,0,3,False,True,True,5,11,276.4,4.0,5.7,98.1,0,True
Bad Bunny - DtMF,cutin25s/second_play,24025,24026,1,1,4000,0,3,False,True,True,5,11,277.4,4.0,6.0,100.0,0,True
Bad Bunny - DtMF,cutin25s/seeded_correct,24025,24026,1,0,4000,0,4,False,True,True,5,11,271.1,3.9,5.7,100.0,0,True
Bad Bunny - DtMF,cutin25s/seeded_wrong_2s,24025,24026,1,0,4000,0,3,False,True,True,5,11,270.1,3.9,5.8,98.1,0,True
Bad Bunny - DtMF,blend8s/cold,-975,-976,-1,-3,36275,0,2,True,True,True,4,11,397.9,3.6,6.7,84.8,0,True
Bad Bunny - DtMF,blend8s/seeded_correct,-975,-970,5,0,90250,0,5,False,True,False,11,11,288.4,5.5,8.9,65.1,0,True
Bad Bunny - DtMF,blend8s/seeded_wrong_2s,-975,-969,6,0,90250,0,6,False,True,False,11,11,290.1,5.4,8.8,62.2,0,True
Bad Bunny - DtMF,midshift+1.5s/cold,-975,535,10,0,90250,0,5,True,True,True,12,11,361.5,7.0,10.4,61.9,1,True
Bad Bunny - DtMF,midshift+1.5s/seeded_correct,-975,535,10,0,90250,0,4,False,True,True,12,11,349.9,6.5,10.4,64.9,1,True
Bad Bunny - DtMF,midshift+1.5s/seeded_wrong_2s,-975,536,11,0,90250,0,4,False,True,True,12,11,347.5,6.6,10.9,61.9,1,True
Bad Bunny - DtMF,midshift-1.5s/cold,-975,-975,1500,2475,,0,3,True,True,True,13,11,330.4,5.7,10.5,0.0,2,False
Bad Bunny - DtMF,midshift-1.5s/seeded_correct,-975,-2475,0,0,105000,0,2,False,True,True,12,11,314.6,5.7,9.0,59.2,1,True
Bad Bunny - DtMF,midshift-1.5s/seeded_wrong_2s,-975,-973,1502,2475,,0,1,False,True,True,13,11,326.8,6.0,10.8,0.0,2,False
Bad Bunny - EL CLúB,off0/cold,2375,2361,-14,0,93750,0,3,False,True,True,5,8,303.4,4.3,6.5,96.8,0,True
Bad Bunny - EL CLúB,off0/seeded_correct,2375,2363,-12,0,93750,0,3,False,True,True,5,8,296.4,4.2,6.0,100.0,0,True
Bad Bunny - EL CLúB,off0/seeded_wrong_2s,2375,2361,-14,0,93750,0,3,False,True,True,5,8,291.7,4.0,6.1,96.8,0,True
Bad Bunny - EL CLúB,off+200/cold,2575,2576,1,0,93750,0,4,True,True,True,5,8,305.1,4.3,6.2,96.8,0,True
Bad Bunny - EL CLúB,off+200/seeded_correct,2575,2563,-12,0,93750,0,3,False,True,True,5,8,299.2,4.1,6.2,100.0,0,True
Bad Bunny - EL CLúB,off+200/seeded_wrong_2s,2575,2561,-14,0,93750,0,3,False,True,True,5,8,303.5,4.2,6.3,96.8,0,True
Bad Bunny - EL CLúB,off-200/cold,2175,2167,-8,-6,41700,0,4,True,True,True,5,8,312.3,4.3,6.3,96.8,0,True
Bad Bunny - EL CLúB,off-200/seeded_correct,2175,2163,-12,0,93750,0,3,False,True,True,5,8,308.9,4.2,6.2,100.0,0,True
Bad Bunny - EL CLúB,off-200/seeded_wrong_2s,2175,2161,-14,0,93750,0,3,False,True,True,5,8,312.7,4.2,6.3,96.8,0,True
Bad Bunny - EL CLúB,off+2s/cold,4375,4381,6,0,93750,0,3,True,False,True,5,8,320.4,4.0,6.2,57.0,0,True
Bad Bunny - EL CLúB,off+2s/seeded_correct,4375,4363,-12,0,93750,0,3,False,True,True,5,8,300.5,4.3,6.2,100.0,0,True
Bad Bunny - EL CLúB,off+2s/seeded_wrong_2s,4375,4361,-14,0,93750,0,3,False,True,True,5,8,297.8,4.3,6.1,97.5,0,True
Bad Bunny - EL CLúB,off-2s/cold,375,367,-8,-6,41700,0,4,True,True,True,5,8,311.6,4.2,6.4,95.5,0,True
Bad Bunny - EL CLúB,off-2s/seeded_correct,375,363,-12,0,93750,0,3,False,True,True,5,8,306.7,4.0,6.1,100.0,0,True
Bad Bunny - EL CLúB,off-2s/seeded_wrong_2s,375,361,-14,0,93750,0,3,False,True,True,5,8,302.5,4.1,6.3,95.5,0,True
Bad Bunny - EL CLúB,off+10s/cold,12375,12371,-4,0,93750,0,3,False,False,True,6,8,306.1,4.2,6.2,55.3,0,True
Bad Bunny - EL CLúB,off+10s/second_play,12375,12373,-2,-4,5500,0,5,False,True,True,5,8,290.7,4.3,6.1,100.0,0,True
Bad Bunny - EL CLúB,off+10s/seeded_correct,12375,12373,-2,0,7000,0,4,False,True,True,5,8,294.4,4.3,6.3,100.0,0,True
Bad Bunny - EL CLúB,off+10s/seeded_wrong_2s,12375,12373,-2,0,7000,0,3,False,True,True,5,8,291.4,4.2,6.2,96.7,0,True
Bad Bunny - EL CLúB,off-10s/cold,-7625,0,7625,7625,,1,1,False,False,False,10,8,330.0,4.3,7.5,0.0,2,False
Bad Bunny - EL CLúB,off-10s/second_play,-7625,0,7625,7625,,1,1,False,False,False,10,8,323.0,4.2,7.4,0.0,2,False
Bad Bunny - EL CLúB,off-10s/seeded_correct,-7625,-7625,0,0,122000,0,1,False,True,False,9,8,310.7,4.4,7.3,100.0,1,True
Bad Bunny - EL CLúB,off-10s/seeded_wrong_2s,-7625,-7625,0,0,122000,0,1,False,True,False,9,8,312.6,4.6,7.6,92.4,1,True
Bad Bunny - EL CLúB,off+25s/cold,27375,27371,-4,0,93750,0,3,False,False,True,6,8,311.6,4.4,8.6,51.9,0,True
Bad Bunny - EL CLúB,off+25s/second_play,27375,27373,-2,-4,2500,0,1,False,True,True,2,8,335.0,3.9,6.1,100.0,0,True
Bad Bunny - EL CLúB,off+25s/seeded_correct,27375,27374,-1,0,2500,0,1,False,True,True,2,8,333.6,3.9,6.0,100.0,0,True
Bad Bunny - EL CLúB,off+25s/seeded_wrong_2s,27375,27373,-2,0,2500,0,1,False,True,True,2,8,332.0,3.8,6.0,98.7,0,True
Bad Bunny - EL CLúB,off-25s/cold,-22625,,,22625,,0,0,False,False,False,8,8,317.0,4.4,6.4,0.0,0,False
Bad Bunny - EL CLúB,off-25s/second_play,-22625,,,22625,,0,0,False,False,False,8,8,323.8,4.4,6.7,0.0,0,False
Bad Bunny - EL CLúB,off-25s/seeded_correct,-22625,-22625,0,0,,0,0,False,False,False,8,8,315.1,4.3,6.4,100.0,0,True
Bad Bunny - EL CLúB,off-25s/seeded_wrong_2s,-22625,-20625,2000,2000,,0,0,False,False,False,8,8,319.0,4.3,6.7,0.0,0,False
Bad Bunny - EL CLúB,noise0/cold,2375,2361,-14,0,93750,0,3,False,True,True,5,8,260.3,3.6,5.3,96.8,0,True
Bad Bunny - EL CLúB,noise0/seeded_correct,2375,2363,-12,0,93750,0,3,False,True,True,5,8,259.2,3.6,5.4,100.0,0,True
Bad Bunny - EL CLúB,noise0/seeded_wrong_2s,2375,2361,-14,0,93750,0,3,False,True,True,5,8,257.7,3.5,5.2,96.8,0,True
Bad Bunny - EL CLúB,noise-2s/cold,375,367,-8,-6,41700,0,4,True,True,True,5,8,262.2,3.5,5.4,95.5,0,True
Bad Bunny - EL CLúB,noise-2s/seeded_correct,375,363,-12,0,93750,0,3,False,True,True,5,8,259.7,3.5,5.3,100.0,0,True
Bad Bunny - EL CLúB,noise-2s/seeded_wrong_2s,375,361,-14,0,93750,0,3,False,True,True,5,8,259.3,3.4,5.4,95.5,0,True
Bad Bunny - EL CLúB,cutin5s/cold,7375,7368,-7,0,4000,0,4,False,True,True,5,8,266.5,4.0,5.6,98.1,0,True
Bad Bunny - EL CLúB,cutin5s/second_play,7375,7373,-2,-8,4000,0,5,False,True,False,8,8,252.0,4.1,7.0,100.0,0,True
Bad Bunny - EL CLúB,cutin5s/seeded_correct,7375,7369,-6,0,4000,0,3,False,True,True,5,8,264.3,3.9,5.6,100.0,0,True
Bad Bunny - EL CLúB,cutin5s/seeded_wrong_2s,7375,7368,-7,0,4000,0,4,False,True,True,5,8,265.1,3.8,5.8,98.1,0,True
Bad Bunny - EL CLúB,cutin15s/cold,17375,17373,-2,0,4000,0,4,False,True,True,5,8,213.9,3.4,4.6,98.0,0,True
Bad Bunny - EL CLúB,cutin15s/second_play,17375,17373,-2,-2,4000,0,6,False,True,True,5,8,213.8,3.4,4.7,100.0,0,True
Bad Bunny - EL CLúB,cutin15s/seeded_correct,17375,17373,-2,0,4000,0,4,False,True,True,5,8,210.2,3.4,4.6,100.0,0,True
Bad Bunny - EL CLúB,cutin15s/seeded_wrong_2s,17375,17373,-2,0,4000,0,4,False,True,True,5,8,210.3,3.3,4.7,98.0,0,True
Bad Bunny - EL CLúB,cutin25s/cold,27375,27372,-3,0,7000,0,3,False,True,True,5,8,219.6,3.7,5.2,96.4,0,True
Bad Bunny - EL CLúB,cutin25s/second_play,27375,27372,-3,-3,7000,0,3,False,True,True,5,8,214.3,3.7,5.1,100.0,0,True
Bad Bunny - EL CLúB,cutin25s/seeded_correct,27375,27372,-3,0,7000,0,3,False,True,True,5,8,214.8,3.7,5.2,100.0,0,True
Bad Bunny - EL CLúB,cutin25s/seeded_wrong_2s,27375,27372,-3,0,7000,0,3,False,True,True,5,8,215.7,3.6,5.2,96.4,0,True
Bad Bunny - EL CLúB,blend8s/cold,2375,2373,-2,0,22000,0,3,False,True,True,5,8,285.5,3.5,5.5,90.0,0,True
Bad Bunny - EL CLúB,blend8s/seeded_correct,2375,2373,-2,0,22000,0,4,False,True,True,5,8,286.0,3.5,5.7,100.0,0,True
Bad Bunny - EL CLúB,blend8s/seeded_wrong_2s,2375,2373,-2,0,22000,0,3,False,True,True,5,8,286.1,3.3,5.7,90.0,0,True
Bad Bunny - EL CLúB,midshift+1.5s/cold,2375,3875,0,0,120000,1,3,False,True,True,6,8,345.8,4.5,7.0,69.3,1,True
Bad Bunny - EL CLúB,midshift+1.5s/seeded_correct,2375,3875,0,0,120000,1,3,False,True,True,6,8,335.0,4.5,6.9,72.5,1,True
Bad Bunny - EL CLúB,midshift+1.5s/seeded_wrong_2s,2375,3875,0,0,120000,1,3,False,True,True,6,8,340.0,4.7,7.2,69.3,1,True
Bad Bunny - EL CLúB,midshift-1.5s/cold,2375,2362,1487,0,93750,1,3,False,True,True,5,8,300.2,4.1,6.1,81.6,0,False
Bad Bunny - EL CLúB,midshift-1.5s/seeded_correct,2375,2364,1489,0,93750,1,3,False,True,True,5,8,299.0,4.0,6.3,84.8,0,False
Bad Bunny - EL CLúB,midshift-1.5s/seeded_wrong_2s,2375,2362,1487,0,93750,1,3,False,True,True,5,8,295.4,4.0,6.1,81.6,0,False
Bad Bunny - HOY COBRÉ,off0/cold,-450,-426,24,25,34000,1,4,True,True,True,4,5,170.8,2.9,4.5,78.9,1,True
Bad Bunny - HOY COBRÉ,off0/seeded_correct,-450,0,450,25,34000,2,2,False,True,True,4,5,167.9,2.8,4.3,83.3,1,False
Bad Bunny - HOY COBRÉ,off0/seeded_wrong_2s,-450,0,450,450,,1,1,False,True,True,5,5,174.2,2.9,4.5,0.0,2,False
Bad Bunny - HOY COBRÉ,off+200/cold,-250,-226,24,25,34000,1,4,True,True,True,4,5,174.8,2.9,4.6,83.2,1,True
Bad Bunny - HOY COBRÉ,off+200/seeded_correct,-250,200,450,25,34000,2,2,False,True,True,4,5,170.1,2.8,4.3,83.2,1,False
Bad Bunny - HOY COBRÉ,off+200/seeded_wrong_2s,-250,200,450,450,,1,1,False,True,True,5,5,177.7,2.9,4.5,0.0,2,False
Bad Bunny - HOY COBRÉ,off-200/cold,-650,-628,22,25,34000,1,4,True,True,True,4,5,184.9,3.0,5.4,78.9,1,True
Bad Bunny - HOY COBRÉ,off-200/seeded_correct,-650,-200,450,25,34000,2,2,False,True,True,4,5,168.9,2.8,4.3,84.2,1,False
Bad Bunny - HOY COBRÉ,off-200/seeded_wrong_2s,-650,-624,26,25,82000,1,3,False,True,True,5,5,174.8,2.8,4.2,49.2,2,True
Bad Bunny - HOY COBRÉ,off+2s/cold,1550,1575,25,25,32000,1,5,True,True,True,5,5,175.1,3.0,4.5,79.9,1,True
Bad Bunny - HOY COBRÉ,off+2s/seeded_correct,1550,1574,24,25,32000,1,3,False,True,True,5,5,171.1,2.9,4.4,83.4,1,True
Bad Bunny - HOY COBRÉ,off+2s/seeded_wrong_2s,1550,1575,25,25,64500,1,3,False,True,True,5,5,169.8,3.0,4.4,59.5,1,True
Bad Bunny - HOY COBRÉ,off-2s/cold,-2450,-2428,22,25,70000,1,4,True,True,True,5,5,185.1,2.9,4.7,57.1,2,True
Bad Bunny - HOY COBRÉ,off-2s/seeded_correct,-2450,-2000,450,25,36000,2,2,False,True,True,4,5,174.1,2.8,4.6,84.1,1,False
Bad Bunny - HOY COBRÉ,off-2s/seeded_wrong_2s,-2450,-2000,450,25,70000,2,3,False,True,True,5,5,179.8,2.8,4.3,57.1,2,False
Bad Bunny - HOY COBRÉ,off+10s/cold,9550,2951,-6599,-9550,,2,2,False,False,False,5,5,188.1,3.1,4.4,0.0,0,False
Bad Bunny - HOY COBRÉ,off+10s/second_play,9550,9575,25,25,82000,1,2,False,False,False,7,5,196.0,3.0,4.6,45.8,2,True
Bad Bunny - HOY COBRÉ,off+10s/seeded_correct,9550,9574,24,25,32000,1,3,False,True,True,5,5,163.6,3.2,4.3,81.5,1,True
Bad Bunny - HOY COBRÉ,off+10s/seeded_wrong_2s,9550,9575,25,25,64500,1,3,False,True,True,5,5,162.7,3.1,4.3,57.3,1,True
Bad Bunny - HOY COBRÉ,off-10s/cold,-10450,,,10450,,0,0,False,False,False,5,5,185.8,2.8,4.4,0.0,0,False
Bad Bunny - HOY COBRÉ,off-10s/second_play,-10450,,,10450,,0,0,False,False,False,5,5,185.4,2.9,4.2,0.0,0,False
Bad Bunny - HOY COBRÉ,off-10s/seeded_correct,-10450,-10425,25,25,78000,0,1,False,True,False,6,5,180.3,2.8,4.8,64.7,1,True
Bad Bunny - HOY COBRÉ,off-10s/seeded_wrong_2s,-10450,-10425,25,25,78000,0,1,False,True,False,6,5,179.2,2.6,4.4,54.4,1,True
Bad Bunny - HOY COBRÉ,off+25s/cold,24550,24577,27,25,44250,0,3,False,False,True,5,5,201.4,3.4,5.5,67.5,0,True
Bad Bunny - HOY COBRÉ,off+25s/second_play,24550,24997,447,25,44000,1,1,False,True,True,3,5,160.7,3.5,4.5,69.5,1,False
Bad Bunny - HOY COBRÉ,off+25s/seeded_correct,24550,24997,447,25,44000,1,1,False,True,True,3,5,159.9,3.2,4.7,69.5,1,False
Bad Bunny - HOY COBRÉ,off+25s/seeded_wrong_2s,24550,25000,450,25,44000,1,1,False,True,True,3,5,156.1,3.2,4.7,67.7,1,False
Bad Bunny - HOY COBRÉ,off-25s/cold,-25450,,,25450,,0,0,False,False,False,5,5,186.1,2.7,4.5,0.0,0,False
Bad Bunny - HOY COBRÉ,off-25s/second_play,-25450,,,25450,,0,0,False,False,False,5,5,186.6,2.8,4.4,0.0,0,False
Bad Bunny - HOY COBRÉ,off-25s/seeded_correct,-25450,-25450,0,0,,0,0,False,False,False,5,5,179.4,2.5,4.4,100.0,0,True
Bad Bunny - HOY COBRÉ,off-25s/seeded_wrong_2s,-25450,-23450,2000,2000,,0,0,False,False,False,5,5,179.2,2.5,4.3,0.0,0,False
Bad Bunny - HOY COBRÉ,noise0/cold,-450,-426,24,25,34000,1,4,True,True,True,4,5,151.7,2.5,3.7,78.9,1,True
Bad Bunny - HOY COBRÉ,noise0/seeded_correct,-450,0,450,25,34000,2,2,False,True,True,4,5,147.1,2.5,3.6,83.3,1,False
Bad Bunny - HOY COBRÉ,noise0/seeded_wrong_2s,-450,0,450,450,,1,1,False,True,True,5,5,154.1,2.6,3.7,0.0,2,False
Bad Bunny - HOY COBRÉ,noise-2s/cold,-2450,-2428,22,25,70000,0,3,True,True,True,6,5,161.5,2.6,3.8,57.1,2,True
Bad Bunny - HOY COBRÉ,noise-2s/seeded_correct,-2450,-2000,450,25,36000,2,2,False,True,True,4,5,151.1,2.4,3.8,84.1,1,False
Bad Bunny - HOY COBRÉ,noise-2s/seeded_wrong_2s,-2450,-2425,25,25,70000,0,2,False,True,True,6,5,157.0,2.5,3.7,57.1,2,True
Bad Bunny - HOY COBRÉ,cutin5s/cold,4550,4573,23,25,44250,1,5,True,True,True,5,5,153.8,2.6,4.0,71.7,1,True
Bad Bunny - HOY COBRÉ,cutin5s/second_play,4550,4573,23,25,32000,1,3,False,True,True,5,5,150.0,2.6,3.7,85.0,1,True
Bad Bunny - HOY COBRÉ,cutin5s/seeded_correct,4550,4573,23,25,32000,1,3,False,True,True,5,5,148.4,2.6,3.7,85.0,1,True
Bad Bunny - HOY COBRÉ,cutin5s/seeded_wrong_2s,4550,4573,23,25,64500,1,3,False,True,True,5,5,149.2,2.7,3.7,58.7,1,True
Bad Bunny - HOY COBRÉ,cutin15s/cold,14550,14581,31,25,36000,1,4,False,True,True,4,5,126.7,2.5,3.6,75.4,1,True
Bad Bunny - HOY COBRÉ,cutin15s/second_play,14550,14576,26,25,32000,1,5,False,True,True,5,5,124.4,2.5,3.3,80.9,1,True
Bad Bunny - HOY COBRÉ,cutin15s/seeded_correct,14550,14580,30,25,36000,1,4,False,True,True,4,5,123.8,2.4,3.4,78.1,1,True
Bad Bunny - HOY COBRÉ,cutin15s/seeded_wrong_2s,14550,14581,31,25,36000,1,4,False,True,True,4,5,123.5,2.4,3.4,75.4,1,True
Bad Bunny - HOY COBRÉ,cutin25s/cold,24550,24569,19,25,44250,0,3,False,False,True,5,5,154.5,2.7,4.0,67.5,0,True
Bad Bunny - HOY COBRÉ,cutin25s/second_play,24550,24572,22,25,32250,0,3,False,False,False,5,5,127.9,2.3,3.3,100.0,0,True
Bad Bunny - HOY COBRÉ,cutin25s/seeded_correct,24550,24570,20,25,32250,0,3,False,False,True,5,5,129.5,2.3,3.3,100.0,0,True
Bad Bunny - HOY COBRÉ,cutin25s/seeded_wrong_2s,24550,24566,16,25,39750,0,2,False,False,True,4,5,140.2,2.1,3.2,70.8,0,True
Bad Bunny - HOY COBRÉ,blend8s/cold,-450,-426,24,25,34000,1,4,True,True,True,4,5,160.9,2.6,3.8,78.9,1,True
Bad Bunny - HOY COBRÉ,blend8s/seeded_correct,-450,0,450,25,34000,2,2,False,True,True,4,5,157.3,2.5,3.9,87.9,1,False
Bad Bunny - HOY COBRÉ,blend8s/seeded_wrong_2s,-450,-425,25,25,64500,0,2,False,True,False,5,5,153.4,2.9,3.9,60.0,0,True
Bad Bunny - HOY COBRÉ,midshift+1.5s/cold,-450,1073,23,25,34000,1,4,True,True,True,5,5,180.5,3.0,4.6,72.5,2,True
Bad Bunny - HOY COBRÉ,midshift+1.5s/seeded_correct,-450,0,-1050,25,34000,2,2,False,True,True,5,5,173.3,2.8,4.7,76.8,2,False
Bad Bunny - HOY COBRÉ,midshift+1.5s/seeded_wrong_2s,-450,0,-1050,25,70000,2,3,False,True,True,5,5,172.7,2.8,4.7,56.2,2,False
Bad Bunny - HOY COBRÉ,midshift-1.5s/cold,-450,-1927,23,25,34000,1,5,True,True,True,5,5,174.4,2.9,4.2,73.0,2,True
Bad Bunny - HOY COBRÉ,midshift-1.5s/seeded_correct,-450,0,1950,1950,,2,2,False,True,True,5,5,166.0,2.7,4.0,20.3,2,False
Bad Bunny - HOY COBRÉ,midshift-1.5s/seeded_wrong_2s,-450,0,1950,1950,,2,2,False,True,True,5,5,166.3,2.7,4.0,0.0,2,False
Bad Bunny - Si Estuviésemos Juntos,off0/cold,1844,1788,-56,-44,5500,0,3,False,True,True,3,13,184.1,2.4,4.0,96.7,0,True
Bad Bunny - Si Estuviésemos Juntos,off0/seeded_correct,1844,1791,-53,-44,5500,0,3,False,True,True,3,13,181.9,2.4,3.9,100.0,0,True
Bad Bunny - Si Estuviésemos Juntos,off0/seeded_wrong_2s,1844,1789,-55,-44,5500,0,3,False,True,True,3,13,183.1,2.4,3.9,96.7,0,True
Bad Bunny - Si Estuviésemos Juntos,off+200/cold,2044,1988,-56,-44,5500,0,3,False,True,True,3,13,184.3,2.4,3.9,96.7,0,True
Bad Bunny - Si Estuviésemos Juntos,off+200/seeded_correct,2044,1991,-53,-44,5500,0,3,False,True,True,3,13,183.3,2.3,4.0,100.0,0,True
Bad Bunny - Si Estuviésemos Juntos,off+200/seeded_wrong_2s,2044,1989,-55,-44,5500,0,3,False,True,True,3,13,183.5,2.4,3.9,96.7,0,True
Bad Bunny - Si Estuviésemos Juntos,off-200/cold,1644,1588,-56,-44,5500,0,3,False,True,True,3,13,183.6,2.4,3.9,96.7,0,True
Bad Bunny - Si Estuviésemos Juntos,off-200/seeded_correct,1644,1591,-53,-44,5500,0,3,False,True,True,3,13,182.9,2.3,3.9,100.0,0,True
Bad Bunny - Si Estuviésemos Juntos,off-200/seeded_wrong_2s,1644,1589,-55,-44,5500,0,3,False,True,True,3,13,182.6,2.4,4.0,96.7,0,True
Bad Bunny - Si Estuviésemos Juntos,off+2s/cold,3844,3832,-12,-19,58500,0,3,False,False,True,10,13,159.0,3.2,6.1,64.7,0,True
Bad Bunny - Si Estuviésemos Juntos,off+2s/seeded_correct,3844,3791,-53,-44,4000,0,3,False,True,True,3,13,182.2,2.4,3.9,100.0,0,True
Bad Bunny - Si Estuviésemos Juntos,off+2s/seeded_wrong_2s,3844,3789,-55,-44,4000,0,3,False,True,True,3,13,180.5,2.3,3.9,97.6,0,True
Bad Bunny - Si Estuviésemos Juntos,off-2s/cold,-156,-179,-23,6,8500,0,6,False,True,True,7,13,171.3,2.8,5.1,100.0,1,True
Bad Bunny - Si Estuviésemos Juntos,off-2s/seeded_correct,-156,-166,-10,6,8500,0,6,False,True,True,7,13,166.0,2.8,4.3,100.0,1,True
Bad Bunny - Si Estuviésemos Juntos,off-2s/seeded_wrong_2s,-156,-167,-11,6,8500,0,6,False,True,True,7,13,166.8,2.8,4.4,95.0,1,True
Bad Bunny - Si Estuviésemos Juntos,off+10s/cold,11844,11837,-7,6,104000,2,5,False,False,True,11,13,145.3,3.5,6.6,34.0,0,True
Bad Bunny - Si Estuviésemos Juntos,off+10s/second_play,11844,11814,-30,-19,2500,0,3,False,True,True,3,13,183.0,2.5,4.0,100.0,1,True
Bad Bunny - Si Estuviésemos Juntos,off+10s/seeded_correct,11844,11800,-44,-50,2500,0,2,False,True,True,2,13,179.2,2.5,4.0,100.0,0,True
Bad Bunny - Si Estuviésemos Juntos,off+10s/seeded_wrong_2s,11844,11799,-45,-50,2500,0,2,False,True,True,2,13,179.4,2.5,4.1,98.4,0,True
Bad Bunny - Si Estuviésemos Juntos,off-10s/cold,-8156,3000,11156,33481,,1,1,False,False,True,14,13,173.0,3.8,7.9,0.0,2,False
Bad Bunny - Si Estuviésemos Juntos,off-10s/second_play,-8156,2992,11148,33481,,3,3,False,False,False,15,13,152.0,3.6,8.0,0.0,2,False
Bad Bunny - Si Estuviésemos Juntos,off-10s/seeded_correct,-8156,2999,11155,-100,16000,1,1,False,True,False,15,13,154.6,3.7,8.3,100.0,2,False
Bad Bunny - Si Estuviésemos Juntos,off-10s/seeded_wrong_2s,-8156,2999,11155,-100,16000,1,1,False,True,False,15,13,154.9,3.7,8.4,91.0,2,False
Bad Bunny - Si Estuviésemos Juntos,off+25s/cold,26844,26799,-45,-44,27500,0,3,False,False,True,4,13,191.6,2.8,4.1,80.7,0,True
Bad Bunny - Si Estuviésemos Juntos,off+25s/second_play,26844,26799,-45,-45,2500,0,1,False,True,True,1,13,176.4,2.6,4.1,100.0,0,True
Bad Bunny - Si Estuviésemos Juntos,off+25s/seeded_correct,26844,26837,-7,6,2500,0,3,False,True,True,3,13,175.9,2.6,4.2,100.0,1,True
Bad Bunny - Si Estuviésemos Juntos,off+25s/seeded_wrong_2s,26844,26836,-8,6,2500,0,3,False,True,True,4,13,176.8,2.7,4.2,98.2,1,True
Bad Bunny - Si Estuviésemos Juntos,off-25s/cold,-23156,-848,22308,22308,,2,2,False,False,True,15,13,171.1,3.7,7.4,0.0,2,False
Bad Bunny - Si Estuviésemos Juntos,off-25s/second_play,-23156,-848,22308,22308,,2,2,False,False,True,15,13,167.1,3.6,7.1,0.0,2,False
Bad Bunny - Si Estuviésemos Juntos,off-25s/seeded_correct,-23156,-850,22306,22306,,1,1,False,False,True,15,13,167.8,3.7,7.6,70.9,2,False
Bad Bunny - Si Estuviésemos Juntos,off-25s/seeded_wrong_2s,-23156,-850,22306,22306,,1,1,False,False,True,15,13,167.2,3.6,7.2,0.0,2,False
Bad Bunny - Si Estuviésemos Juntos,noise0/cold,1844,1788,-56,-44,5500,0,3,False,True,True,3,13,173.1,2.2,3.7,96.7,0,True
Bad Bunny - Si Estuviésemos Juntos,noise0/seeded_correct,1844,1790,-54,-44,5500,0,3,False,True,True,3,13,172.5,2.2,3.7,100.0,0,True
Bad Bunny - Si Estuviésemos Juntos,noise0/seeded_wrong_2s,1844,1789,-55,-44,5500,0,3,False,True,True,3,13,172.2,2.2,3.7,96.7,0,True
Bad Bunny - Si Estuviésemos Juntos,noise-2s/cold,-156,-179,-23,6,8500,0,6,False,True,True,7,13,162.8,2.6,5.0,100.0,1,True
Bad Bunny - Si Estuviésemos Juntos,noise-2s/seeded_correct,-156,-166,-10,6,8500,0,6,False,True,True,7,13,156.9,2.6,4.1,100.0,1,True
Bad Bunny - Si Estuviésemos Juntos,noise-2s/seeded_wrong_2s,-156,-167,-11,6,8500,0,6,False,True,True,7,13,157.2,2.6,4.1,95.0,1,True
Bad Bunny - Si Estuviésemos Juntos,cutin5s/cold,6844,6822,-22,-19,4000,0,9,False,True,True,9,13,151.5,3.0,5.8,97.5,1,True
Bad Bunny - Si Estuviésemos Juntos,cutin5s/second_play,6844,6835,-9,6,4000,0,8,False,True,True,9,13,146.1,3.0,4.7,100.0,1,True
Bad Bunny - Si Estuviésemos Juntos,cutin5s/seeded_correct,6844,6835,-9,6,4000,0,9,False,True,True,9,13,145.2,3.0,4.7,100.0,1,True
Bad Bunny - Si Estuviésemos Juntos,cutin5s/seeded_wrong_2s,6844,6834,-10,6,4000,0,9,False,True,True,9,13,144.9,3.0,4.8,97.5,1,True
Bad Bunny - Si Estuviésemos Juntos,cutin15s/cold,16844,16800,-44,-44,4000,0,2,False,True,True,3,13,148.2,2.2,3.4,97.4,0,True
Bad Bunny - Si Estuviésemos Juntos,cutin15s/second_play,16844,16800,-44,-44,4000,0,2,False,True,True,3,13,146.4,2.1,3.4,100.0,0,True
Bad Bunny - Si Estuviésemos Juntos,cutin15s/seeded_correct,16844,16800,-44,-50,4000,0,3,False,True,True,3,13,146.6,2.1,3.4,100.0,0,True
Bad Bunny - Si Estuviésemos Juntos,cutin15s/seeded_wrong_2s,16844,16799,-45,-50,4000,0,2,False,True,True,3,13,145.7,2.1,3.3,97.4,0,True
Bad Bunny - Si Estuviésemos Juntos,cutin25s/cold,26844,26800,-44,-44,4000,0,2,False,True,True,4,13,138.7,2.3,3.4,97.2,0,True
Bad Bunny - Si Estuviésemos Juntos,cutin25s/second_play,26844,26800,-44,-44,4000,0,2,False,True,True,4,13,135.3,2.2,3.4,100.0,0,True
Bad Bunny - Si Estuviésemos Juntos,cutin25s/seeded_correct,26844,26835,-9,6,4000,0,3,False,True,True,6,13,139.0,2.2,3.8,100.0,1,True
Bad Bunny - Si Estuviésemos Juntos,cutin25s/seeded_wrong_2s,26844,26833,-11,6,4000,0,3,False,True,True,6,13,138.5,2.2,3.7,97.2,1,True
Bad Bunny - Si Estuviésemos Juntos,blend8s/cold,1844,1799,-45,-44,21000,0,2,False,False,True,3,13,192.3,2.1,4.0,87.5,0,True
Bad Bunny - Si Estuviésemos Juntos,blend8s/seeded_correct,1844,1801,-43,-44,16000,0,2,False,False,True,3,13,188.4,2.1,4.0,100.0,0,True
Bad Bunny - Si Estuviésemos Juntos,blend8s/seeded_wrong_2s,1844,1801,-43,-44,27500,0,2,False,False,True,3,13,190.2,2.2,4.0,83.6,0,True
Bad Bunny - Si Estuviésemos Juntos,midshift+1.5s/cold,1844,3332,-12,6,5500,0,4,False,True,True,7,13,184.3,3.1,5.3,70.2,1,True
Bad Bunny - Si Estuviésemos Juntos,midshift+1.5s/seeded_correct,1844,3341,-3,6,5500,0,4,False,True,True,7,13,178.7,3.2,5.0,86.2,1,True
Bad Bunny - Si Estuviésemos Juntos,midshift+1.5s/seeded_wrong_2s,1844,3344,0,6,5500,0,4,False,True,True,7,13,180.3,3.0,5.7,82.8,1,True
Bad Bunny - Si Estuviésemos Juntos,midshift-1.5s/cold,1844,333,-11,6,5500,0,5,False,True,True,8,13,174.3,3.1,6.3,70.7,1,True
Bad Bunny - Si Estuviésemos Juntos,midshift-1.5s/seeded_correct,1844,343,-1,6,5500,0,5,False,True,True,8,13,169.0,3.1,5.3,81.4,1,True
Bad Bunny - Si Estuviésemos Juntos,midshift-1.5s/seeded_wrong_2s,1844,363,19,6,5500,0,5,False,True,True,8,13,170.0,3.1,5.4,70.7,1,True
