stem,scenario,expected_offset_ms,final_stored_offset_ms,final_stored_error_ms,engine_final_error_ms,time_to_first_correct_lock_ms,wrong_lock_events,n_saves,anchor_matched,progressive_matched,locked_via_stop,windows_evaluated,windows_planned,cpu_ms_total,cpu_ms_p50,cpu_ms_p95,engine_correct_time_pct,monitor_recoveries,correct
Bad Bunny - EoO,off0/cold,-1075,-1041,34,25,16000,0,2,True,True,True,2,21,803.6,2.4,4.0,92.2,0,True
Bad Bunny - EoO,off0/seeded_correct,-1075,-1061,14,25,16000,0,1,False,True,True,2,21,234.2,2.4,4.0,100.0,0,True
Bad Bunny - EoO,off0/seeded_wrong_2s,-1075,-1057,18,25,16000,0,1,False,True,True,2,21,236.1,2.3,4.0,92.2,0,True
Bad Bunny - EoO,off+200/cold,-875,-846,29,0,14500,0,3,True,True,True,1,21,235.2,2.3,4.1,92.9,0,True
Bad Bunny - EoO,off+200/seeded_correct,-875,-872,3,0,14500,0,2,False,True,True,1,21,236.6,2.3,4.1,100.0,0,True
Bad Bunny - EoO,off+200/seeded_wrong_2s,-875,-872,3,0,14500,0,2,False,True,True,1,21,232.8,2.3,4.0,92.9,0,True
Bad Bunny - EoO,off-200/cold,-1275,-1244,31,25,16000,0,2,True,True,True,2,21,236.2,2.3,4.0,92.2,0,True
Bad Bunny - EoO,off-200/seeded_correct,-1275,-1265,10,25,16000,0,1,False,True,True,2,21,235.9,2.3,4.0,100.0,0,True
Bad Bunny - EoO,off-200/seeded_wrong_2s,-1275,-1262,13,25,16000,0,1,False,True,True,2,21,235.3,2.3,4.0,92.2,0,True
Bad Bunny - EoO,off+2s/cold,925,954,29,0,13000,0,3,True,True,True,1,21,231.8,2.3,4.0,93.6,0,True
Bad Bunny - EoO,off+2s/seeded_correct,925,927,2,0,13000,0,2,False,True,True,1,21,232.0,2.4,4.0,100.0,0,True
Bad Bunny - EoO,off+2s/seeded_wrong_2s,925,928,3,0,13000,0,2,False,True,True,1,21,233.8,2.4,4.0,93.6,0,True
Bad Bunny - EoO,off-2s/cold,-3075,-3044,31,0,17500,0,2,True,True,True,3,21,240.6,2.3,4.2,91.5,0,True
Bad Bunny - EoO,off-2s/seeded_correct,-3075,-3074,1,0,17500,0,1,False,True,True,3,21,238.8,2.3,4.2,100.0,0,True
Bad Bunny - EoO,off-2s/seeded_wrong_2s,-3075,-3073,2,0,17500,0,1,False,True,True,3,21,238.5,2.4,4.0,91.5,0,True
Bad Bunny - EoO,off+10s/cold,8925,8925,0,0,77250,0,1,False,False,False,21,21,202.9,3.9,8.8,60.4,0,True
Bad Bunny - EoO,off+10s/second_play,8925,8928,3,0,5500,0,2,False,True,True,1,21,228.8,2.6,4.1,100.0,0,True
Bad Bunny - EoO,off+10s/seeded_correct,8925,8927,2,0,5500,0,2,False,True,True,1,21,228.7,2.5,4.1,100.0,0,True
Bad Bunny - EoO,off+10s/seeded_wrong_2s,8925,8928,3,0,5500,0,2,False,True,True,1,21,229.0,2.6,4.2,97.2,0,True
Bad Bunny - EoO,off-10s/cold,-11075,7775,18850,18850,,1,1,False,False,False,23,21,227.5,3.9,8.4,0.0,2,False
Bad Bunny - EoO,off-10s/second_play,-11075,7775,18850,18850,,1,1,False,False,False,23,21,223.4,3.8,8.5,0.0,2,False
Bad Bunny - EoO,off-10s/seeded_correct,-11075,7775,18850,0,25000,1,1,False,True,False,21,21,205.6,3.8,8.2,100.0,0,False
Bad Bunny - EoO,off-10s/seeded_wrong_2s,-11075,7775,18850,0,25000,1,1,False,True,False,21,21,205.8,3.9,7.9,88.4,0,False
Bad Bunny - EoO,off+25s/cold,23925,23926,1,0,77250,0,4,False,False,True,10,21,251.1,3.1,5.6,57.1,0,True
Bad Bunny - EoO,off+25s/second_play,23925,23929,4,5,2500,0,2,False,True,True,1,21,216.9,2.8,4.1,100.0,0,True
Bad Bunny - EoO,off+25s/seeded_correct,23925,23927,2,0,2500,0,2,False,True,True,1,21,215.7,2.7,4.1,100.0,0,True
Bad Bunny - EoO,off+25s/seeded_wrong_2s,23925,23928,3,0,2500,0,2,False,True,True,1,21,215.4,2.7,4.1,98.6,0,True
Bad Bunny - EoO,off-25s/cold,-26075,11575,37650,37650,,1,1,False,False,False,23,21,229.8,3.9,7.8,0.0,2,False
Bad Bunny - EoO,off-25s/second_play,-26075,11575,37650,37650,,1,1,False,False,False,23,21,228.0,3.8,7.9,0.0,2,False
Bad Bunny - EoO,off-25s/seeded_correct,-26075,11575,37650,37650,,1,1,False,False,False,23,21,224.6,3.8,7.8,74.7,2,False
Bad Bunny - EoO,off-25s/seeded_wrong_2s,-26075,11575,37650,37650,,1,1,False,False,False,23,21,226.7,3.8,8.0,0.0,2,False
Bad Bunny - EoO,noise0/cold,-1075,-1041,34,25,8500,0,2,True,True,True,2,21,230.8,2.4,4.0,95.9,0,True
Bad Bunny - EoO,noise0/seeded_correct,-1075,-1060,15,25,8500,0,1,False,True,True,2,21,230.9,2.4,4.1,100.0,0,True
Bad Bunny - EoO,noise0/seeded_wrong_2s,-1075,-1057,18,25,8500,0,1,False,True,True,2,21,231.3,2.4,4.1,95.9,0,True
Bad Bunny - EoO,noise-2s/cold,-3075,-3044,31,25,11500,0,1,True,True,True,3,21,234.3,2.4,4.0,94.4,0,True
Bad Bunny - EoO,noise-2s/seeded_correct,-3075,-3064,11,25,11500,0,1,False,True,True,3,21,232.6,2.4,4.1,100.0,0,True
Bad Bunny - EoO,noise-2s/seeded_wrong_2s,-3075,-1075,2000,25,11500,0,0,False,True,True,3,21,231.8,2.4,4.0,94.4,0,False
Bad Bunny - EoO,cutin5s/cold,3925,3930,5,0,10000,0,3,True,True,True,1,21,221.0,2.4,4.1,95.0,0,True
Bad Bunny - EoO,cutin5s/second_play,3925,3929,4,5,10000,0,2,False,True,True,1,21,219.7,2.4,4.0,100.0,0,True
Bad Bunny - EoO,cutin5s/seeded_correct,3925,3927,2,0,10000,0,2,False,True,True,1,21,218.4,2.3,4.0,100.0,0,True
Bad Bunny - EoO,cutin5s/seeded_wrong_2s,3925,3927,2,0,10000,0,2,False,True,True,1,21,219.0,2.3,3.9,95.0,0,True
Bad Bunny - EoO,cutin15s/cold,13925,13938,13,25,4000,0,2,False,True,True,1,21,210.0,2.4,4.1,97.9,0,True
Bad Bunny - EoO,cutin15s/second_play,13925,13947,22,13,4000,0,2,False,True,True,1,21,205.0,2.4,4.0,100.0,0,True
Bad Bunny - EoO,cutin15s/seeded_correct,13925,13935,10,25,4000,0,2,False,True,True,1,21,204.0,2.3,3.9,100.0,0,True
Bad Bunny - EoO,cutin15s/seeded_wrong_2s,13925,13938,13,25,4000,0,2,False,True,True,1,21,204.7,2.4,3.9,97.9,0,True
Bad Bunny - EoO,cutin25s/cold,23925,23930,5,0,20500,0,2,False,True,True,2,21,218.2,2.5,3.8,88.6,0,True
Bad Bunny - EoO,cutin25s/second_play,23925,23929,4,5,4000,0,2,False,True,True,1,21,184.4,2.3,3.8,100.0,0,True
Bad Bunny - EoO,cutin25s/seeded_correct,23925,23928,3,0,17500,0,2,False,True,True,1,21,195.9,2.1,3.7,100.0,0,True
Bad Bunny - EoO,cutin25s/seeded_wrong_2s,23925,23930,5,0,16000,0,2,False,True,True,2,21,193.7,2.2,3.7,91.1,0,True
Bad Bunny - EoO,blend8s/cold,-1075,-1041,34,25,16000,0,2,True,True,True,2,21,250.6,2.5,4.3,92.2,0,True
Bad Bunny - EoO,blend8s/seeded_correct,-1075,-1061,14,25,16000,0,1,False,True,True,2,21,250.0,2.5,4.3,100.0,0,True
Bad Bunny - EoO,blend8s/seeded_wrong_2s,-1075,-1057,18,25,16000,0,1,False,True,True,2,21,250.8,2.5,4.3,92.2,0,True
Bad Bunny - EoO,midshift+1.5s/cold,-1075,454,29,0,16000,0,4,True,True,True,5,21,282.2,2.9,5.0,85.6,1,True
Bad Bunny - EoO,midshift+1.5s/seeded_correct,-1075,421,-4,0,16000,0,3,False,True,True,5,21,273.2,2.9,4.7,93.5,1,True
Bad Bunny - EoO,midshift+1.5s/seeded_wrong_2s,-1075,423,-2,0,16000,0,3,False,True,True,5,21,271.4,2.8,4.7,85.6,1,True
Bad Bunny - EoO,midshift-1.5s/cold,-1075,-2546,29,0,16000,0,4,True,True,True,6,21,226.4,3.1,4.8,83.9,1,True
Bad Bunny - EoO,midshift-1.5s/seeded_correct,-1075,-2582,-7,0,16000,0,4,False,True,True,6,21,224.7,3.2,4.8,91.6,1,True
Bad Bunny - EoO,midshift-1.5s/seeded_wrong_2s,-1075,-2581,-6,0,16000,0,4,False,True,True,6,21,224.2,3.1,5.0,83.9,1,True
Bad Bunny - A Tu Merced,off0/cold,-1050,-1051,-1,-3,13000,0,3,True,True,True,1,10,190.2,2.2,3.8,92.6,0,True
Bad Bunny - A Tu Merced,off0/seeded_correct,-1050,-1051,-1,0,13000,0,2,False,True,True,1,10,188.1,2.2,3.8,100.0,0,True
Bad Bunny - A Tu Merced,off0/seeded_wrong_2s,-1050,-1051,-1,0,13000,0,2,False,True,True,1,10,188.5,2.2,3.8,92.6,0,True
Bad Bunny - A Tu Merced,off+200/cold,-850,-851,-1,-1,11500,0,3,True,True,True,1,10,188.7,2.2,3.8,93.5,0,True
Bad Bunny - A Tu Merced,off+200/seeded_correct,-850,-850,0,0,11500,0,2,False,True,True,1,10,189.7,2.2,3.9,100.0,0,True
Bad Bunny - A Tu Merced,off+200/seeded_wrong_2s,-850,-850,0,0,11500,0,2,False,True,True,1,10,189.1,2.2,3.7,93.5,0,True
Bad Bunny - A Tu Merced,off-200/cold,-1250,-1252,-2,0,13000,0,3,True,True,True,1,10,188.8,2.2,3.8,92.6,0,True
Bad Bunny - A Tu Merced,off-200/seeded_correct,-1250,-1250,0,0,13000,0,2,False,True,True,1,10,190.6,2.2,4.1,100.0,0,True
Bad Bunny - A Tu Merced,off-200/seeded_wrong_2s,-1250,-1250,0,0,13000,0,2,False,True,True,1,10,186.9,2.2,3.7,92.6,0,True
Bad Bunny - A Tu Merced,off+2s/cold,950,950,0,0,10000,0,3,True,True,True,1,10,188.7,2.3,3.9,94.3,0,True
Bad Bunny - A Tu Merced,off+2s/seeded_correct,950,950,0,0,10000,0,2,False,True,True,1,10,186.2,2.3,3.8,100.0,0,True
Bad Bunny - A Tu Merced,off+2s/seeded_wrong_2s,950,950,0,0,10000,0,2,False,True,True,1,10,188.8,2.3,3.9,94.3,0,True
Bad Bunny - A Tu Merced,off-2s/cold,-3050,-3052,-2,0,14500,0,5,True,True,True,5,10,186.8,2.5,4.1,91.9,0,True
Bad Bunny - A Tu Merced,off-2s/seeded_correct,-3050,-3050,0,0,14500,0,2,False,True,True,5,10,183.8,2.4,3.8,100.0,0,True
Bad Bunny - A Tu Merced,off-2s/seeded_wrong_2s,-3050,-3050,0,0,14500,0,2,False,True,True,5,10,182.0,2.4,3.8,91.9,0,True
Bad Bunny - A Tu Merced,off+10s/cold,8950,8951,1,0,44250,0,3,False,False,True,5,10,204.0,2.6,3.8,73.4,0,True
Bad Bunny - A Tu Merced,off+10s/second_play,8950,8950,0,1,2500,0,2,False,True,True,1,10,179.4,2.5,3.8,100.0,0,True
Bad Bunny - A Tu Merced,off+10s/seeded_correct,8950,8950,0,0,2500,0,2,False,True,True,1,10,179.3,2.4,3.8,100.0,0,True
Bad Bunny - A Tu Merced,off+10s/seeded_wrong_2s,8950,8950,0,0,2500,0,2,False,True,True,1,10,178.4,2.4,3.8,98.5,0,True
Bad Bunny - A Tu Merced,off-10s/cold,-11050,,,31300,,0,0,False,False,False,10,10,171.2,3.1,5.7,0.0,0,False
Bad Bunny - A Tu Merced,off-10s/second_play,-11050,,,31300,,0,0,False,False,False,10,10,170.5,3.1,5.6,0.0,0,False
Bad Bunny - A Tu Merced,off-10s/seeded_correct,-11050,-11050,0,31300,,0,0,False,True,False,10,10,161.8,3.0,5.5,49.5,0,True
Bad Bunny - A Tu Merced,off-10s/seeded_wrong_2s,-11050,-9050,2000,31300,,0,0,False,True,False,10,10,164.7,3.0,5.7,37.7,0,False
Bad Bunny - A Tu Merced,off+25s/cold,23950,23951,1,0,44250,0,3,False,False,True,5,10,201.3,2.8,4.0,70.8,0,True
Bad Bunny - A Tu Merced,off+25s/second_play,23950,23950,0,1,2500,0,2,False,True,True,1,10,169.7,2.6,3.9,100.0,0,True
Bad Bunny - A Tu Merced,off+25s/seeded_correct,23950,23950,0,0,2500,0,2,False,True,True,1,10,171.0,2.5,3.9,100.0,0,True
Bad Bunny - A Tu Merced,off+25s/seeded_wrong_2s,23950,23950,0,0,2500,0,2,False,True,True,1,10,170.0,2.6,3.8,98.3,0,True
Bad Bunny - A Tu Merced,off-25s/cold,-26050,26125,52175,52175,,2,2,False,False,False,10,10,169.8,3.1,4.9,0.0,0,False
Bad Bunny - A Tu Merced,off-25s/second_play,-26050,26125,52175,52175,,2,2,False,False,False,10,10,168.0,3.1,5.1,0.0,0,False
Bad Bunny - A Tu Merced,off-25s/seeded_correct,-26050,26125,52175,52175,,2,2,False,False,False,10,10,167.7,3.0,5.0,45.8,0,False
Bad Bunny - A Tu Merced,off-25s/seeded_wrong_2s,-26050,26125,52175,52175,,2,2,False,False,False,10,10,166.4,3.0,4.9,0.0,0,False
Bad Bunny - A Tu Merced,noise0/cold,-1050,-1052,-2,-3,8500,0,3,True,True,True,1,10,181.8,2.2,3.7,95.2,0,True
Bad Bunny - A Tu Merced,noise0/seeded_correct,-1050,-1051,-1,0,8500,0,2,False,True,True,1,10,181.3,2.2,3.6,100.0,0,True
Bad Bunny - A Tu Merced,noise0/seeded_wrong_2s,-1050,-1050,0,0,8500,0,3,False,True,True,2,10,184.1,2.2,3.8,95.2,0,True
Bad Bunny - A Tu Merced,noise-2s/cold,-3050,-3053,-3,0,11500,0,2,True,True,True,2,10,184.1,2.2,3.6,93.6,0,True
Bad Bunny - A Tu Merced,noise-2s/seeded_correct,-3050,-3050,0,0,11500,0,1,False,True,True,2,10,184.7,2.2,3.6,100.0,0,True
Bad Bunny - A Tu Merced,noise-2s/seeded_wrong_2s,-3050,-3050,0,0,11500,0,2,False,True,True,3,10,184.6,2.3,3.6,93.6,0,True
Bad Bunny - A Tu Merced,cutin5s/cold,3950,3948,-2,0,7000,0,3,True,True,True,1,10,175.8,2.4,3.6,95.9,0,True
Bad Bunny - A Tu Merced,cutin5s/second_play,3950,3949,-1,-2,7000,0,2,False,True,True,1,10,173.2,2.2,3.6,100.0,0,True
Bad Bunny - A Tu Merced,cutin5s/seeded_correct,3950,3949,-1,0,7000,0,2,False,True,True,1,10,173.0,2.2,3.6,100.0,0,True
Bad Bunny - A Tu Merced,cutin5s/seeded_wrong_2s,3950,3949,-1,0,7000,0,2,False,True,True,1,10,173.6,2.2,3.7,95.9,0,True
Bad Bunny - A Tu Merced,cutin15s/cold,13950,13950,0,0,4000,0,2,False,True,True,1,10,151.9,2.2,3.4,97.5,0,True
Bad Bunny - A Tu Merced,cutin15s/second_play,13950,13950,0,0,4000,0,2,False,True,True,1,10,151.3,2.1,3.4,100.0,0,True
Bad Bunny - A Tu Merced,cutin15s/seeded_correct,13950,13950,0,0,4000,0,2,False,True,True,1,10,150.8,2.2,3.4,100.0,0,True
Bad Bunny - A Tu Merced,cutin15s/seeded_wrong_2s,13950,13950,0,0,4000,0,2,False,True,True,1,10,150.7,2.1,3.3,97.5,0,True
Bad Bunny - A Tu Merced,cutin25s/cold,23950,23952,2,0,4000,0,2,False,True,True,2,10,146.9,2.2,3.6,97.4,0,True
Bad Bunny - A Tu Merced,cutin25s/second_play,23950,23952,2,2,4000,0,2,False,True,True,2,10,141.8,2.2,3.4,100.0,0,True
Bad Bunny - A Tu Merced,cutin25s/seeded_correct,23950,23952,2,0,4000,0,2,False,True,True,2,10,142.7,2.1,3.5,100.0,0,True
Bad Bunny - A Tu Merced,cutin25s/seeded_wrong_2s,23950,23952,2,0,4000,0,2,False,True,True,2,10,141.5,2.2,3.4,97.4,0,True
Bad Bunny - A Tu Merced,blend8s/cold,-1050,-1052,-2,-3,22850,0,3,True,True,True,1,10,204.0,2.1,3.7,87.0,0,True
Bad Bunny - A Tu Merced,blend8s/seeded_correct,-1050,-1051,-1,0,25000,0,2,False,True,True,1,10,203.8,2.1,3.8,100.0,0,True
Bad Bunny - A Tu Merced,blend8s/seeded_wrong_2s,-1050,-1050,0,0,25000,0,3,False,True,True,2,10,203.5,2.1,3.8,85.8,0,True
Bad Bunny - A Tu Merced,midshift+1.5s/cold,-1050,453,3,0,13000,0,5,True,True,True,4,10,194.5,2.7,4.5,78.0,1,True
Bad Bunny - A Tu Merced,midshift+1.5s/seeded_correct,-1050,452,2,0,13000,0,3,False,True,True,4,10,191.7,2.9,4.2,81.6,1,True
Bad Bunny - A Tu Merced,midshift+1.5s/seeded_wrong_2s,-1050,455,5,7,13000,0,4,False,True,True,4,10,189.5,2.7,4.3,78.0,1,True
Bad Bunny - A Tu Merced,midshift-1.5s/cold,-1050,-1050,1500,0,13000,1,3,True,True,True,3,10,191.1,2.6,4.2,78.4,1,False
Bad Bunny - A Tu Merced,midshift-1.5s/seeded_correct,-1050,-1051,1499,1500,13000,0,1,False,True,True,7,10,184.2,3.0,5.2,33.7,2,False
Bad Bunny - A Tu Merced,midshift-1.5s/seeded_wrong_2s,-1050,-2542,8,8,13000,0,3,False,True,True,5,10,174.0,2.9,4.3,65.6,1,True
Bad Bunny - KLOuFRENS,off0/cold,-950,-952,-2,-3,42000,0,4,True,True,True,4,12,239.7,2.6,4.4,78.9,1,True
Bad Bunny - KLOuFRENS,off0/seeded_correct,-950,-951,-1,0,45000,0,3,False,True,True,4,12,237.5,2.7,4.5,80.9,1,True
Bad Bunny - KLOuFRENS,off0/seeded_wrong_2s,-950,-951,-1,0,42000,0,3,False,True,True,4,12,239.0,2.7,4.4,78.9,1,True
Bad Bunny - KLOuFRENS,off+200/cold,-750,-751,-1,0,42000,0,4,True,True,True,4,12,243.1,2.7,4.5,78.9,1,True
Bad Bunny - KLOuFRENS,off+200/seeded_correct,-750,-751,-1,0,45000,0,3,False,True,True,4,12,239.6,2.7,4.5,80.9,1,True
Bad Bunny - KLOuFRENS,off+200/seeded_wrong_2s,-750,-752,-2,0,42000,0,3,False,True,True,4,12,241.2,2.7,4.5,78.9,1,True
Bad Bunny - KLOuFRENS,off-200/cold,-1150,-1152,-2,0,42000,0,4,True,True,True,4,12,241.5,2.7,4.6,78.9,1,True
Bad Bunny - KLOuFRENS,off-200/seeded_correct,-1150,-1148,2,0,62500,0,3,False,True,True,5,12,233.1,2.9,4.6,72.9,1,True
Bad Bunny - KLOuFRENS,off-200/seeded_wrong_2s,-1150,-1147,3,0,42000,0,4,False,True,True,5,12,231.2,2.9,4.6,78.9,1,True
Bad Bunny - KLOuFRENS,off+2s/cold,1050,1050,0,0,42000,0,4,True,True,True,4,12,243.5,2.7,4.5,78.7,1,True
Bad Bunny - KLOuFRENS,off+2s/seeded_correct,1050,1049,-1,0,34000,0,4,False,True,True,4,12,239.2,2.8,4.5,85.5,1,True
Bad Bunny - KLOuFRENS,off+2s/seeded_wrong_2s,1050,1048,-2,0,42000,0,3,False,True,True,4,12,241.9,2.8,4.6,78.7,1,True
Bad Bunny - KLOuFRENS,off-2s/cold,-2950,-2953,-3,31300,,0,3,True,True,True,10,12,236.1,3.3,5.3,0.0,2,True
Bad Bunny - KLOuFRENS,off-2s/seeded_correct,-2950,-2952,-2,31300,,1,4,False,True,True,13,12,239.3,3.7,5.9,12.2,2,True
Bad Bunny - KLOuFRENS,off-2s/seeded_wrong_2s,-2950,-2950,0,0,118000,2,3,False,True,False,13,12,230.1,3.6,6.6,41.3,1,True
Bad Bunny - KLOuFRENS,off+10s/cold,9050,9047,-3,0,45000,0,5,False,False,True,8,12,252.5,3.1,4.8,76.2,0,True
Bad Bunny - KLOuFRENS,off+10s/second_play,9050,9049,-1,0,34000,0,3,False,True,True,3,12,237.7,2.8,4.5,83.3,1,True
Bad Bunny - KLOuFRENS,off+10s/seeded_correct,9050,9049,-1,0,34000,0,3,False,True,True,3,12,241.8,2.9,4.6,83.3,1,True
Bad Bunny - KLOuFRENS,off+10s/seeded_wrong_2s,9050,9048,-2,0,42000,0,3,False,True,True,4,12,234.8,2.9,4.4,77.8,1,True
Bad Bunny - KLOuFRENS,off-10s/cold,-10950,20352,31302,31300,,2,2,False,False,True,13,12,250.7,3.3,6.1,0.0,2,False
Bad Bunny - KLOuFRENS,off-10s/second_play,-10950,20351,31301,31302,,2,2,False,False,True,12,12,246.0,3.1,5.3,0.0,2,False
Bad Bunny - KLOuFRENS,off-10s/seeded_correct,-10950,-10950,0,0,114000,2,3,False,True,True,13,12,233.2,3.5,6.1,53.8,1,True
Bad Bunny - KLOuFRENS,off-10s/seeded_wrong_2s,-10950,-10950,0,0,114000,2,3,False,True,True,13,12,237.2,3.4,6.0,45.5,1,True
Bad Bunny - KLOuFRENS,off+25s/cold,24050,24048,-2,0,45000,0,3,False,False,True,5,12,248.1,3.2,4.7,74.1,0,True
Bad Bunny - KLOuFRENS,off+25s/second_play,24050,24049,-1,-2,4000,0,2,False,True,True,1,12,224.0,2.8,4.5,100.0,0,True
Bad Bunny - KLOuFRENS,off+25s/seeded_correct,24050,24050,0,0,4000,0,2,False,True,True,1,12,228.0,3.0,4.7,100.0,0,True
Bad Bunny - KLOuFRENS,off+25s/seeded_wrong_2s,24050,24050,0,0,4000,0,2,False,True,True,1,12,223.9,2.9,4.5,97.7,0,True
Bad Bunny - KLOuFRENS,off-25s/cold,-25950,5352,31302,31300,,2,2,False,False,True,13,12,245.7,3.3,5.5,0.0,2,False
Bad Bunny - KLOuFRENS,off-25s/second_play,-25950,5351,31301,31302,,2,2,False,False,True,12,12,245.8,3.1,5.0,0.0,2,False
Bad Bunny - KLOuFRENS,off-25s/seeded_correct,-25950,5351,31301,31300,,2,2,False,False,True,14,12,243.2,3.4,5.5,27.9,2,False
Bad Bunny - KLOuFRENS,off-25s/seeded_wrong_2s,-25950,5351,31301,31300,,2,2,False,False,True,14,12,244.8,3.5,5.7,0.0,2,False
Bad Bunny - KLOuFRENS,noise0/cold,-950,-952,-2,-3,42000,0,4,True,True,True,4,12,230.5,2.6,4.1,78.9,1,True
Bad Bunny - KLOuFRENS,noise0/seeded_correct,-950,-951,-1,0,45000,0,3,False,True,True,4,12,227.8,2.6,4.1,80.9,1,True
Bad Bunny - KLOuFRENS,noise0/seeded_wrong_2s,-950,-951,-1,0,42000,0,3,False,True,True,4,12,230.9,2.6,4.2,78.9,1,True
Bad Bunny - KLOuFRENS,noise-2s/cold,-2950,-2953,-3,31300,,0,3,True,True,True,10,12,226.5,3.2,5.1,0.0,2,True
Bad Bunny - KLOuFRENS,noise-2s/seeded_correct,-2950,28350,31300,31300,,2,3,False,True,True,12,12,215.8,3.3,6.1,5.0,2,False
Bad Bunny - KLOuFRENS,noise-2s/seeded_wrong_2s,-2950,-2950,0,0,118000,2,3,False,True,False,13,12,219.3,3.4,6.1,41.3,1,True
Bad Bunny - KLOuFRENS,cutin5s/cold,4050,4048,-2,-3,45000,0,4,True,True,True,4,12,228.7,2.7,4.4,76.8,0,True
Bad Bunny - KLOuFRENS,cutin5s/second_play,4050,4050,0,0,38500,0,4,False,True,True,4,12,225.3,2.8,4.3,82.2,0,True
Bad Bunny - KLOuFRENS,cutin5s/seeded_correct,4050,4049,-1,0,38500,0,3,False,True,True,4,12,226.7,2.7,4.3,82.2,0,True
Bad Bunny - KLOuFRENS,cutin5s/seeded_wrong_2s,4050,4049,-1,0,38500,0,3,False,True,True,4,12,227.6,2.8,4.4,80.2,0,True
Bad Bunny - KLOuFRENS,cutin15s/cold,14050,14050,0,0,4000,0,2,False,True,True,1,12,193.7,2.4,3.8,97.8,0,True
Bad Bunny - KLOuFRENS,cutin15s/second_play,14050,14050,0,0,4000,0,2,False,True,True,1,12,195.0,2.4,3.9,100.0,0,True
Bad Bunny - KLOuFRENS,cutin15s/seeded_correct,14050,14050,0,0,4000,0,2,False,True,True,1,12,193.2,2.4,3.8,100.0,0,True
Bad Bunny - KLOuFRENS,cutin15s/seeded_wrong_2s,14050,14050,0,0,4000,0,2,False,True,True,1,12,191.7,2.3,3.8,97.8,0,True
Bad Bunny - KLOuFRENS,cutin25s/cold,24050,24051,1,0,4000,0,2,False,True,True,2,12,187.2,2.5,3.8,97.7,0,True
Bad Bunny - KLOuFRENS,cutin25s/second_play,24050,24051,1,1,4000,0,3,False,True,True,2,12,184.5,2.4,3.8,100.0,0,True
Bad Bunny - KLOuFRENS,cutin25s/seeded_correct,24050,24051,1,0,4000,0,3,False,True,True,2,12,183.4,2.5,3.9,100.0,0,True
Bad Bunny - KLOuFRENS,cutin25s/seeded_wrong_2s,24050,24051,1,0,4000,0,2,False,True,True,2,12,183.4,2.4,3.9,97.7,0,True
Bad Bunny - KLOuFRENS,blend8s/cold,-950,-952,-2,-3,38500,0,5,True,True,True,4,12,240.8,2.6,4.5,80.7,0,True
Bad Bunny - KLOuFRENS,blend8s/seeded_correct,-950,-951,-1,0,38500,0,3,False,True,True,4,12,237.3,2.8,4.3,85.7,0,True
Bad Bunny - KLOuFRENS,blend8s/seeded_wrong_2s,-950,-951,-1,0,38500,0,4,False,True,True,4,12,236.9,2.6,4.4,80.7,0,True
Bad Bunny - KLOuFRENS,midshift+1.5s/cold,-950,-950,-1500,20675,,3,5,True,True,True,5,12,273.9,2.9,5.2,9.1,2,False
Bad Bunny - KLOuFRENS,midshift+1.5s/seeded_correct,-950,547,-3,0,93750,1,5,False,True,True,7,12,257.7,3.4,5.7,63.7,2,True
Bad Bunny - KLOuFRENS,midshift+1.5s/seeded_wrong_2s,-950,550,0,0,93750,1,5,False,True,True,7,12,254.3,3.3,5.3,61.6,2,True
Bad Bunny - KLOuFRENS,midshift-1.5s/cold,-950,-953,1497,1300,,3,5,True,True,True,5,12,261.7,2.9,4.6,9.0,2,False
Bad Bunny - KLOuFRENS,midshift-1.5s/seeded_correct,-950,-1150,1300,1300,,1,3,False,True,True,10,12,244.9,3.5,6.2,11.0,2,False
Bad Bunny - KLOuFRENS,midshift-1.5s/seeded_wrong_2s,-950,-1150,1300,1300,,1,3,False,True,True,10,12,244.4,3.4,6.3,9.0,2,False
Bad Bunny - NADIE SABE,off0/cold,-1000,-1002,-2,1000,,3,5,True,True,True,3,8,920.5,4.8,9.6,0.0,2,True
Bad Bunny - NADIE SABE,off0/seeded_correct,-1000,-5,995,1000,,4,4,False,True,True,3,8,911.5,4.7,9.5,1.9,2,False
Bad Bunny - NADIE SABE,off0/seeded_wrong_2s,-1000,-5,995,1000,,4,4,False,True,True,3,8,915.8,4.6,9.8,0.0,2,False
Bad Bunny - NADIE SABE,off+200/cold,-800,-801,-1,1000,,3,5,True,True,True,3,8,930.8,4.8,9.8,0.0,2,True
Bad Bunny - NADIE SABE,off+200/seeded_correct,-800,195,995,1000,,4,4,False,True,True,3,8,935.9,4.7,9.6,1.9,2,False
Bad Bunny - NADIE SABE,off+200/seeded_wrong_2s,-800,195,995,1000,,4,4,False,True,True,3,8,933.7,4.9,10.0,0.0,2,False
Bad Bunny - NADIE SABE,off-200/cold,-1200,-1203,-3,-6,66875,3,5,True,True,True,3,8,926.4,4.6,9.9,82.3,2,True
Bad Bunny - NADIE SABE,off-200/seeded_correct,-1200,-205,995,1000,,4,4,False,True,True,3,8,924.8,4.6,9.7,3.0,2,False
Bad Bunny - NADIE SABE,off-200/seeded_wrong_2s,-1200,-205,995,1000,,4,4,False,True,True,3,8,921.8,4.8,9.6,0.0,2,False
Bad Bunny - NADIE SABE,off+2s/cold,1000,1000,0,1000,,3,5,True,True,True,3,8,920.8,4.8,9.7,0.0,2,True
Bad Bunny - NADIE SABE,off+2s/seeded_correct,1000,1995,995,1000,,4,4,False,True,True,3,8,924.1,4.7,9.6,2.7,2,False
Bad Bunny - NADIE SABE,off+2s/seeded_wrong_2s,1000,1995,995,1000,,4,4,False,True,True,3,8,924.1,4.7,9.7,0.0,2,False
Bad Bunny - NADIE SABE,off-2s/cold,-3000,-3003,-3,-6,66875,3,5,True,True,True,4,8,922.7,4.9,9.6,82.4,2,True
Bad Bunny - NADIE SABE,off-2s/seeded_correct,-3000,-2004,996,1000,,4,4,False,True,True,4,8,923.1,4.7,9.6,3.4,2,False
Bad Bunny - NADIE SABE,off-2s/seeded_wrong_2s,-3000,-2004,996,1000,,4,4,False,True,True,4,8,918.1,4.8,9.5,0.0,2,False
Bad Bunny - NADIE SABE,off+10s/cold,9000,9005,5,0,201500,0,3,False,False,True,7,8,283.2,8.9,12.9,45.1,0,True
Bad Bunny - NADIE SABE,off+10s/second_play,9000,8998,-2,0,41000,2,4,False,True,True,4,8,913.9,5.2,9.6,89.5,2,True
Bad Bunny - NADIE SABE,off+10s/seeded_correct,9000,8998,-2,0,32000,2,4,False,True,True,4,8,911.4,4.9,9.6,92.0,2,True
Bad Bunny - NADIE SABE,off+10s/seeded_wrong_2s,9000,8997,-3,0,32000,2,5,False,True,True,5,8,911.7,5.0,9.7,91.3,2,True
Bad Bunny - NADIE SABE,off-10s/cold,-11000,,,11000,,0,0,False,False,False,8,8,340.2,8.9,13.3,0.0,0,False
Bad Bunny - NADIE SABE,off-10s/second_play,-11000,,,11000,,0,0,False,False,False,8,8,340.8,9.0,13.6,0.0,0,False
Bad Bunny - NADIE SABE,off-10s/seeded_correct,-11000,-11000,0,0,338000,0,0,False,True,False,10,8,384.0,9.5,18.8,18.3,2,True
Bad Bunny - NADIE SABE,off-10s/seeded_wrong_2s,-11000,-9000,2000,0,338000,0,0,False,True,False,10,8,379.3,9.0,18.7,12.7,2,False
Bad Bunny - NADIE SABE,off+25s/cold,24000,23998,-2,0,41000,0,3,False,False,True,5,8,645.6,7.4,10.2,88.4,0,True
Bad Bunny - NADIE SABE,off+25s/second_play,24000,23999,-1,0,28000,1,3,False,True,True,3,8,896.9,5.3,9.7,92.8,1,True
Bad Bunny - NADIE SABE,off+25s/seeded_correct,24000,23998,-2,0,28000,1,3,False,True,True,3,8,895.8,5.3,9.6,92.8,1,True
Bad Bunny - NADIE SABE,off+25s/seeded_wrong_2s,24000,23997,-3,0,28000,1,4,False,True,True,4,8,899.3,5.4,9.9,92.0,1,True
Bad Bunny - NADIE SABE,off-25s/cold,-26000,,,26000,,0,0,False,False,False,8,8,387.0,8.9,14.1,0.0,0,False
Bad Bunny - NADIE SABE,off-25s/second_play,-26000,,,26000,,0,0,False,False,False,8,8,387.9,9.0,13.4,0.0,0,False
Bad Bunny - NADIE SABE,off-25s/seeded_correct,-26000,-26000,0,0,,0,0,False,False,False,8,8,383.8,8.9,12.9,100.0,0,True
Bad Bunny - NADIE SABE,off-25s/seeded_wrong_2s,-26000,-24000,2000,2000,,0,0,False,False,False,8,8,384.1,8.8,13.0,0.0,0,False
Bad Bunny - NADIE SABE,noise0/cold,-1000,-1001,-1,1000,,3,5,True,True,True,3,8,874.7,4.5,9.3,0.0,2,True
Bad Bunny - NADIE SABE,noise0/seeded_correct,-1000,-5,995,1000,,4,4,False,True,True,3,8,879.7,4.3,9.5,1.9,2,False
Bad Bunny - NADIE SABE,noise0/seeded_wrong_2s,-1000,-5,995,1000,,4,4,False,True,True,3,8,870.0,4.4,9.4,0.0,2,False
Bad Bunny - NADIE SABE,noise-2s/cold,-3000,-3003,-3,-6,66875,3,5,True,True,True,4,8,870.2,4.4,9.3,82.4,2,True
Bad Bunny - NADIE SABE,noise-2s/seeded_correct,-3000,-2005,995,1000,,4,4,False,True,True,4,8,869.1,4.4,9.4,2.6,2,False
Bad Bunny - NADIE SABE,noise-2s/seeded_wrong_2s,-3000,-2005,995,1000,,4,4,False,True,True,4,8,864.4,4.4,9.1,0.0,2,False
Bad Bunny - NADIE SABE,cutin5s/cold,4000,3999,-1,-3,66875,3,5,True,True,True,3,8,956.6,4.9,10.3,82.0,2,True
Bad Bunny - NADIE SABE,cutin5s/second_play,4000,4994,994,995,,4,4,False,True,True,3,8,953.3,5.0,10.2,1.5,2,False
Bad Bunny - NADIE SABE,cutin5s/seeded_correct,4000,4995,995,1000,,4,4,False,True,True,3,8,955.0,5.2,10.2,1.5,2,False
Bad Bunny - NADIE SABE,cutin5s/seeded_wrong_2s,4000,4996,996,1000,,4,4,False,True,True,3,8,957.4,5.0,10.4,0.0,2,False
Bad Bunny - NADIE SABE,cutin15s/cold,14000,13998,-2,0,41000,1,4,False,True,True,4,8,761.3,4.3,8.4,88.7,1,True
Bad Bunny - NADIE SABE,cutin15s/second_play,14000,13999,-1,0,28000,1,3,False,True,True,3,8,763.9,4.2,8.2,93.4,1,True
Bad Bunny - NADIE SABE,cutin15s/seeded_correct,14000,13998,-2,0,28000,1,3,False,True,True,3,8,750.6,4.4,8.2,93.4,1,True
Bad Bunny - NADIE SABE,cutin15s/seeded_wrong_2s,14000,13998,-2,0,28000,1,4,False,True,True,4,8,747.1,4.2,8.2,92.3,1,True
Bad Bunny - NADIE SABE,cutin25s/cold,24000,23998,-2,0,11500,0,2,False,True,True,3,8,1031.8,6.6,10.9,96.7,0,True
Bad Bunny - NADIE SABE,cutin25s/second_play,24000,23998,-2,-2,10000,0,2,False,True,True,3,8,1017.2,6.4,10.9,100.0,0,True
Bad Bunny - NADIE SABE,cutin25s/seeded_correct,24000,23998,-2,0,10000,0,2,False,True,True,3,8,1017.5,6.5,11.1,100.0,0,True
Bad Bunny - NADIE SABE,cutin25s/seeded_wrong_2s,24000,23998,-2,0,11500,0,2,False,True,True,3,8,1026.5,6.3,11.2,96.7,0,True
Bad Bunny - NADIE SABE,blend8s/cold,-1000,-1002,-2,1000,,4,6,True,False,True,4,8,965.0,4.5,9.8,0.0,2,True
Bad Bunny - NADIE SABE,blend8s/seeded_correct,-1000,-5,995,1000,,5,5,False,False,True,4,8,980.9,4.7,10.6,6.4,2,False
Bad Bunny - NADIE SABE,blend8s/seeded_wrong_2s,-1000,-5,995,1000,,5,5,False,False,True,4,8,964.3,4.7,9.9,0.0,2,False
Bad Bunny - NADIE SABE,midshift+1.5s/cold,-1000,497,-3,-500,,3,5,True,True,True,3,8,1201.2,6.7,12.0,0.0,2,True
Bad Bunny - NADIE SABE,midshift+1.5s/seeded_correct,-1000,-5,-505,-500,,4,4,False,True,True,3,8,1199.4,6.8,11.9,1.9,2,False
Bad Bunny - NADIE SABE,midshift+1.5s/seeded_wrong_2s,-1000,-5,-505,-500,,4,4,False,True,True,3,8,1205.2,6.6,12.1,0.0,2,False
Bad Bunny - NADIE SABE,midshift-1.5s/cold,-1000,-2502,-2,2500,,3,5,True,True,True,3,8,1008.9,5.2,10.2,0.0,2,True
Bad Bunny - NADIE SABE,midshift-1.5s/seeded_correct,-1000,-5,2495,2500,,4,4,False,True,True,3,8,1010.2,5.2,10.4,1.8,2,False
Bad Bunny - NADIE SABE,midshift-1.5s/seeded_wrong_2s,-1000,-5,2495,2500,,4,4,False,True,True,3,8,1007.5,5.3,10.2,0.0,2,False
Bad Bunny - 120,off0/cold,-1025,-1027,-2,-3,46575,0,3,True,True,True,5,6,146.9,2.5,3.7,69.1,0,True
Bad Bunny - 120,off0/seeded_correct,-1025,-1028,-3,0,57750,0,4,False,True,True,5,6,140.6,2.5,3.7,69.3,0,True
Bad Bunny - 120,off0/seeded_wrong_2s,-1025,-1028,-3,-3,57750,0,2,False,True,True,5,6,142.9,2.6,3.5,61.7,0,True
Bad Bunny - 120,off+200/cold,-825,-826,-1,0,57750,0,3,True,True,True,5,6,147.4,2.7,3.8,61.7,0,True
Bad Bunny - 120,off+200/seeded_correct,-825,-828,-3,0,57750,0,4,False,True,True,5,6,142.5,2.5,3.6,68.3,0,True
Bad Bunny - 120,off+200/seeded_wrong_2s,-825,-829,-4,-4,57750,0,2,False,True,True,5,6,141.2,2.5,3.5,61.7,0,True
Bad Bunny - 120,off-200/cold,-1225,-1227,-2,-6,44850,0,4,True,True,True,5,6,145.5,2.5,3.7,70.3,0,True
Bad Bunny - 120,off-200/seeded_correct,-1225,-1223,2,0,57750,0,3,False,True,True,5,6,142.6,2.5,3.9,69.4,0,True
Bad Bunny - 120,off-200/seeded_wrong_2s,-1225,-1223,2,2,57750,0,2,False,True,True,5,6,142.5,2.4,3.5,61.8,0,True
Bad Bunny - 120,off+2s/cold,975,974,-1,0,57750,0,3,True,True,True,5,6,147.8,2.7,3.9,61.2,0,True
Bad Bunny - 120,off+2s/seeded_correct,975,972,-3,0,57750,0,4,False,True,True,5,6,140.3,2.6,3.6,66.9,0,True
Bad Bunny - 120,off+2s/seeded_wrong_2s,975,971,-4,-4,57750,0,2,False,True,True,5,6,141.6,2.6,3.6,61.2,0,True
Bad Bunny - 120,off-2s/cold,-3025,-3028,-3,1025,,0,3,True,True,False,8,6,163.2,2.6,5.0,0.0,2,True
Bad Bunny - 120,off-2s/seeded_correct,-3025,-3025,0,1025,,0,0,False,True,False,8,6,161.6,2.7,4.8,8.5,2,True
Bad Bunny - 120,off-2s/seeded_wrong_2s,-3025,-1025,2000,1025,,0,0,False,True,False,8,6,158.4,2.6,5.1,0.0,2,False
Bad Bunny - 120,off+10s/cold,8975,8975,0,0,57750,0,1,False,False,False,6,6,169.1,2.7,4.0,59.0,0,True
Bad Bunny - 120,off+10s/second_play,8975,8972,-3,-3,57750,0,3,False,True,True,5,6,133.2,2.8,3.6,60.8,0,True
Bad Bunny - 120,off+10s/seeded_correct,8975,8972,-3,0,57750,0,4,False,True,True,5,6,135.5,2.8,3.7,60.8,0,True
Bad Bunny - 120,off+10s/seeded_wrong_2s,8975,8971,-4,-4,57750,0,2,False,True,True,5,6,133.4,2.8,3.6,59.0,0,True
Bad Bunny - 120,off-10s/cold,-11025,,,11025,,0,0,False,True,False,8,6,173.5,2.7,4.8,0.0,2,False
Bad Bunny - 120,off-10s/second_play,-11025,,,11025,,0,0,False,True,False,8,6,169.0,2.6,4.5,0.0,2,False
Bad Bunny - 120,off-10s/seeded_correct,-11025,-11025,0,0,68000,0,1,False,True,False,8,6,159.5,2.4,4.3,70.5,2,True
Bad Bunny - 120,off-10s/seeded_wrong_2s,-11025,-11025,0,0,68000,0,1,False,True,False,8,6,160.2,2.5,4.2,57.7,2,True
Bad Bunny - 120,off+25s/cold,23975,23975,0,0,57750,0,1,False,False,False,6,6,170.0,2.9,5.7,54.1,0,True
Bad Bunny - 120,off+25s/second_play,23975,23972,-3,0,2500,0,2,False,True,True,1,6,135.4,2.6,3.7,100.0,0,True
Bad Bunny - 120,off+25s/seeded_correct,23975,23972,-3,0,2500,0,2,False,True,True,1,6,135.2,2.5,3.8,100.0,0,True
Bad Bunny - 120,off+25s/seeded_wrong_2s,23975,23972,-3,0,2500,0,2,False,True,True,1,6,135.5,2.5,3.6,98.0,0,True
Bad Bunny - 120,off-25s/cold,-26025,,,26025,,0,0,False,False,False,6,6,155.5,2.4,3.9,0.0,0,False
Bad Bunny - 120,off-25s/second_play,-26025,,,26025,,0,0,False,False,False,6,6,155.1,2.4,3.6,0.0,0,False
Bad Bunny - 120,off-25s/seeded_correct,-26025,-26025,0,0,,0,0,False,False,False,6,6,151.6,2.4,3.8,100.0,0,True
Bad Bunny - 120,off-25s/seeded_wrong_2s,-26025,-24025,2000,2000,,0,0,False,False,False,6,6,150.9,2.4,3.8,0.0,0,False
Bad Bunny - 120,noise0/cold,-1025,-1027,-2,-2,78000,0,3,True,True,True,6,6,136.5,2.3,3.9,48.3,1,True
Bad Bunny - 120,noise0/seeded_correct,-1025,-1027,-2,0,57750,0,3,False,True,True,6,6,135.3,2.3,3.3,66.4,1,True
Bad Bunny - 120,noise0/seeded_wrong_2s,-1025,-1028,-3,1025,,0,1,False,True,True,7,6,141.1,2.4,3.6,0.0,2,True
Bad Bunny - 120,noise-2s/cold,-3025,-3029,-4,1025,,0,3,True,True,True,8,6,147.8,2.3,4.0,0.0,2,True
Bad Bunny - 120,noise-2s/seeded_correct,-3025,-3025,0,1025,,0,0,False,True,False,8,6,145.3,2.4,4.5,6.5,2,True
Bad Bunny - 120,noise-2s/seeded_wrong_2s,-3025,-1025,2000,1025,,0,0,False,True,False,8,6,144.4,2.4,4.6,0.0,2,False
Bad Bunny - 120,cutin5s/cold,3975,3973,-2,0,57750,0,3,True,True,True,5,6,123.7,2.4,3.5,60.4,0,True
Bad Bunny - 120,cutin5s/second_play,3975,3973,-2,-2,57750,0,3,False,True,True,5,6,121.0,2.4,3.2,64.2,0,True
Bad Bunny - 120,cutin5s/seeded_correct,3975,3972,-3,-3,57750,0,3,False,True,True,5,6,120.3,2.4,3.2,64.2,0,True
Bad Bunny - 120,cutin5s/seeded_wrong_2s,3975,3971,-4,-4,57750,0,2,False,True,True,5,6,119.6,2.3,3.2,60.4,0,True
Bad Bunny - 120,cutin15s/cold,13975,13972,-3,0,10000,0,2,False,True,True,1,6,117.9,1.8,2.9,92.6,0,True
Bad Bunny - 120,cutin15s/second_play,13975,13972,-3,-3,4000,0,2,False,True,True,1,6,109.9,1.9,2.9,100.0,0,True
Bad Bunny - 120,cutin15s/seeded_correct,13975,13972,-3,0,4000,0,2,False,True,True,1,6,109.8,1.9,2.9,100.0,0,True
Bad Bunny - 120,cutin15s/seeded_wrong_2s,13975,13971,-4,0,4000,0,2,False,True,True,1,6,109.3,1.9,2.9,97.1,0,True
Bad Bunny - 120,cutin25s/cold,23975,23972,-3,0,4000,0,2,False,True,True,1,6,101.6,1.9,2.8,96.8,0,True
Bad Bunny - 120,cutin25s/second_play,23975,23972,-3,-3,4000,0,2,False,True,True,1,6,96.5,1.9,2.8,100.0,0,True
Bad Bunny - 120,cutin25s/seeded_correct,23975,23972,-3,0,4000,0,2,False,True,True,1,6,101.2,1.9,3.0,100.0,0,True
Bad Bunny - 120,cutin25s/seeded_wrong_2s,23975,23972,-3,0,4000,0,2,False,True,True,1,6,99.3,1.9,2.9,96.8,0,True
Bad Bunny - 120,blend8s/cold,-1025,-1027,-2,-3,46575,0,3,True,True,True,5,6,141.3,2.4,3.7,69.1,0,True
Bad Bunny - 120,blend8s/seeded_correct,-1025,-1028,-3,0,57750,0,4,False,True,True,5,6,144.1,2.5,3.7,69.3,0,True
Bad Bunny - 120,blend8s/seeded_wrong_2s,-1025,-1028,-3,-3,57750,0,2,False,True,True,5,6,136.8,2.4,3.6,61.7,0,True
Bad Bunny - 120,midshift+1.5s/cold,-1025,-1027,-1502,1275,,0,2,True,True,True,7,6,172.1,2.9,5.7,9.0,2,False
Bad Bunny - 120,midshift+1.5s/seeded_correct,-1025,-1025,-1500,-1500,57750,0,3,False,True,True,7,6,151.0,2.6,3.7,9.2,2,False
Bad Bunny - 120,midshift+1.5s/seeded_wrong_2s,-1025,-1028,-1503,1275,,0,1,False,True,True,7,6,148.4,2.5,3.7,1.5,2,False
Bad Bunny - 120,midshift-1.5s/cold,-1025,-1027,1498,1497,46575,0,2,True,True,True,7,6,149.6,2.4,4.6,8.8,2,False
Bad Bunny - 120,midshift-1.5s/seeded_correct,-1025,-1025,1500,0,57750,0,3,False,True,True,7,6,146.0,2.4,3.5,63.1,2,False
Bad Bunny - 120,midshift-1.5s/seeded_wrong_2s,-1025,-1028,1497,1497,57750,0,1,False,True,True,7,6,160.3,2.6,4.3,1.5,2,False
"Arcángel, Bad Bunny - La Jumpa",off0/cold,350,348,-2,0,7000,0,3,True,True,True,1,13,384.0,3.1,5.8,97.2,0,True
"Arcángel, Bad Bunny - La Jumpa",off0/seeded_correct,350,349,-1,0,7000,0,2,False,True,True,1,13,390.5,3.1,5.9,100.0,0,True
"Arcángel, Bad Bunny - La Jumpa",off0/seeded_wrong_2s,350,349,-1,0,7000,0,2,False,True,True,1,13,385.8,3.2,5.7,97.2,0,True
"Arcángel, Bad Bunny - La Jumpa",off+200/cold,550,549,-1,0,7000,0,3,True,True,True,1,13,388.2,3.1,5.9,97.2,0,True
"Arcángel, Bad Bunny - La Jumpa",off+200/seeded_correct,550,549,-1,0,7000,0,2,False,True,True,1,13,390.5,3.2,5.8,100.0,0,True
"Arcángel, Bad Bunny - La Jumpa",off+200/seeded_wrong_2s,550,549,-1,0,7000,0,2,False,True,True,1,13,385.7,3.1,5.7,97.2,0,True
"Arcángel, Bad Bunny - La Jumpa",off-200/cold,150,147,-3,0,7000,0,3,True,True,True,1,13,392.1,3.0,6.0,100.0,0,True
"Arcángel, Bad Bunny - La Jumpa",off-200/seeded_correct,150,149,-1,0,7000,0,2,False,True,True,1,13,394.4,3.1,5.9,100.0,0,True
"Arcángel, Bad Bunny - La Jumpa",off-200/seeded_wrong_2s,150,149,-1,0,7000,0,2,False,True,True,1,13,389.5,3.1,5.8,97.3,0,True
"Arcángel, Bad Bunny - La Jumpa",off+2s/cold,2350,2350,0,0,5500,0,3,True,True,True,1,13,384.3,3.2,5.6,97.8,0,True
"Arcángel, Bad Bunny - La Jumpa",off+2s/seeded_correct,2350,2349,-1,0,5500,0,2,False,True,True,1,13,384.8,3.1,5.6,100.0,0,True
"Arcángel, Bad Bunny - La Jumpa",off+2s/seeded_wrong_2s,2350,2349,-1,0,5500,0,2,False,True,True,1,13,383.6,3.2,5.6,97.8,0,True
"Arcángel, Bad Bunny - La Jumpa",off-2s/cold,-1650,-1653,-3,0,10000,0,3,True,True,True,2,13,385.7,3.0,5.7,96.1,0,True
"Arcángel, Bad Bunny - La Jumpa",off-2s/seeded_correct,-1650,-1650,0,0,10000,0,2,False,True,True,1,13,386.1,3.1,5.7,100.0,0,True
"Arcángel, Bad Bunny - La Jumpa",off-2s/seeded_wrong_2s,-1650,-1651,-1,0,10000,0,2,False,True,True,2,13,389.8,3.1,5.8,96.1,0,True
"Arcángel, Bad Bunny - La Jumpa",off+10s/cold,10350,10344,-6,0,40000,0,3,False,False,True,5,13,403.2,3.2,5.6,83.6,0,True
"Arcángel, Bad Bunny - La Jumpa",off+10s/second_play,10350,10348,-2,-6,2500,0,2,False,True,True,1,13,381.5,3.3,5.8,100.0,0,True
"Arcángel, Bad Bunny - La Jumpa",off+10s/seeded_correct,10350,10349,-1,0,2500,0,2,False,True,True,1,13,386.3,3.3,5.7,100.0,0,True
"Arcángel, Bad Bunny - La Jumpa",off+10s/seeded_wrong_2s,10350,10349,-1,0,2500,0,2,False,True,True,1,13,381.1,3.3,6.0,99.0,0,True
"Arcángel, Bad Bunny - La Jumpa",off-10s/cold,-9650,-9650,0,0,224000,1,2,False,False,False,14,13,238.7,5.3,11.2,15.3,1,True
"Arcángel, Bad Bunny - La Jumpa",off-10s/second_play,-9650,-9650,0,0,224000,1,2,False,False,False,14,13,242.5,5.3,11.5,77.4,1,True
"Arcángel, Bad Bunny - La Jumpa",off-10s/seeded_correct,-9650,100,9750,0,17500,1,1,False,True,False,13,13,217.8,5.4,11.1,100.0,0,False
"Arcángel, Bad Bunny - La Jumpa",off-10s/seeded_wrong_2s,-9650,100,9750,0,17500,1,1,False,True,False,13,13,215.3,5.3,10.8,93.4,0,False
"Arcángel, Bad Bunny - La Jumpa",off+25s/cold,25350,25343,-7,0,40000,0,3,False,False,True,4,13,402.7,3.3,5.6,82.6,0,True
"Arcángel, Bad Bunny - La Jumpa",off+25s/second_play,25350,25348,-2,-7,2500,0,2,False,True,True,1,13,363.8,3.3,5.9,100.0,0,True
"Arcángel, Bad Bunny - La Jumpa",off+25s/seeded_correct,25350,25349,-1,0,2500,0,2,False,True,True,1,13,367.3,3.4,5.8,100.0,0,True
"Arcángel, Bad Bunny - La Jumpa",off+25s/seeded_wrong_2s,25350,25349,-1,0,2500,0,2,False,True,True,1,13,364.6,3.4,5.7,98.9,0,True
"Arcángel, Bad Bunny - La Jumpa",off-25s/cold,-24650,,,24650,,0,0,False,False,False,13,13,242.3,5.3,10.0,0.0,0,False
"Arcángel, Bad Bunny - La Jumpa",off-25s/second_play,-24650,,,24650,,0,0,False,False,False,13,13,246.1,5.3,10.8,0.0,0,False
"Arcángel, Bad Bunny - La Jumpa",off-25s/seeded_correct,-24650,-24650,0,0,,0,0,False,False,False,13,13,238.3,5.3,10.5,100.0,0,True
"Arcángel, Bad Bunny - La Jumpa",off-25s/seeded_wrong_2s,-24650,-22650,2000,2000,,0,0,False,False,False,13,13,238.2,5.2,10.3,0.0,0,False
"Arcángel, Bad Bunny - La Jumpa",noise0/cold,350,346,-4,-3,7000,0,3,True,True,True,1,13,371.1,3.0,5.4,97.2,0,True
"Arcángel, Bad Bunny - La Jumpa",noise0/seeded_correct,350,342,-8,-25,7000,0,2,False,True,True,1,13,372.3,3.1,5.6,100.0,0,True
"Arcángel, Bad Bunny - La Jumpa",noise0/seeded_wrong_2s,350,340,-10,-25,7000,0,2,False,True,True,1,13,370.3,3.0,5.4,97.2,0,True
"Arcángel, Bad Bunny - La Jumpa",noise-2s/cold,-1650,-1655,-5,-25,10000,0,3,True,True,True,2,13,376.9,3.0,5.6,96.1,0,True
"Arcángel, Bad Bunny - La Jumpa",noise-2s/seeded_correct,-1650,-1657,-7,-25,10000,0,2,False,True,True,1,13,375.1,3.0,5.5,100.0,0,True
"Arcángel, Bad Bunny - La Jumpa",noise-2s/seeded_wrong_2s,-1650,-1659,-9,-25,10000,0,2,False,True,True,2,13,374.3,3.0,5.6,96.1,0,True
"Arcángel, Bad Bunny - La Jumpa",cutin5s/cold,5350,5349,-1,0,4000,0,2,False,True,True,1,13,390.5,3.2,6.0,98.4,0,True
"Arcángel, Bad Bunny - La Jumpa",cutin5s/second_play,5350,5349,-1,-1,4000,0,2,False,True,True,1,13,381.6,3.2,5.7,100.0,0,True
"Arcángel, Bad Bunny - La Jumpa",cutin5s/seeded_correct,5350,5349,-1,0,4000,0,2,False,True,True,1,13,383.7,3.3,5.9,100.0,0,True
"Arcángel, Bad Bunny - La Jumpa",cutin5s/seeded_wrong_2s,5350,5349,-1,0,4000,0,2,False,True,True,1,13,381.4,3.2,5.8,98.4,0,True
"Arcángel, Bad Bunny - La Jumpa",cutin15s/cold,15350,15349,-1,0,4000,0,2,False,True,True,1,13,322.6,2.9,5.0,98.3,0,True
"Arcángel, Bad Bunny - La Jumpa",cutin15s/second_play,15350,15349,-1,-1,4000,0,2,False,True,True,1,13,319.4,2.9,4.9,100.0,0,True
"Arcángel, Bad Bunny - La Jumpa",cutin15s/seeded_correct,15350,15349,-1,0,4000,0,2,False,True,True,1,13,321.2,2.9,4.9,100.0,0,True
"Arcángel, Bad Bunny - La Jumpa",cutin15s/seeded_wrong_2s,15350,15349,-1,0,4000,0,2,False,True,True,1,13,320.5,2.9,4.9,98.3,0,True
"Arcángel, Bad Bunny - La Jumpa",cutin25s/cold,25350,25347,-3,0,17500,0,2,False,True,True,3,13,378.7,3.2,6.1,92.4,0,True
"Arcángel, Bad Bunny - La Jumpa",cutin25s/second_play,25350,25347,-3,-3,5500,0,3,False,True,True,3,13,346.2,3.1,6.2,100.0,0,True
"Arcángel, Bad Bunny - La Jumpa",cutin25s/seeded_correct,25350,25349,-1,0,17500,0,2,False,True,True,2,13,362.0,3.0,6.2,100.0,0,True
"Arcángel, Bad Bunny - La Jumpa",cutin25s/seeded_wrong_2s,25350,25347,-3,0,17500,0,2,False,True,True,3,13,355.3,3.0,6.1,92.4,0,True
"Arcángel, Bad Bunny - La Jumpa",blend8s/cold,350,347,-3,0,26000,0,4,True,False,True,3,13,398.9,2.9,5.6,89.8,0,True
"Arcángel, Bad Bunny - La Jumpa",blend8s/seeded_correct,350,347,-3,0,26000,0,3,False,False,True,2,13,400.3,2.9,5.8,100.0,0,True
"Arcángel, Bad Bunny - La Jumpa",blend8s/seeded_wrong_2s,350,345,-5,0,26000,0,3,False,False,True,3,13,397.9,2.9,5.6,89.8,0,True
"Arcángel, Bad Bunny - La Jumpa",midshift+1.5s/cold,350,350,-1500,0,7000,2,4,True,True,True,3,13,458.8,3.9,6.7,91.6,1,False
"Arcángel, Bad Bunny - La Jumpa",midshift+1.5s/seeded_correct,350,1845,-5,-7,7000,0,4,False,True,True,5,13,390.4,4.9,7.3,87.9,1,True
"Arcángel, Bad Bunny - La Jumpa",midshift+1.5s/seeded_wrong_2s,350,1847,-3,-4,7000,0,4,False,True,True,5,13,398.5,4.8,7.2,85.2,1,True
"Arcángel, Bad Bunny - La Jumpa",midshift-1.5s/cold,350,336,1486,0,7000,2,4,True,True,True,4,13,437.9,4.0,6.8,91.7,1,False
"Arcángel, Bad Bunny - La Jumpa",midshift-1.5s/seeded_correct,350,-1148,2,0,7000,0,4,False,True,True,5,13,380.8,4.7,6.8,94.4,1,True
"Arcángel, Bad Bunny - La Jumpa",midshift-1.5s/seeded_wrong_2s,350,-1140,10,0,7000,0,3,False,True,True,6,13,333.6,4.7,6.9,58.6,1,True
Bad Bunny - 258,off0/cold,-1112,-1025,87,87,11500,0,3,False,True,True,5,5,367.8,3.5,5.7,95.2,2,True
Bad Bunny - 258,off0/seeded_correct,-1112,-1025,87,87,11500,0,4,False,True,True,5,5,354.9,3.4,5.6,100.0,2,True
Bad Bunny - 258,off0/seeded_wrong_2s,-1112,-1025,87,87,11500,0,3,False,True,True,5,5,355.0,3.3,5.8,95.2,2,True
Bad Bunny - 258,off+200/cold,-912,-825,87,87,11500,0,3,False,True,True,5,5,377.1,3.5,6.3,95.2,2,True
Bad Bunny - 258,off+200/seeded_correct,-912,-825,87,87,11500,0,4,False,True,True,5,5,378.0,3.5,6.6,100.0,2,True
Bad Bunny - 258,off+200/seeded_wrong_2s,-912,-825,87,87,11500,0,3,False,True,True,5,5,378.0,3.5,6.4,95.2,2,True
Bad Bunny - 258,off-200/cold,-1312,-1225,87,87,11500,0,3,False,True,True,5,5,374.2,3.6,6.0,95.3,2,True
Bad Bunny - 258,off-200/seeded_correct,-1312,-1225,87,87,11500,0,4,False,True,True,5,5,376.0,3.5,6.2,100.0,2,True
Bad Bunny - 258,off-200/seeded_wrong_2s,-1312,-1225,87,87,11500,0,3,False,True,True,5,5,373.0,3.6,6.0,95.3,2,True
Bad Bunny - 258,off+2s/cold,888,975,87,87,10000,0,3,False,True,True,5,5,377.6,3.6,6.3,95.8,2,True
Bad Bunny - 258,off+2s/seeded_correct,888,975,87,87,10000,0,4,False,True,True,5,5,353.2,3.5,6.1,100.0,2,True
Bad Bunny - 258,off+2s/seeded_wrong_2s,888,975,87,87,10000,0,3,False,True,True,5,5,353.1,3.5,5.9,95.8,2,True
Bad Bunny - 258,off-2s/cold,-3112,-3025,87,87,13000,0,2,False,True,False,7,5,380.0,3.6,6.6,94.7,2,True
Bad Bunny - 258,off-2s/seeded_correct,-3112,-3025,87,87,13000,0,2,False,True,True,7,5,417.8,4.0,7.0,100.0,2,True
Bad Bunny - 258,off-2s/seeded_wrong_2s,-3112,-3025,87,87,13000,0,1,False,True,False,7,5,386.3,4.0,6.0,94.7,2,True
Bad Bunny - 258,off+10s/cold,8888,,,-8888,,0,0,False,False,False,5,5,415.6,3.9,6.7,0.0,0,False
Bad Bunny - 258,off+10s/second_play,8888,,,-8888,,0,0,False,False,False,5,5,394.9,3.6,6.7,0.0,0,False
Bad Bunny - 258,off+10s/seeded_correct,8888,8925,37,37,2500,0,3,False,True,True,5,5,375.0,4.3,6.8,100.0,2,True
Bad Bunny - 258,off+10s/seeded_wrong_2s,8888,8925,37,37,2500,0,2,False,True,True,5,5,388.2,4.6,6.2,98.9,2,True
Bad Bunny - 258,off-10s/cold,-11112,,,11112,,0,0,False,False,False,5,5,409.9,4.2,6.4,0.0,0,False
Bad Bunny - 258,off-10s/second_play,-11112,,,11112,,0,0,False,False,False,5,5,407.4,3.7,6.6,0.0,0,False
Bad Bunny - 258,off-10s/seeded_correct,-11112,-11025,87,87,22000,0,1,False,True,False,7,5,417.5,3.9,7.0,100.0,2,True
Bad Bunny - 258,off-10s/seeded_wrong_2s,-11112,-11025,87,87,22000,0,1,False,True,False,7,5,408.0,4.0,6.9,91.3,2,True
Bad Bunny - 258,off+25s/cold,23888,24000,112,112,,0,2,False,False,False,7,5,427.4,4.4,6.8,81.3,2,True
Bad Bunny - 258,off+25s/second_play,23888,23874,-14,87,2500,0,2,False,True,True,6,5,351.5,4.1,6.6,100.0,2,True
Bad Bunny - 258,off+25s/seeded_correct,23888,23893,5,87,2500,0,2,False,True,True,6,5,368.6,4.7,6.7,100.0,2,True
Bad Bunny - 258,off+25s/seeded_wrong_2s,23888,23873,-15,87,2500,0,1,False,True,True,5,5,376.8,4.7,6.1,98.8,2,True
Bad Bunny - 258,off-25s/cold,-26112,,,26112,,0,0,False,False,False,5,5,412.6,3.9,6.3,0.0,0,False
Bad Bunny - 258,off-25s/second_play,-26112,,,26112,,0,0,False,False,False,5,5,409.1,3.8,7.0,0.0,0,False
Bad Bunny - 258,off-25s/seeded_correct,-26112,-26112,0,0,,0,0,False,False,False,5,5,396.3,3.9,6.8,100.0,0,True
Bad Bunny - 258,off-25s/seeded_wrong_2s,-26112,-24112,2000,2000,,0,0,False,False,False,5,5,406.5,3.8,6.7,0.0,0,False
Bad Bunny - 258,noise0/cold,-1112,-1025,87,87,19000,0,3,False,True,True,5,5,379.0,3.1,6.6,92.2,2,True
Bad Bunny - 258,noise0/seeded_correct,-1112,-1104,8,87,17500,0,2,False,True,False,7,5,370.2,3.4,6.2,100.0,2,True
Bad Bunny - 258,noise0/seeded_wrong_2s,-1112,-1105,7,87,17500,0,2,False,True,False,7,5,376.3,3.4,6.6,92.8,2,True
Bad Bunny - 258,noise-2s/cold,-3112,-3025,87,87,22000,0,3,False,True,True,6,5,381.8,3.2,6.1,91.0,2,True
Bad Bunny - 258,noise-2s/seeded_correct,-3112,-3025,87,87,20500,0,2,False,True,True,7,5,375.4,3.3,6.5,100.0,2,True
Bad Bunny - 258,noise-2s/seeded_wrong_2s,-3112,-3025,87,87,20500,0,1,False,True,False,7,5,373.7,3.4,6.1,91.6,2,True
Bad Bunny - 258,cutin5s/cold,3888,3925,37,37,4000,0,4,False,True,True,7,5,382.5,4.3,6.5,98.3,2,True
Bad Bunny - 258,cutin5s/second_play,3888,3925,37,87,4000,0,3,False,True,True,5,5,372.0,3.9,6.4,100.0,2,True
Bad Bunny - 258,cutin5s/seeded_correct,3888,3925,37,87,4000,0,3,False,True,True,5,5,380.0,3.8,6.4,100.0,2,True
Bad Bunny - 258,cutin5s/seeded_wrong_2s,3888,3925,37,87,4000,0,2,False,True,True,5,5,378.0,3.9,6.5,98.3,2,True
Bad Bunny - 258,cutin15s/cold,13888,13925,37,37,4000,0,2,False,True,True,5,5,293.0,3.4,5.4,98.2,2,True
Bad Bunny - 258,cutin15s/second_play,13888,13925,37,87,4000,0,3,False,True,True,5,5,284.4,3.3,4.9,100.0,2,True
Bad Bunny - 258,cutin15s/seeded_correct,13888,13925,37,87,4000,0,3,False,True,True,5,5,293.2,3.4,5.3,100.0,2,True
Bad Bunny - 258,cutin15s/seeded_wrong_2s,13888,13925,37,87,4000,0,2,False,True,True,5,5,290.0,3.4,5.1,98.2,2,True
Bad Bunny - 258,cutin25s/cold,23888,23914,26,37,4000,0,2,False,True,True,5,5,328.6,3.9,6.0,98.2,2,True
Bad Bunny - 258,cutin25s/second_play,23888,23914,26,87,4000,0,2,False,True,True,5,5,316.8,3.7,5.8,100.0,2,True
Bad Bunny - 258,cutin25s/seeded_correct,23888,23914,26,87,4000,0,3,False,True,True,5,5,322.1,3.9,6.1,100.0,2,True
Bad Bunny - 258,cutin25s/seeded_wrong_2s,23888,23913,25,87,4000,0,3,False,True,True,5,5,314.4,3.5,5.9,98.2,2,True
Bad Bunny - 258,blend8s/cold,-1112,-1025,87,87,20500,0,3,False,True,True,5,5,436.2,3.7,7.2,91.5,2,True
Bad Bunny - 258,blend8s/seeded_correct,-1112,-1025,87,87,20500,0,2,False,True,True,4,5,459.7,3.6,8.1,100.0,2,True
Bad Bunny - 258,blend8s/seeded_wrong_2s,-1112,-1025,87,87,20500,0,3,False,True,True,5,5,426.0,3.3,7.2,91.5,2,True
Bad Bunny - 258,midshift+1.5s/cold,-1112,-1075,-1463,-1463,11500,0,2,False,True,True,5,5,510.9,4.7,8.6,20.2,2,False
Bad Bunny - 258,midshift+1.5s/seeded_correct,-1112,-1075,-1463,-1463,11500,0,3,False,True,True,5,5,500.2,4.7,8.6,24.9,2,False
Bad Bunny - 258,midshift+1.5s/seeded_wrong_2s,-1112,-1075,-1463,-1463,11500,0,2,False,True,True,5,5,502.2,5.0,8.2,20.2,2,False
Bad Bunny - 258,midshift-1.5s/cold,-1112,-1075,1537,1537,11500,0,2,False,True,True,5,5,441.8,4.4,7.3,19.9,2,False
Bad Bunny - 258,midshift-1.5s/seeded_correct,-1112,-1075,1537,1537,11500,0,3,False,True,True,5,5,426.6,4.0,7.4,24.6,2,False
Bad Bunny - 258,midshift-1.5s/seeded_wrong_2s,-1112,-1075,1537,1537,11500,0,2,False,True,True,5,5,447.6,4.4,7.5,19.9,2,False
ACDC - Thunderstruck,off0/cold,-1050,-1046,4,0,37000,2,5,True,True,True,6,20,698.1,5.0,9.3,87.4,1,True
ACDC - Thunderstruck,off0/seeded_correct,-1050,-1043,7,7,41000,1,3,False,True,True,4,20,693.9,5.0,9.0,88.4,1,True
ACDC - Thunderstruck,off0/seeded_wrong_2s,-1050,-1044,6,0,41000,1,4,False,True,True,5,20,698.8,5.1,9.2,86.0,1,True
ACDC - Thunderstruck,off+200/cold,-850,-843,7,0,37000,2,5,True,True,True,5,20,708.9,5.2,9.0,87.4,1,True
ACDC - Thunderstruck,off+200/seeded_correct,-850,-842,8,0,41000,1,3,False,True,True,4,20,709.1,5.1,9.2,88.4,1,True
ACDC - Thunderstruck,off+200/seeded_wrong_2s,-850,-840,10,0,41000,1,3,False,True,True,4,20,708.5,5.2,9.2,86.0,1,True
ACDC - Thunderstruck,off-200/cold,-1250,-1252,-2,-6,26425,1,4,True,True,True,3,20,716.3,5.0,9.3,91.0,1,True
ACDC - Thunderstruck,off-200/seeded_correct,-1250,-1246,4,0,41000,1,4,False,True,True,5,20,710.8,4.5,9.3,88.9,1,True
ACDC - Thunderstruck,off-200/seeded_wrong_2s,-1250,-1245,5,0,41000,1,4,False,True,True,5,20,716.9,4.7,9.6,86.1,1,True
ACDC - Thunderstruck,off+2s/cold,950,951,1,0,30650,1,4,True,True,True,3,20,735.6,5.2,10.4,89.5,1,True
ACDC - Thunderstruck,off+2s/seeded_correct,950,956,6,0,41000,1,3,False,True,True,4,20,757.1,6.0,10.1,87.8,1,True
ACDC - Thunderstruck,off+2s/seeded_wrong_2s,950,957,7,0,41000,1,3,False,True,True,4,20,764.1,5.6,9.8,86.0,1,True
ACDC - Thunderstruck,off-2s/cold,-3050,-3056,-6,-6,26425,1,2,True,True,True,3,20,784.1,4.9,10.3,91.1,1,True
ACDC - Thunderstruck,off-2s/seeded_correct,-3050,-3051,-1,-1,190000,2,5,False,True,True,15,20,562.7,4.7,12.6,39.2,2,True
ACDC - Thunderstruck,off-2s/seeded_wrong_2s,-3050,548,3598,3575,,3,3,False,True,True,18,20,577.5,7.6,12.2,0.0,2,False
ACDC - Thunderstruck,off+10s/cold,8950,8946,-4,0,41000,0,3,False,False,True,7,20,754.1,6.1,10.1,85.6,0,True
ACDC - Thunderstruck,off+10s/second_play,8950,8956,6,0,20000,1,4,False,True,True,3,20,744.7,5.8,9.9,93.8,1,True
ACDC - Thunderstruck,off+10s/seeded_correct,8950,8955,5,0,20000,1,4,False,True,True,3,20,748.8,5.6,10.2,93.8,1,True
ACDC - Thunderstruck,off+10s/seeded_wrong_2s,8950,8957,7,0,20000,1,4,False,True,True,3,20,747.4,6.0,10.3,93.0,1,True
ACDC - Thunderstruck,off-10s/cold,-11050,-246,10804,10825,,1,1,False,False,False,22,20,566.7,8.9,16.1,0.0,2,False
ACDC - Thunderstruck,off-10s/second_play,-11050,-249,10801,10804,,2,2,False,False,False,22,20,567.7,8.9,16.8,0.0,2,False
ACDC - Thunderstruck,off-10s/seeded_correct,-11050,-11050,0,0,,0,0,False,False,False,20,20,536.3,8.4,15.4,100.0,0,True
ACDC - Thunderstruck,off-10s/seeded_wrong_2s,-11050,-9050,2000,2000,,0,0,False,False,False,20,20,530.9,8.8,13.1,0.0,0,False
ACDC - Thunderstruck,off+25s/cold,23950,23947,-3,0,56000,0,3,False,False,True,7,20,751.2,6.1,10.3,79.2,1,True
ACDC - Thunderstruck,off+25s/second_play,23950,23958,8,8,44000,1,4,False,False,True,4,20,747.2,5.9,9.9,90.1,1,True
ACDC - Thunderstruck,off+25s/seeded_correct,23950,23957,7,7,44000,1,4,False,False,True,4,20,752.3,5.7,10.0,90.1,1,True
ACDC - Thunderstruck,off+25s/seeded_wrong_2s,23950,23960,10,10,44000,1,3,False,False,True,4,20,747.0,5.9,10.2,83.6,1,True
ACDC - Thunderstruck,off-25s/cold,-26050,,,25225,,0,0,False,False,False,22,20,628.3,8.5,16.6,0.0,2,False
ACDC - Thunderstruck,off-25s/second_play,-26050,,,25225,,0,0,False,False,False,22,20,609.2,8.8,15.3,0.0,2,False
ACDC - Thunderstruck,off-25s/seeded_correct,-26050,-26050,0,0,,0,0,False,False,False,20,20,570.6,8.4,13.7,100.0,0,True
ACDC - Thunderstruck,off-25s/seeded_wrong_2s,-26050,-24050,2000,2000,,0,0,False,False,False,20,20,561.1,8.3,12.4,0.0,0,False
ACDC - Thunderstruck,noise0/cold,-1050,-1045,5,0,37000,2,5,True,True,True,6,20,616.8,4.3,9.2,87.4,1,True
ACDC - Thunderstruck,noise0/seeded_correct,-1050,-1044,6,0,41000,1,4,False,True,True,5,20,592.8,4.2,8.3,88.4,1,True
ACDC - Thunderstruck,noise0/seeded_wrong_2s,-1050,-1043,7,0,41000,1,4,False,True,True,5,20,614.2,4.2,8.5,86.0,1,True
ACDC - Thunderstruck,noise-2s/cold,-3050,-3056,-6,-6,26425,1,2,True,True,True,3,20,614.6,4.1,9.0,91.1,1,True
ACDC - Thunderstruck,noise-2s/seeded_correct,-3050,-3051,-1,-1,295860,2,4,False,True,True,16,20,478.3,4.9,10.1,3.4,2,True
ACDC - Thunderstruck,noise-2s/seeded_wrong_2s,-3050,549,3599,3575,,3,3,False,True,True,17,20,477.7,5.6,9.5,0.0,2,False
ACDC - Thunderstruck,cutin5s/cold,3950,3955,5,0,37000,1,4,False,True,True,4,20,677.5,4.7,9.9,87.2,1,True
ACDC - Thunderstruck,cutin5s/second_play,3950,3951,1,5,37000,1,4,False,True,True,4,20,681.1,4.8,9.5,88.6,1,True
ACDC - Thunderstruck,cutin5s/seeded_correct,3950,3954,4,0,37000,1,4,False,True,True,4,20,673.7,4.7,9.7,88.6,1,True
ACDC - Thunderstruck,cutin5s/seeded_wrong_2s,3950,3953,3,5,41000,1,4,False,True,True,5,20,692.8,4.9,9.9,85.8,1,True
ACDC - Thunderstruck,cutin15s/cold,13950,13958,8,0,7000,0,2,False,True,True,2,20,503.0,3.8,7.6,97.5,0,True
ACDC - Thunderstruck,cutin15s/second_play,13950,13958,8,8,7000,0,2,False,True,True,2,20,513.5,3.9,7.6,100.0,0,True
ACDC - Thunderstruck,cutin15s/seeded_correct,13950,13956,6,0,7000,0,2,False,True,True,2,20,500.8,3.7,6.9,100.0,0,True
ACDC - Thunderstruck,cutin15s/seeded_wrong_2s,13950,13958,8,0,7000,0,2,False,True,True,2,20,506.1,3.7,7.9,97.5,0,True
ACDC - Thunderstruck,cutin25s/cold,23950,23949,-1,0,4000,0,2,False,True,True,2,20,686.3,6.7,9.3,98.5,0,True
ACDC - Thunderstruck,cutin25s/second_play,23950,23949,-1,-1,4000,0,2,False,True,True,2,20,607.4,4.7,9.2,100.0,0,True
ACDC - Thunderstruck,cutin25s/seeded_correct,23950,23949,-1,0,4000,0,2,False,True,True,2,20,569.5,4.1,9.1,100.0,0,True
ACDC - Thunderstruck,cutin25s/seeded_wrong_2s,23950,23949,-1,0,4000,0,2,False,True,True,2,20,604.4,4.7,9.3,98.5,0,True
ACDC - Thunderstruck,blend8s/cold,-1050,-1050,0,-3,26425,1,4,True,True,True,3,20,721.9,5.2,9.8,91.0,1,True
ACDC - Thunderstruck,blend8s/seeded_correct,-1050,-1043,7,7,41000,1,3,False,True,True,4,20,732.0,4.8,10.4,88.4,1,True
ACDC - Thunderstruck,blend8s/seeded_wrong_2s,-1050,-1044,6,0,41000,1,4,False,True,True,5,20,734.2,5.1,10.3,86.0,1,True
ACDC - Thunderstruck,midshift+1.5s/cold,-1050,430,-20,0,37000,2,7,True,True,True,10,20,923.6,7.6,12.7,81.8,2,True
ACDC - Thunderstruck,midshift+1.5s/seeded_correct,-1050,433,-17,0,41000,1,5,False,True,True,7,20,963.2,7.6,12.4,82.8,2,True
ACDC - Thunderstruck,midshift+1.5s/seeded_wrong_2s,-1050,431,-19,0,41000,1,6,False,True,True,8,20,949.1,7.7,12.4,80.4,2,True
ACDC - Thunderstruck,midshift-1.5s/cold,-1050,-2551,-1,1500,37000,2,7,True,True,True,19,20,517.7,8.2,13.8,7.8,2,True
ACDC - Thunderstruck,midshift-1.5s/seeded_correct,-1050,-2553,-3,-3,41000,1,8,False,True,True,17,20,518.6,8.2,13.4,76.0,2,True
ACDC - Thunderstruck,midshift-1.5s/seeded_wrong_2s,-1050,-2552,-2,1500,41000,1,7,False,True,True,18,20,514.9,8.0,13.6,6.4,2,True
Bad Bunny - LA MuDANZA,off0/cold,-1100,-1092,8,22,10000,0,2,True,True,True,2,8,392.7,4.1,7.5,95.3,0,True
Bad Bunny - LA MuDANZA,off0/seeded_correct,-1100,-1096,4,0,10000,0,5,False,True,False,8,8,216.7,6.0,8.7,100.0,0,True
Bad Bunny - LA MuDANZA,off0/seeded_wrong_2s,-1100,-1096,4,0,10000,0,4,False,True,False,8,8,212.8,6.2,8.2,95.3,0,True
Bad Bunny - LA MuDANZA,off+200/cold,-900,-900,0,-1,10000,0,2,True,True,True,2,8,379.8,3.6,7.0,95.3,0,True
Bad Bunny - LA MuDANZA,off+200/seeded_correct,-900,-897,3,0,10000,0,4,False,True,False,8,8,210.6,5.9,9.8,100.0,0,True
Bad Bunny - LA MuDANZA,off+200/seeded_wrong_2s,-900,-897,3,0,10000,0,5,False,True,False,8,8,215.0,6.4,8.7,95.3,0,True
Bad Bunny - LA MuDANZA,off-200/cold,-1300,-1292,8,19,10000,0,2,True,True,True,2,8,390.3,3.6,7.4,95.3,0,True
Bad Bunny - LA MuDANZA,off-200/seeded_correct,-1300,-1296,4,0,10000,0,4,False,True,False,8,8,206.4,6.0,8.5,100.0,0,True
Bad Bunny - LA MuDANZA,off-200/seeded_wrong_2s,-1300,-1296,4,0,10000,0,6,False,True,False,8,8,209.3,6.3,8.5,95.3,0,True
Bad Bunny - LA MuDANZA,off+2s/cold,900,901,1,0,7000,0,2,True,True,True,2,8,400.8,4.0,8.0,96.7,0,True
Bad Bunny - LA MuDANZA,off+2s/seeded_correct,900,903,3,0,7000,0,4,False,True,False,8,8,210.6,6.4,9.2,100.0,0,True
Bad Bunny - LA MuDANZA,off+2s/seeded_wrong_2s,900,903,3,0,7000,0,5,False,True,False,8,8,222.4,6.8,9.0,96.7,0,True
Bad Bunny - LA MuDANZA,off-2s/cold,-3100,-3092,8,19,11500,0,2,True,True,True,2,8,360.0,2.9,6.5,94.6,0,True
Bad Bunny - LA MuDANZA,off-2s/seeded_correct,-3100,-3098,2,0,11500,0,3,False,True,False,8,8,220.6,6.1,8.0,100.0,0,True
Bad Bunny - LA MuDANZA,off-2s/seeded_wrong_2s,-3100,-3098,2,0,11500,0,3,False,True,False,8,8,235.7,6.4,8.3,94.6,0,True
Bad Bunny - LA MuDANZA,off+10s/cold,8900,8905,5,-8900,,0,4,False,False,False,8,8,206.2,5.5,8.9,0.0,0,True
Bad Bunny - LA MuDANZA,off+10s/second_play,8900,8902,2,4,2500,0,1,False,True,True,2,8,373.4,3.6,7.0,100.0,0,True
Bad Bunny - LA MuDANZA,off+10s/seeded_correct,8900,8901,1,0,2500,0,1,False,True,True,2,8,364.9,3.5,7.0,100.0,0,True
Bad Bunny - LA MuDANZA,off+10s/seeded_wrong_2s,8900,8902,2,0,2500,0,1,False,True,True,2,8,375.5,3.8,7.1,98.8,0,True
Bad Bunny - LA MuDANZA,off-10s/cold,-11100,,,11100,,0,0,False,False,False,8,8,233.2,5.9,7.5,0.0,0,False
Bad Bunny - LA MuDANZA,off-10s/second_play,-11100,,,11100,,0,0,False,False,False,8,8,237.9,6.2,8.0,0.0,0,False
Bad Bunny - LA MuDANZA,off-10s/seeded_correct,-11100,-11100,0,0,,0,0,False,False,False,8,8,234.5,5.8,8.1,100.0,0,True
Bad Bunny - LA MuDANZA,off-10s/seeded_wrong_2s,-11100,-9100,2000,2000,,0,0,False,False,False,8,8,228.0,5.3,8.3,0.0,0,False
Bad Bunny - LA MuDANZA,off+25s/cold,23900,23905,5,-23900,,0,4,False,False,False,8,8,175.5,5.9,11.4,0.0,0,True
Bad Bunny - LA MuDANZA,off+25s/second_play,23900,23902,2,4,2500,0,1,False,True,True,2,8,351.0,4.1,6.6,100.0,0,True
Bad Bunny - LA MuDANZA,off+25s/seeded_correct,23900,23901,1,0,2500,0,1,False,True,True,2,8,377.3,4.3,8.5,100.0,0,True
Bad Bunny - LA MuDANZA,off+25s/seeded_wrong_2s,23900,23902,2,0,2500,0,1,False,True,True,2,8,358.3,4.4,7.1,98.7,0,True
Bad Bunny - LA MuDANZA,off-25s/cold,-26100,,,26100,,0,0,False,False,False,8,8,268.8,6.0,8.4,0.0,0,False
Bad Bunny - LA MuDANZA,off-25s/second_play,-26100,,,26100,,0,0,False,False,False,8,8,256.3,5.4,9.3,0.0,0,False
Bad Bunny - LA MuDANZA,off-25s/seeded_correct,-26100,-26100,0,0,,0,0,False,False,False,8,8,255.5,5.5,8.9,100.0,0,True
Bad Bunny - LA MuDANZA,off-25s/seeded_wrong_2s,-26100,-24100,2000,2000,,0,0,False,False,False,8,8,260.8,5.7,7.7,0.0,0,False
Bad Bunny - LA MuDANZA,noise0/cold,-1100,-1092,8,22,10000,0,2,True,True,True,2,8,294.2,2.6,5.2,95.3,0,True
Bad Bunny - LA MuDANZA,noise0/seeded_correct,-1100,-1096,4,0,10000,0,5,False,True,False,8,8,161.2,4.6,6.4,100.0,0,True
Bad Bunny - LA MuDANZA,noise0/seeded_wrong_2s,-1100,-1096,4,0,10000,0,5,False,True,False,8,8,161.1,4.4,6.7,95.3,0,True
Bad Bunny - LA MuDANZA,noise-2s/cold,-3100,-3081,19,19,11500,0,1,True,True,True,2,8,292.2,2.5,5.3,94.6,0,True
Bad Bunny - LA MuDANZA,noise-2s/seeded_correct,-3100,-3098,2,0,11500,0,3,False,True,False,8,8,165.3,4.5,5.8,100.0,0,True
Bad Bunny - LA MuDANZA,noise-2s/seeded_wrong_2s,-3100,-3098,2,0,11500,0,3,False,True,False,8,8,176.7,4.6,6.9,94.6,0,True
Bad Bunny - LA MuDANZA,cutin5s/cold,3900,3904,4,9,4000,0,4,True,True,True,4,8,299.0,3.4,6.1,98.1,0,True
Bad Bunny - LA MuDANZA,cutin5s/second_play,3900,3902,2,4,4000,0,2,False,True,True,7,8,167.4,5.1,8.0,100.0,0,True
Bad Bunny - LA MuDANZA,cutin5s/seeded_correct,3900,3903,3,0,4000,0,4,False,True,False,8,8,161.4,5.2,8.0,100.0,0,True
Bad Bunny - LA MuDANZA,cutin5s/seeded_wrong_2s,3900,3903,3,0,4000,0,3,False,True,False,8,8,155.1,4.9,7.6,98.1,0,True
Bad Bunny - LA MuDANZA,cutin15s/cold,13900,13903,3,0,4000,0,4,False,True,False,8,8,117.7,4.2,8.6,98.0,0,True
Bad Bunny - LA MuDANZA,cutin15s/second_play,13900,13902,2,2,4000,0,2,False,True,True,7,8,114.9,4.3,5.6,100.0,0,True
Bad Bunny - LA MuDANZA,cutin15s/seeded_correct,13900,13903,3,0,4000,0,6,False,True,False,8,8,111.6,4.2,7.2,100.0,0,True
Bad Bunny - LA MuDANZA,cutin15s/seeded_wrong_2s,13900,13903,3,0,4000,0,4,False,True,False,8,8,110.8,4.2,7.1,98.0,0,True
Bad Bunny - LA MuDANZA,cutin25s/cold,23900,23902,2,0,4000,0,4,False,True,True,7,8,111.4,4.9,7.6,97.9,0,True
Bad Bunny - LA MuDANZA,cutin25s/second_play,23900,23902,2,2,4000,0,4,False,True,True,7,8,105.2,4.8,6.9,100.0,0,True
Bad Bunny - LA MuDANZA,cutin25s/seeded_correct,23900,23901,1,0,4000,0,2,False,True,True,7,8,104.0,4.4,6.8,100.0,0,True
Bad Bunny - LA MuDANZA,cutin25s/seeded_wrong_2s,23900,23902,2,0,4000,0,4,False,True,True,7,8,111.7,4.7,6.8,97.9,0,True
Bad Bunny - LA MuDANZA,blend8s/cold,-1100,-1092,8,22,10000,0,2,True,True,True,2,8,324.9,3.0,6.1,95.3,0,True
Bad Bunny - LA MuDANZA,blend8s/seeded_correct,-1100,-1096,4,0,10000,0,5,False,True,False,8,8,180.1,5.2,7.1,100.0,0,True
Bad Bunny - LA MuDANZA,blend8s/seeded_wrong_2s,-1100,-1096,4,0,10000,0,5,False,True,False,8,8,185.3,5.4,7.4,95.3,0,True
Bad Bunny - LA MuDANZA,midshift+1.5s/cold,-1100,-1092,-1492,0,10000,0,2,True,True,True,6,8,252.8,2.7,8.1,48.9,1,False
Bad Bunny - LA MuDANZA,midshift+1.5s/seeded_correct,-1100,-1097,-1497,0,10000,0,3,False,True,False,9,8,247.9,7.1,12.3,49.9,1,False
Bad Bunny - LA MuDANZA,midshift+1.5s/seeded_wrong_2s,-1100,-1097,-1497,0,10000,0,2,False,True,False,9,8,214.5,5.9,12.1,45.1,1,False
Bad Bunny - LA MuDANZA,midshift-1.5s/cold,-1100,-1092,1508,1522,10000,0,2,True,True,True,7,8,241.9,4.7,7.8,23.3,2,False
Bad Bunny - LA MuDANZA,midshift-1.5s/seeded_correct,-1100,-1097,1503,0,10000,0,3,False,True,False,9,8,213.3,6.0,9.1,50.6,1,False
Bad Bunny - LA MuDANZA,midshift-1.5s/seeded_wrong_2s,-1100,-1097,1503,1500,10000,0,2,False,True,False,10,8,242.1,6.4,10.5,23.3,2,False
Bad Bunny - Soy Peor,off0/cold,-938,-925,13,13,40250,0,5,False,True,True,9,10,328.6,4.4,8.7,84.3,2,True
Bad Bunny - Soy Peor,off0/seeded_correct,-938,-925,13,13,94750,0,3,False,True,True,8,10,363.3,4.4,9.4,67.0,2,True
Bad Bunny - Soy Peor,off0/seeded_wrong_2s,-938,-925,13,13,94750,0,3,False,True,True,8,10,361.4,4.3,10.1,63.1,2,True
Bad Bunny - Soy Peor,off+200/cold,-738,-700,38,38,40250,0,5,False,True,True,10,10,283.8,3.9,10.5,84.3,2,True
Bad Bunny - Soy Peor,off+200/seeded_correct,-738,-700,38,38,94750,0,3,False,True,True,9,10,333.6,4.2,10.3,66.4,2,True
Bad Bunny - Soy Peor,off+200/seeded_wrong_2s,-738,-700,38,38,94750,0,3,False,True,True,9,10,334.5,4.2,11.1,63.1,2,True
Bad Bunny - Soy Peor,off-200/cold,-1138,-1125,13,13,40250,0,5,False,True,True,9,10,331.2,4.4,9.9,84.3,2,True
Bad Bunny - Soy Peor,off-200/seeded_correct,-1138,-1125,13,13,94750,0,3,False,True,True,8,10,349.0,4.4,8.7,67.0,2,True
Bad Bunny - Soy Peor,off-200/seeded_wrong_2s,-1138,-1125,13,13,94750,0,3,False,True,True,8,10,357.5,4.2,9.7,63.1,2,True
Bad Bunny - Soy Peor,off+2s/cold,1062,1075,13,13,40250,0,5,False,True,True,9,10,323.3,4.4,9.2,84.2,2,True
Bad Bunny - Soy Peor,off+2s/seeded_correct,1062,17700,16638,16638,,1,4,False,True,True,8,10,356.7,4.4,10.8,56.6,2,False
Bad Bunny - Soy Peor,off+2s/seeded_wrong_2s,1062,17700,16638,16638,,1,4,False,True,True,8,10,347.4,4.0,9.2,53.9,2,False
Bad Bunny - Soy Peor,off-2s/cold,-2938,13700,16638,16638,,1,1,False,True,False,12,10,243.9,8.0,15.7,0.0,2,False
Bad Bunny - Soy Peor,off-2s/seeded_correct,-2938,-2850,88,88,232000,0,1,False,True,False,11,10,225.2,8.0,13.8,14.8,1,True
Bad Bunny - Soy Peor,off-2s/seeded_wrong_2s,-2938,-2850,88,88,232000,0,1,False,True,False,11,10,222.4,7.8,13.9,10.3,1,True
Bad Bunny - Soy Peor,off+10s/cold,9062,9075,13,13,40250,0,2,False,False,True,11,10,280.0,7.5,13.5,83.7,1,True
Bad Bunny - Soy Peor,off+10s/second_play,9062,9075,13,13,48000,0,4,False,True,True,9,10,309.0,4.4,9.5,81.6,2,True
Bad Bunny - Soy Peor,off+10s/seeded_correct,9062,9075,13,13,48000,0,4,False,True,True,9,10,312.8,4.0,9.9,81.6,2,True
Bad Bunny - Soy Peor,off+10s/seeded_wrong_2s,9062,9075,13,13,94750,0,4,False,True,True,9,10,322.1,4.6,9.3,61.6,2,True
Bad Bunny - Soy Peor,off-10s/cold,-10938,22125,33063,33063,,1,1,False,False,False,12,10,274.1,7.6,15.1,0.0,2,False
Bad Bunny - Soy Peor,off-10s/second_play,-10938,22125,33063,33063,,1,1,False,False,False,12,10,275.2,7.6,15.7,0.0,2,False
Bad Bunny - Soy Peor,off-10s/seeded_correct,-10938,22125,33063,33063,,1,1,False,True,False,12,10,269.1,8.0,16.8,7.1,2,False
Bad Bunny - Soy Peor,off-10s/seeded_wrong_2s,-10938,22125,33063,33063,,1,1,False,True,False,12,10,265.8,7.9,14.4,0.0,2,False
Bad Bunny - Soy Peor,off+25s/cold,24062,24075,13,13,40250,0,2,False,False,True,11,10,180.2,3.7,15.4,82.6,1,True
Bad Bunny - Soy Peor,off+25s/second_play,24062,24055,-7,13,2500,0,5,False,True,True,7,10,447.5,5.8,8.8,100.0,2,True
Bad Bunny - Soy Peor,off+25s/seeded_correct,24062,24055,-7,13,2500,0,4,False,True,True,6,10,391.3,6.2,10.4,100.0,2,True
Bad Bunny - Soy Peor,off+25s/seeded_wrong_2s,24062,24054,-8,13,2500,0,5,False,True,True,7,10,436.9,5.2,9.4,98.9,2,True
Bad Bunny - Soy Peor,off-25s/cold,-25938,23750,49688,49688,,2,2,False,False,False,12,10,288.2,7.2,13.8,0.0,2,False
Bad Bunny - Soy Peor,off-25s/second_play,-25938,23750,49688,49688,,2,2,False,False,False,12,10,298.0,7.5,14.0,0.0,2,False
Bad Bunny - Soy Peor,off-25s/seeded_correct,-25938,23750,49688,49688,,2,2,False,False,False,12,10,288.4,7.5,14.4,33.6,2,False
Bad Bunny - Soy Peor,off-25s/seeded_wrong_2s,-25938,23750,49688,49688,,2,2,False,False,False,12,10,310.5,7.8,15.5,0.0,2,False
Bad Bunny - Soy Peor,noise0/cold,-938,-925,13,13,48000,0,5,False,True,True,8,10,310.5,3.9,7.9,81.3,2,True
Bad Bunny - Soy Peor,noise0/seeded_correct,-938,-925,13,13,48000,0,4,False,True,True,8,10,301.2,3.5,7.6,84.0,2,True
Bad Bunny - Soy Peor,noise0/seeded_wrong_2s,-938,-925,13,13,94750,0,4,False,True,True,8,10,312.3,3.7,8.5,63.1,2,True
Bad Bunny - Soy Peor,noise-2s/cold,-2938,13700,16638,16638,,1,1,False,True,False,12,10,211.1,7.1,13.4,0.0,2,False
Bad Bunny - Soy Peor,noise-2s/seeded_correct,-2938,-2850,88,88,232000,0,1,False,True,False,11,10,195.4,6.7,12.7,14.2,1,True
Bad Bunny - Soy Peor,noise-2s/seeded_wrong_2s,-2938,-2850,88,88,232000,0,1,False,True,False,11,10,192.5,6.3,14.1,10.3,1,True
Bad Bunny - Soy Peor,cutin5s/cold,4062,4075,13,13,40250,0,5,False,True,True,10,10,293.6,4.2,9.4,84.0,2,True
Bad Bunny - Soy Peor,cutin5s/second_play,4062,4064,2,63,94750,0,4,False,True,True,9,10,379.3,4.6,11.1,64.0,2,True
Bad Bunny - Soy Peor,cutin5s/seeded_correct,4062,20700,16638,16638,,1,4,False,True,True,9,10,336.2,4.1,10.4,56.1,2,False
Bad Bunny - Soy Peor,cutin5s/seeded_wrong_2s,4062,20700,16638,16638,,1,4,False,True,True,9,10,334.0,4.5,11.7,54.5,2,False
Bad Bunny - Soy Peor,cutin15s/cold,14062,14075,13,13,40250,0,5,False,True,True,10,10,186.5,3.6,8.9,83.4,2,True
Bad Bunny - Soy Peor,cutin15s/second_play,14062,14075,13,13,94750,0,4,False,True,True,8,10,205.3,3.4,8.2,62.5,1,True
Bad Bunny - Soy Peor,cutin15s/seeded_correct,14062,14075,13,13,94750,0,3,False,True,True,8,10,203.6,3.4,8.0,62.5,1,True
Bad Bunny - Soy Peor,cutin15s/seeded_wrong_2s,14062,14075,13,13,94750,0,3,False,True,True,8,10,205.3,3.4,8.5,60.8,1,True
Bad Bunny - Soy Peor,cutin25s/cold,24062,24055,-7,13,4000,0,5,False,True,True,7,10,387.8,4.6,7.6,98.3,2,True
Bad Bunny - Soy Peor,cutin25s/second_play,24062,24075,13,113,,0,5,False,True,True,9,10,250.3,4.4,10.3,100.0,2,True
Bad Bunny - Soy Peor,cutin25s/seeded_correct,24062,24075,13,113,,0,4,False,True,True,9,10,251.2,4.1,11.0,100.0,2,True
Bad Bunny - Soy Peor,cutin25s/seeded_wrong_2s,24062,24075,13,113,,0,5,False,True,True,9,10,258.6,4.1,10.9,98.3,2,True
Bad Bunny - Soy Peor,blend8s/cold,-938,-925,13,13,26000,0,5,False,False,True,9,10,345.8,3.8,9.4,89.9,2,True
Bad Bunny - Soy Peor,blend8s/seeded_correct,-938,-925,13,13,26000,0,3,False,False,True,8,10,369.1,4.0,8.7,100.0,2,True
Bad Bunny - Soy Peor,blend8s/seeded_wrong_2s,-938,-925,13,13,40250,0,5,False,False,True,9,10,343.1,4.1,8.5,84.3,2,True
Bad Bunny - Soy Peor,midshift+1.5s/cold,-938,570,8,63,40250,0,5,False,True,True,12,10,387.2,8.2,17.8,70.6,2,True
Bad Bunny - Soy Peor,midshift+1.5s/seeded_correct,-938,17200,16638,16638,,1,4,False,True,True,8,10,470.6,5.8,12.1,57.7,2,False
Bad Bunny - Soy Peor,midshift+1.5s/seeded_wrong_2s,-938,17200,16638,16638,,1,4,False,True,True,8,10,467.4,5.7,12.7,53.8,2,False
Bad Bunny - Soy Peor,midshift-1.5s/cold,-938,-997,1441,13,40250,0,2,False,True,True,12,10,251.1,5.9,12.0,43.5,2,False
Bad Bunny - Soy Peor,midshift-1.5s/seeded_correct,-938,14200,16638,16638,,1,2,False,True,False,12,10,234.4,7.6,15.2,31.1,2,False
Bad Bunny - Soy Peor,midshift-1.5s/seeded_wrong_2s,-938,14200,16638,16638,,1,2,False,True,False,12,10,236.4,7.7,15.9,27.2,2,False
Bad Bunny - BATICANO,off0/cold,-1031,-1016,15,56,8500,0,2,False,True,True,11,11,384.0,5.7,9.6,96.7,2,True
Bad Bunny - BATICANO,off0/seeded_correct,-1031,-1034,-3,56,8500,0,2,False,True,True,8,11,369.6,5.5,10.4,100.0,2,True
Bad Bunny - BATICANO,off0/seeded_wrong_2s,-1031,-1036,-5,56,8500,0,2,False,True,True,10,11,364.5,5.5,9.4,96.7,2,True
Bad Bunny - BATICANO,off+200/cold,-831,-816,15,56,8500,0,3,False,True,True,11,11,391.9,6.4,9.3,96.7,2,True
Bad Bunny - BATICANO,off+200/seeded_correct,-831,-830,1,56,8500,0,3,False,True,True,8,11,375.0,5.7,9.7,100.0,2,True
Bad Bunny - BATICANO,off+200/seeded_wrong_2s,-831,-831,0,56,8500,0,3,False,True,True,9,11,377.2,6.0,9.0,96.7,2,True
Bad Bunny - BATICANO,off-200/cold,-1231,-1259,-28,56,8500,0,1,False,True,True,9,11,382.3,5.3,8.9,96.7,2,True
Bad Bunny - BATICANO,off-200/seeded_correct,-1231,-1234,-3,56,8500,0,2,False,True,True,9,11,374.2,5.7,9.7,100.0,2,True
Bad Bunny - BATICANO,off-200/seeded_wrong_2s,-1231,-1235,-4,56,8500,0,2,False,True,True,10,11,375.4,5.9,9.6,96.7,2,True
Bad Bunny - BATICANO,off+2s/cold,969,983,14,56,7000,0,3,False,True,True,11,11,372.0,5.8,9.4,97.2,2,True
Bad Bunny - BATICANO,off+2s/seeded_correct,969,985,16,56,7000,0,5,False,True,True,9,11,372.9,5.8,9.8,100.0,2,True
Bad Bunny - BATICANO,off+2s/seeded_wrong_2s,969,985,16,56,7000,0,5,False,True,True,10,11,357.0,5.7,9.4,97.2,2,True
Bad Bunny - BATICANO,off-2s/cold,-3031,,,-69,11500,0,0,False,True,True,11,11,372.7,6.0,10.6,95.5,2,False
Bad Bunny - BATICANO,off-2s/seeded_correct,-3031,-3031,0,56,11500,0,0,False,True,True,10,11,381.0,5.8,10.1,100.0,2,True
Bad Bunny - BATICANO,off-2s/seeded_wrong_2s,-3031,-3060,-29,56,11500,0,1,False,True,True,11,11,372.5,6.0,10.5,95.5,2,True
Bad Bunny - BATICANO,off+10s/cold,8969,8982,13,-8969,,0,5,False,False,False,11,11,338.6,6.6,10.3,0.0,0,True
Bad Bunny - BATICANO,off+10s/second_play,8969,8983,14,56,2500,0,5,False,True,True,10,11,346.3,6.2,10.6,100.0,2,True
Bad Bunny - BATICANO,off+10s/seeded_correct,8969,8984,15,56,2500,0,7,False,True,True,10,11,370.2,5.9,10.5,100.0,2,True
Bad Bunny - BATICANO,off+10s/seeded_wrong_2s,8969,8984,15,56,2500,0,6,False,True,True,11,11,345.7,6.0,10.7,99.0,2,True
Bad Bunny - BATICANO,off-10s/cold,-11031,,,11031,,0,0,False,False,False,11,11,369.5,6.1,11.5,0.0,0,False
Bad Bunny - BATICANO,off-10s/second_play,-11031,,,11031,,0,0,False,False,False,11,11,348.4,6.1,8.2,0.0,0,False
Bad Bunny - BATICANO,off-10s/seeded_correct,-11031,-11031,0,0,,0,0,False,False,False,11,11,343.2,6.0,9.4,100.0,0,True
Bad Bunny - BATICANO,off-10s/seeded_wrong_2s,-11031,-9031,2000,2000,,0,0,False,False,False,11,11,347.0,6.2,8.5,0.0,0,False
Bad Bunny - BATICANO,off+25s/cold,23969,23982,13,-23969,,0,5,False,False,False,11,11,299.5,6.6,10.6,0.0,0,True
Bad Bunny - BATICANO,off+25s/second_play,23969,23970,1,6,2500,0,5,False,True,True,10,11,316.4,6.5,12.3,100.0,2,True
Bad Bunny - BATICANO,off+25s/seeded_correct,23969,23969,0,6,2500,0,5,False,True,True,11,11,303.3,6.3,12.7,100.0,2,True
Bad Bunny - BATICANO,off+25s/seeded_wrong_2s,23969,23968,-1,6,2500,0,5,False,True,True,12,11,308.2,6.4,12.8,98.9,2,True
Bad Bunny - BATICANO,off-25s/cold,-26031,,,26031,,0,0,False,False,False,11,11,371.8,6.0,8.5,0.0,0,False
Bad Bunny - BATICANO,off-25s/second_play,-26031,,,26031,,0,0,False,False,False,11,11,364.8,5.8,7.9,0.0,0,False
Bad Bunny - BATICANO,off-25s/seeded_correct,-26031,-26031,0,0,,0,0,False,False,False,11,11,361.0,5.6,9.5,100.0,0,True
Bad Bunny - BATICANO,off-25s/seeded_wrong_2s,-26031,-24031,2000,2000,,0,0,False,False,False,11,11,363.2,5.8,8.5,0.0,0,False
Bad Bunny - BATICANO,noise0/cold,-1031,-1016,15,56,8500,0,2,False,True,True,11,11,327.7,4.9,8.2,96.7,2,True
Bad Bunny - BATICANO,noise0/seeded_correct,-1031,-1034,-3,56,8500,0,2,False,True,True,8,11,318.5,4.4,7.9,100.0,2,True
Bad Bunny - BATICANO,noise0/seeded_wrong_2s,-1031,-1036,-5,56,8500,0,2,False,True,True,10,11,323.0,4.9,8.3,96.7,2,True
Bad Bunny - BATICANO,noise-2s/cold,-3031,,,-69,11500,0,0,False,True,True,12,11,310.2,5.3,8.8,95.5,2,False
Bad Bunny - BATICANO,noise-2s/seeded_correct,-3031,-3031,0,56,11500,0,0,False,True,True,10,11,328.3,4.5,8.6,100.0,2,True
Bad Bunny - BATICANO,noise-2s/seeded_wrong_2s,-3031,-3060,-29,56,11500,0,1,False,True,True,11,11,307.8,4.9,8.6,95.5,2,True
Bad Bunny - BATICANO,cutin5s/cold,3969,3951,-18,-69,4000,0,4,False,True,False,13,11,324.9,6.1,12.7,98.4,2,True
Bad Bunny - BATICANO,cutin5s/second_play,3969,3973,4,56,4000,0,7,False,True,True,12,11,315.2,6.2,11.5,100.0,1,True
Bad Bunny - BATICANO,cutin5s/seeded_correct,3969,3977,8,56,4000,0,8,False,True,True,12,11,311.4,6.3,10.3,100.0,1,True
Bad Bunny - BATICANO,cutin5s/seeded_wrong_2s,3969,3977,8,56,4000,0,7,False,True,True,12,11,299.0,6.0,10.3,98.4,1,True
Bad Bunny - BATICANO,cutin15s/cold,13969,13976,7,56,4000,0,4,False,True,True,13,11,239.0,4.8,10.0,98.3,2,True
Bad Bunny - BATICANO,cutin15s/second_play,13969,13975,6,56,4000,0,6,False,True,True,13,11,240.1,4.9,10.0,100.0,2,True
Bad Bunny - BATICANO,cutin15s/seeded_correct,13969,13978,9,56,4000,0,6,False,True,True,13,11,250.0,4.9,9.8,100.0,2,True
Bad Bunny - BATICANO,cutin15s/seeded_wrong_2s,13969,13978,9,56,4000,0,5,False,True,True,13,11,238.9,5.0,9.9,98.3,2,True
Bad Bunny - BATICANO,cutin25s/cold,23969,23947,-22,-44,4000,0,4,False,True,False,13,11,278.1,6.2,13.6,98.3,2,True
Bad Bunny - BATICANO,cutin25s/second_play,23969,23956,-13,106,,0,4,False,True,False,13,11,295.8,6.7,15.0,100.0,2,True
Bad Bunny - BATICANO,cutin25s/seeded_correct,23969,23947,-22,106,,0,5,False,True,False,13,11,291.4,6.8,12.6,100.0,2,True
Bad Bunny - BATICANO,cutin25s/seeded_wrong_2s,23969,23946,-23,106,,0,4,False,True,False,13,11,282.5,6.6,13.2,98.3,2,True
Bad Bunny - BATICANO,blend8s/cold,-1031,-1016,15,56,14500,0,2,False,True,True,11,11,436.1,6.7,10.1,94.3,2,True
Bad Bunny - BATICANO,blend8s/seeded_correct,-1031,-1034,-3,56,14500,0,2,False,True,True,9,11,424.4,6.5,10.1,100.0,2,True
Bad Bunny - BATICANO,blend8s/seeded_wrong_2s,-1031,-1035,-4,56,14500,0,2,False,True,True,10,11,407.4,6.0,9.5,94.3,2,True
Bad Bunny - BATICANO,midshift+1.5s/cold,-1031,493,24,56,8500,0,6,False,True,True,12,11,462.4,7.9,12.6,88.0,2,True
Bad Bunny - BATICANO,midshift+1.5s/seeded_correct,-1031,494,25,56,8500,0,6,False,True,True,10,11,398.4,6.5,12.9,91.3,2,True
Bad Bunny - BATICANO,midshift+1.5s/seeded_wrong_2s,-1031,493,24,56,8500,0,6,False,True,True,12,11,496.6,8.2,14.0,88.0,2,True
Bad Bunny - BATICANO,midshift-1.5s/cold,-1031,-1080,1451,1431,8500,0,1,False,True,True,12,11,384.9,6.3,9.7,20.1,2,False
Bad Bunny - BATICANO,midshift-1.5s/seeded_correct,-1031,-1074,1457,1450,8500,0,1,False,True,True,10,11,399.9,6.5,9.8,23.4,2,False
Bad Bunny - BATICANO,midshift-1.5s/seeded_wrong_2s,-1031,-1060,1471,1450,8500,0,1,False,True,True,12,11,395.1,6.4,10.8,20.1,2,False
"Arcángel, Bad Bunny, Mambo Kingz, DJ Luian - Tu No Vive Asi (feat. Mambo Kingz & DJ Luian)",off0/cold,-2183,5866,8049,8083,,7,7,False,False,True,11,18,445.6,3.7,8.4,0.0,2,False
"Arcángel, Bad Bunny, Mambo Kingz, DJ Luian - Tu No Vive Asi (feat. Mambo Kingz & DJ Luian)",off0/seeded_correct,-2183,5866,8049,8083,,6,8,False,False,True,17,18,418.6,4.5,9.0,44.8,2,False
"Arcángel, Bad Bunny, Mambo Kingz, DJ Luian - Tu No Vive Asi (feat. Mambo Kingz & DJ Luian)",off0/seeded_wrong_2s,-2183,5900,8083,8083,,7,7,False,False,True,16,18,415.5,4.5,7.9,0.0,2,False
"Arcángel, Bad Bunny, Mambo Kingz, DJ Luian - Tu No Vive Asi (feat. Mambo Kingz & DJ Luian)",off+200/cold,-1983,6066,8049,8083,,7,7,False,False,True,11,18,431.5,3.6,7.7,0.0,2,False
"Arcángel, Bad Bunny, Mambo Kingz, DJ Luian - Tu No Vive Asi (feat. Mambo Kingz & DJ Luian)",off+200/seeded_correct,-1983,6066,8049,8083,,6,8,False,False,True,17,18,432.7,5.0,9.6,44.8,2,False
"Arcángel, Bad Bunny, Mambo Kingz, DJ Luian - Tu No Vive Asi (feat. Mambo Kingz & DJ Luian)",off+200/seeded_wrong_2s,-1983,6100,8083,8083,,7,7,False,False,True,16,18,465.9,5.2,8.9,0.0,2,False
"Arcángel, Bad Bunny, Mambo Kingz, DJ Luian - Tu No Vive Asi (feat. Mambo Kingz & DJ Luian)",off-200/cold,-2383,5666,8049,8083,,7,7,False,False,True,11,18,464.5,4.2,8.1,0.0,2,False
"Arcángel, Bad Bunny, Mambo Kingz, DJ Luian - Tu No Vive Asi (feat. Mambo Kingz & DJ Luian)",off-200/seeded_correct,-2383,5669,8052,8083,,5,6,False,False,True,16,18,448.5,4.5,10.1,42.9,2,False
"Arcángel, Bad Bunny, Mambo Kingz, DJ Luian - Tu No Vive Asi (feat. Mambo Kingz & DJ Luian)",off-200/seeded_wrong_2s,-2383,5700,8083,8083,,7,7,False,False,True,16,18,493.7,5.0,9.9,0.0,2,False
"Arcángel, Bad Bunny, Mambo Kingz, DJ Luian - Tu No Vive Asi (feat. Mambo Kingz & DJ Luian)",off+2s/cold,-183,7866,8049,8083,,6,7,False,False,True,11,18,502.4,4.3,10.6,24.0,2,False
"Arcángel, Bad Bunny, Mambo Kingz, DJ Luian - Tu No Vive Asi (feat. Mambo Kingz & DJ Luian)",off+2s/seeded_correct,-183,7900,8083,8083,,4,5,False,False,True,12,18,467.4,4.2,10.3,45.3,2,False
"Arcángel, Bad Bunny, Mambo Kingz, DJ Luian - Tu No Vive Asi (feat. Mambo Kingz & DJ Luian)",off+2s/seeded_wrong_2s,-183,7900,8083,8083,,3,4,False,False,False,20,18,426.1,7.2,12.7,31.7,2,False
"Arcángel, Bad Bunny, Mambo Kingz, DJ Luian - Tu No Vive Asi (feat. Mambo Kingz & DJ Luian)",off-2s/cold,-4183,3850,8033,8083,,5,5,True,False,True,9,18,497.5,3.5,9.2,0.0,2,False
"Arcángel, Bad Bunny, Mambo Kingz, DJ Luian - Tu No Vive Asi (feat. Mambo Kingz & DJ Luian)",off-2s/seeded_correct,-4183,3865,8048,8083,,6,6,False,False,True,16,18,479.6,4.8,9.5,32.2,2,False
"Arcángel, Bad Bunny, Mambo Kingz, DJ Luian - Tu No Vive Asi (feat. Mambo Kingz & DJ Luian)",off-2s/seeded_wrong_2s,-4183,3900,8083,8083,,6,6,False,False,True,15,18,520.8,5.1,11.2,0.0,2,False
"Arcángel, Bad Bunny, Mambo Kingz, DJ Luian - Tu No Vive Asi (feat. Mambo Kingz & DJ Luian)",off+10s/cold,7817,15844,8027,8058,,7,7,False,False,True,11,18,548.8,4.1,12.2,0.0,2,False
"Arcángel, Bad Bunny, Mambo Kingz, DJ Luian - Tu No Vive Asi (feat. Mambo Kingz & DJ Luian)",off+10s/second_play,7817,15846,8029,8058,,4,4,False,True,True,4,18,518.2,4.3,8.8,0.0,2,False
"Arcángel, Bad Bunny, Mambo Kingz, DJ Luian - Tu No Vive Asi (feat. Mambo Kingz & DJ Luian)",off+10s/seeded_correct,7817,15775,7958,7958,,2,3,False,False,True,15,18,428.1,6.0,13.9,43.5,2,False
"Arcángel, Bad Bunny, Mambo Kingz, DJ Luian - Tu No Vive Asi (feat. Mambo Kingz & DJ Luian)",off+10s/seeded_wrong_2s,7817,15775,7958,7958,,1,2,False,False,False,20,18,420.3,7.3,14.7,32.7,2,False
"Arcángel, Bad Bunny, Mambo Kingz, DJ Luian - Tu No Vive Asi (feat. Mambo Kingz & DJ Luian)",off-10s/cold,-12183,-4251,7932,8058,,4,4,True,False,True,8,18,558.7,5.0,8.4,0.0,2,False
"Arcángel, Bad Bunny, Mambo Kingz, DJ Luian - Tu No Vive Asi (feat. Mambo Kingz & DJ Luian)",off-10s/second_play,-12183,27875,40058,40058,,7,7,False,True,True,17,18,414.9,6.4,12.9,0.0,2,False
"Arcángel, Bad Bunny, Mambo Kingz, DJ Luian - Tu No Vive Asi (feat. Mambo Kingz & DJ Luian)",off-10s/seeded_correct,-12183,-4100,8083,8083,,5,5,False,False,True,18,18,433.5,6.1,12.1,22.9,2,False
"Arcángel, Bad Bunny, Mambo Kingz, DJ Luian - Tu No Vive Asi (feat. Mambo Kingz & DJ Luian)",off-10s/seeded_wrong_2s,-12183,-4100,8083,8083,,5,5,False,False,True,18,18,462.0,6.9,12.3,0.0,2,False
"Arcángel, Bad Bunny, Mambo Kingz, DJ Luian - Tu No Vive Asi (feat. Mambo Kingz & DJ Luian)",off+25s/cold,22817,-1280,-24097,-23642,,1,1,False,False,True,14,18,436.4,4.8,15.7,0.0,2,False
"Arcángel, Bad Bunny, Mambo Kingz, DJ Luian - Tu No Vive Asi (feat. Mambo Kingz & DJ Luian)",off+25s/second_play,22817,-1261,-24078,-23642,,2,2,False,False,True,18,18,411.1,7.3,15.2,0.0,2,False
"Arcángel, Bad Bunny, Mambo Kingz, DJ Luian - Tu No Vive Asi (feat. Mambo Kingz & DJ Luian)",off+25s/seeded_correct,22817,22740,-77,-17,26000,0,2,False,False,True,15,18,425.4,4.9,14.9,100.0,2,True
"Arcángel, Bad Bunny, Mambo Kingz, DJ Luian - Tu No Vive Asi (feat. Mambo Kingz & DJ Luian)",off+25s/seeded_wrong_2s,22817,22750,-67,358,,0,1,False,False,False,20,18,398.1,7.5,16.4,52.1,2,True
"Arcángel, Bad Bunny, Mambo Kingz, DJ Luian - Tu No Vive Asi (feat. Mambo Kingz & DJ Luian)",off-25s/cold,-27183,13775,40958,40958,,2,2,False,False,True,20,18,455.1,6.9,12.5,0.0,2,False
"Arcángel, Bad Bunny, Mambo Kingz, DJ Luian - Tu No Vive Asi (feat. Mambo Kingz & DJ Luian)",off-25s/second_play,-27183,13775,40958,40958,,2,2,False,False,True,20,18,455.7,6.8,12.9,0.0,2,False
"Arcángel, Bad Bunny, Mambo Kingz, DJ Luian - Tu No Vive Asi (feat. Mambo Kingz & DJ Luian)",off-25s/seeded_correct,-27183,13775,40958,40958,,2,2,False,False,True,20,18,449.4,6.8,12.2,21.7,2,False
"Arcángel, Bad Bunny, Mambo Kingz, DJ Luian - Tu No Vive Asi (feat. Mambo Kingz & DJ Luian)",off-25s/seeded_wrong_2s,-27183,13775,40958,40958,,2,2,False,False,True,20,18,445.1,6.4,12.4,0.0,2,False
"Arcángel, Bad Bunny, Mambo Kingz, DJ Luian - Tu No Vive Asi (feat. Mambo Kingz & DJ Luian)",noise0/cold,-2183,5866,8049,8083,,7,7,False,False,True,11,18,433.4,3.5,8.4,0.0,2,False
"Arcángel, Bad Bunny, Mambo Kingz, DJ Luian - Tu No Vive Asi (feat. Mambo Kingz & DJ Luian)",noise0/seeded_correct,-2183,5866,8049,8083,,6,8,False,False,True,17,18,430.2,5.0,9.4,44.8,2,False
"Arcángel, Bad Bunny, Mambo Kingz, DJ Luian - Tu No Vive Asi (feat. Mambo Kingz & DJ Luian)",noise0/seeded_wrong_2s,-2183,5900,8083,8083,,7,7,False,False,True,16,18,419.9,4.1,8.9,0.0,2,False
"Arcángel, Bad Bunny, Mambo Kingz, DJ Luian - Tu No Vive Asi (feat. Mambo Kingz & DJ Luian)",noise-2s/cold,-4183,3843,8026,8083,,5,5,True,False,True,9,18,436.0,3.0,8.2,0.0,2,False
"Arcángel, Bad Bunny, Mambo Kingz, DJ Luian - Tu No Vive Asi (feat. Mambo Kingz & DJ Luian)",noise-2s/seeded_correct,-4183,3865,8048,8083,,6,6,False,False,True,16,18,419.8,4.3,8.3,32.2,2,False
"Arcángel, Bad Bunny, Mambo Kingz, DJ Luian - Tu No Vive Asi (feat. Mambo Kingz & DJ Luian)",noise-2s/seeded_wrong_2s,-4183,3900,8083,8083,,6,6,False,False,True,15,18,415.4,3.9,8.1,0.0,2,False
"Arcángel, Bad Bunny, Mambo Kingz, DJ Luian - Tu No Vive Asi (feat. Mambo Kingz & DJ Luian)",cutin5s/cold,2817,10900,8083,8083,,7,7,False,False,True,17,18,446.9,5.0,10.2,0.0,2,False
"Arcángel, Bad Bunny, Mambo Kingz, DJ Luian - Tu No Vive Asi (feat. Mambo Kingz & DJ Luian)",cutin5s/second_play,2817,10900,8083,8083,,5,5,False,True,True,6,18,451.3,3.4,8.0,0.0,2,False
"Arcángel, Bad Bunny, Mambo Kingz, DJ Luian - Tu No Vive Asi (feat. Mambo Kingz & DJ Luian)",cutin5s/seeded_correct,2817,10841,8024,8083,,4,5,False,False,True,12,18,433.4,5.0,12.4,45.0,2,False
"Arcángel, Bad Bunny, Mambo Kingz, DJ Luian - Tu No Vive Asi (feat. Mambo Kingz & DJ Luian)",cutin5s/seeded_wrong_2s,2817,10900,8083,8083,,4,4,False,False,True,16,18,436.9,5.0,10.6,0.0,2,False
"Arcángel, Bad Bunny, Mambo Kingz, DJ Luian - Tu No Vive Asi (feat. Mambo Kingz & DJ Luian)",cutin15s/cold,12817,20833,8016,8083,,6,6,False,False,True,16,18,349.1,4.1,9.0,0.0,2,False
"Arcángel, Bad Bunny, Mambo Kingz, DJ Luian - Tu No Vive Asi (feat. Mambo Kingz & DJ Luian)",cutin15s/second_play,12817,20775,7958,7958,,4,4,False,True,True,8,18,351.1,2.7,9.8,0.0,2,False
"Arcángel, Bad Bunny, Mambo Kingz, DJ Luian - Tu No Vive Asi (feat. Mambo Kingz & DJ Luian)",cutin15s/seeded_correct,12817,20758,7941,15958,,5,6,False,False,True,10,18,386.7,3.5,6.4,42.7,2,False
"Arcángel, Bad Bunny, Mambo Kingz, DJ Luian - Tu No Vive Asi (feat. Mambo Kingz & DJ Luian)",cutin15s/seeded_wrong_2s,12817,20834,8017,8083,,6,6,False,False,True,16,18,331.7,3.7,8.7,0.0,2,False
"Arcángel, Bad Bunny, Mambo Kingz, DJ Luian - Tu No Vive Asi (feat. Mambo Kingz & DJ Luian)",cutin25s/cold,22817,22737,-80,-67,8500,0,2,False,True,True,17,18,327.1,6.6,14.6,96.4,2,True
"Arcángel, Bad Bunny, Mambo Kingz, DJ Luian - Tu No Vive Asi (feat. Mambo Kingz & DJ Luian)",cutin25s/second_play,22817,30748,7931,-17,159750,2,3,False,True,True,9,18,348.5,3.3,11.5,47.0,2,False
"Arcángel, Bad Bunny, Mambo Kingz, DJ Luian - Tu No Vive Asi (feat. Mambo Kingz & DJ Luian)",cutin25s/seeded_correct,22817,30748,7931,-17,159750,2,3,False,True,True,9,18,350.3,3.3,12.3,47.0,2,False
"Arcángel, Bad Bunny, Mambo Kingz, DJ Luian - Tu No Vive Asi (feat. Mambo Kingz & DJ Luian)",cutin25s/seeded_wrong_2s,22817,30748,7931,7933,,2,3,False,True,True,10,18,348.8,3.3,12.1,13.1,2,False
"Arcángel, Bad Bunny, Mambo Kingz, DJ Luian - Tu No Vive Asi (feat. Mambo Kingz & DJ Luian)",blend8s/cold,-2183,5866,8049,8083,,7,7,False,False,True,11,18,477.7,3.5,10.6,0.0,2,False
"Arcángel, Bad Bunny, Mambo Kingz, DJ Luian - Tu No Vive Asi (feat. Mambo Kingz & DJ Luian)",blend8s/seeded_correct,-2183,5866,8049,8083,,6,8,False,False,True,17,18,503.1,5.5,10.4,44.8,2,False
"Arcángel, Bad Bunny, Mambo Kingz, DJ Luian - Tu No Vive Asi (feat. Mambo Kingz & DJ Luian)",blend8s/seeded_wrong_2s,-2183,5900,8083,8083,,7,7,False,False,True,16,18,499.6,5.1,9.6,0.0,2,False
"Arcángel, Bad Bunny, Mambo Kingz, DJ Luian - Tu No Vive Asi (feat. Mambo Kingz & DJ Luian)",midshift+1.5s/cold,-2183,7400,8083,8083,,6,6,False,False,True,17,18,582.1,6.6,12.2,0.0,2,False
"Arcángel, Bad Bunny, Mambo Kingz, DJ Luian - Tu No Vive Asi (feat. Mambo Kingz & DJ Luian)",midshift+1.5s/seeded_correct,-2183,7347,8030,8083,,4,6,False,False,True,19,18,520.2,8.8,15.7,38.0,2,False
"Arcángel, Bad Bunny, Mambo Kingz, DJ Luian - Tu No Vive Asi (feat. Mambo Kingz & DJ Luian)",midshift+1.5s/seeded_wrong_2s,-2183,7360,8043,8083,,7,7,False,False,True,20,18,503.2,8.4,17.1,0.0,2,False
"Arcángel, Bad Bunny, Mambo Kingz, DJ Luian - Tu No Vive Asi (feat. Mambo Kingz & DJ Luian)",midshift-1.5s/cold,-2183,4400,8083,8083,,5,5,False,False,True,14,18,534.7,4.9,10.4,0.0,2,False
"Arcángel, Bad Bunny, Mambo Kingz, DJ Luian - Tu No Vive Asi (feat. Mambo Kingz & DJ Luian)",midshift-1.5s/seeded_correct,-2183,4400,8083,8083,,4,4,False,False,True,15,18,569.0,6.4,10.3,23.1,2,False
"Arcángel, Bad Bunny, Mambo Kingz, DJ Luian - Tu No Vive Asi (feat. Mambo Kingz & DJ Luian)",midshift-1.5s/seeded_wrong_2s,-2183,4364,8047,8083,,6,6,False,False,True,20,18,479.8,8.2,15.5,0.0,2,False
Bad Bunny - BENDICIONES,off0/cold,2225,-1105,-3330,-3328,,6,6,True,True,True,7,13,188.3,3.1,4.8,0.0,1,False
Bad Bunny - BENDICIONES,off0/seeded_correct,2225,-1110,-3335,-3325,,3,4,False,True,True,12,13,179.9,3.7,7.2,4.5,1,False
Bad Bunny - BENDICIONES,off0/seeded_wrong_2s,2225,2227,2,-3325,,1,3,False,True,True,8,13,181.5,3.6,5.0,0.0,0,True
Bad Bunny - BENDICIONES,off+200/cold,2425,-905,-3330,-3327,,6,6,True,True,True,7,13,197.3,3.3,5.5,0.0,1,False
Bad Bunny - BENDICIONES,off+200/seeded_correct,2425,-910,-3335,-3325,,3,4,False,True,True,12,13,187.0,4.0,8.0,4.5,1,False
Bad Bunny - BENDICIONES,off+200/seeded_wrong_2s,2425,2425,0,0,39750,0,3,False,False,False,14,13,160.0,4.0,6.9,74.4,1,True
Bad Bunny - BENDICIONES,off-200/cold,2025,-1306,-3331,-3329,,6,6,True,True,True,7,13,199.5,3.2,5.5,0.0,1,False
Bad Bunny - BENDICIONES,off-200/seeded_correct,2025,-1310,-3335,-3325,,3,4,False,True,True,12,13,191.3,3.9,7.6,5.5,1,False
Bad Bunny - BENDICIONES,off-200/seeded_wrong_2s,2025,2027,2,-3325,,1,3,False,True,True,8,13,176.3,3.5,5.2,0.0,0,True
Bad Bunny - BENDICIONES,off+2s/cold,4225,896,-3329,-3327,,6,6,True,True,True,7,13,201.8,3.4,5.7,0.0,1,False
Bad Bunny - BENDICIONES,off+2s/seeded_correct,4225,890,-3335,-3325,,3,4,False,True,True,12,13,185.7,3.9,8.0,3.6,1,False
Bad Bunny - BENDICIONES,off+2s/seeded_wrong_2s,4225,4225,0,0,39750,0,3,False,False,False,14,13,163.8,4.2,7.0,74.1,1,True
Bad Bunny - BENDICIONES,off-2s/cold,225,-3106,-3331,-3325,,6,6,True,True,True,7,13,196.1,3.2,4.9,6.4,1,False
Bad Bunny - BENDICIONES,off-2s/seeded_correct,225,226,1,-3325,,1,4,False,True,True,10,13,178.4,3.5,6.2,6.4,1,True
Bad Bunny - BENDICIONES,off-2s/seeded_wrong_2s,225,225,0,0,39750,0,3,False,False,False,14,13,161.4,4.1,7.1,74.7,1,True
Bad Bunny - BENDICIONES,off+10s/cold,12225,8890,-3335,-3325,,4,4,False,False,True,12,13,193.3,4.1,8.6,0.0,0,False
Bad Bunny - BENDICIONES,off+10s/second_play,12225,8896,-3329,-3335,,2,2,False,True,True,1,13,185.6,2.9,4.7,0.0,0,False
Bad Bunny - BENDICIONES,off+10s/seeded_correct,12225,12225,0,0,34250,0,4,False,False,False,13,13,167.2,4.8,8.8,100.0,0,True
Bad Bunny - BENDICIONES,off+10s/seeded_wrong_2s,12225,12225,0,0,39750,0,4,False,False,False,13,13,171.2,4.7,8.9,72.6,0,True
Bad Bunny - BENDICIONES,off-10s/cold,-7775,,,36675,,0,0,False,False,False,15,13,218.9,5.0,8.9,0.0,2,False
Bad Bunny - BENDICIONES,off-10s/second_play,-7775,,,36675,,0,0,False,False,False,15,13,188.4,4.1,8.0,0.0,2,False
Bad Bunny - BENDICIONES,off-10s/seeded_correct,-7775,-7775,0,-2225,,0,0,False,True,False,15,13,178.4,3.9,8.1,10.6,2,True
Bad Bunny - BENDICIONES,off-10s/seeded_wrong_2s,-7775,-5775,2000,2000,,0,0,False,False,False,13,13,169.8,3.9,7.4,0.0,0,False
Bad Bunny - BENDICIONES,off+25s/cold,27225,23891,-3334,-3325,,3,3,False,False,True,8,13,194.4,3.8,6.9,0.0,0,False
Bad Bunny - BENDICIONES,off+25s/second_play,27225,23897,-3328,-3334,,2,2,False,True,True,1,13,172.7,3.2,4.3,0.0,0,False
Bad Bunny - BENDICIONES,off+25s/seeded_correct,27225,27225,0,0,10000,0,3,False,True,False,13,13,133.5,5.1,8.6,100.0,0,True
Bad Bunny - BENDICIONES,off+25s/seeded_wrong_2s,27225,27225,0,0,10000,0,4,False,True,False,13,13,127.3,4.9,8.9,92.3,0,True
Bad Bunny - BENDICIONES,off-25s/cold,-22775,13894,36669,36669,,1,1,False,False,True,15,13,195.9,3.9,7.4,0.0,2,False
Bad Bunny - BENDICIONES,off-25s/second_play,-22775,13896,36671,36669,,1,1,False,False,True,14,13,210.4,3.7,7.1,0.0,2,False
Bad Bunny - BENDICIONES,off-25s/seeded_correct,-22775,13895,36670,36670,,1,1,False,False,True,14,13,207.5,3.6,5.9,55.3,2,False
Bad Bunny - BENDICIONES,off-25s/seeded_wrong_2s,-22775,13895,36670,36670,,1,1,False,False,True,14,13,212.9,3.8,6.6,0.0,2,False
Bad Bunny - BENDICIONES,noise0/cold,2225,-1102,-3327,-3325,,3,3,True,True,True,1,13,153.0,2.0,3.6,0.0,0,False
Bad Bunny - BENDICIONES,noise0/seeded_correct,2225,2225,0,0,34250,0,4,False,False,False,14,13,129.0,3.2,5.5,100.0,1,True
Bad Bunny - BENDICIONES,noise0/seeded_wrong_2s,2225,2226,1,0,39750,0,2,False,False,False,14,13,135.0,3.3,6.9,74.4,1,True
Bad Bunny - BENDICIONES,noise-2s/cold,225,-3103,-3328,-3325,,2,2,True,True,True,2,13,150.1,2.1,3.7,7.3,0,False
Bad Bunny - BENDICIONES,noise-2s/seeded_correct,225,225,0,0,34250,0,4,False,False,False,14,13,125.9,3.1,5.1,100.0,1,True
Bad Bunny - BENDICIONES,noise-2s/seeded_wrong_2s,225,226,1,0,39750,0,2,False,False,False,14,13,129.9,3.2,5.7,74.7,1,True
Bad Bunny - BENDICIONES,cutin5s/cold,7225,3898,-3327,-3328,,3,3,True,True,True,2,13,148.0,2.3,3.4,0.0,0,False
Bad Bunny - BENDICIONES,cutin5s/second_play,7225,3898,-3327,-3327,,2,2,False,True,True,1,13,152.4,2.1,3.9,0.0,0,False
Bad Bunny - BENDICIONES,cutin5s/seeded_correct,7225,3890,-3335,-3325,,3,3,False,False,True,12,13,149.4,3.0,6.6,39.8,0,False
Bad Bunny - BENDICIONES,cutin5s/seeded_wrong_2s,7225,3890,-3335,-3325,,3,3,False,False,True,12,13,147.4,3.1,5.4,0.0,0,False
Bad Bunny - BENDICIONES,cutin15s/cold,17225,13894,-3331,-3325,,6,6,False,True,True,7,13,128.7,2.5,4.3,0.0,0,False
Bad Bunny - BENDICIONES,cutin15s/second_play,17225,13898,-3327,-3330,,2,2,False,True,True,1,13,124.4,2.0,3.4,0.0,0,False
Bad Bunny - BENDICIONES,cutin15s/seeded_correct,17225,17225,0,0,34250,0,4,False,False,False,13,13,101.7,2.9,5.3,100.0,0,True
Bad Bunny - BENDICIONES,cutin15s/seeded_wrong_2s,17225,17226,1,-3325,,1,4,False,False,True,12,13,119.1,2.8,4.9,42.8,0,True
Bad Bunny - BENDICIONES,cutin25s/cold,27225,23894,-3331,-3325,,5,5,False,True,True,7,13,124.8,2.6,5.1,0.0,0,False
Bad Bunny - BENDICIONES,cutin25s/second_play,27225,23895,-3330,-3330,,5,5,False,True,True,7,13,121.4,2.5,4.7,0.0,0,False
Bad Bunny - BENDICIONES,cutin25s/seeded_correct,27225,27225,0,-3325,,1,4,False,True,True,7,13,124.1,2.4,4.7,45.9,0,True
Bad Bunny - BENDICIONES,cutin25s/seeded_wrong_2s,27225,23890,-3335,-3325,,3,3,False,False,True,11,13,132.5,3.1,6.3,0.0,0,False
Bad Bunny - BENDICIONES,blend8s/cold,2225,-1102,-3327,-3328,,3,3,True,True,True,2,13,172.0,2.3,4.6,0.0,0,False
Bad Bunny - BENDICIONES,blend8s/seeded_correct,2225,2225,0,0,34250,0,4,False,False,False,14,13,139.7,3.5,5.7,100.0,1,True
Bad Bunny - BENDICIONES,blend8s/seeded_wrong_2s,2225,2225,0,0,39750,0,3,False,False,False,14,13,141.0,3.5,6.1,74.4,1,True
Bad Bunny - BENDICIONES,midshift+1.5s/cold,2225,386,-3339,-3325,,7,7,True,True,True,13,13,195.6,3.9,7.2,0.0,2,False
Bad Bunny - BENDICIONES,midshift+1.5s/seeded_correct,2225,383,-3342,-3325,,3,4,False,True,True,12,13,189.5,3.8,7.8,4.6,1,False
Bad Bunny - BENDICIONES,midshift+1.5s/seeded_wrong_2s,2225,400,-3325,-3325,,2,2,False,True,False,13,13,155.9,4.8,8.6,0.0,0,False
Bad Bunny - BENDICIONES,midshift-1.5s/cold,2225,-2600,-3325,-3325,,6,6,True,True,True,14,13,172.8,3.9,7.8,0.0,2,False
Bad Bunny - BENDICIONES,midshift-1.5s/seeded_correct,2225,-1100,-1825,0,122000,1,2,False,True,True,14,13,153.3,3.9,6.8,26.7,2,False
Bad Bunny - BENDICIONES,midshift-1.5s/seeded_wrong_2s,2225,-1100,-1825,-1825,,1,1,False,True,False,15,13,164.3,4.1,8.1,0.0,2,False
Bad Bunny - Cuando Perriabas,off0/cold,1950,1947,-3,0,7000,0,4,True,True,True,3,10,2252.4,8.3,19.7,98.6,0,True
Bad Bunny - Cuando Perriabas,off0/seeded_correct,1950,1939,-11,0,5500,0,3,False,True,True,3,10,2240.9,9.1,19.5,100.0,0,True
Bad Bunny - Cuando Perriabas,off0/seeded_wrong_2s,1950,1938,-12,0,5500,0,3,False,True,True,3,10,2253.6,8.9,19.4,98.9,0,True
Bad Bunny - Cuando Perriabas,off+200/cold,2150,2144,-6,0,5500,0,4,True,True,True,3,10,2298.1,9.4,19.9,98.9,0,True
Bad Bunny - Cuando Perriabas,off+200/seeded_correct,2150,2139,-11,0,5500,0,3,False,True,True,3,10,2271.7,8.7,20.2,100.0,0,True
Bad Bunny - Cuando Perriabas,off+200/seeded_wrong_2s,2150,2138,-12,0,5500,0,3,False,True,True,3,10,2236.8,9.0,19.9,98.9,0,True
Bad Bunny - Cuando Perriabas,off-200/cold,1750,1744,-6,-25,8500,0,3,True,True,True,2,10,2272.2,8.5,19.6,98.3,0,True
Bad Bunny - Cuando Perriabas,off-200/seeded_correct,1750,1739,-11,0,5500,0,3,False,True,True,3,10,2373.1,10.4,19.6,100.0,0,True
Bad Bunny - Cuando Perriabas,off-200/seeded_wrong_2s,1750,1738,-12,0,5500,0,3,False,True,True,3,10,2268.0,9.4,19.0,98.9,0,True
Bad Bunny - Cuando Perriabas,off+2s/cold,3950,3949,-1,0,28300,0,3,True,False,True,4,10,2277.8,9.5,19.9,94.2,0,True
Bad Bunny - Cuando Perriabas,off+2s/seeded_correct,3950,3939,-11,0,4000,0,3,False,True,True,3,10,2251.8,8.9,19.5,100.0,0,True
Bad Bunny - Cuando Perriabas,off+2s/seeded_wrong_2s,3950,3938,-12,0,4000,0,3,False,True,True,3,10,2253.7,8.6,19.8,99.2,0,True
Bad Bunny - Cuando Perriabas,off-2s/cold,-50,-55,-5,0,8500,0,4,True,True,True,3,10,2255.1,8.6,19.9,100.0,0,True
Bad Bunny - Cuando Perriabas,off-2s/seeded_correct,-50,-57,-7,0,8500,0,3,False,True,True,3,10,2249.2,8.6,19.8,100.0,0,True
Bad Bunny - Cuando Perriabas,off-2s/seeded_wrong_2s,-50,-58,-8,0,8500,0,3,False,True,True,3,10,2282.8,8.6,19.7,98.3,0,True
Bad Bunny - Cuando Perriabas,off+10s/cold,11950,11944,-6,0,26000,0,3,False,False,True,4,10,2242.8,9.1,19.6,94.6,0,True
Bad Bunny - Cuando Perriabas,off+10s/second_play,11950,11947,-3,-6,2500,0,2,False,True,True,1,10,2249.6,8.9,19.5,100.0,0,True
Bad Bunny - Cuando Perriabas,off+10s/seeded_correct,11950,11948,-2,0,2500,0,2,False,True,True,1,10,2239.7,8.8,19.6,100.0,0,True
Bad Bunny - Cuando Perriabas,off+10s/seeded_wrong_2s,11950,11948,-2,0,2500,0,2,False,True,True,2,10,2183.5,8.6,19.4,99.5,0,True
Bad Bunny - Cuando Perriabas,off-10s/cold,-8050,-8050,0,0,138000,0,1,False,False,False,11,10,2237.5,9.8,19.3,72.3,1,True
Bad Bunny - Cuando Perriabas,off-10s/second_play,-8050,-8050,0,0,138000,1,2,False,False,True,11,10,2255.1,9.3,20.0,87.0,1,True
Bad Bunny - Cuando Perriabas,off-10s/seeded_correct,-8050,-8050,0,0,138000,1,2,False,False,True,11,10,2238.7,9.7,20.1,87.0,1,True
Bad Bunny - Cuando Perriabas,off-10s/seeded_wrong_2s,-8050,-8050,0,0,138000,0,1,False,False,False,11,10,2221.7,9.9,20.0,72.3,1,True
Bad Bunny - Cuando Perriabas,off+25s/cold,26950,26944,-6,0,26000,0,3,False,False,True,4,10,2234.7,9.5,19.6,94.4,0,True
Bad Bunny - Cuando Perriabas,off+25s/second_play,26950,26947,-3,-6,2500,0,2,False,True,True,1,10,2232.4,9.3,20.0,100.0,0,True
Bad Bunny - Cuando Perriabas,off+25s/seeded_correct,26950,26949,-1,0,2500,0,2,False,True,True,1,10,2222.4,9.1,19.5,100.0,0,True
Bad Bunny - Cuando Perriabas,off+25s/seeded_wrong_2s,26950,26948,-2,0,2500,0,2,False,True,True,2,10,2234.1,9.4,19.6,99.5,0,True
Bad Bunny - Cuando Perriabas,off-25s/cold,-23050,,,23050,,0,0,False,False,False,10,10,2180.7,9.1,18.2,0.0,0,False
Bad Bunny - Cuando Perriabas,off-25s/second_play,-23050,,,23050,,0,0,False,False,False,10,10,2170.2,9.1,19.5,0.0,0,False
Bad Bunny - Cuando Perriabas,off-25s/seeded_correct,-23050,-23050,0,0,,0,0,False,False,False,10,10,2171.1,9.2,19.8,100.0,0,True
Bad Bunny - Cuando Perriabas,off-25s/seeded_wrong_2s,-23050,-21050,2000,2000,,0,0,False,False,False,10,10,2145.5,9.3,18.8,0.0,0,False
Bad Bunny - Cuando Perriabas,noise0/cold,1950,1947,-3,0,7000,0,4,True,True,True,3,10,2069.8,7.7,18.6,98.6,0,True
Bad Bunny - Cuando Perriabas,noise0/seeded_correct,1950,1943,-7,0,5500,0,4,False,True,True,3,10,2105.9,7.6,19.7,100.0,0,True
Bad Bunny - Cuando Perriabas,noise0/seeded_wrong_2s,1950,1942,-8,0,5500,0,3,False,True,True,3,10,2089.6,7.6,18.8,98.9,0,True
Bad Bunny - Cuando Perriabas,noise-2s/cold,-50,-56,-6,0,8500,0,4,True,True,True,3,10,2093.3,7.5,19.5,100.0,0,True
Bad Bunny - Cuando Perriabas,noise-2s/seeded_correct,-50,-57,-7,0,8500,0,4,False,True,True,3,10,2177.4,7.7,19.2,100.0,0,True
Bad Bunny - Cuando Perriabas,noise-2s/seeded_wrong_2s,-50,-58,-8,0,8500,0,3,False,True,True,3,10,2209.3,8.3,19.8,98.3,0,True
Bad Bunny - Cuando Perriabas,cutin5s/cold,6950,6948,-2,0,4000,0,3,False,True,True,3,10,2656.1,10.4,22.9,99.2,0,True
Bad Bunny - Cuando Perriabas,cutin5s/second_play,6950,6948,-2,-2,4000,0,3,False,True,True,3,10,2677.3,10.9,22.5,100.0,0,True
Bad Bunny - Cuando Perriabas,cutin5s/seeded_correct,6950,6948,-2,0,4000,0,3,False,True,True,3,10,2688.2,10.7,22.7,100.0,0,True
Bad Bunny - Cuando Perriabas,cutin5s/seeded_wrong_2s,6950,6948,-2,0,4000,0,3,False,True,True,3,10,2560.4,10.4,23.2,99.2,0,True
Bad Bunny - Cuando Perriabas,cutin15s/cold,16950,16948,-2,0,4000,0,2,False,True,True,3,10,1591.1,5.9,14.3,99.2,0,True
Bad Bunny - Cuando Perriabas,cutin15s/second_play,16950,16948,-2,-2,4000,0,2,False,True,True,3,10,1502.7,5.7,14.0,100.0,0,True
Bad Bunny - Cuando Perriabas,cutin15s/seeded_correct,16950,16948,-2,0,4000,0,2,False,True,True,3,10,1607.0,5.8,14.4,100.0,0,True
Bad Bunny - Cuando Perriabas,cutin15s/seeded_wrong_2s,16950,16948,-2,0,4000,0,2,False,True,True,3,10,1731.4,6.6,16.3,99.2,0,True
Bad Bunny - Cuando Perriabas,cutin25s/cold,26950,26949,-1,0,4000,0,2,False,True,True,4,10,2230.6,10.1,18.5,99.1,0,True
Bad Bunny - Cuando Perriabas,cutin25s/second_play,26950,26949,-1,-1,4000,0,2,False,True,True,4,10,2211.7,9.9,18.8,100.0,0,True
Bad Bunny - Cuando Perriabas,cutin25s/seeded_correct,26950,26949,-1,0,4000,0,2,False,True,True,4,10,2222.3,9.5,19.0,100.0,0,True
Bad Bunny - Cuando Perriabas,cutin25s/seeded_wrong_2s,26950,26949,-1,0,4000,0,2,False,True,True,4,10,2274.3,9.8,19.9,99.1,0,True
Bad Bunny - Cuando Perriabas,blend8s/cold,1950,1946,-4,0,26000,0,3,True,False,True,3,10,2145.9,8.5,17.2,94.7,0,True
Bad Bunny - Cuando Perriabas,blend8s/seeded_correct,1950,1942,-8,0,16500,0,2,False,False,True,3,10,2188.2,8.9,17.2,100.0,0,True
Bad Bunny - Cuando Perriabas,blend8s/seeded_wrong_2s,1950,1940,-10,0,26000,0,2,False,False,True,3,10,2154.4,9.0,17.0,94.7,0,True
Bad Bunny - Cuando Perriabas,midshift+1.5s/cold,1950,1951,-1499,0,7000,1,5,True,True,True,5,10,2556.0,11.5,19.4,93.5,1,False
Bad Bunny - Cuando Perriabas,midshift+1.5s/seeded_correct,1950,1947,-1503,0,5500,1,4,False,True,True,5,10,2564.6,11.4,19.1,95.0,1,False
Bad Bunny - Cuando Perriabas,midshift+1.5s/seeded_wrong_2s,1950,3450,0,0,5500,0,3,False,True,True,6,10,2559.8,11.8,18.8,93.8,1,True
Bad Bunny - Cuando Perriabas,midshift-1.5s/cold,1950,1947,1497,0,7000,1,5,True,True,True,5,10,2396.4,9.9,18.7,93.6,1,False
Bad Bunny - Cuando Perriabas,midshift-1.5s/seeded_correct,1950,450,0,0,5500,0,3,False,True,True,6,10,2677.1,11.3,20.7,95.0,1,True
Bad Bunny - Cuando Perriabas,midshift-1.5s/seeded_wrong_2s,1950,450,0,0,5500,0,3,False,True,True,6,10,2701.0,12.4,21.2,93.9,1,True
Bad Bunny - 3,off0/cold,-1025,4975,6000,6000,,1,3,False,False,False,8,7,207.0,4.7,6.7,61.1,1,False
Bad Bunny - 3,off0/seeded_correct,-1025,4975,6000,6000,,1,4,False,False,False,9,7,210.7,4.4,7.9,88.6,2,False
Bad Bunny - 3,off0/seeded_wrong_2s,-1025,4975,6000,6000,,1,3,False,False,False,9,7,211.4,4.6,7.8,66.3,2,False
Bad Bunny - 3,off+200/cold,-825,5175,6000,6000,,1,4,False,False,False,8,7,194.7,3.6,7.2,67.3,1,False
Bad Bunny - 3,off+200/seeded_correct,-825,5175,6000,6000,,1,4,False,False,False,9,7,220.5,4.9,7.8,88.7,2,False
Bad Bunny - 3,off+200/seeded_wrong_2s,-825,5175,6000,6000,,1,4,False,False,False,9,7,244.0,5.4,9.0,66.4,2,False
Bad Bunny - 3,off-200/cold,-1225,4775,6000,6000,,1,3,False,False,False,8,7,248.4,5.6,8.8,58.2,1,False
Bad Bunny - 3,off-200/seeded_correct,-1225,4775,6000,6000,,1,3,False,False,False,9,7,238.0,5.2,9.3,88.5,2,False
Bad Bunny - 3,off-200/seeded_wrong_2s,-1225,4775,6000,6000,,1,2,False,False,True,7,7,234.0,4.0,5.9,34.0,1,False
Bad Bunny - 3,off+2s/cold,975,6975,6000,6000,,1,4,False,False,False,8,7,197.3,4.0,7.3,66.8,1,False
Bad Bunny - 3,off+2s/seeded_correct,975,6975,6000,6000,,1,4,False,False,False,9,7,204.5,4.4,8.1,88.4,2,False
Bad Bunny - 3,off+2s/seeded_wrong_2s,975,6975,6000,6000,,1,4,False,False,False,9,7,218.2,4.7,8.0,65.8,2,False
Bad Bunny - 3,off-2s/cold,-3025,2975,6000,6000,,2,2,False,True,True,1,7,220.9,3.1,5.8,0.0,0,False
Bad Bunny - 3,off-2s/seeded_correct,-3025,-3025,0,6000,,1,2,False,False,True,5,7,240.1,3.3,5.7,33.3,0,True
Bad Bunny - 3,off-2s/seeded_wrong_2s,-3025,2975,6000,6000,,2,2,False,False,False,7,7,171.2,3.4,6.0,0.0,0,False
Bad Bunny - 3,off+10s/cold,8975,14975,6000,6000,,1,1,False,False,False,7,7,189.3,4.6,6.9,0.0,0,False
Bad Bunny - 3,off+10s/second_play,8975,14975,6000,6000,,2,2,False,True,True,1,7,227.4,4.0,5.6,0.0,0,False
Bad Bunny - 3,off+10s/seeded_correct,8975,14975,6000,6000,,1,4,False,False,False,9,7,197.4,4.4,8.9,87.8,2,False
Bad Bunny - 3,off+10s/seeded_wrong_2s,8975,14975,6000,6000,,1,4,False,False,False,9,7,209.8,4.6,10.1,63.9,2,False
Bad Bunny - 3,off-10s/cold,-11025,980,12005,12000,,1,1,False,False,False,9,7,229.0,4.5,8.1,0.0,2,False
Bad Bunny - 3,off-10s/second_play,-11025,976,12001,12005,,1,1,False,False,False,9,7,210.8,4.1,7.9,0.0,2,False
Bad Bunny - 3,off-10s/seeded_correct,-11025,-11025,0,0,,0,0,False,False,False,7,7,193.2,4.4,6.6,100.0,0,True
Bad Bunny - 3,off-10s/seeded_wrong_2s,-11025,-9025,2000,2000,,0,0,False,False,False,7,7,187.2,4.2,5.9,0.0,0,False
Bad Bunny - 3,off+25s/cold,23975,29975,6000,6000,,2,2,False,False,True,7,7,223.9,4.4,7.1,0.0,1,False
Bad Bunny - 3,off+25s/second_play,23975,14984,-8991,6000,,3,3,False,False,True,4,7,264.0,3.9,7.6,0.0,0,False
Bad Bunny - 3,off+25s/seeded_correct,23975,29975,6000,6000,,1,4,False,False,False,9,7,215.6,5.5,11.4,87.2,2,False
Bad Bunny - 3,off+25s/seeded_wrong_2s,23975,29975,6000,6000,,1,4,False,False,False,9,7,179.5,4.5,10.0,60.5,2,False
Bad Bunny - 3,off-25s/cold,-26025,,,26025,,0,0,False,False,False,7,7,202.2,4.3,6.1,0.0,0,False
Bad Bunny - 3,off-25s/second_play,-26025,,,26025,,0,0,False,False,False,7,7,190.4,3.8,5.8,0.0,0,False
Bad Bunny - 3,off-25s/seeded_correct,-26025,-26025,0,0,,0,0,False,False,False,7,7,197.0,4.2,5.8,100.0,0,True
Bad Bunny - 3,off-25s/seeded_wrong_2s,-26025,-24025,2000,2000,,0,0,False,False,False,7,7,202.7,4.6,5.8,0.0,0,False
Bad Bunny - 3,noise0/cold,-1025,4975,6000,6000,,1,3,False,False,False,8,7,127.5,2.7,4.0,61.1,1,False
Bad Bunny - 3,noise0/seeded_correct,-1025,4975,6000,6000,,1,4,False,False,False,9,7,138.6,2.7,5.3,88.6,2,False
Bad Bunny - 3,noise0/seeded_wrong_2s,-1025,4975,6000,6000,,1,3,False,False,False,9,7,140.3,2.8,5.4,66.3,2,False
Bad Bunny - 3,noise-2s/cold,-3025,2975,6000,6000,,2,2,False,True,True,1,7,149.1,2.1,3.5,0.0,0,False
Bad Bunny - 3,noise-2s/seeded_correct,-3025,-3025,0,6000,,1,2,False,False,True,5,7,157.4,2.1,3.5,33.3,0,True
Bad Bunny - 3,noise-2s/seeded_wrong_2s,-3025,2975,6000,6000,,2,2,False,False,False,7,7,133.0,2.7,4.5,0.0,0,False
Bad Bunny - 3,cutin5s/cold,3975,9975,6000,6000,,1,1,False,False,False,7,7,129.2,2.6,5.1,0.0,0,False
Bad Bunny - 3,cutin5s/second_play,3975,9976,6001,6000,,2,2,False,True,True,1,7,143.9,2.2,3.6,0.0,0,False
Bad Bunny - 3,cutin5s/seeded_correct,3975,3975,0,6000,,1,5,False,False,True,8,7,130.8,2.8,4.4,83.5,1,True
Bad Bunny - 3,cutin5s/seeded_wrong_2s,3975,9975,6000,6000,,1,2,False,False,True,7,7,158.2,2.8,4.0,32.5,1,False
Bad Bunny - 3,cutin15s/cold,13975,,,-13975,,0,0,False,False,False,7,7,114.6,2.6,4.0,0.0,0,False
Bad Bunny - 3,cutin15s/second_play,13975,,,-13975,,0,0,False,False,False,7,7,112.3,2.6,4.0,0.0,0,False
Bad Bunny - 3,cutin15s/seeded_correct,13975,13973,-2,6000,,1,5,False,False,True,8,7,103.7,2.5,4.3,82.3,1,True
Bad Bunny - 3,cutin15s/seeded_wrong_2s,13975,19975,6000,6000,,1,4,False,False,False,8,7,103.8,2.5,4.3,57.6,1,False
Bad Bunny - 3,cutin25s/cold,23975,29975,6000,6000,,1,1,False,False,False,7,7,115.8,2.9,5.2,0.0,0,False
Bad Bunny - 3,cutin25s/second_play,23975,29976,6001,6000,,3,3,False,True,True,3,7,107.2,2.2,3.0,0.0,0,False
Bad Bunny - 3,cutin25s/seeded_correct,23975,29975,6000,6000,,1,3,False,False,True,8,7,98.9,2.7,6.2,80.9,1,False
Bad Bunny - 3,cutin25s/seeded_wrong_2s,23975,29975,6000,6000,,1,1,False,False,False,7,7,92.7,2.5,5.0,0.0,0,False
Bad Bunny - 3,blend8s/cold,-1025,4975,6000,6000,,1,3,False,False,False,8,7,150.9,3.0,4.9,61.1,1,False
Bad Bunny - 3,blend8s/seeded_correct,-1025,4975,6000,6000,,1,4,False,False,False,9,7,156.2,3.2,6.1,88.6,2,False
Bad Bunny - 3,blend8s/seeded_wrong_2s,-1025,4975,6000,6000,,1,3,False,False,False,9,7,156.2,3.1,5.8,66.3,2,False
Bad Bunny - 3,midshift+1.5s/cold,-1025,6475,6000,6000,,1,2,False,False,False,8,7,174.1,3.7,6.2,16.9,1,False
Bad Bunny - 3,midshift+1.5s/seeded_correct,-1025,6475,6000,6000,,1,3,False,False,False,8,7,160.9,3.3,5.7,39.5,1,False
Bad Bunny - 3,midshift+1.5s/seeded_wrong_2s,-1025,6475,6000,6000,,1,2,False,False,False,8,7,171.9,3.7,5.9,16.9,1,False
Bad Bunny - 3,midshift-1.5s/cold,-1025,3475,6000,6000,,1,2,False,False,False,8,7,167.6,3.4,6.3,16.6,1,False
Bad Bunny - 3,midshift-1.5s/seeded_correct,-1025,3475,6000,6000,,1,3,False,False,False,8,7,157.0,3.4,5.4,38.7,1,False
Bad Bunny - 3,midshift-1.5s/seeded_wrong_2s,-1025,3475,6000,6000,,1,2,False,False,False,8,7,155.8,3.2,5.3,16.6,1,False
"Bad Bunny, Eladio Carrion - THUNDER Y LIGHTNING",off0/cold,-475,17972,18447,18450,,2,2,False,False,True,8,8,230.3,4.0,7.8,0.0,2,False
"Bad Bunny, Eladio Carrion - THUNDER Y LIGHTNING",off0/seeded_correct,-475,17979,18454,18450,,2,2,False,False,True,10,8,166.8,3.1,12.7,46.6,2,False
"Bad Bunny, Eladio Carrion - THUNDER Y LIGHTNING",off0/seeded_wrong_2s,-475,17974,18449,18450,,2,2,False,False,True,9,8,244.0,4.5,9.5,0.0,2,False
"Bad Bunny, Eladio Carrion - THUNDER Y LIGHTNING",off+200/cold,-275,18172,18447,18450,,2,2,False,False,True,8,8,240.7,4.1,8.0,46.6,2,False
"Bad Bunny, Eladio Carrion - THUNDER Y LIGHTNING",off+200/seeded_correct,-275,18179,18454,18450,,2,2,False,False,True,10,8,157.8,3.1,12.9,46.6,2,False
"Bad Bunny, Eladio Carrion - THUNDER Y LIGHTNING",off+200/seeded_wrong_2s,-275,18174,18449,18450,,2,2,False,False,True,9,8,236.0,4.3,9.7,0.0,2,False
"Bad Bunny, Eladio Carrion - THUNDER Y LIGHTNING",off-200/cold,-675,17772,18447,18450,,2,2,False,False,True,8,8,262.3,4.6,8.2,0.0,2,False
"Bad Bunny, Eladio Carrion - THUNDER Y LIGHTNING",off-200/seeded_correct,-675,17779,18454,18450,,2,2,False,False,True,10,8,159.4,3.3,12.1,46.5,2,False
"Bad Bunny, Eladio Carrion - THUNDER Y LIGHTNING",off-200/seeded_wrong_2s,-675,17774,18449,18450,,2,2,False,False,True,9,8,238.1,4.4,9.4,0.0,2,False
"Bad Bunny, Eladio Carrion - THUNDER Y LIGHTNING",off+2s/cold,1525,19972,18447,18450,,2,2,False,False,True,8,8,262.5,4.6,8.1,0.0,2,False
"Bad Bunny, Eladio Carrion - THUNDER Y LIGHTNING",off+2s/seeded_correct,1525,19979,18454,18450,,2,2,False,False,True,10,8,164.2,3.3,12.3,47.1,2,False
"Bad Bunny, Eladio Carrion - THUNDER Y LIGHTNING",off+2s/seeded_wrong_2s,1525,19974,18449,18450,,2,2,False,False,True,9,8,244.2,4.2,10.2,0.0,2,False
"Bad Bunny, Eladio Carrion - THUNDER Y LIGHTNING",off-2s/cold,-2475,15972,18447,18450,,2,2,False,False,True,8,8,244.4,4.4,7.2,0.0,2,False
"Bad Bunny, Eladio Carrion - THUNDER Y LIGHTNING",off-2s/seeded_correct,-2475,15974,18449,18450,,2,2,False,False,True,9,8,247.5,4.6,9.3,46.1,2,False
"Bad Bunny, Eladio Carrion - THUNDER Y LIGHTNING",off-2s/seeded_wrong_2s,-2475,15974,18449,18450,,2,2,False,False,True,9,8,250.7,4.4,10.4,0.0,2,False
"Bad Bunny, Eladio Carrion - THUNDER Y LIGHTNING",off+10s/cold,9525,27972,18447,18450,,2,2,False,False,True,8,8,236.4,4.2,8.8,0.0,2,False
"Bad Bunny, Eladio Carrion - THUNDER Y LIGHTNING",off+10s/second_play,9525,27974,18449,18500,,1,1,False,True,True,3,8,318.1,3.3,6.9,0.0,1,False
"Bad Bunny, Eladio Carrion - THUNDER Y LIGHTNING",off+10s/seeded_correct,9525,27979,18454,18450,,2,2,False,False,True,10,8,145.6,2.7,13.2,49.1,2,False
"Bad Bunny, Eladio Carrion - THUNDER Y LIGHTNING",off+10s/seeded_wrong_2s,9525,27974,18449,18450,,2,2,False,False,True,9,8,231.0,4.5,10.5,0.0,2,False
"Bad Bunny, Eladio Carrion - THUNDER Y LIGHTNING",off-10s/cold,-10475,7972,18447,18450,,2,2,False,False,True,8,8,261.1,4.7,7.0,0.0,2,False
"Bad Bunny, Eladio Carrion - THUNDER Y LIGHTNING",off-10s/second_play,-10475,7984,18459,18500,,3,3,False,True,True,6,8,282.6,4.2,6.6,0.0,1,False
"Bad Bunny, Eladio Carrion - THUNDER Y LIGHTNING",off-10s/seeded_correct,-10475,7974,18449,18450,,2,2,False,False,True,9,8,263.3,4.6,10.0,44.3,2,False
"Bad Bunny, Eladio Carrion - THUNDER Y LIGHTNING",off-10s/seeded_wrong_2s,-10475,7974,18449,18450,,2,2,False,False,True,9,8,252.4,4.4,9.3,0.0,2,False
"Bad Bunny, Eladio Carrion - THUNDER Y LIGHTNING",off+25s/cold,24525,,,-24525,,0,0,False,False,False,7,8,91.2,2.7,10.9,0.0,0,False
"Bad Bunny, Eladio Carrion - THUNDER Y LIGHTNING",off+25s/second_play,24525,,,-24525,,0,0,False,False,False,7,8,91.9,2.6,11.7,0.0,0,False
"Bad Bunny, Eladio Carrion - THUNDER Y LIGHTNING",off+25s/seeded_correct,24525,24525,0,0,129250,0,0,False,False,False,7,8,89.2,2.6,11.6,100.0,0,True
"Bad Bunny, Eladio Carrion - THUNDER Y LIGHTNING",off+25s/seeded_wrong_2s,24525,26525,2000,2000,,0,0,False,False,False,7,8,85.2,2.5,10.6,0.0,0,False
"Bad Bunny, Eladio Carrion - THUNDER Y LIGHTNING",off-25s/cold,-25475,,,24600,,0,0,False,False,False,10,8,192.8,5.1,12.2,0.0,2,False
"Bad Bunny, Eladio Carrion - THUNDER Y LIGHTNING",off-25s/second_play,-25475,,,24600,,0,0,False,False,False,10,8,188.6,5.5,11.6,0.0,2,False
"Bad Bunny, Eladio Carrion - THUNDER Y LIGHTNING",off-25s/seeded_correct,-25475,-25475,0,0,,0,0,False,False,False,8,8,146.5,4.5,8.1,100.0,0,True
"Bad Bunny, Eladio Carrion - THUNDER Y LIGHTNING",off-25s/seeded_wrong_2s,-25475,-23475,2000,2000,,0,0,False,False,False,8,8,173.0,5.8,8.0,0.0,0,False
"Bad Bunny, Eladio Carrion - THUNDER Y LIGHTNING",noise0/cold,-475,17972,18447,18450,,2,2,False,False,True,8,8,224.3,3.5,7.2,0.0,2,False
"Bad Bunny, Eladio Carrion - THUNDER Y LIGHTNING",noise0/seeded_correct,-475,17979,18454,18450,,2,2,False,False,True,10,8,147.3,2.9,10.4,46.6,2,False
"Bad Bunny, Eladio Carrion - THUNDER Y LIGHTNING",noise0/seeded_wrong_2s,-475,17974,18449,18450,,2,2,False,False,True,9,8,227.6,3.9,9.3,0.0,2,False
"Bad Bunny, Eladio Carrion - THUNDER Y LIGHTNING",noise-2s/cold,-2475,15972,18447,18450,,2,2,False,False,True,8,8,231.9,3.8,8.0,0.0,2,False
"Bad Bunny, Eladio Carrion - THUNDER Y LIGHTNING",noise-2s/seeded_correct,-2475,15974,18449,18450,,2,2,False,False,True,9,8,221.6,4.1,9.2,46.1,2,False
"Bad Bunny, Eladio Carrion - THUNDER Y LIGHTNING",noise-2s/seeded_wrong_2s,-2475,15974,18449,18450,,2,2,False,False,True,9,8,220.7,3.8,8.8,0.0,2,False
"Bad Bunny, Eladio Carrion - THUNDER Y LIGHTNING",cutin5s/cold,4525,22973,18448,18450,,2,2,False,False,True,8,8,219.8,3.9,7.6,0.0,2,False
"Bad Bunny, Eladio Carrion - THUNDER Y LIGHTNING",cutin5s/second_play,4525,22974,18449,18500,,2,2,False,True,True,6,8,219.7,3.8,4.7,0.0,1,False
"Bad Bunny, Eladio Carrion - THUNDER Y LIGHTNING",cutin5s/seeded_correct,4525,22980,18455,18450,,2,2,False,False,True,10,8,137.2,2.6,12.8,47.8,2,False
"Bad Bunny, Eladio Carrion - THUNDER Y LIGHTNING",cutin5s/seeded_wrong_2s,4525,22974,18449,18450,,2,2,False,False,True,9,8,215.3,4.1,8.5,0.0,2,False
"Bad Bunny, Eladio Carrion - THUNDER Y LIGHTNING",cutin15s/cold,14525,,,-14525,,0,0,False,False,False,8,8,88.9,2.4,8.4,0.0,0,False
"Bad Bunny, Eladio Carrion - THUNDER Y LIGHTNING",cutin15s/second_play,14525,,,-14525,,0,0,False,False,False,8,8,91.3,2.5,8.5,0.0,0,False
"Bad Bunny, Eladio Carrion - THUNDER Y LIGHTNING",cutin15s/seeded_correct,14525,32959,18434,18450,,2,2,False,False,True,8,8,166.2,3.4,6.8,50.4,2,False
"Bad Bunny, Eladio Carrion - THUNDER Y LIGHTNING",cutin15s/seeded_wrong_2s,14525,32972,18447,18450,,2,2,False,False,True,8,8,170.9,3.5,7.1,0.0,2,False
"Bad Bunny, Eladio Carrion - THUNDER Y LIGHTNING",cutin25s/cold,24525,,,-24525,,0,0,False,False,False,7,8,82.1,3.1,9.0,0.0,0,False
"Bad Bunny, Eladio Carrion - THUNDER Y LIGHTNING",cutin25s/second_play,24525,,,-24525,,0,0,False,False,False,7,8,83.3,3.1,8.6,0.0,0,False
"Bad Bunny, Eladio Carrion - THUNDER Y LIGHTNING",cutin25s/seeded_correct,24525,24525,0,0,129250,0,0,False,False,False,7,8,61.6,1.6,9.0,100.0,0,True
"Bad Bunny, Eladio Carrion - THUNDER Y LIGHTNING",cutin25s/seeded_wrong_2s,24525,26525,2000,2000,,0,0,False,False,False,7,8,59.8,1.6,8.9,0.0,0,False
"Bad Bunny, Eladio Carrion - THUNDER Y LIGHTNING",blend8s/cold,-475,17972,18447,18450,,2,2,False,False,True,8,8,272.5,4.6,7.7,0.0,2,False
"Bad Bunny, Eladio Carrion - THUNDER Y LIGHTNING",blend8s/seeded_correct,-475,17979,18454,18450,,2,2,False,False,True,10,8,174.4,3.1,14.2,46.6,2,False
"Bad Bunny, Eladio Carrion - THUNDER Y LIGHTNING",blend8s/seeded_wrong_2s,-475,17974,18449,18450,,2,2,False,False,True,9,8,281.9,4.8,12.9,0.0,2,False
"Bad Bunny, Eladio Carrion - THUNDER Y LIGHTNING",midshift+1.5s/cold,-475,19473,18448,18450,,2,2,False,False,True,9,8,302.7,5.4,12.5,0.0,2,False
"Bad Bunny, Eladio Carrion - THUNDER Y LIGHTNING",midshift+1.5s/seeded_correct,-475,19474,18449,18450,,2,2,False,False,True,9,8,286.0,5.5,11.1,30.5,2,False
"Bad Bunny, Eladio Carrion - THUNDER Y LIGHTNING",midshift+1.5s/seeded_wrong_2s,-475,19474,18449,18450,,2,2,False,False,True,9,8,292.3,5.5,11.7,0.0,2,False
"Bad Bunny, Eladio Carrion - THUNDER Y LIGHTNING",midshift-1.5s/cold,-475,16472,18447,18450,,2,2,False,False,True,9,8,261.3,4.8,10.4,0.0,2,False
"Bad Bunny, Eladio Carrion - THUNDER Y LIGHTNING",midshift-1.5s/seeded_correct,-475,16474,18449,18450,,2,2,False,False,True,9,8,253.9,4.5,9.9,30.1,2,False
"Bad Bunny, Eladio Carrion - THUNDER Y LIGHTNING",midshift-1.5s/seeded_wrong_2s,-475,16474,18449,18450,,2,2,False,False,True,9,8,260.0,4.3,10.0,0.0,2,False
Bad Bunny - EL MUNDO ES MÍO,off0/cold,-1100,-1100,0,0,10000,0,4,False,True,True,7,14,180.0,3.3,4.5,93.9,0,True
Bad Bunny - EL MUNDO ES MÍO,off0/seeded_correct,-1100,-1100,0,0,10000,0,5,False,True,True,7,14,181.1,3.1,4.6,100.0,0,True
Bad Bunny - EL MUNDO ES MÍO,off0/seeded_wrong_2s,-1100,-1100,0,0,10000,0,4,False,True,True,7,14,189.4,3.5,4.8,93.9,0,True
Bad Bunny - EL MUNDO ES MÍO,off+200/cold,-900,-900,0,0,10000,0,2,False,True,True,2,14,204.1,2.9,4.4,93.9,0,True
Bad Bunny - EL MUNDO ES MÍO,off+200/seeded_correct,-900,-900,0,0,10000,0,3,False,True,True,2,14,195.5,2.8,4.1,100.0,0,True
Bad Bunny - EL MUNDO ES MÍO,off+200/seeded_wrong_2s,-900,-900,0,0,10000,0,2,False,True,True,2,14,190.4,2.6,4.1,93.9,0,True
Bad Bunny - EL MUNDO ES MÍO,off-200/cold,-1300,-1300,0,0,10000,0,4,False,True,True,7,14,183.1,3.3,4.9,93.9,0,True
Bad Bunny - EL MUNDO ES MÍO,off-200/seeded_correct,-1300,-1300,0,0,10000,0,4,False,True,True,7,14,182.2,3.1,4.9,100.0,0,True
Bad Bunny - EL MUNDO ES MÍO,off-200/seeded_wrong_2s,-1300,-1300,0,0,10000,0,4,False,True,True,7,14,181.6,3.4,4.7,93.9,0,True
Bad Bunny - EL MUNDO ES MÍO,off+2s/cold,900,899,-1,0,8500,0,2,False,True,True,2,14,193.9,2.6,4.6,94.8,0,True
Bad Bunny - EL MUNDO ES MÍO,off+2s/seeded_correct,900,900,0,0,8500,0,3,False,True,True,2,14,186.3,2.6,4.7,100.0,0,True
Bad Bunny - EL MUNDO ES MÍO,off+2s/seeded_wrong_2s,900,899,-1,0,8500,0,2,False,True,True,2,14,192.4,2.7,4.5,94.8,0,True
Bad Bunny - EL MUNDO ES MÍO,off-2s/cold,-3100,-3104,-4,0,13000,0,3,False,True,True,7,14,189.7,2.9,5.4,92.2,0,True
Bad Bunny - EL MUNDO ES MÍO,off-2s/seeded_correct,-3100,-3104,-4,0,13000,0,3,False,True,True,7,14,174.2,3.0,4.2,100.0,0,True
Bad Bunny - EL MUNDO ES MÍO,off-2s/seeded_wrong_2s,-3100,-3104,-4,0,13000,0,3,False,True,True,7,14,184.8,3.0,4.7,92.2,0,True
Bad Bunny - EL MUNDO ES MÍO,off+10s/cold,8900,8891,-9,0,72750,0,3,False,False,True,8,14,192.0,3.5,6.8,52.9,0,True
Bad Bunny - EL MUNDO ES MÍO,off+10s/second_play,8900,8898,-2,-9,2500,0,2,False,True,True,1,14,195.3,2.7,4.3,100.0,0,True
Bad Bunny - EL MUNDO ES MÍO,off+10s/seeded_correct,8900,8900,0,0,2500,0,2,False,True,True,1,14,189.6,2.7,4.2,100.0,0,True
Bad Bunny - EL MUNDO ES MÍO,off+10s/seeded_wrong_2s,8900,8899,-1,0,2500,0,2,False,True,True,2,14,193.4,2.9,4.9,98.4,0,True
Bad Bunny - EL MUNDO ES MÍO,off-10s/cold,-11100,,,11100,,0,0,False,False,False,14,14,177.1,4.3,7.3,0.0,0,False
Bad Bunny - EL MUNDO ES MÍO,off-10s/second_play,-11100,,,11100,,0,0,False,False,False,14,14,180.4,4.3,7.6,0.0,0,False
Bad Bunny - EL MUNDO ES MÍO,off-10s/seeded_correct,-11100,-11100,0,0,,0,0,False,False,False,14,14,179.4,4.5,6.6,100.0,0,True
Bad Bunny - EL MUNDO ES MÍO,off-10s/seeded_wrong_2s,-11100,-9100,2000,2000,,0,0,False,False,False,14,14,178.3,4.3,7.3,0.0,0,False
Bad Bunny - EL MUNDO ES MÍO,off+25s/cold,23900,23895,-5,0,72750,0,3,False,False,True,7,14,190.2,3.7,6.4,47.8,0,True
Bad Bunny - EL MUNDO ES MÍO,off+25s/second_play,23900,23899,-1,-5,2500,0,2,False,True,True,1,14,181.1,2.8,4.2,100.0,0,True
Bad Bunny - EL MUNDO ES MÍO,off+25s/seeded_correct,23900,23900,0,0,2500,0,2,False,True,True,1,14,184.9,3.0,4.3,100.0,0,True
Bad Bunny - EL MUNDO ES MÍO,off+25s/seeded_wrong_2s,23900,23899,-1,0,2500,0,2,False,True,True,2,14,176.7,3.5,4.5,98.2,0,True
Bad Bunny - EL MUNDO ES MÍO,off-25s/cold,-26100,,,26100,,0,0,False,False,False,14,14,185.6,3.9,6.6,0.0,0,False
Bad Bunny - EL MUNDO ES MÍO,off-25s/second_play,-26100,,,26100,,0,0,False,False,False,14,14,177.1,3.7,6.8,0.0,0,False
Bad Bunny - EL MUNDO ES MÍO,off-25s/seeded_correct,-26100,-26100,0,0,,0,0,False,False,False,14,14,175.4,3.7,6.6,100.0,0,True
Bad Bunny - EL MUNDO ES MÍO,off-25s/seeded_wrong_2s,-26100,-24100,2000,2000,,0,0,False,False,False,14,14,181.8,3.7,7.6,0.0,0,False
Bad Bunny - EL MUNDO ES MÍO,noise0/cold,-1100,-1098,2,0,32250,0,4,False,False,True,7,14,162.7,2.7,4.2,80.4,0,True
Bad Bunny - EL MUNDO ES MÍO,noise0/seeded_correct,-1100,-1098,2,0,16000,0,5,False,False,True,7,14,157.3,2.6,4.0,100.0,0,True
Bad Bunny - EL MUNDO ES MÍO,noise0/seeded_wrong_2s,-1100,-1098,2,0,32250,0,4,False,False,True,7,14,157.1,2.7,3.9,80.4,0,True
Bad Bunny - EL MUNDO ES MÍO,noise-2s/cold,-3100,-3108,-8,0,72750,0,2,False,False,True,9,14,168.9,2.8,5.1,56.3,0,True
Bad Bunny - EL MUNDO ES MÍO,noise-2s/seeded_correct,-3100,-3107,-7,0,60750,0,2,False,False,True,7,14,162.3,2.7,4.1,100.0,0,True
Bad Bunny - EL MUNDO ES MÍO,noise-2s/seeded_wrong_2s,-3100,-3109,-9,0,72750,0,2,False,False,True,7,14,164.6,2.6,4.3,56.3,0,True
Bad Bunny - EL MUNDO ES MÍO,cutin5s/cold,3900,3897,-3,0,5500,0,5,False,True,True,7,14,158.1,3.1,4.1,96.5,0,True
Bad Bunny - EL MUNDO ES MÍO,cutin5s/second_play,3900,3898,-2,-1,5500,0,3,False,True,True,7,14,159.0,3.0,4.5,100.0,0,True
Bad Bunny - EL MUNDO ES MÍO,cutin5s/seeded_correct,3900,3897,-3,0,5500,0,3,False,True,True,7,14,154.0,3.0,4.1,100.0,0,True
Bad Bunny - EL MUNDO ES MÍO,cutin5s/seeded_wrong_2s,3900,3897,-3,0,5500,0,5,False,True,True,7,14,150.7,2.9,4.2,96.5,0,True
Bad Bunny - EL MUNDO ES MÍO,cutin15s/cold,13900,13899,-1,0,4000,0,2,False,True,True,2,14,136.3,2.2,3.3,97.3,0,True
Bad Bunny - EL MUNDO ES MÍO,cutin15s/second_play,13900,13899,-1,-1,4000,0,2,False,True,True,2,14,134.9,2.2,3.4,100.0,0,True
Bad Bunny - EL MUNDO ES MÍO,cutin15s/seeded_correct,13900,13899,-1,0,4000,0,2,False,True,True,2,14,137.3,2.2,3.3,100.0,0,True
Bad Bunny - EL MUNDO ES MÍO,cutin15s/seeded_wrong_2s,13900,13899,-1,0,4000,0,2,False,True,True,2,14,135.3,2.1,3.5,97.3,0,True
Bad Bunny - EL MUNDO ES MÍO,cutin25s/cold,23900,23897,-3,0,4000,0,3,False,True,True,7,14,126.4,2.9,5.3,97.1,0,True
Bad Bunny - EL MUNDO ES MÍO,cutin25s/second_play,23900,23898,-2,-3,4000,0,3,False,True,True,7,14,124.3,2.9,5.1,100.0,0,True
Bad Bunny - EL MUNDO ES MÍO,cutin25s/seeded_correct,23900,23898,-2,0,4000,0,3,False,True,True,7,14,137.7,2.8,7.6,100.0,0,True
Bad Bunny - EL MUNDO ES MÍO,cutin25s/seeded_wrong_2s,23900,23897,-3,0,4000,0,3,False,True,True,7,14,118.9,2.9,4.1,97.1,0,True
Bad Bunny - EL MUNDO ES MÍO,blend8s/cold,-1100,-1100,0,0,32250,0,5,False,False,True,7,14,184.0,3.0,4.8,80.4,0,True
Bad Bunny - EL MUNDO ES MÍO,blend8s/seeded_correct,-1100,-1100,0,0,16000,0,4,False,False,True,7,14,174.8,2.8,4.7,100.0,0,True
Bad Bunny - EL MUNDO ES MÍO,blend8s/seeded_wrong_2s,-1100,-1100,0,0,32250,0,5,False,False,True,7,14,180.3,3.0,4.7,80.4,0,True
Bad Bunny - EL MUNDO ES MÍO,midshift+1.5s/cold,-1100,403,3,0,10000,0,5,False,True,False,14,14,168.5,4.5,9.8,73.4,0,True
Bad Bunny - EL MUNDO ES MÍO,midshift+1.5s/seeded_correct,-1100,403,3,0,10000,0,4,False,True,False,14,14,171.4,4.8,10.2,79.6,0,True
Bad Bunny - EL MUNDO ES MÍO,midshift+1.5s/seeded_wrong_2s,-1100,404,4,0,10000,0,6,False,True,False,14,14,172.3,4.9,9.4,73.4,0,True
Bad Bunny - EL MUNDO ES MÍO,midshift-1.5s/cold,-1100,-1097,1503,0,10000,1,4,False,True,True,7,14,173.7,3.2,4.2,86.3,0,False
Bad Bunny - EL MUNDO ES MÍO,midshift-1.5s/seeded_correct,-1100,-1097,1503,0,10000,1,4,False,True,True,7,14,178.2,3.1,4.9,92.3,0,False
Bad Bunny - EL MUNDO ES MÍO,midshift-1.5s/seeded_wrong_2s,-1100,-1097,1503,1500,10000,0,2,False,True,False,16,14,181.3,4.4,10.0,30.2,2,False
Bad Bunny - La Zona,off0/cold,-1094,-1101,-7,-9,21150,0,3,True,True,True,1,18,127.2,2.0,3.2,84.2,0,True
Bad Bunny - La Zona,off0/seeded_correct,-1094,-1098,-4,-6,30250,0,2,False,True,True,2,18,125.5,2.3,3.3,83.8,0,True
Bad Bunny - La Zona,off0/seeded_wrong_2s,-1094,-1100,-6,-6,30250,0,3,False,True,True,3,18,126.9,2.2,3.6,77.4,0,True
Bad Bunny - La Zona,off+200/cold,-894,-900,-6,-7,21150,0,3,True,True,True,1,18,125.0,2.0,3.5,84.2,0,True
Bad Bunny - La Zona,off+200/seeded_correct,-894,-898,-4,-6,30250,0,2,False,True,True,2,18,119.4,2.0,3.5,83.8,0,True
Bad Bunny - La Zona,off+200/seeded_wrong_2s,-894,-899,-5,-6,30250,0,3,False,True,True,3,18,124.6,2.1,3.8,77.4,0,True
Bad Bunny - La Zona,off-200/cold,-1294,-1303,-9,-12,21150,0,3,True,True,True,1,18,124.0,2.0,3.1,84.3,0,True
Bad Bunny - La Zona,off-200/seeded_correct,-1294,-1296,-2,-6,30250,0,2,False,True,True,2,18,126.0,2.2,3.2,83.8,0,True
Bad Bunny - La Zona,off-200/seeded_wrong_2s,-1294,-1301,-7,-6,30250,0,3,False,True,True,4,18,123.0,2.2,3.2,77.5,0,True
Bad Bunny - La Zona,off+2s/cold,906,901,-5,-6,21150,0,3,True,True,True,1,18,123.3,1.9,3.4,84.0,0,True
Bad Bunny - La Zona,off+2s/seeded_correct,906,902,-4,-6,30250,0,2,False,True,True,2,18,124.0,2.1,3.7,82.4,0,True
Bad Bunny - La Zona,off+2s/seeded_wrong_2s,906,902,-4,-6,30250,0,3,False,True,True,3,18,124.8,2.1,3.6,77.1,0,True
Bad Bunny - La Zona,off-2s/cold,-3094,-3103,-9,-12,21150,0,2,True,True,True,1,18,124.4,1.9,3.1,84.5,0,True
Bad Bunny - La Zona,off-2s/seeded_correct,-3094,-3097,-3,0,19000,0,2,False,True,True,2,18,124.1,2.0,3.2,100.0,0,True
Bad Bunny - La Zona,off-2s/seeded_wrong_2s,-3094,-3097,-3,0,19000,0,2,False,True,True,2,18,123.5,1.9,3.1,86.0,0,True
Bad Bunny - La Zona,off+10s/cold,8906,8900,-6,-6,40000,0,4,False,False,True,8,18,155.0,2.9,4.6,67.8,0,True
Bad Bunny - La Zona,off+10s/second_play,8906,8902,-4,-6,7000,0,2,False,True,True,1,18,123.2,2.1,3.7,100.0,0,True
Bad Bunny - La Zona,off+10s/seeded_correct,8906,8903,-3,0,7000,0,2,False,True,True,1,18,122.7,2.1,3.6,100.0,0,True
Bad Bunny - La Zona,off+10s/seeded_wrong_2s,8906,8904,-2,0,7000,0,2,False,True,True,2,18,120.3,2.2,3.5,94.4,0,True
Bad Bunny - La Zona,off-10s/cold,-11094,-881,10213,35744,,4,4,False,False,True,14,18,144.0,2.6,5.8,0.0,0,False
Bad Bunny - La Zona,off-10s/second_play,-11094,-879,10215,10213,,3,3,False,False,True,8,18,129.7,2.2,4.0,0.0,0,False
Bad Bunny - La Zona,off-10s/seeded_correct,-11094,24650,35744,35744,,1,1,False,True,False,18,18,149.5,3.0,6.8,13.2,0,False
Bad Bunny - La Zona,off-10s/seeded_wrong_2s,-11094,24650,35744,35744,,1,1,False,True,False,18,18,154.1,3.2,7.1,0.0,0,False
Bad Bunny - La Zona,off+25s/cold,23906,23900,-6,-6,40000,0,4,False,False,True,7,18,153.1,2.9,5.8,63.3,0,True
Bad Bunny - La Zona,off+25s/second_play,23906,23902,-4,-6,2500,0,2,False,True,True,1,18,110.3,2.5,3.5,100.0,0,True
Bad Bunny - La Zona,off+25s/seeded_correct,23906,23903,-3,0,2500,0,2,False,True,True,1,18,127.5,2.7,5.0,100.0,0,True
Bad Bunny - La Zona,off+25s/seeded_wrong_2s,23906,23904,-2,0,2500,0,2,False,True,True,2,18,106.4,2.5,3.3,97.7,0,True
Bad Bunny - La Zona,off-25s/cold,-26094,9650,35744,35744,,1,1,False,False,False,18,18,149.5,3.2,5.8,0.0,0,False
Bad Bunny - La Zona,off-25s/second_play,-26094,9650,35744,35744,,1,1,False,False,False,18,18,147.0,3.0,5.6,0.0,0,False
Bad Bunny - La Zona,off-25s/seeded_correct,-26094,9650,35744,35744,,1,1,False,False,False,18,18,144.1,2.8,5.8,56.3,0,False
Bad Bunny - La Zona,off-25s/seeded_wrong_2s,-26094,9650,35744,35744,,1,1,False,False,False,18,18,146.3,3.2,5.5,0.0,0,False
Bad Bunny - La Zona,noise0/cold,-1094,-1100,-6,-6,24000,0,4,True,True,True,2,18,117.5,1.9,3.0,82.1,1,True
Bad Bunny - La Zona,noise0/seeded_correct,-1094,-1099,-5,-6,34000,0,3,False,True,True,4,18,123.8,2.3,3.1,79.9,1,True
Bad Bunny - La Zona,noise0/seeded_wrong_2s,-1094,-1101,-7,-6,52000,0,5,False,True,True,6,18,118.2,2.2,3.3,61.2,1,True
Bad Bunny - La Zona,noise-2s/cold,-3094,-3101,-7,-6,24000,0,4,True,True,True,2,18,121.2,1.8,3.2,82.4,1,True
Bad Bunny - La Zona,noise-2s/seeded_correct,-3094,-3101,-7,-6,62000,0,3,False,True,True,10,18,118.8,2.4,3.3,61.8,1,True
Bad Bunny - La Zona,noise-2s/seeded_wrong_2s,-3094,-3075,19,19,110000,0,1,False,True,False,19,18,130.6,2.8,6.6,19.2,1,True
Bad Bunny - La Zona,cutin5s/cold,3906,3899,-7,-9,11500,0,3,True,True,True,1,18,108.0,1.8,2.9,91.1,0,True
Bad Bunny - La Zona,cutin5s/second_play,3906,3901,-5,-7,11500,0,2,False,True,True,1,18,108.3,1.8,3.0,100.0,0,True
Bad Bunny - La Zona,cutin5s/seeded_correct,3906,3903,-3,0,11500,0,2,False,True,True,1,18,112.9,1.8,3.5,100.0,0,True
Bad Bunny - La Zona,cutin5s/seeded_wrong_2s,3906,3903,-3,0,11500,0,3,False,True,True,2,18,107.0,1.9,3.1,91.1,0,True
Bad Bunny - La Zona,cutin15s/cold,13906,13903,-3,-6,4000,0,2,False,True,True,2,18,89.1,1.9,2.7,96.6,0,True
Bad Bunny - La Zona,cutin15s/second_play,13906,13903,-3,-3,4000,0,3,False,True,True,2,18,86.6,1.8,2.7,100.0,0,True
Bad Bunny - La Zona,cutin15s/seeded_correct,13906,13903,-3,0,4000,0,3,False,True,True,2,18,86.4,1.8,2.6,100.0,0,True
Bad Bunny - La Zona,cutin15s/seeded_wrong_2s,13906,13904,-2,0,4000,0,2,False,True,True,2,18,86.2,1.8,2.6,96.6,0,True
Bad Bunny - La Zona,cutin25s/cold,23906,23900,-6,-6,4000,0,2,False,True,True,2,18,81.8,2.0,2.9,96.3,0,True
Bad Bunny - La Zona,cutin25s/second_play,23906,23900,-6,-6,4000,0,2,False,True,True,2,18,77.4,1.7,2.8,100.0,0,True
Bad Bunny - La Zona,cutin25s/seeded_correct,23906,23902,-4,0,4000,0,2,False,True,True,2,18,78.2,1.8,2.8,100.0,0,True
Bad Bunny - La Zona,cutin25s/seeded_wrong_2s,23906,23902,-4,0,4000,0,2,False,True,True,2,18,79.7,1.9,2.6,96.3,0,True
Bad Bunny - La Zona,blend8s/cold,-1094,-1101,-7,-9,21150,0,3,True,False,True,1,18,137.7,1.7,3.6,84.2,0,True
Bad Bunny - La Zona,blend8s/seeded_correct,-1094,-1098,-4,0,21500,0,2,False,False,True,2,18,129.3,1.8,3.3,100.0,0,True
Bad Bunny - La Zona,blend8s/seeded_wrong_2s,-1094,-1100,-6,-6,30250,0,3,False,False,True,3,18,129.1,1.9,3.4,77.4,0,True
Bad Bunny - La Zona,midshift+1.5s/cold,-1094,421,15,19,80750,1,8,True,True,True,8,18,145.2,2.3,6.8,68.4,2,True
Bad Bunny - La Zona,midshift+1.5s/seeded_correct,-1094,418,12,19,30250,0,5,False,True,True,8,18,137.0,2.4,6.5,67.9,1,True
Bad Bunny - La Zona,midshift+1.5s/seeded_wrong_2s,-1094,420,14,19,30250,0,6,False,True,True,9,18,137.6,2.5,6.0,61.5,1,True
Bad Bunny - La Zona,midshift-1.5s/cold,-1094,9125,11719,19,97750,1,3,True,True,True,11,18,149.9,1.9,6.7,56.6,2,False
Bad Bunny - La Zona,midshift-1.5s/seeded_correct,-1094,-2600,-6,-6,30250,0,2,False,True,True,12,18,138.5,2.5,7.0,79.5,1,True
Bad Bunny - La Zona,midshift-1.5s/seeded_wrong_2s,-1094,-2600,-6,-6,30250,0,3,False,True,True,13,18,135.7,2.8,6.3,73.3,1,True
Bad Bunny - VOU 787,off0/cold,-1100,-1105,-5,0,34000,0,4,False,True,True,6,5,73.5,2.7,4.3,72.8,1,True
Bad Bunny - VOU 787,off0/seeded_correct,-1100,-1105,-5,-3,34000,0,4,False,True,True,6,5,70.9,2.6,4.0,78.4,1,True
Bad Bunny - VOU 787,off0/seeded_wrong_2s,-1100,-1105,-5,0,92750,0,4,False,True,True,6,5,69.5,2.6,3.9,25.7,1,True
Bad Bunny - VOU 787,off+200/cold,-900,-902,-2,0,11500,0,2,False,True,True,2,5,111.6,1.9,3.1,90.8,0,True
Bad Bunny - VOU 787,off+200/seeded_correct,-900,-901,-1,0,11500,0,2,False,True,True,1,5,108.3,1.7,3.2,100.0,0,True
Bad Bunny - VOU 787,off+200/seeded_wrong_2s,-900,-902,-2,0,11500,0,2,False,True,True,2,5,103.1,1.8,2.9,90.8,0,True
Bad Bunny - VOU 787,off-200/cold,-1300,-1301,-1,0,11500,0,2,False,True,True,2,5,107.8,1.8,3.1,90.8,0,True
Bad Bunny - VOU 787,off-200/seeded_correct,-1300,-1301,-1,0,11500,0,2,False,True,True,2,5,103.9,1.7,2.8,100.0,0,True
Bad Bunny - VOU 787,off-200/seeded_wrong_2s,-1300,-1301,-1,0,11500,0,2,False,True,True,2,5,107.3,1.8,3.4,90.8,0,True
Bad Bunny - VOU 787,off+2s/cold,900,899,-1,0,10000,0,2,False,True,True,2,5,110.6,2.0,3.2,91.9,0,True
Bad Bunny - VOU 787,off+2s/seeded_correct,900,899,-1,0,10000,0,2,False,True,True,1,5,105.9,1.7,2.9,100.0,0,True
Bad Bunny - VOU 787,off+2s/seeded_wrong_2s,900,899,-1,0,10000,0,2,False,True,True,2,5,103.5,1.9,3.2,91.9,0,True
Bad Bunny - VOU 787,off-2s/cold,-3100,,,3100,,0,0,False,False,False,5,5,67.9,2.4,4.2,0.0,0,False
Bad Bunny - VOU 787,off-2s/seeded_correct,-3100,-3100,0,0,92750,0,0,False,False,False,5,5,64.6,2.4,3.3,100.0,0,True
Bad Bunny - VOU 787,off-2s/seeded_wrong_2s,-3100,-1100,2000,1900,,0,0,False,False,False,7,5,83.3,2.8,5.9,0.0,2,False
Bad Bunny - VOU 787,off+10s/cold,8900,,,-7700,,0,0,False,False,False,5,5,62.4,2.7,4.2,0.0,0,False
Bad Bunny - VOU 787,off+10s/second_play,8900,,,-7700,,0,0,False,False,False,5,5,59.4,2.7,4.1,0.0,0,False
Bad Bunny - VOU 787,off+10s/seeded_correct,8900,8899,-1,0,2500,0,2,False,True,True,1,5,103.3,1.8,3.0,100.0,0,True
Bad Bunny - VOU 787,off+10s/seeded_wrong_2s,8900,8899,-1,0,2500,0,2,False,True,True,2,5,96.3,2.1,2.8,97.8,0,True
Bad Bunny - VOU 787,off-10s/cold,-11100,,,11100,,0,0,False,False,False,5,5,70.9,2.5,3.9,0.0,0,False
Bad Bunny - VOU 787,off-10s/second_play,-11100,,,11100,,0,0,False,False,False,5,5,70.2,2.5,3.9,0.0,0,False
Bad Bunny - VOU 787,off-10s/seeded_correct,-11100,-11100,0,0,,0,0,False,False,False,5,5,66.9,2.4,3.3,100.0,0,True
Bad Bunny - VOU 787,off-10s/seeded_wrong_2s,-11100,-9100,2000,2000,,0,0,False,False,False,5,5,75.8,2.6,4.2,0.0,0,False
Bad Bunny - VOU 787,off+25s/cold,23900,23894,-6,0,92750,0,2,False,False,True,5,5,51.4,3.0,7.1,7.1,0,True
Bad Bunny - VOU 787,off+25s/second_play,23900,23897,-3,-6,2500,0,2,False,True,True,1,5,101.9,2.4,3.4,100.0,0,True
Bad Bunny - VOU 787,off+25s/seeded_correct,23900,23899,-1,0,2500,0,2,False,True,True,1,5,100.2,2.4,3.1,100.0,0,True
Bad Bunny - VOU 787,off+25s/seeded_wrong_2s,23900,23899,-1,0,2500,0,2,False,True,True,1,5,99.3,2.2,3.2,97.5,0,True
Bad Bunny - VOU 787,off-25s/cold,-26100,,,26100,,0,0,False,False,False,5,5,86.4,2.3,4.4,0.0,0,False
Bad Bunny - VOU 787,off-25s/second_play,-26100,,,26100,,0,0,False,False,False,5,5,84.2,2.5,3.4,0.0,0,False
Bad Bunny - VOU 787,off-25s/seeded_correct,-26100,-26100,0,0,,0,0,False,False,False,5,5,79.2,2.4,3.1,100.0,0,True
Bad Bunny - VOU 787,off-25s/seeded_wrong_2s,-26100,-24100,2000,2000,,0,0,False,False,False,5,5,76.7,2.3,2.9,0.0,0,False
Bad Bunny - VOU 787,noise0/cold,-1100,-1104,-4,0,52000,0,3,False,True,True,5,5,102.8,2.0,3.2,58.3,1,True
Bad Bunny - VOU 787,noise0/seeded_correct,-1100,-1104,-4,-3,34000,0,4,False,True,True,6,5,67.0,2.5,4.0,80.8,1,True
Bad Bunny - VOU 787,noise0/seeded_wrong_2s,-1100,-1105,-5,1900,,1,2,False,True,True,5,5,69.5,2.3,4.1,0.0,2,True
Bad Bunny - VOU 787,noise-2s/cold,-3100,,,950,,0,0,False,True,False,6,5,68.2,2.4,5.7,0.0,1,False
Bad Bunny - VOU 787,noise-2s/seeded_correct,-3100,-3102,-2,0,120000,0,2,False,True,False,6,5,67.9,2.5,4.4,13.2,1,True
Bad Bunny - VOU 787,noise-2s/seeded_wrong_2s,-3100,-1100,2000,0,120000,0,0,False,True,False,6,5,67.1,2.4,4.5,5.4,1,False
Bad Bunny - VOU 787,cutin5s/cold,3900,3899,-1,0,7000,0,2,False,True,True,2,5,94.5,1.9,2.8,94.2,0,True
Bad Bunny - VOU 787,cutin5s/second_play,3900,3899,-1,-1,7000,0,2,False,True,True,1,5,95.1,1.6,2.7,100.0,0,True
Bad Bunny - VOU 787,cutin5s/seeded_correct,3900,3899,-1,0,7000,0,2,False,True,True,1,5,91.8,1.6,2.6,100.0,0,True
Bad Bunny - VOU 787,cutin5s/seeded_wrong_2s,3900,3899,-1,0,7000,0,2,False,True,True,2,5,91.3,1.8,2.8,94.2,0,True
Bad Bunny - VOU 787,cutin15s/cold,13900,13900,0,0,10000,0,2,False,True,True,2,5,82.7,1.7,2.5,90.9,0,True
Bad Bunny - VOU 787,cutin15s/second_play,13900,13900,0,0,10000,0,2,False,True,True,2,5,77.6,1.6,2.4,100.0,0,True
Bad Bunny - VOU 787,cutin15s/seeded_correct,13900,13900,0,0,10000,0,2,False,True,True,2,5,77.5,1.6,2.4,100.0,0,True
Bad Bunny - VOU 787,cutin15s/seeded_wrong_2s,13900,13899,-1,0,4000,0,3,False,True,True,3,5,74.5,1.7,2.4,96.4,0,True
Bad Bunny - VOU 787,cutin25s/cold,23900,23894,-6,0,4000,0,4,False,True,True,5,5,30.2,2.6,5.5,96.0,0,True
Bad Bunny - VOU 787,cutin25s/second_play,23900,23895,-5,-6,4000,0,2,False,True,True,3,5,68.6,1.7,2.5,100.0,0,True
Bad Bunny - VOU 787,cutin25s/seeded_correct,23900,23895,-5,0,4000,0,4,False,True,True,5,5,27.8,2.5,6.0,100.0,0,True
Bad Bunny - VOU 787,cutin25s/seeded_wrong_2s,23900,23894,-6,0,4000,0,4,False,True,True,5,5,28.1,2.5,5.9,96.0,0,True
Bad Bunny - VOU 787,blend8s/cold,-1100,-1103,-3,0,26000,0,3,False,False,True,3,5,112.3,1.9,3.1,79.2,0,True
Bad Bunny - VOU 787,blend8s/seeded_correct,-1100,-1102,-2,0,12000,0,2,False,False,True,2,5,105.5,1.7,3.0,100.0,0,True
Bad Bunny - VOU 787,blend8s/seeded_wrong_2s,-1100,-1103,-3,0,26000,0,3,False,False,True,3,5,111.1,1.9,3.0,79.2,0,True
Bad Bunny - VOU 787,midshift+1.5s/cold,-1100,-1103,-1503,0,34000,1,4,False,True,True,6,5,83.3,3.2,5.4,45.9,1,False
Bad Bunny - VOU 787,midshift+1.5s/seeded_correct,-1100,-1103,-1503,0,34000,1,4,False,True,True,6,5,78.4,3.1,4.3,51.5,1,False
Bad Bunny - VOU 787,midshift+1.5s/seeded_wrong_2s,-1100,-1103,-1503,0,92750,1,4,False,True,True,6,5,77.7,3.0,4.5,24.8,1,False
Bad Bunny - VOU 787,midshift-1.5s/cold,-1100,-1104,1496,0,34000,1,4,False,True,True,6,5,81.4,2.7,4.8,47.1,1,False
Bad Bunny - VOU 787,midshift-1.5s/seeded_correct,-1100,-1104,1496,0,34000,1,4,False,True,True,6,5,72.2,2.5,4.4,52.7,1,False
Bad Bunny - VOU 787,midshift-1.5s/seeded_wrong_2s,-1100,-1104,1496,0,92750,1,4,False,True,True,6,5,77.5,2.8,4.2,26.6,1,False
Bad Bunny - BOKeTE,off0/cold,-1062,-1050,12,12,8500,0,2,False,True,True,1,5,370.6,3.4,7.2,96.1,0,True
Bad Bunny - BOKeTE,off0/seeded_correct,-1062,-1030,32,25,8500,0,2,False,True,True,1,5,368.5,3.4,7.2,100.0,0,True
Bad Bunny - BOKeTE,off0/seeded_wrong_2s,-1062,-1030,32,25,8500,0,2,False,True,True,2,5,368.4,3.0,7.2,96.1,0,True
Bad Bunny - BOKeTE,off+200/cold,-862,-758,104,12,8500,0,3,True,True,True,1,5,373.6,3.6,7.0,96.1,0,True
Bad Bunny - BOKeTE,off+200/seeded_correct,-862,-830,32,25,8500,0,2,False,True,True,1,5,375.1,3.3,7.7,100.0,0,True
Bad Bunny - BOKeTE,off+200/seeded_wrong_2s,-862,-831,31,25,8500,0,2,False,True,True,2,5,373.5,3.5,7.4,96.1,0,True
Bad Bunny - BOKeTE,off-200/cold,-1262,-1248,14,12,8500,0,2,False,True,True,2,5,388.0,3.4,7.7,96.1,0,True
Bad Bunny - BOKeTE,off-200/seeded_correct,-1262,-1229,33,25,8500,0,2,False,True,True,1,5,371.7,3.5,7.0,100.0,0,True
Bad Bunny - BOKeTE,off-200/seeded_wrong_2s,-1262,-1229,33,25,8500,0,2,False,True,True,2,5,321.5,3.0,6.2,96.1,0,True
Bad Bunny - BOKeTE,off+2s/cold,938,949,11,12,8500,0,5,True,True,True,5,5,245.8,4.0,5.9,96.1,0,True
Bad Bunny - BOKeTE,off+2s/seeded_correct,938,970,32,25,16000,0,2,False,True,True,1,5,324.2,2.7,6.1,100.0,0,True
Bad Bunny - BOKeTE,off+2s/seeded_wrong_2s,938,969,31,25,16000,0,2,False,True,True,2,5,320.5,3.0,5.5,92.6,0,True
Bad Bunny - BOKeTE,off-2s/cold,-3062,-3051,11,12,11500,0,1,False,True,False,5,5,257.9,4.0,6.0,94.8,0,True
Bad Bunny - BOKeTE,off-2s/seeded_correct,-3062,-3031,31,25,11500,0,1,False,True,False,5,5,287.5,3.9,9.6,100.0,0,True
Bad Bunny - BOKeTE,off-2s/seeded_wrong_2s,-3062,-1062,2000,25,11500,0,0,False,True,False,5,5,259.5,4.1,6.2,94.8,0,False
Bad Bunny - BOKeTE,off+10s/cold,8938,,,-8938,,0,0,False,False,False,5,5,261.2,4.0,5.8,0.0,0,False
Bad Bunny - BOKeTE,off+10s/second_play,8938,,,-8938,,0,0,False,False,False,5,5,265.9,4.0,6.0,0.0,0,False
Bad Bunny - BOKeTE,off+10s/seeded_correct,8938,8970,32,25,7000,0,2,False,True,True,1,5,308.0,3.1,5.8,100.0,0,True
Bad Bunny - BOKeTE,off+10s/seeded_wrong_2s,8938,8969,31,25,7000,0,2,False,True,True,2,5,355.4,3.0,6.8,96.6,0,True
Bad Bunny - BOKeTE,off-10s/cold,-11062,,,11062,,0,0,False,False,False,5,5,309.9,3.9,7.3,0.0,0,False
Bad Bunny - BOKeTE,off-10s/second_play,-11062,,,11062,,0,0,False,False,False,5,5,281.4,4.1,5.9,0.0,0,False
Bad Bunny - BOKeTE,off-10s/seeded_correct,-11062,-11062,0,0,,0,0,False,False,False,5,5,277.2,3.9,7.0,100.0,0,True
Bad Bunny - BOKeTE,off-10s/seeded_wrong_2s,-11062,-9062,2000,2000,,0,0,False,False,False,5,5,314.9,4.4,7.8,0.0,0,False
Bad Bunny - BOKeTE,off+25s/cold,23938,,,-23938,,0,0,False,False,False,5,5,300.5,5.0,7.2,0.0,0,False
Bad Bunny - BOKeTE,off+25s/second_play,23938,,,-23938,,0,0,False,False,False,5,5,301.8,5.0,8.2,0.0,0,False
Bad Bunny - BOKeTE,off+25s/seeded_correct,23938,23969,31,25,2500,0,2,False,True,True,1,5,353.8,3.7,7.4,100.0,0,True
Bad Bunny - BOKeTE,off+25s/seeded_wrong_2s,23938,23969,31,25,2500,0,2,False,True,True,1,5,367.5,4.0,7.1,98.7,0,True
Bad Bunny - BOKeTE,off-25s/cold,-26062,,,26062,,0,0,False,False,False,5,5,322.3,4.0,7.5,0.0,0,False
Bad Bunny - BOKeTE,off-25s/second_play,-26062,,,26062,,0,0,False,False,False,5,5,361.5,5.1,8.2,0.0,0,False
Bad Bunny - BOKeTE,off-25s/seeded_correct,-26062,-26062,0,0,,0,0,False,False,False,5,5,330.8,5.0,7.6,100.0,0,True
Bad Bunny - BOKeTE,off-25s/seeded_wrong_2s,-26062,-24062,2000,2000,,0,0,False,False,False,5,5,341.5,4.8,7.4,0.0,0,False
Bad Bunny - BOKeTE,noise0/cold,-1062,-1050,12,12,8500,0,2,False,True,True,1,5,310.8,3.0,5.8,96.1,0,True
Bad Bunny - BOKeTE,noise0/seeded_correct,-1062,-1030,32,25,8500,0,2,False,True,True,1,5,310.8,3.0,5.9,100.0,0,True
Bad Bunny - BOKeTE,noise0/seeded_wrong_2s,-1062,-1030,32,25,8500,0,2,False,True,True,2,5,324.4,2.9,6.6,96.1,0,True
Bad Bunny - BOKeTE,noise-2s/cold,-3062,-3050,12,12,11500,0,1,False,True,True,2,5,316.0,2.8,5.9,94.8,0,True
Bad Bunny - BOKeTE,noise-2s/seeded_correct,-3062,-3031,31,25,11500,0,1,False,True,True,2,5,377.3,2.8,8.0,100.0,0,True
Bad Bunny - BOKeTE,noise-2s/seeded_wrong_2s,-3062,-3031,31,25,11500,0,1,False,True,True,2,5,321.4,3.1,5.7,94.8,0,True
Bad Bunny - BOKeTE,cutin5s/cold,3938,3948,10,9,5500,0,3,True,True,True,1,5,322.5,3.3,6.4,97.4,0,True
Bad Bunny - BOKeTE,cutin5s/second_play,3938,3950,12,10,5500,0,3,False,True,False,5,5,264.7,4.7,6.9,100.0,0,True
Bad Bunny - BOKeTE,cutin5s/seeded_correct,3938,3968,30,25,5500,0,3,False,True,False,5,5,260.4,4.6,6.4,100.0,0,True
Bad Bunny - BOKeTE,cutin5s/seeded_wrong_2s,3938,3968,30,25,5500,0,4,False,True,False,5,5,257.4,4.6,6.1,97.4,0,True
Bad Bunny - BOKeTE,cutin15s/cold,13938,13949,11,12,4000,0,4,False,True,False,5,5,203.7,3.8,5.9,98.0,0,True
Bad Bunny - BOKeTE,cutin15s/second_play,13938,13949,11,11,4000,0,5,False,True,False,5,5,192.5,3.7,5.1,100.0,0,True
Bad Bunny - BOKeTE,cutin15s/seeded_correct,13938,13967,29,25,4000,0,2,False,True,False,5,5,191.1,3.5,5.0,100.0,0,True
Bad Bunny - BOKeTE,cutin15s/seeded_wrong_2s,13938,13966,28,25,4000,0,2,False,True,False,5,5,189.7,3.7,5.0,98.0,0,True
Bad Bunny - BOKeTE,cutin25s/cold,23938,23954,16,12,4000,0,3,False,True,False,5,5,212.3,4.6,5.7,97.9,0,True
Bad Bunny - BOKeTE,cutin25s/second_play,23938,23953,15,13,4000,0,3,False,True,False,5,5,212.6,4.5,6.8,100.0,0,True
Bad Bunny - BOKeTE,cutin25s/seeded_correct,23938,23972,34,25,4000,0,2,False,True,False,5,5,189.0,4.0,5.0,100.0,0,True
Bad Bunny - BOKeTE,cutin25s/seeded_wrong_2s,23938,23972,34,25,4000,0,3,False,True,False,5,5,232.3,4.9,7.0,97.9,0,True
Bad Bunny - BOKeTE,blend8s/cold,-1062,-1050,12,15,30000,0,3,False,False,False,5,5,327.2,4.8,7.2,86.2,0,True
Bad Bunny - BOKeTE,blend8s/seeded_correct,-1062,-1031,31,0,25750,0,3,False,False,False,5,5,346.2,5.2,8.0,100.0,0,True
Bad Bunny - BOKeTE,blend8s/seeded_wrong_2s,-1062,-1032,30,34,30000,0,2,False,False,False,5,5,337.6,5.0,7.6,86.2,0,True
Bad Bunny - BOKeTE,midshift+1.5s/cold,-1062,-1050,-1488,-38,8500,0,1,False,True,True,4,5,390.1,5.0,8.3,71.2,2,False
Bad Bunny - BOKeTE,midshift+1.5s/seeded_correct,-1062,475,37,37,8500,0,2,False,True,True,4,5,389.4,5.5,8.8,74.1,2,True
Bad Bunny - BOKeTE,midshift+1.5s/seeded_wrong_2s,-1062,-1030,-1468,-38,8500,0,1,False,True,True,5,5,376.3,5.2,8.4,71.2,2,False
Bad Bunny - BOKeTE,midshift-1.5s/cold,-1062,-2525,37,37,8500,0,2,False,True,True,4,5,344.3,4.0,7.2,70.5,2,True
Bad Bunny - BOKeTE,midshift-1.5s/seeded_correct,-1062,-2525,37,37,8500,0,2,False,True,True,4,5,337.3,4.3,7.3,74.4,2,True
Bad Bunny - BOKeTE,midshift-1.5s/seeded_wrong_2s,-1062,-2525,37,37,8500,0,2,False,True,True,5,5,345.7,4.4,7.5,70.5,2,True
Bad Bunny - BAILE INoLVIDABLE,off0/cold,-1008,-978,30,108,,0,2,False,True,True,7,5,1101.7,6.9,12.8,77.2,2,True
Bad Bunny - BAILE INoLVIDABLE,off0/seeded_correct,-1008,-976,32,83,84000,0,2,False,True,True,7,5,1099.4,7.0,12.5,79.5,2,True
Bad Bunny - BAILE INoLVIDABLE,off0/seeded_wrong_2s,-1008,-976,32,83,84000,0,2,False,True,True,7,5,1109.8,6.9,12.5,77.2,2,True
Bad Bunny - BAILE INoLVIDABLE,off+200/cold,-808,-829,-21,108,,0,5,True,True,True,7,5,1128.7,7.0,12.9,77.2,2,True
Bad Bunny - BAILE INoLVIDABLE,off+200/seeded_correct,-808,-777,31,83,84000,0,2,False,True,True,7,5,1132.0,7.1,13.6,79.1,2,True
Bad Bunny - BAILE INoLVIDABLE,off+200/seeded_wrong_2s,-808,-777,31,83,84000,0,2,False,True,True,7,5,1137.0,7.4,12.0,77.2,2,True
Bad Bunny - BAILE INoLVIDABLE,off-200/cold,-1208,-1176,32,108,,0,2,False,True,True,7,5,1119.6,6.3,12.9,77.2,2,True
Bad Bunny - BAILE INoLVIDABLE,off-200/seeded_correct,-1208,-1175,33,83,84000,0,2,False,True,True,7,5,1099.1,6.9,12.5,79.5,2,True
Bad Bunny - BAILE INoLVIDABLE,off-200/seeded_wrong_2s,-1208,-1175,33,83,84000,0,2,False,True,True,7,5,1133.0,6.9,12.5,77.2,2,True
Bad Bunny - BAILE INoLVIDABLE,off+2s/cold,992,1010,18,108,,0,4,True,True,True,7,5,1114.5,6.8,12.9,77.1,2,True
Bad Bunny - BAILE INoLVIDABLE,off+2s/seeded_correct,992,1021,29,108,,0,2,False,True,True,7,5,1116.7,7.2,12.6,78.6,2,True
Bad Bunny - BAILE INoLVIDABLE,off+2s/seeded_wrong_2s,992,1021,29,108,,0,2,False,True,True,7,5,1143.1,7.1,12.9,77.1,2,True
Bad Bunny - BAILE INoLVIDABLE,off-2s/cold,-3008,-2950,58,58,84000,0,1,False,True,True,7,5,1120.3,6.7,12.5,77.3,2,True
Bad Bunny - BAILE INoLVIDABLE,off-2s/seeded_correct,-3008,-2975,33,83,84000,0,1,False,True,False,7,5,1119.9,6.9,12.3,80.0,2,True
Bad Bunny - BAILE INoLVIDABLE,off-2s/seeded_wrong_2s,-3008,-2975,33,83,84000,0,1,False,True,False,7,5,1111.4,6.7,12.3,77.3,2,True
Bad Bunny - BAILE INoLVIDABLE,off+10s/cold,8992,9100,108,108,,0,2,False,False,False,7,5,1155.1,6.4,13.3,77.2,2,True
Bad Bunny - BAILE INoLVIDABLE,off+10s/second_play,8992,9100,108,108,,0,0,False,True,False,7,5,1132.4,7.5,13.1,77.3,2,True
Bad Bunny - BAILE INoLVIDABLE,off+10s/seeded_correct,8992,9041,49,108,,0,2,False,True,False,7,5,1118.9,7.3,12.8,77.3,2,True
Bad Bunny - BAILE INoLVIDABLE,off+10s/seeded_wrong_2s,8992,9050,58,108,,0,1,False,True,False,7,5,1111.5,7.4,12.6,76.6,2,True
Bad Bunny - BAILE INoLVIDABLE,off-10s/cold,-11008,,,11008,,0,0,False,False,False,5,5,1090.6,6.7,12.5,0.0,0,False
Bad Bunny - BAILE INoLVIDABLE,off-10s/second_play,-11008,,,11008,,0,0,False,False,False,5,5,1108.2,6.8,12.2,0.0,0,False
Bad Bunny - BAILE INoLVIDABLE,off-10s/seeded_correct,-11008,-11008,0,0,,0,0,False,False,False,5,5,1109.2,6.6,12.6,100.0,0,True
Bad Bunny - BAILE INoLVIDABLE,off-10s/seeded_wrong_2s,-11008,-9008,2000,2000,,0,0,False,False,False,5,5,1089.0,6.7,12.0,0.0,0,False
Bad Bunny - BAILE INoLVIDABLE,off+25s/cold,23992,24100,108,108,,0,2,False,False,False,7,5,1142.0,7.6,12.9,76.2,2,True
Bad Bunny - BAILE INoLVIDABLE,off+25s/second_play,23992,24100,108,108,,0,2,False,True,True,7,5,1108.9,7.5,13.1,76.3,2,True
Bad Bunny - BAILE INoLVIDABLE,off+25s/seeded_correct,23992,24100,108,108,,0,3,False,True,True,7,5,1106.1,7.7,13.1,76.3,2,True
Bad Bunny - BAILE INoLVIDABLE,off+25s/seeded_wrong_2s,23992,24100,108,108,,0,3,False,True,True,7,5,1078.2,7.6,12.6,75.5,2,True
Bad Bunny - BAILE INoLVIDABLE,off-25s/cold,-26008,,,26008,,0,0,False,False,False,5,5,1116.5,6.7,12.6,0.0,0,False
Bad Bunny - BAILE INoLVIDABLE,off-25s/second_play,-26008,,,26008,,0,0,False,False,False,5,5,1112.6,6.7,12.1,0.0,0,False
Bad Bunny - BAILE INoLVIDABLE,off-25s/seeded_correct,-26008,-26008,0,0,,0,0,False,False,False,5,5,1094.9,6.2,12.5,100.0,0,True
Bad Bunny - BAILE INoLVIDABLE,off-25s/seeded_wrong_2s,-26008,-24008,2000,2000,,0,0,False,False,False,5,5,1066.7,5.9,12.2,0.0,0,False
Bad Bunny - BAILE INoLVIDABLE,noise0/cold,-1008,-977,31,108,,0,2,False,True,True,7,5,1125.4,6.5,14.2,77.2,2,True
Bad Bunny - BAILE INoLVIDABLE,noise0/seeded_correct,-1008,-976,32,83,84000,0,2,False,True,True,7,5,1101.2,6.8,14.0,79.5,2,True
Bad Bunny - BAILE INoLVIDABLE,noise0/seeded_wrong_2s,-1008,-976,32,83,84000,0,2,False,True,True,7,5,1120.1,6.5,13.7,77.2,2,True
Bad Bunny - BAILE INoLVIDABLE,noise-2s/cold,-3008,-2950,58,58,84000,0,1,False,True,False,7,5,1093.7,6.2,13.9,77.3,2,True
Bad Bunny - BAILE INoLVIDABLE,noise-2s/seeded_correct,-3008,-2975,33,83,84000,0,1,False,True,False,7,5,1116.8,6.3,14.0,80.0,2,True
Bad Bunny - BAILE INoLVIDABLE,noise-2s/seeded_wrong_2s,-3008,-2975,33,83,84000,0,1,False,True,False,7,5,1118.3,6.9,13.9,77.3,2,True
Bad Bunny - BAILE INoLVIDABLE,cutin5s/cold,3992,4050,58,58,81750,0,1,False,True,False,7,5,1286.5,7.9,15.5,77.5,2,True
Bad Bunny - BAILE INoLVIDABLE,cutin5s/second_play,3992,4039,47,108,,0,1,False,True,True,7,5,1255.4,7.4,15.4,78.4,2,True
Bad Bunny - BAILE INoLVIDABLE,cutin5s/seeded_correct,3992,4050,58,183,,0,1,False,True,False,7,5,1259.1,8.1,15.0,79.0,2,True
Bad Bunny - BAILE INoLVIDABLE,cutin5s/seeded_wrong_2s,3992,4050,58,183,,0,1,False,True,False,7,5,1269.3,8.1,15.2,77.5,2,True
Bad Bunny - BAILE INoLVIDABLE,cutin15s/cold,13992,14100,108,108,,0,3,False,True,True,7,5,949.8,5.6,12.3,98.4,2,True
Bad Bunny - BAILE INoLVIDABLE,cutin15s/second_play,13992,14100,108,108,,0,4,False,True,False,7,5,937.4,5.5,12.9,100.0,2,True
Bad Bunny - BAILE INoLVIDABLE,cutin15s/seeded_correct,13992,14100,108,183,,0,3,False,True,True,7,5,980.5,5.6,13.6,100.0,2,True
Bad Bunny - BAILE INoLVIDABLE,cutin15s/seeded_wrong_2s,13992,14100,108,183,,0,3,False,True,True,7,5,957.2,6.0,12.4,98.4,2,True
Bad Bunny - BAILE INoLVIDABLE,cutin25s/cold,23992,24175,183,183,,0,4,False,True,True,7,5,1158.1,7.5,14.4,98.4,2,True
Bad Bunny - BAILE INoLVIDABLE,cutin25s/second_play,23992,24035,43,83,5500,0,2,False,True,True,7,5,1117.2,7.1,14.0,100.0,2,True
Bad Bunny - BAILE INoLVIDABLE,cutin25s/seeded_correct,23992,24175,183,183,,0,4,False,True,True,7,5,1147.7,7.9,14.4,100.0,2,True
Bad Bunny - BAILE INoLVIDABLE,cutin25s/seeded_wrong_2s,23992,24175,183,183,,0,3,False,True,True,7,5,1160.3,7.5,14.6,98.4,2,True
Bad Bunny - BAILE INoLVIDABLE,blend8s/cold,-1008,-950,58,183,,0,1,False,True,False,7,5,1392.2,9.2,15.4,77.8,2,True
Bad Bunny - BAILE INoLVIDABLE,blend8s/seeded_correct,-1008,-961,47,83,17250,0,1,False,False,False,7,5,1370.1,8.9,14.8,100.0,2,True
Bad Bunny - BAILE INoLVIDABLE,blend8s/seeded_wrong_2s,-1008,-957,51,108,,0,2,False,False,True,7,5,1373.8,8.7,15.4,77.2,2,True
Bad Bunny - BAILE INoLVIDABLE,midshift+1.5s/cold,-1008,600,108,108,,0,3,False,True,False,7,5,1470.9,9.5,15.0,77.1,2,True
Bad Bunny - BAILE INoLVIDABLE,midshift+1.5s/seeded_correct,-1008,525,33,83,84000,0,2,False,True,False,7,5,1446.6,9.8,15.1,79.4,2,True
Bad Bunny - BAILE INoLVIDABLE,midshift+1.5s/seeded_wrong_2s,-1008,525,33,83,84000,0,2,False,True,False,7,5,1471.3,9.9,15.0,77.1,2,True
Bad Bunny - BAILE INoLVIDABLE,midshift-1.5s/cold,-1008,-2400,108,108,,0,2,False,True,False,7,5,1191.7,7.6,13.1,77.3,2,True
Bad Bunny - BAILE INoLVIDABLE,midshift-1.5s/seeded_correct,-1008,-2475,33,83,84000,0,1,False,True,False,7,5,1184.3,7.3,13.0,79.6,2,True
Bad Bunny - BAILE INoLVIDABLE,midshift-1.5s/seeded_wrong_2s,-1008,-2475,33,33,84000,0,1,False,True,False,7,5,1192.6,7.5,12.7,77.3,2,True
Bad Bunny - Estamos Bien,off0/cold,306,322,16,94,15000,0,6,True,False,True,5,14,1830.8,6.0,14.7,97.2,2,True
Bad Bunny - Estamos Bien,off0/seeded_correct,306,414,108,144,,0,6,False,False,True,6,14,1773.3,6.2,14.7,100.0,2,True
Bad Bunny - Estamos Bien,off0/seeded_wrong_2s,306,413,107,144,,0,6,False,False,True,6,14,1767.4,5.9,14.6,97.2,2,True
Bad Bunny - Estamos Bien,off+200/cold,506,522,16,94,15000,0,6,True,False,True,5,14,1859.9,6.1,14.8,97.2,2,True
Bad Bunny - Estamos Bien,off+200/seeded_correct,506,614,108,144,,0,6,False,False,True,6,14,1816.7,6.0,15.1,100.0,2,True
Bad Bunny - Estamos Bien,off+200/seeded_wrong_2s,506,612,106,144,,0,6,False,False,True,6,14,1828.7,6.0,14.9,97.2,2,True
Bad Bunny - Estamos Bien,off-200/cold,106,122,16,94,15000,0,6,True,False,True,5,14,1863.0,6.2,15.1,100.0,2,True
Bad Bunny - Estamos Bien,off-200/seeded_correct,106,215,109,144,,0,6,False,False,True,6,14,1811.4,6.0,14.9,100.0,2,True
Bad Bunny - Estamos Bien,off-200/seeded_wrong_2s,106,213,107,144,,0,6,False,False,True,6,14,1832.2,6.4,15.0,97.2,2,True
Bad Bunny - Estamos Bien,off+2s/cold,2306,2322,16,94,15000,0,7,True,False,True,5,14,1864.7,6.2,15.2,97.2,2,True
Bad Bunny - Estamos Bien,off+2s/seeded_correct,2306,2414,108,144,,0,6,False,False,True,6,14,1788.6,6.4,14.8,100.0,2,True
Bad Bunny - Estamos Bien,off+2s/seeded_wrong_2s,2306,2412,106,144,,0,6,False,False,True,6,14,1797.0,5.9,15.1,97.2,2,True
Bad Bunny - Estamos Bien,off-2s/cold,-1694,-1550,144,144,,0,4,True,False,True,6,14,1842.9,6.3,14.8,95.4,2,True
Bad Bunny - Estamos Bien,off-2s/seeded_correct,-1694,-1550,144,144,,0,2,False,False,True,8,14,1833.4,6.7,14.8,100.0,2,True
Bad Bunny - Estamos Bien,off-2s/seeded_wrong_2s,-1694,-1550,144,144,,0,4,False,False,True,9,14,1799.8,6.5,14.9,90.2,2,True
Bad Bunny - Estamos Bien,off+10s/cold,10306,10475,169,169,,0,5,False,False,True,9,14,1821.3,7.0,15.0,90.0,2,True
Bad Bunny - Estamos Bien,off+10s/second_play,10306,10422,116,144,,0,5,False,True,True,4,14,1808.8,6.1,14.9,100.0,2,True
Bad Bunny - Estamos Bien,off+10s/seeded_correct,10306,10420,114,144,,0,5,False,True,True,5,14,1883.7,6.1,16.1,100.0,2,True
Bad Bunny - Estamos Bien,off+10s/seeded_wrong_2s,10306,10418,112,144,,0,5,False,True,True,5,14,1881.6,6.7,15.0,98.4,2,True
Bad Bunny - Estamos Bien,off-10s/cold,-9694,,,9694,,0,0,False,False,False,14,14,1631.7,7.9,14.9,0.0,0,False
Bad Bunny - Estamos Bien,off-10s/second_play,-9694,,,9694,,0,0,False,False,False,14,14,1611.2,7.9,14.7,0.0,0,False
Bad Bunny - Estamos Bien,off-10s/seeded_correct,-9694,-9694,0,0,,0,0,False,False,False,14,14,1678.3,8.3,15.0,100.0,0,True
Bad Bunny - Estamos Bien,off-10s/seeded_wrong_2s,-9694,-7694,2000,2000,,0,0,False,False,False,14,14,1669.8,8.2,15.2,0.0,0,False
Bad Bunny - Estamos Bien,off+25s/cold,25306,25433,127,144,,0,7,False,False,True,10,14,1811.6,7.4,15.1,89.7,2,True
Bad Bunny - Estamos Bien,off+25s/second_play,25306,25388,82,94,149000,0,6,False,True,True,6,14,1766.6,7.0,14.9,100.0,2,True
Bad Bunny - Estamos Bien,off+25s/seeded_correct,25306,25402,96,94,149000,0,5,False,True,True,5,14,1794.5,6.8,15.0,100.0,2,True
Bad Bunny - Estamos Bien,off+25s/seeded_wrong_2s,25306,25401,95,94,149000,0,5,False,True,True,5,14,1799.8,6.4,15.0,99.5,2,True
Bad Bunny - Estamos Bien,off-25s/cold,-24694,,,24019,,0,0,False,False,False,16,14,1570.1,7.1,14.0,0.0,2,False
Bad Bunny - Estamos Bien,off-25s/second_play,-24694,,,24019,,0,0,False,False,False,16,14,1569.0,7.3,14.2,0.0,2,False
Bad Bunny - Estamos Bien,off-25s/seeded_correct,-24694,-24694,0,0,,0,0,False,False,False,14,14,1725.4,8.4,15.1,100.0,0,True
Bad Bunny - Estamos Bien,off-25s/seeded_wrong_2s,-24694,-22694,2000,2000,,0,0,False,False,False,14,14,1673.6,8.0,14.7,0.0,0,False
Bad Bunny - Estamos Bien,noise0/cold,306,330,24,69,31075,1,6,True,False,True,6,14,1782.6,4.4,16.7,94.3,2,True
Bad Bunny - Estamos Bien,noise0/seeded_correct,306,354,48,69,53000,1,4,False,False,True,8,14,1744.1,5.6,16.3,93.0,2,True
Bad Bunny - Estamos Bien,noise0/seeded_wrong_2s,306,450,144,144,,0,5,False,False,True,7,14,1714.6,4.8,15.9,96.3,2,True
Bad Bunny - Estamos Bien,noise-2s/cold,-1694,-1550,144,144,,0,4,True,False,True,6,14,1745.9,4.9,15.8,95.4,2,True
Bad Bunny - Estamos Bien,noise-2s/seeded_correct,-1694,-1550,144,144,,0,2,False,False,True,8,14,1708.7,4.7,16.1,100.0,2,True
Bad Bunny - Estamos Bien,noise-2s/seeded_wrong_2s,-1694,-1550,144,144,,0,4,False,False,True,9,14,1707.7,5.5,16.1,90.2,2,True
Bad Bunny - Estamos Bien,cutin5s/cold,5306,5417,111,144,,0,4,False,True,True,5,14,2217.0,7.4,19.1,97.6,2,True
Bad Bunny - Estamos Bien,cutin5s/second_play,5306,5422,116,144,,0,5,False,True,True,5,14,2200.2,6.8,19.1,100.0,2,True
Bad Bunny - Estamos Bien,cutin5s/seeded_correct,5306,5418,112,144,,0,5,False,True,True,5,14,2198.0,6.9,18.9,100.0,2,True
Bad Bunny - Estamos Bien,cutin5s/seeded_wrong_2s,5306,5416,110,144,,0,5,False,True,True,5,14,1846.3,5.9,15.8,97.6,2,True
Bad Bunny - Estamos Bien,cutin15s/cold,15306,15420,114,144,,0,5,False,True,True,6,14,1541.7,4.6,15.2,99.2,2,True
Bad Bunny - Estamos Bien,cutin15s/second_play,15306,15423,117,144,,0,5,False,True,True,6,14,1566.8,4.9,14.8,100.0,2,True
Bad Bunny - Estamos Bien,cutin15s/seeded_correct,15306,15421,115,144,,0,5,False,True,True,6,14,1563.5,4.6,15.1,100.0,2,True
Bad Bunny - Estamos Bien,cutin15s/seeded_wrong_2s,15306,15416,110,144,,0,7,False,True,True,9,14,1537.7,5.1,14.0,99.2,2,True
Bad Bunny - Estamos Bien,cutin25s/cold,25306,25390,84,94,149000,1,7,False,True,True,9,14,1939.7,7.4,16.9,91.9,2,True
Bad Bunny - Estamos Bien,cutin25s/second_play,25306,25433,127,144,,0,6,False,True,True,9,14,1995.4,7.5,17.3,100.0,2,True
Bad Bunny - Estamos Bien,cutin25s/seeded_correct,25306,25390,84,94,149000,0,6,False,True,True,9,14,2035.0,7.9,17.2,100.0,2,True
Bad Bunny - Estamos Bien,cutin25s/seeded_wrong_2s,25306,25390,84,94,149000,0,6,False,True,True,9,14,1960.4,7.7,17.6,99.2,2,True
Bad Bunny - Estamos Bien,blend8s/cold,306,323,17,94,15000,0,6,True,False,True,5,14,2094.9,6.6,18.1,97.2,2,True
Bad Bunny - Estamos Bien,blend8s/seeded_correct,306,414,108,144,,0,6,False,False,True,6,14,2036.0,6.4,17.7,100.0,2,True
Bad Bunny - Estamos Bien,blend8s/seeded_wrong_2s,306,412,106,144,,0,6,False,False,True,6,14,2026.2,6.7,18.3,97.2,2,True
Bad Bunny - Estamos Bien,midshift+1.5s/cold,306,1950,144,144,,0,6,True,False,True,6,14,2253.9,8.9,18.2,95.5,2,True
Bad Bunny - Estamos Bien,midshift+1.5s/seeded_correct,306,1950,144,144,,0,6,False,False,True,8,14,2219.9,9.5,18.1,98.3,2,True
Bad Bunny - Estamos Bien,midshift+1.5s/seeded_wrong_2s,306,1950,144,144,,0,6,False,False,True,8,14,2245.5,9.1,18.1,95.5,2,True
Bad Bunny - Estamos Bien,midshift-1.5s/cold,306,-1050,144,144,,0,6,True,False,True,6,14,1897.0,6.9,15.3,95.6,2,True
Bad Bunny - Estamos Bien,midshift-1.5s/seeded_correct,306,-1050,144,144,,0,6,False,False,True,8,14,1881.2,7.1,15.2,98.3,2,True
Bad Bunny - Estamos Bien,midshift-1.5s/seeded_wrong_2s,306,-1050,144,144,,0,6,False,False,True,8,14,1880.1,6.9,15.2,95.6,2,True
Bad Bunny - Después de la Playa,off0/cold,1700,1698,-2,-3,5500,0,3,True,True,True,3,10,512.4,5.3,8.5,97.6,0,True
Bad Bunny - Después de la Playa,off0/seeded_correct,1700,1698,-2,0,5500,0,3,False,True,True,5,10,505.7,5.9,8.8,100.0,0,True
Bad Bunny - Después de la Playa,off0/seeded_wrong_2s,1700,1698,-2,0,5500,0,4,False,True,True,5,10,489.5,6.0,8.6,97.6,0,True
Bad Bunny - Después de la Playa,off+200/cold,1900,1899,-1,-1,5500,0,2,True,True,True,3,10,526.2,6.1,8.4,97.6,0,True
Bad Bunny - Después de la Playa,off+200/seeded_correct,1900,1898,-2,0,5500,0,3,False,True,True,5,10,498.6,6.0,8.4,100.0,0,True
Bad Bunny - Después de la Playa,off+200/seeded_wrong_2s,1900,1898,-2,0,5500,0,4,False,True,True,5,10,492.3,5.7,8.5,97.6,0,True
Bad Bunny - Después de la Playa,off-200/cold,1500,1494,-6,-6,7000,0,2,True,True,True,2,10,529.5,5.4,8.7,97.0,0,True
Bad Bunny - Después de la Playa,off-200/seeded_correct,1500,1498,-2,0,5500,0,3,False,True,True,5,10,482.1,6.0,8.6,100.0,0,True
Bad Bunny - Después de la Playa,off-200/seeded_wrong_2s,1500,1498,-2,0,5500,0,4,False,True,True,5,10,505.3,6.2,8.8,97.6,0,True
Bad Bunny - Después de la Playa,off+2s/cold,3700,3699,-1,0,28350,0,2,True,False,True,3,10,543.7,5.2,8.5,87.5,0,True
Bad Bunny - Después de la Playa,off+2s/seeded_correct,3700,3699,-1,0,4000,0,1,False,True,True,1,10,525.6,5.3,8.5,100.0,0,True
Bad Bunny - Después de la Playa,off+2s/seeded_wrong_2s,3700,3699,-1,0,4000,0,1,False,True,True,2,10,523.7,5.4,8.4,98.2,0,True
Bad Bunny - Después de la Playa,off-2s/cold,-300,-306,-6,-6,8500,0,2,True,True,True,2,10,531.5,5.4,8.5,100.0,0,True
Bad Bunny - Después de la Playa,off-2s/seeded_correct,-300,-301,-1,0,8500,0,1,False,True,True,1,10,534.0,5.1,8.7,100.0,0,True
Bad Bunny - Después de la Playa,off-2s/seeded_wrong_2s,-300,-301,-1,0,8500,0,1,False,True,True,2,10,549.9,5.5,8.8,96.3,0,True
Bad Bunny - Después de la Playa,off+10s/cold,11700,11695,-5,0,77250,0,3,False,False,True,6,10,494.5,6.2,9.3,64.8,0,True
Bad Bunny - Después de la Playa,off+10s/second_play,11700,11698,-2,-5,2500,0,2,False,True,True,1,10,520.1,5.4,8.5,100.0,0,True
Bad Bunny - Después de la Playa,off+10s/seeded_correct,11700,11699,-1,0,2500,0,1,False,True,True,1,10,517.0,5.3,8.1,100.0,0,True
Bad Bunny - Después de la Playa,off+10s/seeded_wrong_2s,11700,11699,-1,0,2500,0,1,False,True,True,2,10,525.0,5.4,8.7,98.9,0,True
Bad Bunny - Después de la Playa,off-10s/cold,-8300,,,8300,,0,0,False,False,False,10,10,277.1,7.8,12.7,0.0,0,False
Bad Bunny - Después de la Playa,off-10s/second_play,-8300,,,8300,,0,0,False,False,False,10,10,282.7,7.7,12.9,0.0,0,False
Bad Bunny - Después de la Playa,off-10s/seeded_correct,-8300,-8300,0,0,16000,0,0,False,True,False,10,10,267.0,7.9,12.6,100.0,0,True
Bad Bunny - Después de la Playa,off-10s/seeded_wrong_2s,-8300,-6300,2000,0,16000,0,0,False,True,False,10,10,269.5,8.0,12.0,93.3,0,False
Bad Bunny - Después de la Playa,off+25s/cold,26700,26695,-5,0,77250,0,3,False,False,True,6,10,484.9,6.6,8.8,62.2,0,True
Bad Bunny - Después de la Playa,off+25s/second_play,26700,26698,-2,-5,2500,0,2,False,True,True,1,10,516.4,5.7,9.2,100.0,0,True
Bad Bunny - Después de la Playa,off+25s/seeded_correct,26700,26699,-1,0,2500,0,1,False,True,True,1,10,515.9,5.9,8.9,100.0,0,True
Bad Bunny - Después de la Playa,off+25s/seeded_wrong_2s,26700,26699,-1,0,2500,0,1,False,True,True,2,10,515.9,5.9,8.9,98.8,0,True
Bad Bunny - Después de la Playa,off-25s/cold,-23300,,,23300,,0,0,False,False,False,10,10,314.4,7.8,10.8,0.0,0,False
Bad Bunny - Después de la Playa,off-25s/second_play,-23300,,,23300,,0,0,False,False,False,10,10,311.6,7.7,11.3,0.0,0,False
Bad Bunny - Después de la Playa,off-25s/seeded_correct,-23300,-23300,0,0,,0,0,False,False,False,10,10,313.1,7.7,10.8,100.0,0,True
Bad Bunny - Después de la Playa,off-25s/seeded_wrong_2s,-23300,-21300,2000,2000,,0,0,False,False,False,10,10,309.9,7.7,11.3,0.0,0,False
Bad Bunny - Después de la Playa,noise0/cold,1700,1698,-2,-3,5500,0,3,True,True,True,3,10,348.9,3.2,6.9,97.6,0,True
Bad Bunny - Después de la Playa,noise0/seeded_correct,1700,1698,-2,0,5500,0,3,False,True,True,5,10,338.6,4.1,6.2,100.0,0,True
Bad Bunny - Después de la Playa,noise0/seeded_wrong_2s,1700,1698,-2,0,5500,0,4,False,True,True,5,10,323.1,3.8,6.5,97.6,0,True
Bad Bunny - Después de la Playa,noise-2s/cold,-300,-306,-6,-6,8500,0,2,True,True,True,2,10,354.2,3.0,6.2,100.0,0,True
Bad Bunny - Después de la Playa,noise-2s/seeded_correct,-300,-301,-1,0,8500,0,1,False,True,True,1,10,351.7,3.0,6.3,100.0,0,True
Bad Bunny - Después de la Playa,noise-2s/seeded_wrong_2s,-300,-301,-1,0,8500,0,1,False,True,True,2,10,364.4,2.8,6.6,96.3,0,True
Bad Bunny - Después de la Playa,cutin5s/cold,6700,6698,-2,0,4000,0,4,False,True,True,5,10,362.8,4.2,7.7,98.2,0,True
Bad Bunny - Después de la Playa,cutin5s/second_play,6700,6698,-2,-2,4000,0,4,False,True,True,5,10,372.9,4.6,7.0,100.0,0,True
Bad Bunny - Después de la Playa,cutin5s/seeded_correct,6700,6698,-2,0,4000,0,3,False,True,True,5,10,366.3,4.3,8.5,100.0,0,True
Bad Bunny - Después de la Playa,cutin5s/seeded_wrong_2s,6700,6698,-2,0,4000,0,4,False,True,True,5,10,353.1,4.5,6.9,98.2,0,True
Bad Bunny - Después de la Playa,cutin15s/cold,16700,16698,-2,0,4000,0,3,False,True,True,5,10,277.7,3.4,5.7,98.1,0,True
Bad Bunny - Después de la Playa,cutin15s/second_play,16700,16698,-2,-2,4000,0,4,False,True,True,5,10,275.0,3.5,5.4,100.0,0,True
Bad Bunny - Después de la Playa,cutin15s/seeded_correct,16700,16698,-2,0,4000,0,4,False,True,True,5,10,272.2,3.4,5.9,100.0,0,True
Bad Bunny - Después de la Playa,cutin15s/seeded_wrong_2s,16700,16698,-2,0,4000,0,3,False,True,True,5,10,266.6,3.4,5.8,98.1,0,True
Bad Bunny - Después de la Playa,cutin25s/cold,26700,26698,-2,0,4000,0,2,False,True,True,5,10,304.2,4.1,6.5,98.0,0,True
Bad Bunny - Después de la Playa,cutin25s/second_play,26700,26698,-2,-2,4000,0,3,False,True,True,5,10,322.3,4.5,7.0,100.0,0,True
Bad Bunny - Después de la Playa,cutin25s/seeded_correct,26700,26699,-1,0,4000,0,3,False,True,True,5,10,297.7,4.3,6.6,100.0,0,True
Bad Bunny - Después de la Playa,cutin25s/seeded_wrong_2s,26700,26698,-2,0,4000,0,2,False,True,True,5,10,307.0,4.0,6.6,98.0,0,True
Bad Bunny - Después de la Playa,blend8s/cold,1700,1698,-2,-3,7000,0,3,True,True,True,3,10,408.6,3.5,7.2,96.9,0,True
Bad Bunny - Después de la Playa,blend8s/seeded_correct,1700,1698,-2,0,5500,0,3,False,True,True,5,10,392.6,4.4,7.0,100.0,0,True
Bad Bunny - Después de la Playa,blend8s/seeded_wrong_2s,1700,1698,-2,0,5500,0,4,False,True,True,5,10,370.6,4.4,7.6,97.6,0,True
Bad Bunny - Después de la Playa,midshift+1.5s/cold,1700,1696,-1504,0,5500,1,5,True,True,True,5,10,488.2,4.9,8.4,90.0,1,False
Bad Bunny - Después de la Playa,midshift+1.5s/seeded_correct,1700,3200,0,0,5500,1,3,False,True,False,10,10,230.1,8.0,12.7,65.4,0,True
Bad Bunny - Después de la Playa,midshift+1.5s/seeded_wrong_2s,1700,3200,0,0,5500,1,4,False,True,False,10,10,222.3,8.1,12.8,63.0,0,True
Bad Bunny - Después de la Playa,midshift-1.5s/cold,1700,1700,1500,0,5500,1,5,True,True,True,5,10,430.3,4.2,7.0,90.1,1,False
Bad Bunny - Después de la Playa,midshift-1.5s/seeded_correct,1700,197,-3,0,5500,1,4,False,True,True,11,10,222.5,7.0,12.1,41.1,1,True
Bad Bunny - Después de la Playa,midshift-1.5s/seeded_wrong_2s,1700,1701,1501,0,5500,2,5,False,True,True,9,10,339.0,6.0,9.4,63.5,0,False
Bad Bunny - CYBERTRUCK,off0/cold,-1100,-1101,-1,0,10000,0,3,True,True,True,1,13,296.3,3.3,5.4,94.8,0,True
Bad Bunny - CYBERTRUCK,off0/seeded_correct,-1100,-1099,1,0,10000,0,2,False,True,True,1,13,290.4,2.9,5.9,100.0,0,True
Bad Bunny - CYBERTRUCK,off0/seeded_wrong_2s,-1100,-1099,1,0,10000,0,2,False,True,True,1,13,283.8,2.6,5.4,94.8,0,True
Bad Bunny - CYBERTRUCK,off+200/cold,-900,-900,0,0,10000,0,3,True,True,True,1,13,303.3,3.4,5.7,94.8,0,True
Bad Bunny - CYBERTRUCK,off+200/seeded_correct,-900,-899,1,0,10000,0,2,False,True,True,1,13,275.9,2.4,5.5,100.0,0,True
Bad Bunny - CYBERTRUCK,off+200/seeded_wrong_2s,-900,-899,1,0,10000,0,2,False,True,True,1,13,284.6,3.1,6.1,94.8,0,True
Bad Bunny - CYBERTRUCK,off-200/cold,-1300,-1302,-2,0,10000,0,3,True,True,True,1,13,288.0,2.5,6.0,94.8,0,True
Bad Bunny - CYBERTRUCK,off-200/seeded_correct,-1300,-1299,1,0,10000,0,2,False,True,True,1,13,286.9,3.0,5.9,100.0,0,True
Bad Bunny - CYBERTRUCK,off-200/seeded_wrong_2s,-1300,-1298,2,0,10000,0,2,False,True,True,1,13,287.1,3.0,6.1,94.8,0,True
Bad Bunny - CYBERTRUCK,off+2s/cold,900,900,0,0,8500,0,3,True,True,True,1,13,282.7,2.9,6.4,95.5,0,True
Bad Bunny - CYBERTRUCK,off+2s/seeded_correct,900,901,1,0,8500,0,2,False,True,True,1,13,285.0,2.9,5.8,100.0,0,True
Bad Bunny - CYBERTRUCK,off+2s/seeded_wrong_2s,900,901,1,0,8500,0,2,False,True,True,1,13,280.1,3.0,5.3,95.5,0,True
Bad Bunny - CYBERTRUCK,off-2s/cold,-3100,-3102,-2,-6,11500,0,5,True,True,True,5,13,278.7,3.4,6.6,94.1,0,True
Bad Bunny - CYBERTRUCK,off-2s/seeded_correct,-3100,-3098,2,0,11500,0,3,False,True,True,8,13,277.7,3.7,6.2,100.0,0,True
Bad Bunny - CYBERTRUCK,off-2s/seeded_wrong_2s,-3100,-3098,2,0,11500,0,4,False,True,True,8,13,259.5,3.9,5.7,94.1,0,True
Bad Bunny - CYBERTRUCK,off+10s/cold,8900,8903,3,0,38750,0,3,False,False,True,5,13,282.1,3.8,5.8,78.7,0,True
Bad Bunny - CYBERTRUCK,off+10s/second_play,8900,8901,1,3,2500,0,2,False,True,True,1,13,280.8,3.6,5.7,100.0,0,True
Bad Bunny - CYBERTRUCK,off+10s/seeded_correct,8900,8901,1,0,2500,0,2,False,True,True,1,13,282.0,2.8,6.7,100.0,0,True
Bad Bunny - CYBERTRUCK,off+10s/seeded_wrong_2s,8900,8901,1,0,2500,0,2,False,True,True,1,13,279.6,3.3,6.0,98.6,0,True
Bad Bunny - CYBERTRUCK,off-10s/cold,-11100,,,11100,,0,0,False,False,False,13,13,242.4,5.0,8.5,0.0,0,False
Bad Bunny - CYBERTRUCK,off-10s/second_play,-11100,,,11100,,0,0,False,False,False,13,13,248.1,5.4,8.2,0.0,0,False
Bad Bunny - CYBERTRUCK,off-10s/seeded_correct,-11100,-11100,0,0,,0,0,False,False,False,13,13,231.1,4.9,8.1,100.0,0,True
Bad Bunny - CYBERTRUCK,off-10s/seeded_wrong_2s,-11100,-9100,2000,2000,,0,0,False,False,False,13,13,238.7,4.5,8.4,0.0,0,False
Bad Bunny - CYBERTRUCK,off+25s/cold,23900,23903,3,0,38750,0,3,False,False,True,5,13,275.0,4.0,6.5,76.8,0,True
Bad Bunny - CYBERTRUCK,off+25s/second_play,23900,23901,1,3,2500,0,2,False,True,True,1,13,279.4,3.4,5.8,100.0,0,True
Bad Bunny - CYBERTRUCK,off+25s/seeded_correct,23900,23901,1,0,2500,0,2,False,True,True,1,13,266.4,3.4,5.6,100.0,0,True
Bad Bunny - CYBERTRUCK,off+25s/seeded_wrong_2s,23900,23901,1,0,2500,0,2,False,True,True,1,13,259.9,3.5,5.4,98.5,0,True
Bad Bunny - CYBERTRUCK,off-25s/cold,-26100,,,25250,,0,0,False,False,False,15,13,273.2,4.8,8.3,0.0,2,False
Bad Bunny - CYBERTRUCK,off-25s/second_play,-26100,,,25250,,0,0,False,False,False,15,13,270.9,5.0,8.1,0.0,2,False
Bad Bunny - CYBERTRUCK,off-25s/seeded_correct,-26100,-26100,0,0,,0,0,False,False,False,13,13,247.9,4.5,7.7,100.0,0,True
Bad Bunny - CYBERTRUCK,off-25s/seeded_wrong_2s,-26100,-24100,2000,2000,,0,0,False,False,False,13,13,244.3,4.8,7.5,0.0,0,False
Bad Bunny - CYBERTRUCK,noise0/cold,-1100,-1101,-1,3,24000,0,4,True,True,True,3,13,245.4,2.5,4.8,87.5,1,True
Bad Bunny - CYBERTRUCK,noise0/seeded_correct,-1100,-1098,2,2,24000,0,3,False,True,True,3,13,250.7,2.6,5.5,91.1,1,True
Bad Bunny - CYBERTRUCK,noise0/seeded_wrong_2s,-1100,-1097,3,3,24000,0,3,False,True,True,3,13,242.5,2.5,4.5,87.5,1,True
Bad Bunny - CYBERTRUCK,noise-2s/cold,-3100,-3102,-2,0,82250,0,6,True,True,True,9,13,245.8,3.0,5.8,57.6,1,True
Bad Bunny - CYBERTRUCK,noise-2s/seeded_correct,-3100,-3097,3,0,64000,0,4,False,True,True,9,13,236.4,3.3,5.3,72.2,1,True
Bad Bunny - CYBERTRUCK,noise-2s/seeded_wrong_2s,-3100,-3097,3,0,64000,0,4,False,True,True,9,13,252.8,3.3,5.8,67.0,1,True
Bad Bunny - CYBERTRUCK,cutin5s/cold,3900,3899,-1,0,5500,0,3,True,True,True,1,13,266.5,2.6,6.0,97.1,0,True
Bad Bunny - CYBERTRUCK,cutin5s/second_play,3900,3900,0,-1,5500,0,2,False,True,True,1,13,249.7,2.8,5.3,100.0,0,True
Bad Bunny - CYBERTRUCK,cutin5s/seeded_correct,3900,3900,0,0,5500,0,2,False,True,True,1,13,247.4,2.5,5.2,100.0,0,True
Bad Bunny - CYBERTRUCK,cutin5s/seeded_wrong_2s,3900,3900,0,0,5500,0,2,False,True,True,1,13,251.4,2.7,5.6,97.1,0,True
Bad Bunny - CYBERTRUCK,cutin15s/cold,13900,13901,1,0,4000,0,2,False,True,True,1,13,200.6,2.4,4.1,97.7,0,True
Bad Bunny - CYBERTRUCK,cutin15s/second_play,13900,13901,1,1,4000,0,2,False,True,True,1,13,198.6,2.3,4.3,100.0,0,True
Bad Bunny - CYBERTRUCK,cutin15s/seeded_correct,13900,13901,1,0,4000,0,2,False,True,True,1,13,196.4,2.3,4.0,100.0,0,True
Bad Bunny - CYBERTRUCK,cutin15s/seeded_wrong_2s,13900,13901,1,0,4000,0,2,False,True,True,1,13,196.0,2.3,4.2,97.7,0,True
Bad Bunny - CYBERTRUCK,cutin25s/cold,23900,23901,1,0,7000,0,2,False,True,True,4,13,200.1,3.0,4.5,95.8,0,True
Bad Bunny - CYBERTRUCK,cutin25s/second_play,23900,23901,1,1,7000,0,2,False,True,True,4,13,196.3,2.7,4.2,100.0,0,True
Bad Bunny - CYBERTRUCK,cutin25s/seeded_correct,23900,23901,1,0,7000,0,2,False,True,True,4,13,208.6,3.1,4.4,100.0,0,True
Bad Bunny - CYBERTRUCK,cutin25s/seeded_wrong_2s,23900,23901,1,0,7000,0,2,False,True,True,4,13,201.4,2.7,4.6,95.8,0,True
Bad Bunny - CYBERTRUCK,blend8s/cold,-1100,-1101,-1,0,16250,0,4,True,False,True,2,13,293.9,2.7,6.0,91.5,0,True
Bad Bunny - CYBERTRUCK,blend8s/seeded_correct,-1100,-1097,3,0,16250,0,3,False,False,True,2,13,280.2,2.7,5.5,100.0,0,True
Bad Bunny - CYBERTRUCK,blend8s/seeded_wrong_2s,-1100,-1096,4,0,16250,0,3,False,False,True,2,13,278.3,2.4,5.1,91.5,0,True
Bad Bunny - CYBERTRUCK,midshift+1.5s/cold,-1100,-1137,-1537,0,10000,1,4,True,True,True,4,13,325.8,3.9,7.0,85.6,1,False
Bad Bunny - CYBERTRUCK,midshift+1.5s/seeded_correct,-1100,410,10,0,10000,0,4,False,True,True,6,13,304.2,4.3,6.9,79.9,1,True
Bad Bunny - CYBERTRUCK,midshift+1.5s/seeded_wrong_2s,-1100,414,14,0,10000,0,3,False,True,True,5,13,302.5,3.6,6.8,74.7,1,True
Bad Bunny - CYBERTRUCK,midshift-1.5s/cold,-1100,-1066,1534,0,82250,1,4,True,True,True,4,13,289.4,2.8,6.5,83.3,1,False
Bad Bunny - CYBERTRUCK,midshift-1.5s/seeded_correct,-1100,-1099,1501,0,136750,0,1,False,True,True,9,13,241.9,3.8,8.0,60.4,1,False
Bad Bunny - CYBERTRUCK,midshift-1.5s/seeded_wrong_2s,-1100,-2595,5,0,140000,0,4,False,True,True,10,13,258.6,4.3,9.0,53.5,2,True
"Bad Bunny, Zion & Lennox - MÁS DE UNA CITA",off0/cold,-1075,-1071,4,0,43250,0,9,True,True,True,18,17,231.4,5.0,10.3,76.6,1,True
"Bad Bunny, Zion & Lennox - MÁS DE UNA CITA",off0/seeded_correct,-1075,-1069,6,0,43250,0,9,False,True,True,18,17,230.4,5.8,9.6,80.4,1,True
"Bad Bunny, Zion & Lennox - MÁS DE UNA CITA",off0/seeded_wrong_2s,-1075,-1069,6,0,43250,0,9,False,True,True,18,17,246.6,6.1,10.7,76.6,1,True
"Bad Bunny, Zion & Lennox - MÁS DE UNA CITA",off+200/cold,-875,-871,4,0,43250,0,10,True,True,True,18,17,251.4,6.4,9.8,76.6,1,True
"Bad Bunny, Zion & Lennox - MÁS DE UNA CITA",off+200/seeded_correct,-875,-870,5,-1,43250,0,9,False,True,True,17,17,222.3,5.2,10.3,80.4,1,True
"Bad Bunny, Zion & Lennox - MÁS DE UNA CITA",off+200/seeded_wrong_2s,-875,-869,6,0,43250,0,10,False,True,True,18,17,263.8,6.5,10.1,76.6,1,True
"Bad Bunny, Zion & Lennox - MÁS DE UNA CITA",off-200/cold,-1275,-1271,4,0,43250,0,10,True,True,True,18,17,238.7,5.0,11.6,76.6,1,True
"Bad Bunny, Zion & Lennox - MÁS DE UNA CITA",off-200/seeded_correct,-1275,-1268,7,0,43250,0,9,False,True,True,18,17,237.3,5.7,9.1,81.2,1,True
"Bad Bunny, Zion & Lennox - MÁS DE UNA CITA",off-200/seeded_wrong_2s,-1275,-1268,7,0,172000,0,10,False,True,True,19,17,246.6,5.7,10.9,7.1,2,True
"Bad Bunny, Zion & Lennox - MÁS DE UNA CITA",off+2s/cold,925,929,4,0,43250,0,8,True,True,True,18,17,232.4,5.6,9.9,76.4,1,True
"Bad Bunny, Zion & Lennox - MÁS DE UNA CITA",off+2s/seeded_correct,925,930,5,-1,43250,0,9,False,True,True,17,17,220.2,5.5,10.2,79.4,1,True
"Bad Bunny, Zion & Lennox - MÁS DE UNA CITA",off+2s/seeded_wrong_2s,925,931,6,0,43250,0,10,False,True,True,18,17,232.5,5.7,10.3,76.4,1,True
"Bad Bunny, Zion & Lennox - MÁS DE UNA CITA",off-2s/cold,-3075,-3072,3,1300,,0,11,True,True,True,19,17,242.4,5.0,11.1,0.0,2,True
"Bad Bunny, Zion & Lennox - MÁS DE UNA CITA",off-2s/seeded_correct,-3075,-3072,3,2,74250,0,3,False,True,True,17,17,233.2,5.5,9.9,65.6,1,True
"Bad Bunny, Zion & Lennox - MÁS DE UNA CITA",off-2s/seeded_wrong_2s,-3075,-3069,6,5,79250,0,3,False,True,True,17,17,237.4,5.8,10.3,57.6,1,True
"Bad Bunny, Zion & Lennox - MÁS DE UNA CITA",off+10s/cold,8925,8934,9,-9025,,0,9,False,False,False,19,17,253.5,5.8,12.7,0.0,2,True
"Bad Bunny, Zion & Lennox - MÁS DE UNA CITA",off+10s/second_play,8925,8904,-21,-17,4000,0,2,False,True,True,1,17,256.1,2.7,5.3,100.0,0,True
"Bad Bunny, Zion & Lennox - MÁS DE UNA CITA",off+10s/seeded_correct,8925,8925,0,0,4000,0,2,False,True,True,1,17,266.6,3.1,5.8,100.0,0,True
"Bad Bunny, Zion & Lennox - MÁS DE UNA CITA",off+10s/seeded_wrong_2s,8925,8925,0,0,4000,0,2,False,True,True,1,17,256.8,3.0,5.6,97.7,0,True
"Bad Bunny, Zion & Lennox - MÁS DE UNA CITA",off-10s/cold,-11075,,,10325,,0,0,False,False,False,19,17,258.4,5.4,10.1,0.0,2,False
"Bad Bunny, Zion & Lennox - MÁS DE UNA CITA",off-10s/second_play,-11075,,,10325,,0,0,False,False,False,19,17,252.2,5.0,10.6,0.0,2,False
"Bad Bunny, Zion & Lennox - MÁS DE UNA CITA",off-10s/seeded_correct,-11075,-11075,0,0,,0,0,False,False,False,17,17,234.3,5.3,8.9,100.0,0,True
"Bad Bunny, Zion & Lennox - MÁS DE UNA CITA",off-10s/seeded_wrong_2s,-11075,-9075,2000,2000,,0,0,False,False,False,17,17,218.6,4.7,9.8,0.0,0,False
"Bad Bunny, Zion & Lennox - MÁS DE UNA CITA",off+25s/cold,23925,23932,7,-23925,,0,7,False,False,False,17,17,212.6,6.9,13.1,0.0,0,True
"Bad Bunny, Zion & Lennox - MÁS DE UNA CITA",off+25s/second_play,23925,23904,-21,-19,2500,0,2,False,True,True,1,17,256.9,3.2,6.0,100.0,0,True
"Bad Bunny, Zion & Lennox - MÁS DE UNA CITA",off+25s/seeded_correct,23925,23925,0,0,2500,0,2,False,True,True,1,17,253.4,3.5,5.2,100.0,0,True
"Bad Bunny, Zion & Lennox - MÁS DE UNA CITA",off+25s/seeded_wrong_2s,23925,23925,0,0,2500,0,2,False,True,True,1,17,252.5,3.1,6.0,98.4,0,True
"Bad Bunny, Zion & Lennox - MÁS DE UNA CITA",off-25s/cold,-26075,,,26075,,0,0,False,False,False,17,17,245.8,5.2,8.2,0.0,0,False
"Bad Bunny, Zion & Lennox - MÁS DE UNA CITA",off-25s/second_play,-26075,,,26075,,0,0,False,False,False,17,17,239.5,4.9,8.1,0.0,0,False
"Bad Bunny, Zion & Lennox - MÁS DE UNA CITA",off-25s/seeded_correct,-26075,-26075,0,0,,0,0,False,False,False,17,17,239.8,4.6,8.7,100.0,0,True
"Bad Bunny, Zion & Lennox - MÁS DE UNA CITA",off-25s/seeded_wrong_2s,-26075,-24075,2000,2000,,0,0,False,False,False,17,17,236.0,4.9,7.7,0.0,0,False
"Bad Bunny, Zion & Lennox - MÁS DE UNA CITA",noise0/cold,-1075,-1076,-1,0,14500,0,3,True,True,True,1,17,220.9,2.3,4.6,92.2,0,True
"Bad Bunny, Zion & Lennox - MÁS DE UNA CITA",noise0/seeded_correct,-1075,-1074,1,0,14500,0,2,False,True,True,1,17,225.6,2.1,4.5,100.0,0,True
"Bad Bunny, Zion & Lennox - MÁS DE UNA CITA",noise0/seeded_wrong_2s,-1075,-1074,1,0,14500,0,2,False,True,True,1,17,220.0,2.2,4.7,92.2,0,True
"Bad Bunny, Zion & Lennox - MÁS DE UNA CITA",noise-2s/cold,-3075,-3078,-3,-6,20200,0,2,True,False,True,3,17,223.7,2.3,4.7,89.2,0,True
"Bad Bunny, Zion & Lennox - MÁS DE UNA CITA",noise-2s/seeded_correct,-3075,-3071,4,0,174000,0,7,False,False,True,18,17,178.2,4.0,7.2,56.8,1,True
"Bad Bunny, Zion & Lennox - MÁS DE UNA CITA",noise-2s/seeded_wrong_2s,-3075,-3075,0,0,174000,0,1,False,False,False,18,17,184.4,4.2,8.1,44.1,1,True
"Bad Bunny, Zion & Lennox - MÁS DE UNA CITA",cutin5s/cold,3925,3923,-2,-3,8500,0,3,True,True,True,1,17,227.6,2.5,5.0,95.3,0,True
"Bad Bunny, Zion & Lennox - MÁS DE UNA CITA",cutin5s/second_play,3925,3924,-1,-2,8500,0,2,False,True,True,1,17,218.7,2.2,4.3,100.0,0,True
"Bad Bunny, Zion & Lennox - MÁS DE UNA CITA",cutin5s/seeded_correct,3925,3925,0,0,8500,0,2,False,True,True,1,17,224.0,2.4,4.7,100.0,0,True
"Bad Bunny, Zion & Lennox - MÁS DE UNA CITA",cutin5s/seeded_wrong_2s,3925,3924,-1,0,8500,0,2,False,True,True,1,17,229.4,2.6,5.2,95.3,0,True
"Bad Bunny, Zion & Lennox - MÁS DE UNA CITA",cutin15s/cold,13925,13929,4,0,4000,0,9,False,True,False,17,17,148.3,4.2,8.9,97.6,0,True
"Bad Bunny, Zion & Lennox - MÁS DE UNA CITA",cutin15s/second_play,13925,13925,0,3,4000,0,5,False,True,True,8,17,168.1,3.0,5.0,100.0,0,True
"Bad Bunny, Zion & Lennox - MÁS DE UNA CITA",cutin15s/seeded_correct,13925,13928,3,0,4000,0,9,False,True,False,17,17,140.7,4.2,8.4,100.0,0,True
"Bad Bunny, Zion & Lennox - MÁS DE UNA CITA",cutin15s/seeded_wrong_2s,13925,13929,4,0,4000,0,9,False,True,False,17,17,139.8,4.6,8.2,97.6,0,True
"Bad Bunny, Zion & Lennox - MÁS DE UNA CITA",cutin25s/cold,23925,23931,6,0,4000,0,8,False,True,False,17,17,144.5,5.6,9.7,97.5,0,True
"Bad Bunny, Zion & Lennox - MÁS DE UNA CITA",cutin25s/second_play,23925,23931,6,5,4000,0,7,False,True,False,17,17,140.7,5.6,9.9,100.0,0,True
"Bad Bunny, Zion & Lennox - MÁS DE UNA CITA",cutin25s/seeded_correct,23925,23931,6,0,4000,0,9,False,True,False,17,17,139.9,5.4,10.1,100.0,0,True
"Bad Bunny, Zion & Lennox - MÁS DE UNA CITA",cutin25s/seeded_wrong_2s,23925,23931,6,0,4000,0,8,False,True,False,17,17,135.6,5.3,9.2,97.5,0,True
"Bad Bunny, Zion & Lennox - MÁS DE UNA CITA",blend8s/cold,-1075,-1076,-1,-3,13000,0,4,True,True,True,2,17,251.3,2.5,5.0,93.0,0,True
"Bad Bunny, Zion & Lennox - MÁS DE UNA CITA",blend8s/seeded_correct,-1075,-1074,1,0,13000,0,2,False,True,True,1,17,253.6,2.5,5.4,100.0,0,True
"Bad Bunny, Zion & Lennox - MÁS DE UNA CITA",blend8s/seeded_wrong_2s,-1075,-1074,1,0,13000,0,3,False,True,True,2,17,249.7,2.5,5.1,93.0,0,True
"Bad Bunny, Zion & Lennox - MÁS DE UNA CITA",midshift+1.5s/cold,-1075,-1076,-1501,0,43250,0,3,True,True,True,18,17,251.1,6.0,11.4,71.8,1,False
"Bad Bunny, Zion & Lennox - MÁS DE UNA CITA",midshift+1.5s/seeded_correct,-1075,-1074,-1499,0,43250,1,3,False,True,True,18,17,240.6,5.9,10.7,75.6,1,False
"Bad Bunny, Zion & Lennox - MÁS DE UNA CITA",midshift+1.5s/seeded_wrong_2s,-1075,435,10,0,43250,1,5,False,True,True,18,17,258.3,6.4,11.5,71.8,1,True
"Bad Bunny, Zion & Lennox - MÁS DE UNA CITA",midshift-1.5s/cold,-1075,-1252,1323,1323,,1,4,True,True,True,19,17,248.9,5.3,11.4,9.0,2,False
"Bad Bunny, Zion & Lennox - MÁS DE UNA CITA",midshift-1.5s/seeded_correct,-1075,-2575,0,0,174000,4,7,False,True,True,19,17,236.4,4.7,10.7,19.4,2,True
"Bad Bunny, Zion & Lennox - MÁS DE UNA CITA",midshift-1.5s/seeded_wrong_2s,-1075,-1266,1309,2800,,4,6,False,True,True,19,17,243.3,5.2,10.4,9.0,2,False
Bad Bunny - Efecto,off0/cold,-1050,-1070,-20,-16,11500,0,2,True,True,True,1,15,383.9,3.5,7.5,94.6,0,True
Bad Bunny - Efecto,off0/seeded_correct,-1050,-1057,-7,-25,11500,0,3,False,True,False,15,15,293.4,6.8,10.7,100.0,0,True
Bad Bunny - Efecto,off0/seeded_wrong_2s,-1050,-1057,-7,-25,11500,0,5,False,True,False,15,15,282.1,6.3,11.3,94.6,0,True
Bad Bunny - Efecto,off+200/cold,-850,-860,-10,-14,11500,0,2,True,True,True,1,15,377.9,3.0,7.6,94.6,0,True
Bad Bunny - Efecto,off+200/seeded_correct,-850,-857,-7,-25,11500,0,6,False,True,False,15,15,277.4,6.4,10.3,100.0,0,True
Bad Bunny - Efecto,off+200/seeded_wrong_2s,-850,-858,-8,-25,11500,0,5,False,True,False,15,15,276.7,6.3,11.9,94.6,0,True
Bad Bunny - Efecto,off-200/cold,-1250,-1256,-6,-6,11500,0,2,True,True,True,1,15,388.6,3.7,7.9,94.6,0,True
Bad Bunny - Efecto,off-200/seeded_correct,-1250,-1257,-7,-25,11500,0,4,False,True,False,15,15,283.6,6.4,11.6,100.0,0,True
Bad Bunny - Efecto,off-200/seeded_wrong_2s,-1250,-1258,-8,-25,11500,0,4,False,True,False,15,15,288.4,6.7,11.8,94.6,0,True
Bad Bunny - Efecto,off+2s/cold,950,941,-9,-13,8500,0,2,True,True,True,1,15,389.7,3.7,7.6,96.0,0,True
Bad Bunny - Efecto,off+2s/seeded_correct,950,943,-7,-25,8500,0,4,False,True,False,15,15,282.7,6.8,13.8,100.0,0,True
Bad Bunny - Efecto,off+2s/seeded_wrong_2s,950,942,-8,-25,8500,0,5,False,True,False,15,15,302.6,7.0,12.2,96.0,0,True
Bad Bunny - Efecto,off-2s/cold,-3050,-3056,-6,-6,13000,0,2,True,True,True,1,15,385.7,3.1,7.1,93.9,0,True
Bad Bunny - Efecto,off-2s/seeded_correct,-3050,-3058,-8,-25,13000,0,4,False,True,False,15,15,288.5,6.1,12.1,100.0,0,True
Bad Bunny - Efecto,off-2s/seeded_wrong_2s,-3050,-3059,-9,-25,13000,0,2,False,True,False,15,15,302.5,6.7,11.7,93.9,0,True
Bad Bunny - Efecto,off+10s/cold,8950,8943,-7,0,168000,0,4,False,False,True,16,15,300.9,5.9,14.0,16.9,1,True
Bad Bunny - Efecto,off+10s/second_play,8950,8948,-2,-7,2500,0,1,False,True,True,2,15,371.2,3.9,7.5,100.0,0,True
Bad Bunny - Efecto,off+10s/seeded_correct,8950,8941,-9,-25,2500,0,1,False,True,True,2,15,351.7,3.8,6.5,100.0,0,True
Bad Bunny - Efecto,off+10s/seeded_wrong_2s,8950,8939,-11,-25,2500,0,1,False,True,True,3,15,390.9,4.1,8.0,98.8,0,True
Bad Bunny - Efecto,off-10s/cold,-11050,,,11050,,0,0,False,False,False,15,15,317.2,6.4,9.3,0.0,0,False
Bad Bunny - Efecto,off-10s/second_play,-11050,,,11050,,0,0,False,False,False,15,15,304.9,5.9,10.1,0.0,0,False
Bad Bunny - Efecto,off-10s/seeded_correct,-11050,-11050,0,-25,20500,0,0,False,True,False,15,15,295.1,6.3,10.1,100.0,0,True
Bad Bunny - Efecto,off-10s/seeded_wrong_2s,-11050,-9050,2000,-25,20500,0,0,False,True,False,15,15,295.5,6.3,10.1,90.8,0,False
Bad Bunny - Efecto,off+25s/cold,23950,23944,-6,-23950,,0,3,False,False,False,15,15,263.7,6.0,13.6,0.0,0,True
Bad Bunny - Efecto,off+25s/second_play,23950,23948,-2,-6,2500,0,1,False,True,True,2,15,345.8,4.0,7.5,100.0,0,True
Bad Bunny - Efecto,off+25s/seeded_correct,23950,23949,-1,0,2500,0,1,False,True,True,2,15,357.1,4.3,8.2,100.0,0,True
Bad Bunny - Efecto,off+25s/seeded_wrong_2s,23950,23948,-2,0,2500,0,1,False,True,True,3,15,355.9,4.2,7.7,98.7,0,True
Bad Bunny - Efecto,off-25s/cold,-26050,,,26050,,0,0,False,False,False,15,15,318.6,6.1,9.3,0.0,0,False
Bad Bunny - Efecto,off-25s/second_play,-26050,,,26050,,0,0,False,False,False,15,15,308.6,6.0,8.7,0.0,0,False
Bad Bunny - Efecto,off-25s/seeded_correct,-26050,-26050,0,0,,0,0,False,False,False,15,15,303.0,5.3,10.4,100.0,0,True
Bad Bunny - Efecto,off-25s/seeded_wrong_2s,-26050,-24050,2000,2000,,0,0,False,False,False,15,15,305.0,6.0,9.1,0.0,0,False
Bad Bunny - Efecto,noise0/cold,-1050,-1059,-9,-16,11500,0,3,True,True,True,3,15,322.7,2.6,6.1,94.6,2,True
Bad Bunny - Efecto,noise0/seeded_correct,-1050,-1056,-6,-25,11500,0,3,False,True,False,17,15,254.5,5.1,10.8,100.0,2,True
Bad Bunny - Efecto,noise0/seeded_wrong_2s,-1050,-1057,-7,-25,11500,0,5,False,True,False,17,15,253.1,5.1,10.4,94.6,2,True
Bad Bunny - Efecto,noise-2s/cold,-3050,-3056,-6,-6,13000,0,1,True,True,True,3,15,329.0,2.8,6.6,93.9,2,True
Bad Bunny - Efecto,noise-2s/seeded_correct,-3050,-3057,-7,-25,13000,0,4,False,True,False,17,15,246.4,4.9,10.2,100.0,2,True
Bad Bunny - Efecto,noise-2s/seeded_wrong_2s,-3050,-3060,-10,-25,13000,0,1,False,True,False,17,15,241.8,4.6,10.1,93.9,2,True
Bad Bunny - Efecto,cutin5s/cold,3950,3948,-2,-3,4000,0,2,True,True,True,1,15,314.7,3.0,5.9,98.1,0,True
Bad Bunny - Efecto,cutin5s/second_play,3950,3945,-5,-3,4000,0,5,False,True,False,15,15,208.6,5.2,9.7,100.0,0,True
Bad Bunny - Efecto,cutin5s/seeded_correct,3950,3946,-4,0,4000,0,5,False,True,False,15,15,207.1,5.4,9.3,100.0,0,True
Bad Bunny - Efecto,cutin5s/seeded_wrong_2s,3950,3945,-5,0,4000,0,5,False,True,False,15,15,210.1,5.0,10.4,98.1,0,True
Bad Bunny - Efecto,cutin15s/cold,13950,13950,0,25,4000,0,9,False,True,False,15,15,161.4,4.5,8.5,98.0,0,True
Bad Bunny - Efecto,cutin15s/second_play,13950,13950,0,0,4000,0,9,False,True,False,15,15,160.1,4.3,8.5,100.0,0,True
Bad Bunny - Efecto,cutin15s/seeded_correct,13950,13950,0,0,4000,0,9,False,True,False,15,15,163.5,4.5,8.8,100.0,0,True
Bad Bunny - Efecto,cutin15s/seeded_wrong_2s,13950,13950,0,0,4000,0,9,False,True,False,15,15,162.2,4.5,8.9,98.0,0,True
Bad Bunny - Efecto,cutin25s/cold,23950,23945,-5,0,4000,0,5,False,True,False,15,15,158.0,4.9,9.8,97.9,0,True
Bad Bunny - Efecto,cutin25s/second_play,23950,23945,-5,-4,4000,0,4,False,True,False,15,15,158.1,5.3,9.8,100.0,0,True
Bad Bunny - Efecto,cutin25s/seeded_correct,23950,23946,-4,0,4000,0,5,False,True,False,15,15,144.4,5.0,8.9,100.0,0,True
Bad Bunny - Efecto,cutin25s/seeded_wrong_2s,23950,23945,-5,0,4000,0,5,False,True,False,15,15,143.9,4.9,9.0,97.9,0,True
Bad Bunny - Efecto,blend8s/cold,-1050,-1058,-8,-16,16000,0,2,True,True,True,1,15,327.6,2.7,6.0,92.5,0,True
Bad Bunny - Efecto,blend8s/seeded_correct,-1050,-1053,-3,0,16000,0,7,False,True,False,15,15,236.9,4.9,8.7,100.0,0,True
Bad Bunny - Efecto,blend8s/seeded_wrong_2s,-1050,-1054,-4,0,16000,0,6,False,True,False,15,15,225.6,5.0,8.3,92.5,0,True
Bad Bunny - Efecto,midshift+1.5s/cold,-1050,444,-6,0,11500,0,4,True,True,True,10,15,281.8,5.2,10.5,74.7,1,True
Bad Bunny - Efecto,midshift+1.5s/seeded_correct,-1050,448,-2,0,11500,0,5,False,True,False,16,15,291.3,6.3,12.2,47.8,1,True
Bad Bunny - Efecto,midshift+1.5s/seeded_wrong_2s,-1050,450,0,0,11500,0,5,False,True,False,16,15,292.5,6.4,13.1,42.3,1,True
Bad Bunny - Efecto,midshift-1.5s/cold,-1050,-2550,0,0,11500,0,3,True,True,True,11,15,291.4,5.5,10.0,44.0,2,True
Bad Bunny - Efecto,midshift-1.5s/seeded_correct,-1050,-2550,0,0,11500,0,3,False,True,False,16,15,272.5,5.9,10.9,49.4,1,True
Bad Bunny - Efecto,midshift-1.5s/seeded_wrong_2s,-1050,-2550,0,0,11500,0,3,False,True,False,16,15,292.7,6.5,11.5,44.0,1,True
Bad Bunny - TRELLAS,off0/cold,-1000,-978,22,22,17500,0,4,True,True,False,6,6,188.8,2.8,4.6,89.0,0,True
Bad Bunny - TRELLAS,off0/seeded_correct,-1000,-1034,-34,125,,0,5,False,True,False,8,6,189.8,2.6,4.1,100.0,2,True
Bad Bunny - TRELLAS,off0/seeded_wrong_2s,-1000,-1036,-36,125,,0,3,False,True,False,8,6,187.3,2.6,4.1,89.0,2,True
Bad Bunny - TRELLAS,off+200/cold,-800,-789,11,11,17500,0,4,True,True,False,7,6,193.3,2.7,5.0,89.0,1,True
Bad Bunny - TRELLAS,off+200/seeded_correct,-800,-835,-35,-75,17500,0,5,False,True,False,8,6,195.2,2.8,4.7,100.0,2,True
Bad Bunny - TRELLAS,off+200/seeded_wrong_2s,-800,-836,-36,-75,17500,0,3,False,True,False,8,6,192.0,2.6,4.7,89.0,2,True
Bad Bunny - TRELLAS,off-200/cold,-1200,-1156,44,44,28000,0,2,True,False,False,6,6,185.4,2.7,4.3,82.4,0,True
Bad Bunny - TRELLAS,off-200/seeded_correct,-1200,-1212,-12,125,,0,2,False,False,False,8,6,197.2,2.8,4.6,100.0,2,True
Bad Bunny - TRELLAS,off-200/seeded_wrong_2s,-1200,-1215,-15,0,38750,0,1,False,False,False,6,6,176.4,2.6,4.2,75.7,0,True
Bad Bunny - TRELLAS,off+2s/cold,1000,1012,12,12,16000,0,5,True,True,False,7,6,200.0,2.8,5.3,89.8,1,True
Bad Bunny - TRELLAS,off+2s/seeded_correct,1000,965,-35,125,,0,5,False,True,False,8,6,192.7,2.8,4.3,100.0,2,True
Bad Bunny - TRELLAS,off+2s/seeded_wrong_2s,1000,964,-36,125,,0,4,False,True,False,8,6,203.6,3.1,4.7,89.8,2,True
Bad Bunny - TRELLAS,off-2s/cold,-3000,-2956,44,44,86150,0,1,True,False,False,6,6,183.4,2.7,4.2,46.5,0,True
Bad Bunny - TRELLAS,off-2s/seeded_correct,-3000,-3000,0,25,18250,0,0,False,False,False,7,6,182.7,2.6,4.1,100.0,1,True
Bad Bunny - TRELLAS,off-2s/seeded_wrong_2s,-3000,-1000,2000,0,50500,0,0,False,False,False,7,6,183.9,2.5,4.0,68.6,1,False
Bad Bunny - TRELLAS,off+10s/cold,9000,,,-9000,,0,0,False,False,False,6,6,205.8,3.3,5.6,0.0,0,False
Bad Bunny - TRELLAS,off+10s/second_play,9000,,,-9000,,0,0,False,False,False,6,6,182.8,2.9,5.0,0.0,0,False
Bad Bunny - TRELLAS,off+10s/seeded_correct,9000,8966,-34,125,,0,5,False,True,False,8,6,180.6,3.1,4.7,100.0,2,True
Bad Bunny - TRELLAS,off+10s/seeded_wrong_2s,9000,8964,-36,125,,0,3,False,True,False,8,6,175.9,2.9,4.4,94.3,2,True
Bad Bunny - TRELLAS,off-10s/cold,-11000,,,11000,,0,0,False,False,False,6,6,182.1,2.6,4.4,0.0,0,False
Bad Bunny - TRELLAS,off-10s/second_play,-11000,,,11000,,0,0,False,False,False,6,6,184.1,2.7,4.1,0.0,0,False
Bad Bunny - TRELLAS,off-10s/seeded_correct,-11000,-11000,0,0,,0,0,False,False,False,6,6,171.7,2.4,4.0,100.0,0,True
Bad Bunny - TRELLAS,off-10s/seeded_wrong_2s,-11000,-9000,2000,2000,,0,0,False,False,False,6,6,171.2,2.5,4.0,0.0,0,False
Bad Bunny - TRELLAS,off+25s/cold,24000,,,-24000,,0,0,False,False,False,6,6,181.3,3.2,5.5,0.0,0,False
Bad Bunny - TRELLAS,off+25s/second_play,24000,,,-24000,,0,0,False,False,False,6,6,177.6,3.2,5.9,0.0,0,False
Bad Bunny - TRELLAS,off+25s/seeded_correct,24000,23950,-50,-50,2500,0,1,False,True,True,4,6,172.3,2.7,4.0,100.0,2,True
Bad Bunny - TRELLAS,off+25s/seeded_wrong_2s,24000,23959,-41,-50,2500,0,1,False,True,True,5,6,168.2,3.0,4.4,98.1,2,True
Bad Bunny - TRELLAS,off-25s/cold,-26000,,,26000,,0,0,False,False,False,6,6,179.7,2.5,3.9,0.0,0,False
Bad Bunny - TRELLAS,off-25s/second_play,-26000,,,26000,,0,0,False,False,False,6,6,179.4,2.5,3.9,0.0,0,False
Bad Bunny - TRELLAS,off-25s/seeded_correct,-26000,-26000,0,0,,0,0,False,False,False,6,6,171.4,2.5,3.8,100.0,0,True
Bad Bunny - TRELLAS,off-25s/seeded_wrong_2s,-26000,-24000,2000,2000,,0,0,False,False,False,6,6,174.1,2.4,3.7,0.0,0,False
Bad Bunny - TRELLAS,noise0/cold,-1000,-953,47,47,28000,0,2,True,False,False,7,6,166.3,2.4,3.7,82.4,1,True
Bad Bunny - TRELLAS,noise0/seeded_correct,-1000,-1013,-13,125,,0,2,False,False,False,8,6,166.6,2.3,3.6,100.0,2,True
Bad Bunny - TRELLAS,noise0/seeded_wrong_2s,-1000,-1016,-16,0,38750,0,1,False,False,False,7,6,160.8,2.3,3.6,75.6,1,True
Bad Bunny - TRELLAS,noise-2s/cold,-3000,-2956,44,44,86150,0,1,True,False,False,6,6,159.9,2.3,3.7,46.5,0,True
Bad Bunny - TRELLAS,noise-2s/seeded_correct,-3000,-3000,0,25,18250,0,0,False,False,False,7,6,161.2,2.3,3.6,100.0,1,True
Bad Bunny - TRELLAS,noise-2s/seeded_wrong_2s,-3000,-1000,2000,2000,,0,0,False,False,False,6,6,154.9,2.3,3.4,0.0,0,False
Bad Bunny - TRELLAS,cutin5s/cold,4000,3956,-44,-125,,0,1,False,True,False,8,6,159.3,2.6,4.5,97.4,2,True
Bad Bunny - TRELLAS,cutin5s/second_play,4000,3943,-57,-119,,0,2,False,True,False,8,6,155.3,2.6,4.5,100.0,2,True
Bad Bunny - TRELLAS,cutin5s/seeded_correct,4000,3958,-42,-125,,0,1,False,True,False,8,6,155.7,2.6,4.5,100.0,2,True
Bad Bunny - TRELLAS,cutin5s/seeded_wrong_2s,4000,3956,-44,-125,,0,1,False,True,False,8,6,154.9,2.6,4.6,97.4,2,True
Bad Bunny - TRELLAS,cutin15s/cold,14000,13971,-29,-50,4000,0,4,False,True,False,8,6,150.1,2.5,5.2,97.2,2,True
Bad Bunny - TRELLAS,cutin15s/second_play,14000,13972,-28,-58,4000,0,5,False,True,False,8,6,140.4,2.4,4.5,100.0,2,True
Bad Bunny - TRELLAS,cutin15s/seeded_correct,14000,13972,-28,-50,4000,0,5,False,True,False,8,6,139.3,2.4,4.5,100.0,2,True
Bad Bunny - TRELLAS,cutin15s/seeded_wrong_2s,14000,13971,-29,-50,4000,0,4,False,True,False,8,6,139.5,2.4,4.5,97.2,2,True
Bad Bunny - TRELLAS,cutin25s/cold,24000,,,-24000,,0,0,False,False,False,6,6,121.3,2.4,4.2,0.0,0,False
Bad Bunny - TRELLAS,cutin25s/second_play,24000,,,-24000,,0,0,False,False,False,6,6,125.8,2.5,4.2,0.0,0,False
Bad Bunny - TRELLAS,cutin25s/seeded_correct,24000,23998,-2,0,38750,0,1,False,False,False,7,6,126.9,2.4,4.3,100.0,1,True
Bad Bunny - TRELLAS,cutin25s/seeded_wrong_2s,24000,26000,2000,0,43000,0,0,False,False,False,7,6,122.8,2.2,4.3,67.9,1,False
Bad Bunny - TRELLAS,blend8s/cold,-1000,-978,22,22,17500,0,4,True,True,False,6,6,189.8,2.8,5.0,89.0,0,True
Bad Bunny - TRELLAS,blend8s/seeded_correct,-1000,-1034,-34,125,,0,5,False,True,False,8,6,196.1,2.7,4.7,100.0,2,True
Bad Bunny - TRELLAS,blend8s/seeded_wrong_2s,-1000,-1036,-36,125,,0,3,False,True,False,8,6,188.5,2.8,4.0,89.0,2,True
Bad Bunny - TRELLAS,midshift+1.5s/cold,-1000,-1036,-1536,-1575,17500,0,3,False,True,False,8,6,234.4,3.4,5.6,27.0,2,False
Bad Bunny - TRELLAS,midshift+1.5s/seeded_correct,-1000,-1034,-1534,-1575,17500,0,5,False,True,False,8,6,207.0,2.7,5.3,38.1,2,False
Bad Bunny - TRELLAS,midshift+1.5s/seeded_wrong_2s,-1000,-1036,-1536,-1575,17500,0,3,False,True,False,8,6,224.3,3.2,5.8,27.0,2,False
Bad Bunny - TRELLAS,midshift-1.5s/cold,-1000,-2453,47,47,17500,0,4,True,True,False,8,6,204.5,2.8,5.1,72.8,2,True
Bad Bunny - TRELLAS,midshift-1.5s/seeded_correct,-1000,-1034,1466,1425,17500,0,5,False,True,False,8,6,203.5,2.8,4.8,37.4,2,False
Bad Bunny - TRELLAS,midshift-1.5s/seeded_wrong_2s,-1000,-1036,1464,1425,17500,0,3,False,True,False,8,6,200.8,2.7,5.0,26.5,2,False
Bad Bunny - BYE ME FUI,off0/cold,-1025,-1028,-3,-3,35775,0,3,True,True,True,3,10,205.6,2.6,4.3,79.9,0,True
Bad Bunny - BYE ME FUI,off0/seeded_correct,-1025,-1031,-6,0,44500,0,4,False,True,True,10,10,152.6,3.6,6.6,80.7,0,True
Bad Bunny - BYE ME FUI,off0/seeded_wrong_2s,-1025,-1031,-6,0,44500,0,5,False,True,True,10,10,153.0,3.6,6.6,75.1,0,True
Bad Bunny - BYE ME FUI,off+200/cold,-825,-827,-2,-1,13000,0,3,True,True,True,3,10,202.1,2.6,4.1,92.7,0,True
Bad Bunny - BYE ME FUI,off+200/seeded_correct,-825,-828,-3,0,13000,0,2,False,True,True,3,10,208.5,2.5,4.2,100.0,0,True
Bad Bunny - BYE ME FUI,off+200/seeded_wrong_2s,-825,-829,-4,0,13000,0,2,False,True,True,3,10,202.4,2.5,4.2,92.7,0,True
Bad Bunny - BYE ME FUI,off-200/cold,-1225,-1228,-3,-6,14500,0,3,True,True,True,3,10,204.6,2.5,4.2,91.9,0,True
Bad Bunny - BYE ME FUI,off-200/seeded_correct,-1225,-1227,-2,0,14500,0,2,False,True,True,3,10,203.0,2.5,4.0,100.0,0,True
Bad Bunny - BYE ME FUI,off-200/seeded_wrong_2s,-1225,-1227,-2,0,14500,0,2,False,True,True,3,10,207.1,2.6,4.2,91.9,0,True
Bad Bunny - BYE ME FUI,off+2s/cold,975,973,-2,0,35775,0,3,True,True,True,3,10,202.0,2.6,4.3,79.7,0,True
Bad Bunny - BYE ME FUI,off+2s/seeded_correct,975,969,-6,0,44500,0,5,False,True,True,10,10,147.7,3.5,6.5,79.6,0,True
Bad Bunny - BYE ME FUI,off+2s/seeded_wrong_2s,975,971,-4,0,11500,0,2,False,True,True,3,10,201.9,2.5,4.4,93.5,0,True
Bad Bunny - BYE ME FUI,off-2s/cold,-3025,-3029,-4,-6,35775,0,3,True,True,True,3,10,205.3,2.5,4.3,80.2,0,True
Bad Bunny - BYE ME FUI,off-2s/seeded_correct,-3025,-3025,0,0,126000,0,0,False,True,False,11,10,170.1,3.6,7.8,36.5,1,True
Bad Bunny - BYE ME FUI,off-2s/seeded_wrong_2s,-3025,-1025,2000,0,126000,0,0,False,True,False,11,10,169.8,3.6,7.8,30.1,1,False
Bad Bunny - BYE ME FUI,off+10s/cold,8975,8975,0,0,123250,0,1,False,False,False,10,10,189.1,4.1,9.5,26.8,0,True
Bad Bunny - BYE ME FUI,off+10s/second_play,8975,8972,-3,0,4000,0,2,False,True,True,3,10,212.5,3.1,4.6,100.0,0,True
Bad Bunny - BYE ME FUI,off+10s/seeded_correct,8975,8972,-3,0,4000,0,2,False,True,True,3,10,214.0,2.9,5.1,100.0,0,True
Bad Bunny - BYE ME FUI,off+10s/seeded_wrong_2s,8975,8971,-4,0,4000,0,2,False,True,True,3,10,212.8,3.0,4.8,97.6,0,True
Bad Bunny - BYE ME FUI,off-10s/cold,-11025,-365,10660,10650,,2,2,False,False,False,12,10,190.2,3.4,7.5,0.0,2,False
Bad Bunny - BYE ME FUI,off-10s/second_play,-11025,-372,10653,10660,,3,3,False,False,False,12,10,181.5,3.3,6.5,0.0,2,False
Bad Bunny - BYE ME FUI,off-10s/seeded_correct,-11025,-11025,0,0,136000,0,0,False,True,False,11,10,204.0,4.1,7.8,38.7,1,True
Bad Bunny - BYE ME FUI,off-10s/seeded_wrong_2s,-11025,-9025,2000,2000,,0,0,False,False,False,10,10,190.6,3.9,7.9,0.0,0,False
Bad Bunny - BYE ME FUI,off+25s/cold,23975,23967,-8,0,40500,0,3,False,False,True,8,10,175.8,4.3,7.4,73.6,0,True
Bad Bunny - BYE ME FUI,off+25s/second_play,23975,23972,-3,-8,2500,0,1,False,True,True,2,10,210.2,3.3,4.9,100.0,0,True
Bad Bunny - BYE ME FUI,off+25s/seeded_correct,23975,23974,-1,0,2500,0,1,False,True,True,2,10,215.8,3.1,5.4,100.0,0,True
Bad Bunny - BYE ME FUI,off+25s/seeded_wrong_2s,23975,23972,-3,0,2500,0,2,False,True,True,3,10,200.5,3.3,4.8,98.4,0,True
Bad Bunny - BYE ME FUI,off-25s/cold,-26025,,,26025,,0,0,False,False,False,10,10,207.1,3.7,7.1,0.0,0,False
Bad Bunny - BYE ME FUI,off-25s/second_play,-26025,,,26025,,0,0,False,False,False,10,10,203.7,3.7,7.1,0.0,0,False
Bad Bunny - BYE ME FUI,off-25s/seeded_correct,-26025,-26025,0,0,,0,0,False,False,False,10,10,199.0,3.9,6.4,100.0,0,True
Bad Bunny - BYE ME FUI,off-25s/seeded_wrong_2s,-26025,-24025,2000,2000,,0,0,False,False,False,10,10,201.6,4.0,7.0,0.0,0,False
Bad Bunny - BYE ME FUI,noise0/cold,-1025,-1029,-4,-4,44000,0,7,True,True,True,10,10,175.9,3.9,7.9,75.3,1,True
Bad Bunny - BYE ME FUI,noise0/seeded_correct,-1025,-1031,-6,-8,57000,0,6,False,True,True,10,10,167.7,3.7,8.0,72.0,1,True
Bad Bunny - BYE ME FUI,noise0/seeded_wrong_2s,-1025,-1031,-6,0,48000,0,5,False,True,True,10,10,169.5,3.8,7.7,73.1,1,True
Bad Bunny - BYE ME FUI,noise-2s/cold,-3025,-3030,-5,0,44000,0,3,True,True,True,4,10,210.9,2.5,4.5,75.6,1,True
Bad Bunny - BYE ME FUI,noise-2s/seeded_correct,-3025,-3025,0,0,126000,0,0,False,True,False,11,10,181.5,3.8,7.9,35.7,1,True
Bad Bunny - BYE ME FUI,noise-2s/seeded_wrong_2s,-3025,-1025,2000,0,126000,0,0,False,True,False,11,10,172.5,3.5,7.8,30.1,1,False
Bad Bunny - BYE ME FUI,cutin5s/cold,3975,3970,-5,-3,8500,0,3,True,True,True,3,10,202.8,2.8,4.5,95.1,0,True
Bad Bunny - BYE ME FUI,cutin5s/second_play,3975,3973,-2,0,44500,0,5,False,True,True,10,10,149.6,3.9,6.9,77.5,0,True
Bad Bunny - BYE ME FUI,cutin5s/seeded_correct,3975,3969,-6,0,44500,0,5,False,True,True,10,10,151.6,3.9,7.4,77.5,0,True
Bad Bunny - BYE ME FUI,cutin5s/seeded_wrong_2s,3975,3966,-9,0,8500,0,6,False,True,True,10,10,156.8,3.8,7.5,95.1,0,True
Bad Bunny - BYE ME FUI,cutin15s/cold,13975,13972,-3,0,4000,0,2,False,True,True,3,10,162.3,2.5,3.8,97.6,0,True
Bad Bunny - BYE ME FUI,cutin15s/second_play,13975,13972,-3,-3,4000,0,3,False,True,True,3,10,156.0,2.4,3.6,100.0,0,True
Bad Bunny - BYE ME FUI,cutin15s/seeded_correct,13975,13972,-3,0,4000,0,3,False,True,True,3,10,161.0,2.4,3.7,100.0,0,True
Bad Bunny - BYE ME FUI,cutin15s/seeded_wrong_2s,13975,13972,-3,0,4000,0,2,False,True,True,3,10,157.5,2.4,3.6,97.6,0,True
Bad Bunny - BYE ME FUI,cutin25s/cold,23975,23971,-4,0,5500,0,2,False,True,True,3,10,165.9,2.9,3.8,96.4,0,True
Bad Bunny - BYE ME FUI,cutin25s/second_play,23975,23972,-3,-4,4000,0,2,False,True,True,3,10,163.0,2.8,4.0,100.0,0,True
Bad Bunny - BYE ME FUI,cutin25s/seeded_correct,23975,23972,-3,0,4000,0,2,False,True,True,3,10,156.5,2.6,3.6,100.0,0,True
Bad Bunny - BYE ME FUI,cutin25s/seeded_wrong_2s,23975,23971,-4,0,4000,0,2,False,True,True,3,10,165.3,2.9,3.9,97.4,0,True
Bad Bunny - BYE ME FUI,blend8s/cold,-1025,-1028,-3,-3,31000,0,3,True,False,True,3,10,233.6,2.5,4.9,82.6,0,True
Bad Bunny - BYE ME FUI,blend8s/seeded_correct,-1025,-1030,-5,0,23250,0,2,False,False,True,3,10,232.6,2.3,4.8,100.0,0,True
Bad Bunny - BYE ME FUI,blend8s/seeded_wrong_2s,-1025,-1033,-8,0,31000,0,3,False,False,True,4,10,233.0,2.5,5.1,82.6,0,True
Bad Bunny - BYE ME FUI,midshift+1.5s/cold,-1025,467,-8,0,35775,0,4,True,True,True,8,10,211.4,4.6,9.6,49.0,1,True
Bad Bunny - BYE ME FUI,midshift+1.5s/seeded_correct,-1025,-1010,-1485,0,44500,1,3,False,True,True,10,10,200.2,4.9,8.9,49.7,0,False
Bad Bunny - BYE ME FUI,midshift+1.5s/seeded_wrong_2s,-1025,475,0,0,44500,0,2,False,True,False,10,10,197.9,4.3,8.9,44.0,0,True
Bad Bunny - BYE ME FUI,midshift-1.5s/cold,-1025,-2525,0,0,35775,0,3,True,True,True,8,10,201.1,3.6,8.5,44.9,1,True
Bad Bunny - BYE ME FUI,midshift-1.5s/seeded_correct,-1025,-2525,0,0,44500,0,2,False,True,False,11,10,198.5,4.3,7.7,44.1,1,True
Bad Bunny - BYE ME FUI,midshift-1.5s/seeded_wrong_2s,-1025,-2525,0,0,44500,0,2,False,True,False,11,10,189.4,4.3,8.1,38.6,1,True
Bad Bunny - BOOKER T,off0/cold,-1075,-1078,-3,0,11500,0,3,True,True,True,2,4,191.7,2.4,4.9,92.6,0,True
Bad Bunny - BOOKER T,off0/seeded_correct,-1075,-1077,-2,0,11500,0,2,False,True,True,1,4,205.0,2.1,5.8,100.0,0,True
Bad Bunny - BOOKER T,off0/seeded_wrong_2s,-1075,-1080,-5,0,11500,0,2,False,True,True,2,4,194.2,2.0,5.0,92.6,0,True
Bad Bunny - BOOKER T,off+200/cold,-875,-877,-2,0,11500,0,3,True,True,True,2,4,192.9,2.2,4.4,92.6,0,True
Bad Bunny - BOOKER T,off+200/seeded_correct,-875,-877,-2,0,11500,0,2,False,True,True,1,4,198.0,2.2,5.0,100.0,0,True
Bad Bunny - BOOKER T,off+200/seeded_wrong_2s,-875,-880,-5,0,11500,0,2,False,True,True,2,4,214.3,2.2,7.9,92.6,0,True
Bad Bunny - BOOKER T,off-200/cold,-1275,-1280,-5,0,16000,0,3,True,False,True,4,4,197.4,2.8,5.0,89.7,0,True
Bad Bunny - BOOKER T,off-200/seeded_correct,-1275,-1276,-1,0,11500,0,2,False,True,True,1,4,198.4,2.3,5.2,100.0,0,True
Bad Bunny - BOOKER T,off-200/seeded_wrong_2s,-1275,-1286,-11,0,16000,0,2,False,False,True,4,4,184.2,2.7,4.4,89.7,0,True
Bad Bunny - BOOKER T,off+2s/cold,925,922,-3,0,11500,0,3,True,False,True,3,4,195.0,2.7,5.0,92.5,0,True
Bad Bunny - BOOKER T,off+2s/seeded_correct,925,917,-8,0,11500,0,2,False,False,True,2,4,197.9,2.2,4.5,100.0,0,True
Bad Bunny - BOOKER T,off+2s/seeded_wrong_2s,925,913,-12,0,16000,0,2,False,False,True,3,4,193.0,2.7,5.3,89.6,0,True
Bad Bunny - BOOKER T,off-2s/cold,-3075,-3077,-2,0,110000,1,4,True,False,True,6,4,214.9,2.8,5.4,30.3,2,True
Bad Bunny - BOOKER T,off-2s/seeded_correct,-3075,-3082,-7,0,11500,0,2,False,False,False,4,4,200.1,3.0,5.0,100.0,0,True
Bad Bunny - BOOKER T,off-2s/seeded_wrong_2s,-3075,-3075,0,0,110000,1,2,False,False,False,6,4,218.1,2.9,5.1,30.3,2,True
Bad Bunny - BOOKER T,off+10s/cold,8925,8925,0,0,34250,0,2,False,False,False,4,4,203.7,3.4,5.4,76.5,0,True
Bad Bunny - BOOKER T,off+10s/second_play,8925,8916,-9,0,11500,0,2,False,False,True,2,4,203.4,2.4,5.3,100.0,0,True
Bad Bunny - BOOKER T,off+10s/seeded_correct,8925,8917,-8,0,11500,0,2,False,False,True,2,4,205.3,2.6,5.6,100.0,0,True
Bad Bunny - BOOKER T,off+10s/seeded_wrong_2s,8925,8913,-12,0,16000,0,2,False,False,True,3,4,186.1,2.8,5.2,89.0,0,True
Bad Bunny - BOOKER T,off-10s/cold,-11075,14175,25250,25250,,1,1,False,False,False,6,4,227.2,3.2,6.2,0.0,2,False
Bad Bunny - BOOKER T,off-10s/second_play,-11075,14175,25250,25250,,1,1,False,False,False,6,4,199.6,2.7,5.2,0.0,2,False
Bad Bunny - BOOKER T,off-10s/seeded_correct,-11075,-11075,0,0,,0,0,False,False,False,4,4,199.7,3.0,5.0,100.0,0,True
Bad Bunny - BOOKER T,off-10s/seeded_wrong_2s,-11075,-9075,2000,2000,,0,0,False,False,False,4,4,190.3,2.7,4.8,0.0,0,False
Bad Bunny - BOOKER T,off+25s/cold,23925,23900,-25,-25,64000,0,1,False,False,False,5,4,209.4,3.7,5.1,51.1,1,True
Bad Bunny - BOOKER T,off+25s/second_play,23925,23922,-3,0,2500,0,2,False,True,True,1,4,182.2,3.1,4.7,100.0,0,True
Bad Bunny - BOOKER T,off+25s/seeded_correct,23925,23923,-2,0,2500,0,2,False,True,True,1,4,192.6,3.0,4.8,100.0,0,True
Bad Bunny - BOOKER T,off+25s/seeded_wrong_2s,23925,23920,-5,0,2500,0,2,False,True,True,2,4,186.2,3.0,5.8,98.1,0,True
Bad Bunny - BOOKER T,off-25s/cold,-26075,-825,25250,25250,,1,1,False,False,False,6,4,194.3,2.6,4.2,0.0,2,False
Bad Bunny - BOOKER T,off-25s/second_play,-26075,-825,25250,25250,,1,1,False,False,False,6,4,212.2,2.4,5.3,0.0,2,False
Bad Bunny - BOOKER T,off-25s/seeded_correct,-26075,-26075,0,0,,0,0,False,False,False,4,4,191.8,2.5,4.9,100.0,0,True
Bad Bunny - BOOKER T,off-25s/seeded_wrong_2s,-26075,-24075,2000,2000,,0,0,False,False,False,4,4,200.1,2.4,5.2,0.0,0,False
Bad Bunny - BOOKER T,noise0/cold,-1075,-1078,-3,0,11500,0,3,True,True,True,2,4,161.1,2.0,3.6,92.6,0,True
Bad Bunny - BOOKER T,noise0/seeded_correct,-1075,-1077,-2,0,11500,0,2,False,True,True,1,4,157.7,1.8,3.7,100.0,0,True
Bad Bunny - BOOKER T,noise0/seeded_wrong_2s,-1075,-1080,-5,0,11500,0,2,False,True,True,2,4,157.6,1.9,3.6,92.6,0,True
Bad Bunny - BOOKER T,noise-2s/cold,-3075,-3077,-2,0,110000,1,4,True,False,True,6,4,167.1,2.2,3.9,30.3,2,True
Bad Bunny - BOOKER T,noise-2s/seeded_correct,-3075,-3082,-7,0,11500,0,2,False,False,False,4,4,151.9,2.1,3.8,100.0,0,True
Bad Bunny - BOOKER T,noise-2s/seeded_wrong_2s,-3075,-3075,0,0,110000,1,2,False,False,False,6,4,164.1,2.1,3.7,30.3,2,True
Bad Bunny - BOOKER T,cutin5s/cold,3925,3915,-10,0,11500,0,4,True,False,True,4,4,152.4,2.3,3.6,92.4,0,True
Bad Bunny - BOOKER T,cutin5s/second_play,3925,3925,0,-10,11500,0,3,False,False,True,2,4,155.3,1.9,3.7,100.0,0,True
Bad Bunny - BOOKER T,cutin5s/seeded_correct,3925,3918,-7,0,11500,0,3,False,False,True,2,4,152.0,2.0,3.5,100.0,0,True
Bad Bunny - BOOKER T,cutin5s/seeded_wrong_2s,3925,3914,-11,0,11500,0,3,False,False,True,4,4,154.3,2.5,3.7,92.4,0,True
Bad Bunny - BOOKER T,cutin15s/cold,13925,13921,-4,0,4000,0,3,False,True,True,4,4,125.9,2.2,3.3,97.2,0,True
Bad Bunny - BOOKER T,cutin15s/second_play,13925,13922,-3,-4,4000,0,2,False,True,True,3,4,121.0,2.1,3.2,100.0,0,True
Bad Bunny - BOOKER T,cutin15s/seeded_correct,13925,13923,-2,0,4000,0,2,False,True,True,3,4,121.3,2.0,3.1,100.0,0,True
Bad Bunny - BOOKER T,cutin15s/seeded_wrong_2s,13925,13922,-3,0,4000,0,2,False,True,True,3,4,122.0,2.1,3.2,97.2,0,True
Bad Bunny - BOOKER T,cutin25s/cold,23925,23925,0,0,8500,0,2,False,True,False,4,4,129.2,2.3,3.4,93.5,0,True
Bad Bunny - BOOKER T,cutin25s/second_play,23925,23923,-2,0,4000,0,2,False,True,True,3,4,115.5,2.1,3.4,100.0,0,True
Bad Bunny - BOOKER T,cutin25s/seeded_correct,23925,23923,-2,0,4000,0,2,False,True,True,3,4,116.7,2.2,3.2,100.0,0,True
Bad Bunny - BOOKER T,cutin25s/seeded_wrong_2s,23925,23922,-3,0,4000,0,2,False,True,True,3,4,115.3,2.2,3.3,96.9,0,True
Bad Bunny - BOOKER T,blend8s/cold,-1075,-1078,-3,0,16000,0,3,True,False,True,3,4,179.3,2.4,4.5,89.7,0,True
Bad Bunny - BOOKER T,blend8s/seeded_correct,-1075,-1083,-8,0,11500,0,2,False,False,True,2,4,176.9,2.0,4.1,100.0,0,True
Bad Bunny - BOOKER T,blend8s/seeded_wrong_2s,-1075,-1087,-12,0,16000,0,2,False,False,True,3,4,175.4,2.2,4.7,89.7,0,True
Bad Bunny - BOOKER T,midshift+1.5s/cold,-1075,423,-2,0,11500,0,4,True,True,True,4,4,256.7,2.8,6.2,87.4,2,True
Bad Bunny - BOOKER T,midshift+1.5s/seeded_correct,-1075,425,0,0,11500,0,2,False,True,True,3,4,217.2,2.4,5.4,94.8,2,True
Bad Bunny - BOOKER T,midshift+1.5s/seeded_wrong_2s,-1075,425,0,0,11500,0,2,False,True,True,4,4,221.4,2.6,5.0,87.4,2,True
Bad Bunny - BOOKER T,midshift-1.5s/cold,-1075,-2578,-3,0,11500,0,3,True,True,True,4,4,199.8,2.5,4.3,86.3,2,True
Bad Bunny - BOOKER T,midshift-1.5s/seeded_correct,-1075,-1077,1498,0,11500,0,1,False,True,True,3,4,194.2,2.1,4.7,93.6,2,False
Bad Bunny - BOOKER T,midshift-1.5s/seeded_wrong_2s,-1075,-1080,1495,0,11500,0,1,False,True,True,4,4,191.5,2.2,4.5,86.3,2,False
Bad Bunny - MONACO,off0/cold,-619,-625,-6,-6,45750,1,2,False,True,True,5,5,553.8,4.9,9.6,82.7,2,True
Bad Bunny - MONACO,off0/seeded_correct,-619,-2,617,19,86000,1,1,False,True,True,5,5,547.3,4.4,9.3,70.2,2,False
Bad Bunny - MONACO,off0/seeded_wrong_2s,-619,0,619,19,86000,1,1,False,True,True,5,5,547.7,4.8,9.3,67.6,2,False
Bad Bunny - MONACO,off+200/cold,-419,-425,-6,94,36000,1,2,False,True,True,5,5,551.2,4.7,9.6,86.4,2,True
Bad Bunny - MONACO,off+200/seeded_correct,-419,-375,44,44,36000,1,2,False,True,True,5,5,559.7,5.2,9.8,89.1,2,True
Bad Bunny - MONACO,off+200/seeded_wrong_2s,-419,200,619,19,86000,1,1,False,True,True,5,5,562.7,5.1,9.8,67.5,2,False
Bad Bunny - MONACO,off-200/cold,-819,-825,-6,-6,45750,1,2,False,True,True,5,5,568.5,4.9,9.8,82.8,2,True
Bad Bunny - MONACO,off-200/seeded_correct,-819,-202,617,94,40000,1,1,False,True,True,4,5,555.4,4.8,9.7,88.1,2,False
Bad Bunny - MONACO,off-200/seeded_wrong_2s,-819,-200,619,19,86000,1,1,False,True,True,4,5,556.1,5.1,9.2,67.6,2,False
Bad Bunny - MONACO,off+2s/cold,1381,1372,-9,-6,41750,1,2,False,True,True,5,5,608.6,4.6,9.9,84.1,2,True
Bad Bunny - MONACO,off+2s/seeded_correct,1381,1375,-6,94,83000,1,2,False,True,True,6,5,568.2,5.1,9.9,70.5,2,True
Bad Bunny - MONACO,off+2s/seeded_wrong_2s,1381,1375,-6,94,83000,1,2,False,True,True,6,5,560.7,5.0,9.8,68.5,2,True
Bad Bunny - MONACO,off-2s/cold,-2619,-2625,-6,-6,45750,1,2,False,True,True,5,5,570.5,4.6,10.0,82.9,2,True
Bad Bunny - MONACO,off-2s/seeded_correct,-2619,-2002,617,19,86000,1,1,False,True,True,5,5,559.1,4.7,9.4,71.6,2,False
Bad Bunny - MONACO,off-2s/seeded_wrong_2s,-2619,-2000,619,19,86000,1,1,False,True,True,5,5,559.5,4.8,9.8,67.8,2,False
Bad Bunny - MONACO,off+10s/cold,9381,9375,-6,-6,45750,0,1,False,False,False,7,5,583.6,5.2,10.2,82.1,2,True
Bad Bunny - MONACO,off+10s/second_play,9381,9371,-10,-6,45750,1,2,False,True,True,6,5,582.1,4.6,9.4,84.2,2,True
Bad Bunny - MONACO,off+10s/seeded_correct,9381,9369,-12,-6,45750,1,2,False,True,True,6,5,606.1,4.9,9.0,84.2,2,True
Bad Bunny - MONACO,off+10s/seeded_wrong_2s,9381,9368,-13,-6,45750,1,2,False,True,True,6,5,582.3,4.6,9.7,82.1,2,True
Bad Bunny - MONACO,off-10s/cold,-10619,,,10619,,0,0,False,False,False,5,5,555.5,4.6,10.0,0.0,0,False
Bad Bunny - MONACO,off-10s/second_play,-10619,,,10619,,0,0,False,False,False,5,5,565.1,5.2,9.5,0.0,0,False
Bad Bunny - MONACO,off-10s/seeded_correct,-10619,-10619,0,19,90000,0,0,False,True,False,7,5,585.5,4.9,9.6,73.6,2,True
Bad Bunny - MONACO,off-10s/seeded_wrong_2s,-10619,-8619,2000,19,90000,0,0,False,True,False,7,5,589.8,4.8,9.9,67.3,2,False
Bad Bunny - MONACO,off+25s/cold,24381,24379,-2,-6,45750,0,2,False,False,True,7,5,569.8,5.6,9.9,80.9,2,True
Bad Bunny - MONACO,off+25s/second_play,24381,24375,-6,94,24000,1,2,False,True,True,6,5,579.0,5.0,9.9,91.0,2,True
Bad Bunny - MONACO,off+25s/seeded_correct,24381,24374,-7,94,24000,1,2,False,True,True,6,5,563.7,5.1,9.4,91.0,2,True
Bad Bunny - MONACO,off+25s/seeded_wrong_2s,24381,24374,-7,94,45750,1,2,False,True,True,6,5,590.6,5.3,9.5,80.9,2,True
Bad Bunny - MONACO,off-25s/cold,-25619,,,25619,,0,0,False,False,False,5,5,562.8,4.9,9.3,0.0,0,False
Bad Bunny - MONACO,off-25s/second_play,-25619,,,25619,,0,0,False,False,False,5,5,586.4,5.1,9.6,0.0,0,False
Bad Bunny - MONACO,off-25s/seeded_correct,-25619,-25619,0,0,,0,0,False,False,False,5,5,563.8,4.8,9.1,100.0,0,True
Bad Bunny - MONACO,off-25s/seeded_wrong_2s,-25619,-23619,2000,2000,,0,0,False,False,False,5,5,569.2,4.7,9.7,0.0,0,False
Bad Bunny - MONACO,noise0/cold,-619,-622,-3,-6,45750,1,3,False,True,True,5,5,506.2,4.2,8.5,82.7,2,True
Bad Bunny - MONACO,noise0/seeded_correct,-619,-625,-6,-6,83000,1,2,False,True,True,5,5,505.3,4.1,8.4,74.2,2,True
Bad Bunny - MONACO,noise0/seeded_wrong_2s,-619,0,619,19,86000,1,1,False,True,True,5,5,493.1,3.9,8.2,67.6,2,False
Bad Bunny - MONACO,noise-2s/cold,-2619,-2625,-6,619,,0,1,False,True,False,7,5,495.2,4.4,8.7,0.0,2,True
Bad Bunny - MONACO,noise-2s/seeded_correct,-2619,-2619,0,94,86000,0,0,False,True,False,7,5,499.9,4.1,8.8,73.8,2,True
Bad Bunny - MONACO,noise-2s/seeded_wrong_2s,-2619,-619,2000,94,86000,0,0,False,True,False,7,5,517.1,4.5,9.0,67.8,2,False
Bad Bunny - MONACO,cutin5s/cold,4381,4376,-5,-6,45750,1,2,False,True,True,5,5,565.0,4.6,8.4,82.4,2,True
Bad Bunny - MONACO,cutin5s/second_play,4381,4399,18,119,,1,2,False,True,True,6,5,534.4,4.6,9.0,70.2,2,True
Bad Bunny - MONACO,cutin5s/seeded_correct,4381,4377,-4,69,34000,1,2,False,True,True,6,5,530.9,4.8,9.1,88.5,2,True
Bad Bunny - MONACO,cutin5s/seeded_wrong_2s,4381,4377,-4,119,,1,2,False,True,True,6,5,524.8,4.9,8.8,68.1,2,True
Bad Bunny - MONACO,cutin15s/cold,14381,14377,-4,-6,45750,1,3,False,True,True,7,5,425.9,4.3,7.0,81.7,2,True
Bad Bunny - MONACO,cutin15s/second_play,14381,14376,-5,194,,1,2,False,True,False,7,5,421.8,4.1,7.6,68.4,2,True
Bad Bunny - MONACO,cutin15s/seeded_correct,14381,14997,616,194,,1,1,False,True,False,7,5,427.2,4.2,7.9,68.4,2,False
Bad Bunny - MONACO,cutin15s/seeded_wrong_2s,14381,16381,2000,194,,0,0,False,True,False,7,5,417.6,4.3,7.4,66.8,2,False
Bad Bunny - MONACO,cutin25s/cold,24381,24376,-5,-6,45750,0,2,False,True,True,7,5,457.5,5.1,7.6,80.9,2,True
Bad Bunny - MONACO,cutin25s/second_play,24381,24376,-5,194,,0,1,False,True,False,7,5,461.7,5.1,7.9,67.1,2,True
Bad Bunny - MONACO,cutin25s/seeded_correct,24381,24374,-7,194,,0,2,False,True,False,7,5,465.3,5.1,8.8,67.1,2,True
Bad Bunny - MONACO,cutin25s/seeded_wrong_2s,24381,24374,-7,194,,0,1,False,True,False,7,5,460.1,5.1,7.7,65.4,2,True
Bad Bunny - MONACO,blend8s/cold,-619,-625,-6,-6,45750,1,2,False,True,True,5,5,657.9,5.3,10.8,82.7,2,True
Bad Bunny - MONACO,blend8s/seeded_correct,-619,-2,617,19,86000,1,1,False,True,True,5,5,638.2,5.6,10.0,73.6,2,False
Bad Bunny - MONACO,blend8s/seeded_wrong_2s,-619,0,619,19,86000,1,1,False,True,True,5,5,640.8,6.2,10.0,67.6,2,False
Bad Bunny - MONACO,midshift+1.5s/cold,-619,-625,-1506,19,45750,1,2,False,True,True,5,5,659.6,5.4,10.6,72.8,2,False
Bad Bunny - MONACO,midshift+1.5s/seeded_correct,-619,-2,-883,94,83000,1,1,False,True,True,5,5,714.5,6.9,10.6,71.2,2,False
Bad Bunny - MONACO,midshift+1.5s/seeded_wrong_2s,-619,0,-881,94,83000,1,1,False,True,True,5,5,683.5,6.4,10.6,68.5,2,False
Bad Bunny - MONACO,midshift-1.5s/cold,-619,-625,1494,1494,45750,1,2,False,True,True,5,5,539.0,4.5,8.5,5.3,2,False
Bad Bunny - MONACO,midshift-1.5s/seeded_correct,-619,-2,2117,2125,,1,1,False,True,True,5,5,540.5,5.0,8.5,2.6,2,False
Bad Bunny - MONACO,midshift-1.5s/seeded_wrong_2s,-619,0,2119,2125,,1,1,False,True,True,5,5,541.4,4.4,8.9,0.0,2,False
Bad Bunny - HACIENDO QUE ME AMAS,off0/cold,-1050,-1047,3,-3,10000,0,5,True,True,True,5,7,292.0,4.8,6.7,95.4,0,True
Bad Bunny - HACIENDO QUE ME AMAS,off0/seeded_correct,-1050,-1037,13,0,10000,0,5,False,True,False,7,7,211.9,5.7,9.6,100.0,0,True
Bad Bunny - HACIENDO QUE ME AMAS,off0/seeded_wrong_2s,-1050,-1036,14,0,10000,0,6,False,True,False,7,7,211.9,5.7,8.9,95.4,0,True
Bad Bunny - HACIENDO QUE ME AMAS,off+200/cold,-850,-846,4,-1,10000,0,5,True,True,True,5,7,283.8,4.9,6.7,95.4,0,True
Bad Bunny - HACIENDO QUE ME AMAS,off+200/seeded_correct,-850,-838,12,0,10000,0,6,False,True,False,7,7,204.1,5.5,9.1,100.0,0,True
Bad Bunny - HACIENDO QUE ME AMAS,off+200/seeded_wrong_2s,-850,-836,14,0,10000,0,6,False,True,False,7,7,207.0,5.3,10.0,95.4,0,True
Bad Bunny - HACIENDO QUE ME AMAS,off-200/cold,-1250,-1242,8,6,10000,0,5,True,True,True,5,7,289.7,4.9,6.8,95.4,0,True
Bad Bunny - HACIENDO QUE ME AMAS,off-200/seeded_correct,-1250,-1237,13,0,10000,0,5,False,True,False,7,7,209.5,5.4,10.3,100.0,0,True
Bad Bunny - HACIENDO QUE ME AMAS,off-200/seeded_wrong_2s,-1250,-1235,15,0,10000,0,6,False,True,False,7,7,205.5,5.3,9.6,95.4,0,True
Bad Bunny - HACIENDO QUE ME AMAS,off+2s/cold,950,958,8,0,7000,0,5,True,True,False,7,7,197.2,5.7,8.4,96.7,0,True
Bad Bunny - HACIENDO QUE ME AMAS,off+2s/seeded_correct,950,962,12,0,7000,0,5,False,True,False,7,7,209.4,6.1,9.5,100.0,0,True
Bad Bunny - HACIENDO QUE ME AMAS,off+2s/seeded_wrong_2s,950,963,13,0,7000,0,6,False,True,False,7,7,196.8,5.9,8.7,96.7,0,True
Bad Bunny - HACIENDO QUE ME AMAS,off-2s/cold,-3050,-3042,8,6,11500,0,2,True,True,True,5,7,299.3,4.7,7.4,94.7,0,True
Bad Bunny - HACIENDO QUE ME AMAS,off-2s/seeded_correct,-3050,-3037,13,0,11500,0,2,False,True,False,8,7,227.1,5.7,10.9,100.0,1,True
Bad Bunny - HACIENDO QUE ME AMAS,off-2s/seeded_wrong_2s,-3050,-3036,14,0,11500,0,2,False,True,False,8,7,232.8,6.0,9.6,94.7,1,True
Bad Bunny - HACIENDO QUE ME AMAS,off+10s/cold,8950,8950,0,-8950,,0,2,False,False,False,7,7,227.0,5.9,9.7,0.0,0,True
Bad Bunny - HACIENDO QUE ME AMAS,off+10s/second_play,8950,8950,0,0,2500,0,1,False,True,True,2,7,361.6,4.0,6.8,100.0,0,True
Bad Bunny - HACIENDO QUE ME AMAS,off+10s/seeded_correct,8950,8950,0,0,2500,0,1,False,True,True,2,7,358.9,4.0,7.0,100.0,0,True
Bad Bunny - HACIENDO QUE ME AMAS,off+10s/seeded_wrong_2s,8950,8950,0,0,2500,0,1,False,True,True,3,7,362.4,4.1,6.7,98.8,0,True
Bad Bunny - HACIENDO QUE ME AMAS,off-10s/cold,-11050,244,11294,11275,,1,1,False,True,False,9,7,270.7,5.8,11.8,0.0,2,False
Bad Bunny - HACIENDO QUE ME AMAS,off-10s/second_play,-11050,244,11294,11294,,0,0,False,False,False,9,7,260.1,5.5,10.2,0.0,2,False
Bad Bunny - HACIENDO QUE ME AMAS,off-10s/seeded_correct,-11050,-11050,0,0,19000,0,0,False,True,False,8,7,238.0,5.5,9.1,100.0,1,True
Bad Bunny - HACIENDO QUE ME AMAS,off-10s/seeded_wrong_2s,-11050,-9050,2000,0,19000,0,0,False,True,False,8,7,242.0,5.6,9.4,91.6,1,False
Bad Bunny - HACIENDO QUE ME AMAS,off+25s/cold,23950,23950,0,-23950,,0,2,False,False,False,7,7,179.9,5.2,11.6,0.0,0,True
Bad Bunny - HACIENDO QUE ME AMAS,off+25s/second_play,23950,23950,0,0,2500,0,1,False,True,True,2,7,354.2,3.6,9.8,100.0,0,True
Bad Bunny - HACIENDO QUE ME AMAS,off+25s/seeded_correct,23950,23950,0,0,2500,0,1,False,True,True,2,7,349.8,4.4,7.0,100.0,0,True
Bad Bunny - HACIENDO QUE ME AMAS,off+25s/seeded_wrong_2s,23950,23950,0,0,2500,0,1,False,True,True,2,7,338.5,4.2,6.3,98.7,0,True
Bad Bunny - HACIENDO QUE ME AMAS,off-25s/cold,-26050,,,26050,,0,0,False,False,False,7,7,248.6,5.6,7.6,0.0,0,False
Bad Bunny - HACIENDO QUE ME AMAS,off-25s/second_play,-26050,,,26050,,0,0,False,False,False,7,7,251.6,5.6,8.0,0.0,0,False
Bad Bunny - HACIENDO QUE ME AMAS,off-25s/seeded_correct,-26050,-26050,0,0,,0,0,False,False,False,7,7,257.4,5.2,8.8,100.0,0,True
Bad Bunny - HACIENDO QUE ME AMAS,off-25s/seeded_wrong_2s,-26050,-24050,2000,2000,,0,0,False,False,False,7,7,250.2,5.6,7.8,0.0,0,False
Bad Bunny - HACIENDO QUE ME AMAS,noise0/cold,-1050,-1046,4,-3,10000,0,5,True,True,True,5,7,252.4,3.7,6.3,95.4,0,True
Bad Bunny - HACIENDO QUE ME AMAS,noise0/seeded_correct,-1050,-1037,13,0,10000,0,6,False,True,False,7,7,190.9,5.1,8.2,100.0,0,True
Bad Bunny - HACIENDO QUE ME AMAS,noise0/seeded_wrong_2s,-1050,-1036,14,0,10000,0,6,False,True,False,7,7,187.9,5.1,7.6,95.4,0,True
Bad Bunny - HACIENDO QUE ME AMAS,noise-2s/cold,-3050,-3042,8,6,11500,0,2,True,True,True,5,7,250.1,3.9,6.1,94.7,0,True
Bad Bunny - HACIENDO QUE ME AMAS,noise-2s/seeded_correct,-3050,-3037,13,0,11500,0,2,False,True,False,8,7,195.1,4.9,8.4,100.0,1,True
Bad Bunny - HACIENDO QUE ME AMAS,noise-2s/seeded_wrong_2s,-3050,-3036,14,0,11500,0,2,False,True,False,8,7,206.0,5.4,8.1,94.7,1,True
Bad Bunny - HACIENDO QUE ME AMAS,cutin5s/cold,3950,3952,2,-3,5500,0,5,True,True,True,5,7,260.7,4.7,6.7,97.4,0,True
Bad Bunny - HACIENDO QUE ME AMAS,cutin5s/second_play,3950,3959,9,0,5500,0,5,False,True,False,7,7,179.8,5.3,8.8,100.0,0,True
Bad Bunny - HACIENDO QUE ME AMAS,cutin5s/seeded_correct,3950,3958,8,0,5500,0,5,False,True,False,7,7,182.5,5.2,8.8,100.0,0,True
Bad Bunny - HACIENDO QUE ME AMAS,cutin5s/seeded_wrong_2s,3950,3959,9,0,5500,0,6,False,True,False,7,7,180.9,5.2,8.7,97.4,0,True
Bad Bunny - HACIENDO QUE ME AMAS,cutin15s/cold,13950,13950,0,0,4000,0,2,False,True,False,7,7,131.1,4.8,7.1,98.0,0,True
Bad Bunny - HACIENDO QUE ME AMAS,cutin15s/second_play,13950,13950,0,0,4000,0,2,False,True,False,7,7,117.5,4.2,6.8,100.0,0,True
Bad Bunny - HACIENDO QUE ME AMAS,cutin15s/seeded_correct,13950,13950,0,0,4000,0,2,False,True,False,7,7,118.6,4.3,7.0,100.0,0,True
Bad Bunny - HACIENDO QUE ME AMAS,cutin15s/seeded_wrong_2s,13950,13950,0,0,4000,0,2,False,True,False,7,7,126.7,4.5,7.1,98.0,0,True
Bad Bunny - HACIENDO QUE ME AMAS,cutin25s/cold,23950,23950,0,0,4000,0,2,False,True,False,7,7,121.9,5.2,10.0,97.9,0,True
Bad Bunny - HACIENDO QUE ME AMAS,cutin25s/second_play,23950,23950,0,0,4000,0,2,False,True,False,7,7,111.5,4.6,8.2,100.0,0,True
Bad Bunny - HACIENDO QUE ME AMAS,cutin25s/seeded_correct,23950,23950,0,0,4000,0,2,False,True,False,7,7,122.2,5.1,10.1,100.0,0,True
Bad Bunny - HACIENDO QUE ME AMAS,cutin25s/seeded_wrong_2s,23950,23950,0,0,4000,0,2,False,True,False,7,7,117.9,5.3,8.6,97.9,0,True
Bad Bunny - HACIENDO QUE ME AMAS,blend8s/cold,-1050,-1051,-1,-3,35750,0,3,True,False,True,5,7,298.1,3.9,7.0,83.5,0,True
Bad Bunny - HACIENDO QUE ME AMAS,blend8s/seeded_correct,-1050,-1049,1,0,24500,0,2,False,False,False,7,7,210.5,5.2,7.4,100.0,0,True
Bad Bunny - HACIENDO QUE ME AMAS,blend8s/seeded_wrong_2s,-1050,-1049,1,0,35750,0,2,False,False,False,7,7,221.8,5.1,8.9,83.5,0,True
Bad Bunny - HACIENDO QUE ME AMAS,midshift+1.5s/cold,-1050,-1031,-1481,0,10000,0,2,False,True,False,7,7,234.7,6.6,9.6,61.9,0,False
Bad Bunny - HACIENDO QUE ME AMAS,midshift+1.5s/seeded_correct,-1050,-1034,-1484,0,10000,0,2,False,True,False,7,7,240.8,6.5,10.4,66.6,0,False
Bad Bunny - HACIENDO QUE ME AMAS,midshift+1.5s/seeded_wrong_2s,-1050,-1031,-1481,0,10000,0,2,False,True,False,7,7,242.1,7.0,11.2,61.9,0,False
Bad Bunny - HACIENDO QUE ME AMAS,midshift-1.5s/cold,-1050,-1031,1519,1575,10000,0,2,False,True,False,9,7,254.3,6.1,11.3,23.0,2,False
Bad Bunny - HACIENDO QUE ME AMAS,midshift-1.5s/seeded_correct,-1050,-1034,1516,0,10000,0,2,False,True,False,8,7,223.5,5.5,11.0,51.3,1,False
Bad Bunny - HACIENDO QUE ME AMAS,midshift-1.5s/seeded_wrong_2s,-1050,-1031,1519,1575,10000,0,2,False,True,False,9,7,244.6,6.0,10.5,23.0,2,False
Bad Bunny - MALDITA POBREZA,off0/cold,-1000,-1001,-1,0,44000,0,3,False,True,True,4,4,358.5,3.5,6.4,79.4,1,True
Bad Bunny - MALDITA POBREZA,off0/seeded_correct,-1000,-1001,-1,0,44000,0,3,False,True,True,4,4,356.7,3.9,6.8,82.6,1,True
Bad Bunny - MALDITA POBREZA,off0/seeded_wrong_2s,-1000,-1001,-1,0,44000,0,3,False,True,True,4,4,357.7,3.7,7.2,79.4,1,True
Bad Bunny - MALDITA POBREZA,off+200/cold,-800,-801,-1,0,48000,0,4,False,True,True,5,4,362.2,3.5,7.1,77.5,1,True
Bad Bunny - MALDITA POBREZA,off+200/seeded_correct,-800,-801,-1,0,48000,0,3,False,True,True,5,4,356.9,3.5,6.5,82.9,1,True
Bad Bunny - MALDITA POBREZA,off+200/seeded_wrong_2s,-800,-801,-1,0,48000,0,4,False,True,True,5,4,353.3,3.6,6.3,77.5,1,True
Bad Bunny - MALDITA POBREZA,off-200/cold,-1200,-1202,-2,0,48000,0,3,False,True,False,5,4,365.0,3.7,6.7,77.5,1,True
Bad Bunny - MALDITA POBREZA,off-200/seeded_correct,-1200,-1201,-1,0,48000,0,3,False,True,False,5,4,363.9,3.7,7.2,82.9,1,True
Bad Bunny - MALDITA POBREZA,off-200/seeded_wrong_2s,-1200,-1202,-2,0,48000,0,3,False,True,False,5,4,357.8,3.7,6.7,77.5,1,True
Bad Bunny - MALDITA POBREZA,off+2s/cold,1000,998,-2,0,48000,0,3,False,True,False,5,4,355.0,3.5,6.2,77.3,1,True
Bad Bunny - MALDITA POBREZA,off+2s/seeded_correct,1000,998,-2,0,48000,0,2,False,True,False,5,4,359.2,3.9,6.5,82.0,1,True
Bad Bunny - MALDITA POBREZA,off+2s/seeded_wrong_2s,1000,998,-2,0,48000,0,3,False,True,False,5,4,355.2,3.7,6.9,77.3,1,True
Bad Bunny - MALDITA POBREZA,off-2s/cold,-3000,,,1000,,0,0,False,True,False,6,4,374.2,4.0,7.2,0.0,2,False
Bad Bunny - MALDITA POBREZA,off-2s/seeded_correct,-3000,-3000,0,0,48000,0,0,False,True,False,5,4,360.4,3.7,6.9,83.7,1,True
Bad Bunny - MALDITA POBREZA,off-2s/seeded_wrong_2s,-3000,-1000,2000,0,48000,0,0,False,True,False,5,4,369.8,3.7,6.6,77.7,1,False
Bad Bunny - MALDITA POBREZA,off+10s/cold,9000,,,-9000,,0,0,False,False,False,4,4,379.4,3.6,7.0,0.0,0,False
Bad Bunny - MALDITA POBREZA,off+10s/second_play,9000,,,-9000,,0,0,False,False,False,4,4,378.7,3.6,7.2,0.0,0,False
Bad Bunny - MALDITA POBREZA,off+10s/seeded_correct,9000,8998,-2,0,48000,0,2,False,True,False,5,4,342.2,4.1,6.7,77.6,1,True
Bad Bunny - MALDITA POBREZA,off+10s/seeded_wrong_2s,9000,8998,-2,0,48000,0,3,False,True,False,5,4,354.8,4.1,6.8,76.4,1,True
Bad Bunny - MALDITA POBREZA,off-10s/cold,-11000,,,14250,,0,0,False,True,False,6,4,367.9,3.0,6.8,0.0,2,False
Bad Bunny - MALDITA POBREZA,off-10s/second_play,-11000,,,14250,,0,0,False,True,False,6,4,385.9,3.7,7.5,0.0,2,False
Bad Bunny - MALDITA POBREZA,off-10s/seeded_correct,-11000,-11000,0,0,48000,0,0,False,True,False,5,4,359.4,3.2,6.7,88.4,1,True
Bad Bunny - MALDITA POBREZA,off-10s/seeded_wrong_2s,-11000,-9000,2000,0,48000,0,0,False,True,False,5,4,344.9,3.4,5.7,78.5,1,False
Bad Bunny - MALDITA POBREZA,off+25s/cold,24000,,,-24000,,0,0,False,False,False,4,4,390.1,3.8,6.8,0.0,0,False
Bad Bunny - MALDITA POBREZA,off+25s/second_play,24000,,,-24000,,0,0,False,False,False,4,4,405.4,4.2,7.3,0.0,0,False
Bad Bunny - MALDITA POBREZA,off+25s/seeded_correct,24000,23999,-1,0,5500,0,2,False,True,True,2,4,327.4,3.8,6.3,100.0,0,True
Bad Bunny - MALDITA POBREZA,off+25s/seeded_wrong_2s,24000,23999,-1,0,5500,0,2,False,True,True,2,4,341.8,4.2,6.7,97.1,0,True
Bad Bunny - MALDITA POBREZA,off-25s/cold,-26000,,,26000,,0,0,False,False,False,4,4,362.8,3.5,7.1,0.0,0,False
Bad Bunny - MALDITA POBREZA,off-25s/second_play,-26000,,,26000,,0,0,False,False,False,4,4,359.5,3.1,7.0,0.0,0,False
Bad Bunny - MALDITA POBREZA,off-25s/seeded_correct,-26000,-26000,0,0,,0,0,False,False,False,4,4,358.2,3.3,6.9,100.0,0,True
Bad Bunny - MALDITA POBREZA,off-25s/seeded_wrong_2s,-26000,-24000,2000,2000,,0,0,False,False,False,4,4,360.6,3.3,6.7,0.0,0,False
Bad Bunny - MALDITA POBREZA,noise0/cold,-1000,-1001,-1,0,44000,0,3,False,True,True,4,4,303.5,3.0,5.7,79.4,1,True
Bad Bunny - MALDITA POBREZA,noise0/seeded_correct,-1000,-1001,-1,0,44000,0,3,False,True,True,4,4,316.3,3.2,5.9,82.6,1,True
Bad Bunny - MALDITA POBREZA,noise0/seeded_wrong_2s,-1000,-1001,-1,0,44000,0,3,False,True,True,4,4,302.7,3.1,6.1,79.4,1,True
Bad Bunny - MALDITA POBREZA,noise-2s/cold,-3000,,,1000,,0,0,False,True,False,6,4,318.5,3.4,6.0,0.0,2,False
Bad Bunny - MALDITA POBREZA,noise-2s/seeded_correct,-3000,-3000,0,0,48000,0,0,False,True,False,5,4,295.7,2.9,5.4,83.7,1,True
Bad Bunny - MALDITA POBREZA,noise-2s/seeded_wrong_2s,-3000,-1000,2000,0,48000,0,0,False,True,False,5,4,305.1,2.8,6.8,77.7,1,False
Bad Bunny - MALDITA POBREZA,cutin5s/cold,4000,3998,-2,1000,,0,3,False,True,False,6,4,323.5,3.4,5.9,0.0,2,True
Bad Bunny - MALDITA POBREZA,cutin5s/second_play,4000,3998,-2,0,48000,0,2,False,True,False,5,4,314.6,3.5,5.9,80.3,1,True
Bad Bunny - MALDITA POBREZA,cutin5s/seeded_correct,4000,3998,-2,0,48000,0,2,False,True,False,5,4,316.4,3.5,6.1,80.3,1,True
Bad Bunny - MALDITA POBREZA,cutin5s/seeded_wrong_2s,4000,3998,-2,0,48000,0,3,False,True,False,5,4,315.7,3.1,6.3,76.9,1,True
Bad Bunny - MALDITA POBREZA,cutin15s/cold,14000,13999,-1,0,5500,0,2,False,True,True,2,4,244.1,2.8,4.8,97.2,0,True
Bad Bunny - MALDITA POBREZA,cutin15s/second_play,14000,13999,-1,-1,5500,0,3,False,True,True,2,4,237.6,2.8,4.8,100.0,0,True
Bad Bunny - MALDITA POBREZA,cutin15s/seeded_correct,14000,13999,-1,0,5500,0,3,False,True,True,2,4,245.0,2.7,5.2,100.0,0,True
Bad Bunny - MALDITA POBREZA,cutin15s/seeded_wrong_2s,14000,13999,-1,0,5500,0,2,False,True,True,2,4,240.2,2.8,4.7,97.2,0,True
Bad Bunny - MALDITA POBREZA,cutin25s/cold,24000,23998,-2,0,4000,0,2,False,True,True,2,4,258.2,3.2,5.2,97.9,0,True
Bad Bunny - MALDITA POBREZA,cutin25s/second_play,24000,23998,-2,-2,4000,0,2,False,True,True,2,4,264.4,2.9,5.6,100.0,0,True
Bad Bunny - MALDITA POBREZA,cutin25s/seeded_correct,24000,23998,-2,0,4000,0,2,False,True,True,2,4,258.5,3.4,5.4,100.0,0,True
Bad Bunny - MALDITA POBREZA,cutin25s/seeded_wrong_2s,24000,23998,-2,0,4000,0,2,False,True,True,2,4,257.4,3.1,5.0,97.9,0,True
Bad Bunny - MALDITA POBREZA,blend8s/cold,-1000,-1002,-2,0,48000,0,2,False,True,False,5,4,343.2,3.7,6.3,77.5,1,True
Bad Bunny - MALDITA POBREZA,blend8s/seeded_correct,-1000,-1002,-2,0,48000,0,2,False,True,False,5,4,336.6,3.4,6.6,82.9,1,True
Bad Bunny - MALDITA POBREZA,blend8s/seeded_wrong_2s,-1000,-1002,-2,0,48000,0,2,False,True,False,5,4,337.6,3.2,6.3,77.5,1,True
Bad Bunny - MALDITA POBREZA,midshift+1.5s/cold,-1000,-1001,-1501,-1500,44000,0,2,False,True,True,5,4,410.8,4.4,8.0,7.6,2,False
Bad Bunny - MALDITA POBREZA,midshift+1.5s/seeded_correct,-1000,-1001,-1501,-1500,44000,0,2,False,True,True,5,4,424.2,4.3,8.0,10.9,2,False
Bad Bunny - MALDITA POBREZA,midshift+1.5s/seeded_wrong_2s,-1000,-1001,-1501,-1500,44000,0,2,False,True,True,5,4,427.2,4.3,8.2,7.6,2,False
Bad Bunny - MALDITA POBREZA,midshift-1.5s/cold,-1000,-1001,1499,1500,44000,0,2,False,True,True,5,4,388.2,4.0,6.9,7.5,2,False
Bad Bunny - MALDITA POBREZA,midshift-1.5s/seeded_correct,-1000,-1001,1499,1500,44000,0,2,False,True,True,5,4,388.5,3.9,7.5,10.7,2,False
Bad Bunny - MALDITA POBREZA,midshift-1.5s/seeded_wrong_2s,-1000,-1001,1499,1500,44000,0,2,False,True,True,5,4,373.5,3.6,6.7,7.5,2,False
Bad Bunny - KETU TeCRÉ,off0/cold,-1025,-1027,-2,-3,35650,0,2,True,True,True,4,18,447.2,3.4,7.1,85.8,0,True
Bad Bunny - KETU TeCRÉ,off0/seeded_correct,-1025,-1028,-3,0,56500,0,3,False,True,True,5,18,448.6,3.8,7.6,81.5,0,True
Bad Bunny - KETU TeCRÉ,off0/seeded_wrong_2s,-1025,-1029,-4,0,56500,0,3,False,True,True,5,18,438.1,3.9,7.1,77.5,0,True
Bad Bunny - KETU TeCRÉ,off+200/cold,-825,-827,-2,-1,35650,0,2,True,True,True,4,18,456.1,4.0,7.1,85.8,0,True
Bad Bunny - KETU TeCRÉ,off+200/seeded_correct,-825,-830,-5,0,56500,0,3,False,True,True,5,18,455.5,3.9,7.2,81.5,0,True
Bad Bunny - KETU TeCRÉ,off+200/seeded_wrong_2s,-825,-831,-6,0,56500,0,3,False,True,True,5,18,455.8,3.9,7.2,77.5,0,True
Bad Bunny - KETU TeCRÉ,off-200/cold,-1225,-1229,-4,-6,35650,0,2,True,True,True,4,18,475.0,3.7,7.5,85.8,0,True
Bad Bunny - KETU TeCRÉ,off-200/seeded_correct,-1225,-1228,-3,-3,56500,0,3,False,True,True,5,18,451.2,4.1,7.6,82.1,0,True
Bad Bunny - KETU TeCRÉ,off-200/seeded_wrong_2s,-1225,-1228,-3,-3,56500,0,2,False,True,True,5,18,455.2,4.4,7.1,77.5,0,True
Bad Bunny - KETU TeCRÉ,off+2s/cold,975,974,-1,0,35650,0,2,True,True,True,4,18,470.9,4.1,7.5,85.7,0,True
Bad Bunny - KETU TeCRÉ,off+2s/seeded_correct,975,970,-5,0,56500,0,3,False,True,True,5,18,452.8,3.9,7.8,80.7,0,True
Bad Bunny - KETU TeCRÉ,off+2s/seeded_wrong_2s,975,969,-6,0,56500,0,3,False,True,True,5,18,457.9,4.1,7.5,77.3,0,True
Bad Bunny - KETU TeCRÉ,off-2s/cold,-3025,-3031,-6,-6,35650,0,1,True,True,True,4,18,489.1,4.0,7.8,85.9,0,True
Bad Bunny - KETU TeCRÉ,off-2s/seeded_correct,-3025,-3028,-3,0,63750,0,4,False,True,False,18,18,268.4,6.9,13.1,80.0,0,True
Bad Bunny - KETU TeCRÉ,off-2s/seeded_wrong_2s,-3025,-3025,0,0,252000,1,2,False,True,False,19,18,283.9,6.6,14.2,0.5,1,True
Bad Bunny - KETU TeCRÉ,off+10s/cold,8975,8971,-4,0,56500,0,2,False,False,True,5,18,461.8,3.9,7.1,76.6,0,True
Bad Bunny - KETU TeCRÉ,off+10s/second_play,8975,8973,-2,0,56500,0,3,False,True,True,6,18,451.6,4.1,7.2,77.6,1,True
Bad Bunny - KETU TeCRÉ,off+10s/seeded_correct,8975,8972,-3,0,56500,0,3,False,True,True,6,18,439.5,4.2,6.8,77.6,1,True
Bad Bunny - KETU TeCRÉ,off+10s/seeded_wrong_2s,8975,8969,-6,0,56500,0,3,False,True,True,6,18,451.3,4.3,7.0,76.6,1,True
Bad Bunny - KETU TeCRÉ,off-10s/cold,-11025,,,9225,,0,0,False,False,False,20,18,313.1,6.5,13.5,0.0,2,False
Bad Bunny - KETU TeCRÉ,off-10s/second_play,-11025,,,9225,,0,0,False,False,False,20,18,307.1,6.3,13.5,0.0,2,False
Bad Bunny - KETU TeCRÉ,off-10s/seeded_correct,-11025,-11025,0,0,224000,0,0,False,True,False,20,18,304.1,6.3,13.9,22.1,2,True
Bad Bunny - KETU TeCRÉ,off-10s/seeded_wrong_2s,-11025,-9025,2000,0,224000,0,0,False,True,False,20,18,310.6,6.3,14.3,14.3,2,False
Bad Bunny - KETU TeCRÉ,off+25s/cold,23975,23968,-7,0,56500,0,3,False,False,True,8,18,458.2,4.7,8.0,75.0,0,True
Bad Bunny - KETU TeCRÉ,off+25s/second_play,23975,23972,-3,-7,2500,0,2,False,True,True,1,18,459.2,4.0,7.7,100.0,0,True
Bad Bunny - KETU TeCRÉ,off+25s/seeded_correct,23975,23972,-3,0,2500,0,1,False,True,True,2,18,443.1,4.1,7.3,100.0,0,True
Bad Bunny - KETU TeCRÉ,off+25s/seeded_wrong_2s,23975,23972,-3,0,2500,0,1,False,True,True,2,18,437.0,4.1,6.9,98.9,0,True
Bad Bunny - KETU TeCRÉ,off-25s/cold,-26025,29350,55375,55375,,1,1,False,False,False,20,18,337.3,6.3,12.5,0.0,2,False
Bad Bunny - KETU TeCRÉ,off-25s/second_play,-26025,20125,46150,46150,,1,1,False,False,False,20,18,337.6,6.1,12.8,0.0,2,False
Bad Bunny - KETU TeCRÉ,off-25s/seeded_correct,-26025,20125,46150,46150,,1,1,False,False,False,20,18,326.2,6.2,12.4,38.6,2,False
Bad Bunny - KETU TeCRÉ,off-25s/seeded_wrong_2s,-26025,20125,46150,46150,,1,1,False,False,False,20,18,336.7,6.5,12.4,0.0,2,False
Bad Bunny - KETU TeCRÉ,noise0/cold,-1025,-1027,-2,-3,35650,0,2,True,True,True,4,18,419.5,3.5,6.6,85.8,0,True
Bad Bunny - KETU TeCRÉ,noise0/seeded_correct,-1025,-1028,-3,0,56500,0,3,False,True,True,5,18,425.0,3.5,7.4,81.5,0,True
Bad Bunny - KETU TeCRÉ,noise0/seeded_wrong_2s,-1025,-1029,-4,0,56500,0,3,False,True,True,5,18,406.1,3.3,6.8,77.5,0,True
Bad Bunny - KETU TeCRÉ,noise-2s/cold,-3025,-3031,-6,-6,35650,0,1,True,True,True,4,18,411.2,3.2,6.7,85.9,0,True
Bad Bunny - KETU TeCRÉ,noise-2s/seeded_correct,-3025,-3028,-3,0,63750,0,4,False,True,False,18,18,248.1,5.9,12.9,80.0,0,True
Bad Bunny - KETU TeCRÉ,noise-2s/seeded_wrong_2s,-3025,-3025,0,0,252000,1,2,False,True,False,19,18,260.6,6.1,13.5,0.5,1,True
Bad Bunny - KETU TeCRÉ,cutin5s/cold,3975,3973,-2,-3,35650,0,2,True,True,True,4,18,437.2,3.9,6.8,85.5,0,True
Bad Bunny - KETU TeCRÉ,cutin5s/second_play,3975,3972,-3,0,56500,0,3,False,True,True,5,18,425.1,3.9,7.3,79.3,0,True
Bad Bunny - KETU TeCRÉ,cutin5s/seeded_correct,3975,3971,-4,0,56500,0,4,False,True,True,5,18,425.4,4.0,7.1,79.3,0,True
Bad Bunny - KETU TeCRÉ,cutin5s/seeded_wrong_2s,3975,3970,-5,0,56500,0,3,False,True,True,5,18,418.5,4.0,6.7,77.1,0,True
Bad Bunny - KETU TeCRÉ,cutin15s/cold,13975,13971,-4,0,5500,0,3,False,True,True,5,18,361.7,3.5,6.7,97.7,0,True
Bad Bunny - KETU TeCRÉ,cutin15s/second_play,13975,13972,-3,-4,5500,0,4,False,True,True,5,18,360.4,3.5,6.3,100.0,0,True
Bad Bunny - KETU TeCRÉ,cutin15s/seeded_correct,13975,13972,-3,0,5500,0,3,False,True,True,5,18,344.0,3.5,5.4,100.0,0,True
Bad Bunny - KETU TeCRÉ,cutin15s/seeded_wrong_2s,13975,13971,-4,0,5500,0,3,False,True,True,5,18,328.3,3.2,5.4,97.7,0,True
Bad Bunny - KETU TeCRÉ,cutin25s/cold,23975,23973,-2,0,4000,0,3,False,True,True,5,18,356.7,3.9,6.0,98.2,0,True
Bad Bunny - KETU TeCRÉ,cutin25s/second_play,23975,23973,-2,-2,4000,0,3,False,True,True,5,18,348.2,3.7,6.1,100.0,0,True
Bad Bunny - KETU TeCRÉ,cutin25s/seeded_correct,23975,23973,-2,0,4000,0,3,False,True,True,5,18,354.9,3.8,6.1,100.0,0,True
Bad Bunny - KETU TeCRÉ,cutin25s/seeded_wrong_2s,23975,23973,-2,0,4000,0,3,False,True,True,5,18,348.2,3.7,5.9,98.2,0,True
Bad Bunny - KETU TeCRÉ,blend8s/cold,-1025,-1027,-2,-3,26750,0,2,True,False,True,4,18,444.1,3.5,6.7,89.4,0,True
Bad Bunny - KETU TeCRÉ,blend8s/seeded_correct,-1025,-1028,-3,0,22000,0,3,False,False,True,5,18,497.3,3.5,8.4,100.0,0,True
Bad Bunny - KETU TeCRÉ,blend8s/seeded_wrong_2s,-1025,-1029,-4,0,26750,0,3,False,False,True,5,18,528.5,4.3,8.6,89.4,0,True
Bad Bunny - KETU TeCRÉ,midshift+1.5s/cold,-1025,-1027,-1502,0,35650,1,4,True,True,True,6,18,646.4,5.6,10.7,81.2,1,False
Bad Bunny - KETU TeCRÉ,midshift+1.5s/seeded_correct,-1025,468,-7,0,56500,0,5,False,True,True,9,18,603.9,6.2,10.2,76.9,1,True
Bad Bunny - KETU TeCRÉ,midshift+1.5s/seeded_wrong_2s,-1025,471,-4,0,56500,0,5,False,True,True,9,18,653.7,6.7,10.0,72.9,1,True
Bad Bunny - KETU TeCRÉ,midshift-1.5s/cold,-1025,-2528,-3,0,240000,1,5,True,True,True,17,18,348.0,7.5,16.5,14.7,2,True
Bad Bunny - KETU TeCRÉ,midshift-1.5s/seeded_correct,-1025,-2528,-3,0,240000,1,5,False,True,True,18,18,338.7,8.4,15.6,10.4,2,True
Bad Bunny - KETU TeCRÉ,midshift-1.5s/seeded_wrong_2s,-1025,-2529,-4,0,240000,1,5,False,True,True,18,18,340.4,8.0,16.7,6.4,2,True
Bad Bunny - Vete,off0/cold,-1000,-1007,-7,-16,13000,0,2,True,True,True,2,8,305.0,3.2,6.8,93.3,0,True
Bad Bunny - Vete,off0/seeded_correct,-1000,-999,1,0,13000,0,3,False,True,True,3,8,312.9,3.6,6.6,100.0,0,True
Bad Bunny - Vete,off0/seeded_wrong_2s,-1000,-999,1,0,13000,0,3,False,True,True,3,8,308.5,3.4,7.0,93.3,0,True
Bad Bunny - Vete,off+200/cold,-800,-800,0,-1,11500,0,3,True,True,True,2,8,322.9,3.7,6.9,94.0,0,True
Bad Bunny - Vete,off+200/seeded_correct,-800,-799,1,0,11500,0,3,False,True,True,3,8,320.4,3.4,6.8,100.0,0,True
Bad Bunny - Vete,off+200/seeded_wrong_2s,-800,-799,1,0,11500,0,3,False,True,True,3,8,322.9,3.5,7.0,94.0,0,True
Bad Bunny - Vete,off-200/cold,-1200,-1197,3,6,13000,0,3,True,True,True,2,8,321.3,2.9,6.9,93.3,0,True
Bad Bunny - Vete,off-200/seeded_correct,-1200,-1199,1,0,13000,0,3,False,True,True,3,8,314.7,3.1,6.8,100.0,0,True
Bad Bunny - Vete,off-200/seeded_wrong_2s,-1200,-1199,1,0,13000,0,3,False,True,True,3,8,317.0,3.0,6.6,93.3,0,True
Bad Bunny - Vete,off+2s/cold,1000,1000,0,0,10000,0,3,True,True,True,2,8,331.0,3.4,6.8,94.8,0,True
Bad Bunny - Vete,off+2s/seeded_correct,1000,1001,1,0,10000,0,3,False,True,True,3,8,333.1,3.9,7.0,100.0,0,True
Bad Bunny - Vete,off+2s/seeded_wrong_2s,1000,1001,1,0,10000,0,3,False,True,True,3,8,334.5,3.8,6.9,94.8,0,True
Bad Bunny - Vete,off-2s/cold,-3000,-2997,3,6,14500,0,2,True,True,True,2,8,329.2,3.3,6.7,92.6,0,True
Bad Bunny - Vete,off-2s/seeded_correct,-3000,-2999,1,0,14500,0,3,False,True,True,5,8,306.9,3.7,5.9,100.0,0,True
Bad Bunny - Vete,off-2s/seeded_wrong_2s,-3000,-2999,1,0,14500,0,3,False,True,True,5,8,333.3,3.7,7.2,92.6,0,True
Bad Bunny - Vete,off+10s/cold,9000,9005,5,0,53000,0,3,False,False,True,8,8,298.2,4.9,7.5,71.0,0,True
Bad Bunny - Vete,off+10s/second_play,9000,9002,2,5,2500,0,2,False,True,True,2,8,324.3,4.0,7.0,100.0,0,True
Bad Bunny - Vete,off+10s/seeded_correct,9000,9001,1,0,2500,0,3,False,True,True,3,8,314.2,3.8,7.1,100.0,0,True
Bad Bunny - Vete,off+10s/seeded_wrong_2s,9000,9001,1,0,2500,0,3,False,True,True,3,8,310.7,3.9,6.8,98.6,0,True
Bad Bunny - Vete,off-10s/cold,-11000,,,10450,,0,0,False,False,False,10,8,334.5,4.9,8.2,0.0,2,False
Bad Bunny - Vete,off-10s/second_play,-11000,,,10450,,0,0,False,False,False,10,8,317.6,4.3,7.5,0.0,2,False
Bad Bunny - Vete,off-10s/seeded_correct,-11000,-11000,0,0,22000,0,0,False,True,False,8,8,292.8,4.7,6.9,100.0,0,True
Bad Bunny - Vete,off-10s/seeded_wrong_2s,-11000,-9000,2000,0,22000,0,0,False,True,False,8,8,288.3,4.6,7.7,89.2,0,False
Bad Bunny - Vete,off+25s/cold,24000,24005,5,0,40500,0,4,False,False,True,6,8,320.0,5.0,7.3,75.9,0,True
Bad Bunny - Vete,off+25s/second_play,24000,24001,1,2,2500,0,2,False,True,True,2,8,295.0,4.3,6.3,100.0,0,True
Bad Bunny - Vete,off+25s/seeded_correct,24000,24000,0,0,2500,0,2,False,True,True,2,8,312.0,4.6,7.1,100.0,0,True
Bad Bunny - Vete,off+25s/seeded_wrong_2s,24000,24001,1,0,2500,0,2,False,True,True,2,8,302.7,4.3,7.1,98.5,0,True
Bad Bunny - Vete,off-25s/cold,-26000,,,26000,,0,0,False,False,False,8,8,297.5,5.0,6.5,0.0,0,False
Bad Bunny - Vete,off-25s/second_play,-26000,,,26000,,0,0,False,False,False,8,8,296.3,4.6,6.8,0.0,0,False
Bad Bunny - Vete,off-25s/seeded_correct,-26000,-26000,0,0,,0,0,False,False,False,8,8,294.9,4.8,6.5,100.0,0,True
Bad Bunny - Vete,off-25s/seeded_wrong_2s,-26000,-24000,2000,2000,,0,0,False,False,False,8,8,300.5,4.7,7.3,0.0,0,False
Bad Bunny - Vete,noise0/cold,-1000,-1007,-7,-16,10000,0,2,True,True,True,2,8,238.0,2.7,4.6,94.8,0,True
Bad Bunny - Vete,noise0/seeded_correct,-1000,-1000,0,0,10000,0,2,False,True,True,2,8,244.4,2.6,5.0,100.0,0,True
Bad Bunny - Vete,noise0/seeded_wrong_2s,-1000,-999,1,0,10000,0,2,False,True,True,2,8,249.7,2.7,5.5,94.8,0,True
Bad Bunny - Vete,noise-2s/cold,-3000,-2997,3,6,11500,0,2,True,True,True,2,8,243.7,2.6,5.2,94.1,0,True
Bad Bunny - Vete,noise-2s/seeded_correct,-3000,-2999,1,0,11500,0,3,False,True,True,5,8,243.1,2.8,5.1,100.0,0,True
Bad Bunny - Vete,noise-2s/seeded_wrong_2s,-3000,-2999,1,0,11500,0,3,False,True,True,5,8,246.5,2.7,5.0,94.1,0,True
Bad Bunny - Vete,cutin5s/cold,4000,3999,-1,-3,7000,0,3,True,True,True,2,8,243.4,3.0,4.8,96.3,0,True
Bad Bunny - Vete,cutin5s/second_play,4000,4001,1,-1,7000,0,3,False,True,True,3,8,249.1,2.9,5.6,100.0,0,True
Bad Bunny - Vete,cutin5s/seeded_correct,4000,4001,1,0,7000,0,3,False,True,True,3,8,240.4,3.0,5.0,100.0,0,True
Bad Bunny - Vete,cutin5s/seeded_wrong_2s,4000,4001,1,0,7000,0,3,False,True,True,3,8,241.0,2.9,5.0,96.3,0,True
Bad Bunny - Vete,cutin15s/cold,14000,14001,1,0,4000,0,3,False,True,True,3,8,197.7,2.7,4.3,97.8,0,True
Bad Bunny - Vete,cutin15s/second_play,14000,14001,1,1,4000,0,3,False,True,True,3,8,193.1,2.6,4.2,100.0,0,True
Bad Bunny - Vete,cutin15s/seeded_correct,14000,14001,1,0,4000,0,3,False,True,True,3,8,191.0,2.5,4.3,100.0,0,True
Bad Bunny - Vete,cutin15s/seeded_wrong_2s,14000,14001,1,0,4000,0,3,False,True,True,3,8,190.3,2.6,4.1,97.8,0,True
Bad Bunny - Vete,cutin25s/cold,24000,24002,2,0,4000,0,2,False,True,True,3,8,205.3,3.1,4.3,97.6,0,True
Bad Bunny - Vete,cutin25s/second_play,24000,24002,2,2,4000,0,3,False,True,True,3,8,201.3,2.7,5.1,100.0,0,True
Bad Bunny - Vete,cutin25s/seeded_correct,24000,24001,1,0,4000,0,3,False,True,True,3,8,201.2,2.9,4.8,100.0,0,True
Bad Bunny - Vete,cutin25s/seeded_wrong_2s,24000,24002,2,0,4000,0,2,False,True,True,3,8,213.3,3.0,5.0,97.6,0,True
Bad Bunny - Vete,blend8s/cold,-1000,-1007,-7,-16,13000,0,2,True,True,True,2,8,277.0,3.0,5.7,93.3,0,True
Bad Bunny - Vete,blend8s/seeded_correct,-1000,-999,1,0,13000,0,3,False,True,True,3,8,278.4,3.0,5.9,100.0,0,True
Bad Bunny - Vete,blend8s/seeded_wrong_2s,-1000,-999,1,0,13000,0,3,False,True,True,3,8,284.7,3.0,6.4,93.3,0,True
Bad Bunny - Vete,midshift+1.5s/cold,-1000,-1007,-1507,0,13000,1,4,True,True,True,4,8,333.8,3.5,7.1,85.9,1,False
Bad Bunny - Vete,midshift+1.5s/seeded_correct,-1000,506,6,6,13000,0,5,False,True,True,7,8,310.9,4.9,7.2,85.1,1,True
Bad Bunny - Vete,midshift+1.5s/seeded_wrong_2s,-1000,507,7,8,13000,0,5,False,True,True,7,8,306.3,4.6,7.6,78.3,1,True
Bad Bunny - Vete,midshift-1.5s/cold,-1000,-1007,1493,1484,13000,0,2,True,True,True,7,8,278.6,3.5,6.6,24.2,2,False
Bad Bunny - Vete,midshift-1.5s/seeded_correct,-1000,-999,1501,1500,13000,0,2,False,True,True,8,8,285.7,4.0,6.8,30.9,2,False
Bad Bunny - Vete,midshift-1.5s/seeded_wrong_2s,-1000,-1000,1500,1500,13000,0,2,False,True,True,8,8,275.2,3.7,6.5,24.2,2,False
"Bad Bunny, Mora - HIBIKI",off0/cold,-1025,-1023,2,2,40750,0,2,False,True,True,3,8,339.3,3.5,6.6,80.5,0,True
"Bad Bunny, Mora - HIBIKI",off0/seeded_correct,-1025,-1027,-2,-2,78000,0,3,False,True,True,4,8,346.5,3.5,6.7,66.0,1,True
"Bad Bunny, Mora - HIBIKI",off0/seeded_wrong_2s,-1025,-1027,-2,-2,78000,0,3,False,True,True,4,8,362.5,4.1,6.5,62.6,1,True
"Bad Bunny, Mora - HIBIKI",off+200/cold,-825,-829,-4,0,40750,0,2,False,True,True,3,8,343.4,3.6,6.7,80.5,0,True
"Bad Bunny, Mora - HIBIKI",off+200/seeded_correct,-825,-831,-6,-6,78000,0,3,False,True,True,4,8,374.4,3.3,9.2,66.0,1,True
"Bad Bunny, Mora - HIBIKI",off+200/seeded_wrong_2s,-825,-831,-6,-6,78000,0,3,False,True,True,4,8,347.3,3.4,6.9,62.6,1,True
"Bad Bunny, Mora - HIBIKI",off-200/cold,-1225,-1227,-2,0,78000,0,3,False,True,True,4,8,334.9,3.1,6.9,62.7,1,True
"Bad Bunny, Mora - HIBIKI",off-200/seeded_correct,-1225,-1226,-1,-1,78000,0,3,False,True,True,4,8,347.5,3.5,6.5,66.7,1,True
"Bad Bunny, Mora - HIBIKI",off-200/seeded_wrong_2s,-1225,-1227,-2,-2,78000,0,3,False,True,True,4,8,342.4,3.4,6.7,62.7,1,True
"Bad Bunny, Mora - HIBIKI",off+2s/cold,975,971,-4,0,40750,0,2,False,True,True,3,8,340.3,3.7,7.0,80.3,0,True
"Bad Bunny, Mora - HIBIKI",off+2s/seeded_correct,975,969,-6,-6,76000,0,3,False,True,True,4,8,341.2,3.4,6.6,65.9,1,True
"Bad Bunny, Mora - HIBIKI",off+2s/seeded_wrong_2s,975,969,-6,-6,76000,0,3,False,True,True,4,8,348.4,3.7,6.6,63.2,1,True
"Bad Bunny, Mora - HIBIKI",off-2s/cold,-3025,-3025,0,0,210000,0,1,False,True,False,9,8,201.1,6.0,12.7,0.4,1,True
"Bad Bunny, Mora - HIBIKI",off-2s/seeded_correct,-3025,-3025,0,0,210000,0,1,False,True,False,9,8,196.2,5.9,12.0,5.1,1,True
"Bad Bunny, Mora - HIBIKI",off-2s/seeded_wrong_2s,-3025,-3025,0,0,210000,0,1,False,True,False,9,8,200.4,6.0,12.6,0.4,1,True
"Bad Bunny, Mora - HIBIKI",off+10s/cold,8975,8968,-7,0,40750,0,3,False,False,True,5,8,286.7,4.6,7.3,79.5,0,True
"Bad Bunny, Mora - HIBIKI",off+10s/second_play,8975,8977,2,0,198000,0,7,False,True,True,9,8,163.0,6.7,12.5,1.6,1,True
"Bad Bunny, Mora - HIBIKI",off+10s/seeded_correct,8975,8975,0,0,198000,0,7,False,True,True,9,8,159.4,5.6,14.9,1.6,1,True
"Bad Bunny, Mora - HIBIKI",off+10s/seeded_wrong_2s,8975,8975,0,0,198000,0,6,False,True,True,9,8,168.3,6.2,14.4,0.4,1,True
"Bad Bunny, Mora - HIBIKI",off-10s/cold,-11025,,,11025,,0,0,False,False,False,8,8,202.3,5.6,10.3,0.0,0,False
"Bad Bunny, Mora - HIBIKI",off-10s/second_play,-11025,,,11025,,0,0,False,False,False,8,8,211.3,5.8,10.7,0.0,0,False
"Bad Bunny, Mora - HIBIKI",off-10s/seeded_correct,-11025,-11025,0,0,218000,0,1,False,True,False,9,8,179.4,4.5,10.4,8.3,1,True
"Bad Bunny, Mora - HIBIKI",off-10s/seeded_wrong_2s,-11025,-11025,0,0,218000,0,1,False,True,False,9,8,207.6,5.8,9.9,0.3,1,True
"Bad Bunny, Mora - HIBIKI",off+25s/cold,23975,23968,-7,0,40750,0,3,False,False,True,5,8,279.9,5.3,7.1,77.8,0,True
"Bad Bunny, Mora - HIBIKI",off+25s/second_play,23975,23973,-2,-7,2500,0,2,False,True,True,1,8,328.5,4.0,6.7,100.0,0,True
"Bad Bunny, Mora - HIBIKI",off+25s/seeded_correct,23975,23975,0,0,2500,0,2,False,True,True,1,8,343.3,3.9,7.3,100.0,0,True
"Bad Bunny, Mora - HIBIKI",off+25s/seeded_wrong_2s,23975,23975,0,0,2500,0,2,False,True,True,1,8,404.9,4.9,7.9,98.6,0,True
"Bad Bunny, Mora - HIBIKI",off-25s/cold,-26025,,,26025,,0,0,False,False,False,8,8,227.3,5.8,9.2,0.0,0,False
"Bad Bunny, Mora - HIBIKI",off-25s/second_play,-26025,,,26025,,0,0,False,False,False,8,8,212.9,5.6,10.1,0.0,0,False
"Bad Bunny, Mora - HIBIKI",off-25s/seeded_correct,-26025,-26025,0,0,,0,0,False,False,False,8,8,209.3,5.4,9.6,100.0,0,True
"Bad Bunny, Mora - HIBIKI",off-25s/seeded_wrong_2s,-26025,-24025,2000,2000,,0,0,False,False,False,8,8,206.7,4.9,8.9,0.0,0,False
"Bad Bunny, Mora - HIBIKI",noise0/cold,-1025,-1022,3,3,40750,0,2,False,True,True,3,8,288.5,3.0,5.8,80.5,0,True
"Bad Bunny, Mora - HIBIKI",noise0/seeded_correct,-1025,-1027,-2,-2,78000,0,3,False,True,True,4,8,297.0,3.0,6.0,66.0,1,True
"Bad Bunny, Mora - HIBIKI",noise0/seeded_wrong_2s,-1025,-1027,-2,-2,78000,0,3,False,True,True,4,8,279.0,3.1,5.0,62.6,1,True
"Bad Bunny, Mora - HIBIKI",noise-2s/cold,-3025,-3025,0,0,210000,0,1,False,True,False,9,8,178.6,5.5,10.5,0.4,1,True
"Bad Bunny, Mora - HIBIKI",noise-2s/seeded_correct,-3025,-3025,0,0,210000,0,1,False,True,False,9,8,168.9,5.1,10.5,5.1,1,True
"Bad Bunny, Mora - HIBIKI",noise-2s/seeded_wrong_2s,-3025,-3025,0,0,210000,0,1,False,True,False,9,8,181.4,5.6,11.0,0.4,1,True
"Bad Bunny, Mora - HIBIKI",cutin5s/cold,3975,3969,-6,-25,4000,0,2,False,True,True,1,8,299.6,3.1,5.9,98.0,0,True
"Bad Bunny, Mora - HIBIKI",cutin5s/second_play,3975,3974,-1,-6,4000,0,2,False,True,True,1,8,306.4,3.1,6.2,100.0,0,True
"Bad Bunny, Mora - HIBIKI",cutin5s/seeded_correct,3975,3970,-5,-25,4000,0,2,False,True,True,1,8,298.3,3.2,6.0,100.0,0,True
"Bad Bunny, Mora - HIBIKI",cutin5s/seeded_wrong_2s,3975,3969,-6,-25,4000,0,2,False,True,True,1,8,299.0,3.0,6.1,98.0,0,True
"Bad Bunny, Mora - HIBIKI",cutin15s/cold,13975,13975,0,0,4000,0,2,False,True,True,1,8,233.3,2.7,4.5,97.9,0,True
"Bad Bunny, Mora - HIBIKI",cutin15s/second_play,13975,13975,0,0,4000,0,2,False,True,True,1,8,229.4,2.5,4.4,100.0,0,True
"Bad Bunny, Mora - HIBIKI",cutin15s/seeded_correct,13975,13975,0,0,4000,0,2,False,True,True,1,8,226.8,2.6,4.6,100.0,0,True
"Bad Bunny, Mora - HIBIKI",cutin15s/seeded_wrong_2s,13975,13975,0,0,4000,0,2,False,True,True,1,8,232.9,2.6,4.7,97.9,0,True
"Bad Bunny, Mora - HIBIKI",cutin25s/cold,23975,23968,-7,0,4000,0,3,False,True,True,3,8,242.9,3.2,4.7,97.8,0,True
"Bad Bunny, Mora - HIBIKI",cutin25s/second_play,23975,23970,-5,-4,4000,0,3,False,True,True,3,8,245.0,3.2,5.0,100.0,0,True
"Bad Bunny, Mora - HIBIKI",cutin25s/seeded_correct,23975,23969,-6,-4,4000,0,3,False,True,True,3,8,245.0,3.3,5.5,100.0,0,True
"Bad Bunny, Mora - HIBIKI",cutin25s/seeded_wrong_2s,23975,23968,-7,0,4000,0,3,False,True,True,3,8,242.0,3.3,5.2,97.8,0,True
"Bad Bunny, Mora - HIBIKI",blend8s/cold,-1025,-1024,1,0,13000,0,2,False,True,True,1,8,344.4,3.2,6.8,93.8,0,True
"Bad Bunny, Mora - HIBIKI",blend8s/seeded_correct,-1025,-1025,0,0,13000,0,2,False,True,True,1,8,330.1,2.8,6.2,100.0,0,True
"Bad Bunny, Mora - HIBIKI",blend8s/seeded_wrong_2s,-1025,-1024,1,0,13000,0,2,False,True,True,1,8,329.5,3.2,6.0,93.8,0,True
"Bad Bunny, Mora - HIBIKI",midshift+1.5s/cold,-1025,475,0,0,40750,0,2,False,True,True,8,8,248.7,3.3,12.1,71.7,1,True
"Bad Bunny, Mora - HIBIKI",midshift+1.5s/seeded_correct,-1025,475,0,0,78000,0,2,False,True,True,8,8,231.2,2.9,11.9,65.7,1,True
"Bad Bunny, Mora - HIBIKI",midshift+1.5s/seeded_wrong_2s,-1025,475,0,0,78000,0,2,False,True,True,8,8,237.5,3.5,13.6,62.4,1,True
"Bad Bunny, Mora - HIBIKI",midshift-1.5s/cold,-1025,-2525,0,0,184000,0,2,False,True,True,9,8,250.9,6.6,13.5,21.6,2,True
"Bad Bunny, Mora - HIBIKI",midshift-1.5s/seeded_correct,-1025,-2525,0,0,184000,2,4,False,True,True,9,8,252.7,5.9,13.5,15.8,2,True
"Bad Bunny, Mora - HIBIKI",midshift-1.5s/seeded_wrong_2s,-1025,-2525,0,0,182000,0,2,False,True,True,9,8,248.6,5.6,13.8,13.4,2,True
Bad Bunny - DtMF,off0/cold,-975,-972,3,0,90250,0,7,True,True,True,12,11,341.7,6.3,9.8,62.2,1,True
Bad Bunny - DtMF,off0/seeded_correct,-975,-969,6,0,90250,0,6,False,True,True,12,11,321.2,5.9,10.2,65.1,1,True
Bad Bunny - DtMF,off0/seeded_wrong_2s,-975,-969,6,0,90250,0,5,False,True,True,12,11,331.4,5.8,10.2,62.2,1,True
Bad Bunny - DtMF,off+200/cold,-775,-775,0,-1,36275,0,2,True,True,True,4,11,449.7,4.3,7.3,84.8,0,True
Bad Bunny - DtMF,off+200/seeded_correct,-775,-770,5,0,90250,0,6,False,True,False,11,11,336.5,6.5,10.1,67.0,0,True
Bad Bunny - DtMF,off+200/seeded_wrong_2s,-775,-769,6,0,90250,0,6,False,True,False,11,11,327.3,6.3,9.8,62.1,0,True
Bad Bunny - DtMF,off-200/cold,-1175,-1165,10,19,36275,0,2,True,True,True,4,11,470.4,3.9,7.8,84.8,0,True
Bad Bunny - DtMF,off-200/seeded_correct,-1175,-1169,6,0,90250,0,4,False,True,False,11,11,328.5,5.8,10.2,67.0,0,True
Bad Bunny - DtMF,off-200/seeded_wrong_2s,-1175,-1168,7,0,90250,0,4,False,True,False,11,11,349.6,6.3,11.5,62.2,0,True
Bad Bunny - DtMF,off+2s/cold,1025,1025,0,0,36275,0,2,True,True,True,4,11,471.0,4.2,7.2,84.7,0,True
Bad Bunny - DtMF,off+2s/seeded_correct,1025,1030,5,0,90250,0,6,False,True,False,11,11,324.8,6.4,10.2,66.1,0,True
Bad Bunny - DtMF,off+2s/seeded_wrong_2s,1025,1031,6,0,90250,0,6,False,True,False,11,11,335.5,6.7,10.7,61.8,0,True
Bad Bunny - DtMF,off-2s/cold,-2975,-2956,19,19,36275,0,1,True,True,True,4,11,463.9,4.0,7.6,84.9,0,True
Bad Bunny - DtMF,off-2s/seeded_correct,-2975,-2970,5,0,90250,0,4,False,True,False,11,11,332.9,5.9,9.3,67.9,0,True
Bad Bunny - DtMF,off-2s/seeded_wrong_2s,-2975,-2970,5,0,90250,0,2,False,True,False,11,11,327.1,6.3,9.4,62.5,0,True
Bad Bunny - DtMF,off+10s/cold,9025,9032,7,-9025,,0,4,False,False,False,11,11,339.6,6.1,10.3,0.0,0,True
Bad Bunny - DtMF,off+10s/second_play,9025,9029,4,0,90250,0,6,False,True,False,11,11,314.0,6.8,12.0,61.6,0,True
Bad Bunny - DtMF,off+10s/seeded_correct,9025,9030,5,0,90250,0,6,False,True,False,11,11,306.3,6.4,11.4,61.6,0,True
Bad Bunny - DtMF,off+10s/seeded_wrong_2s,9025,9031,6,0,90250,0,6,False,True,False,11,11,310.7,6.6,10.8,60.5,0,True
Bad Bunny - DtMF,off-10s/cold,-10975,,,10975,,0,0,False,False,False,11,11,350.4,5.7,9.3,0.0,0,False
Bad Bunny - DtMF,off-10s/second_play,-10975,,,10975,,0,0,False,False,False,11,11,356.6,5.7,9.1,0.0,0,False
Bad Bunny - DtMF,off-10s/seeded_correct,-10975,-10975,0,0,166000,0,0,False,True,False,12,11,341.6,5.7,10.1,42.0,1,True
Bad Bunny - DtMF,off-10s/seeded_wrong_2s,-10975,-8975,2000,0,166000,0,0,False,True,False,12,11,362.8,6.2,10.3,33.2,1,False
Bad Bunny - DtMF,off+25s/cold,24025,24032,7,-24025,,0,4,False,False,False,11,11,307.0,6.2,12.5,0.0,0,True
Bad Bunny - DtMF,off+25s/second_play,24025,24028,3,6,2500,0,2,False,True,True,1,11,430.0,4.3,7.4,100.0,0,True
Bad Bunny - DtMF,off+25s/seeded_correct,24025,24026,1,0,2500,0,1,False,True,True,1,11,424.2,4.2,7.7,100.0,0,True
Bad Bunny - DtMF,off+25s/seeded_wrong_2s,24025,24026,1,0,2500,0,1,False,True,True,2,11,429.3,4.4,7.6,98.8,0,True
Bad Bunny - DtMF,off-25s/cold,-25975,,,25975,,0,0,False,False,False,11,11,367.6,5.7,9.5,0.0,0,False
Bad Bunny - DtMF,off-25s/second_play,-25975,,,25975,,0,0,False,False,False,11,11,368.6,6.2,8.8,0.0,0,False
Bad Bunny - DtMF,off-25s/seeded_correct,-25975,-25975,0,0,,0,0,False,False,False,11,11,356.9,6.3,7.8,100.0,0,True
Bad Bunny - DtMF,off-25s/seeded_wrong_2s,-25975,-23975,2000,2000,,0,0,False,False,False,11,11,353.0,6.0,7.9,0.0,0,False
Bad Bunny - DtMF,noise0/cold,-975,-972,3,0,90250,0,7,True,True,True,12,11,301.4,5.5,8.3,62.2,1,True
Bad Bunny - DtMF,noise0/seeded_correct,-975,-969,6,0,90250,0,6,False,True,True,12,11,326.2,5.9,9.1,65.1,1,True
Bad Bunny - DtMF,noise0/seeded_wrong_2s,-975,-969,6,0,90250,0,5,False,True,True,12,11,311.5,5.7,9.0,62.2,1,True
Bad Bunny - DtMF,noise-2s/cold,-2975,-2967,8,975,,0,6,True,True,True,13,11,315.4,5.8,9.9,0.0,2,True
Bad Bunny - DtMF,noise-2s/seeded_correct,-2975,-2970,5,5,163250,0,2,False,True,True,12,11,334.7,6.2,8.6,36.3,1,True
Bad Bunny - DtMF,noise-2s/seeded_wrong_2s,-2975,-2969,6,0,166000,0,3,False,True,True,12,11,310.1,5.4,9.7,31.0,1,True
Bad Bunny - DtMF,cutin5s/cold,4025,4024,-1,-3,36275,0,2,True,True,True,4,11,412.8,4.1,7.5,84.5,0,True
Bad Bunny - DtMF,cutin5s/second_play,4025,4031,6,0,90250,0,6,False,True,False,11,11,307.0,6.3,9.8,64.3,0,True
Bad Bunny - DtMF,cutin5s/seeded_correct,4025,4030,5,0,90250,0,6,False,True,False,11,11,292.6,5.7,9.3,64.3,0,True
Bad Bunny - DtMF,cutin5s/seeded_wrong_2s,4025,4031,6,0,90250,0,6,False,True,False,11,11,296.7,6.0,10.0,61.3,0,True
Bad Bunny - DtMF,cutin15s/cold,14025,14029,4,0,5500,0,5,False,True,False,11,11,222.4,5.2,8.6,97.5,0,True
Bad Bunny - DtMF,cutin15s/second_play,14025,14027,2,3,5500,0,3,False,True,True,5,11,289.0,3.8,6.3,100.0,0,True
Bad Bunny - DtMF,cutin15s/seeded_correct,14025,14029,4,0,5500,0,5,False,True,False,11,11,213.6,5.1,7.7,100.0,0,True
Bad Bunny - DtMF,cutin15s/seeded_wrong_2s,14025,14029,4,0,5500,0,5,False,True,False,11,11,219.7,4.8,8.9,97.5,0,True
Bad Bunny - DtMF,cutin25s/cold,24025,24026,1,0,4000,0,3,False,True,True,5,11,324.6,4.3,7.5,98.1,0,True
Bad Bunny - DtMF,cutin25s/second_play,24025,24026,1,1,4000,0,3,False,True,True,5,11,313.6,4.4,6.5,100.0,0,True
Bad Bunny - DtMF,cutin25s/seeded_correct,24025,24026,1,0,4000,0,4,False,True,True,5,11,316.4,4.3,7.2,100.0,0,True
Bad Bunny - DtMF,cutin25s/seeded_wrong_2s,24025,24026,1,0,4000,0,3,False,True,True,5,11,306.4,4.4,6.8,98.1,0,True
Bad Bunny - DtMF,blend8s/cold,-975,-976,-1,-3,36275,0,2,True,True,True,4,11,463.4,4.2,7.7,84.8,0,True
Bad Bunny - DtMF,blend8s/seeded_correct,-975,-970,5,0,90250,0,5,False,True,False,11,11,367.8,7.2,11.0,65.1,0,True
Bad Bunny - DtMF,blend8s/seeded_wrong_2s,-975,-969,6,0,90250,0,6,False,True,False,11,11,347.5,6.7,10.4,62.2,0,True
Bad Bunny - DtMF,midshift+1.5s/cold,-975,535,10,0,90250,0,5,True,True,True,12,11,352.1,6.4,11.1,61.9,1,True
Bad Bunny - DtMF,midshift+1.5s/seeded_correct,-975,535,10,0,90250,0,4,False,True,True,12,11,357.7,6.8,10.9,64.9,1,True
Bad Bunny - DtMF,midshift+1.5s/seeded_wrong_2s,-975,536,11,0,90250,0,4,False,True,True,12,11,348.8,6.4,10.7,61.9,1,True
Bad Bunny - DtMF,midshift-1.5s/cold,-975,-975,1500,2475,,0,3,True,True,True,13,11,333.6,5.6,10.8,0.0,2,False
Bad Bunny - DtMF,midshift-1.5s/seeded_correct,-975,-973,1502,0,105000,0,1,False,True,True,12,11,310.6,5.7,9.4,59.2,1,False
Bad Bunny - DtMF,midshift-1.5s/seeded_wrong_2s,-975,-973,1502,2475,,0,1,False,True,True,13,11,327.5,5.8,10.6,0.0,2,False
Bad Bunny - EL CLúB,off0/cold,2375,2361,-14,0,93750,0,3,False,True,True,5,8,292.7,4.0,6.1,96.8,0,True
Bad Bunny - EL CLúB,off0/seeded_correct,2375,2363,-12,0,93750,0,3,False,True,True,5,8,294.4,4.1,6.1,100.0,0,True
Bad Bunny - EL CLúB,off0/seeded_wrong_2s,2375,2361,-14,0,93750,0,3,False,True,True,5,8,287.0,4.0,6.0,96.8,0,True
Bad Bunny - EL CLúB,off+200/cold,2575,2576,1,0,93750,0,4,True,True,True,5,8,306.9,4.2,6.7,96.8,0,True
Bad Bunny - EL CLúB,off+200/seeded_correct,2575,2563,-12,0,93750,0,3,False,True,True,5,8,299.3,4.1,6.5,100.0,0,True
Bad Bunny - EL CLúB,off+200/seeded_wrong_2s,2575,2561,-14,0,93750,0,3,False,True,True,5,8,299.2,4.0,6.1,96.8,0,True
Bad Bunny - EL CLúB,off-200/cold,2175,2167,-8,-6,41700,0,4,True,True,True,5,8,311.8,4.3,6.3,96.8,0,True
Bad Bunny - EL CLúB,off-200/seeded_correct,2175,2163,-12,0,93750,0,3,False,True,True,5,8,299.8,4.0,6.2,100.0,0,True
Bad Bunny - EL CLúB,off-200/seeded_wrong_2s,2175,2161,-14,0,93750,0,3,False,True,True,5,8,314.1,4.0,7.4,96.8,0,True
Bad Bunny - EL CLúB,off+2s/cold,4375,4381,6,0,93750,0,3,True,False,True,5,8,318.1,3.9,6.3,57.0,0,True
Bad Bunny - EL CLúB,off+2s/seeded_correct,4375,4363,-12,0,93750,0,3,False,True,True,5,8,297.1,4.1,6.3,100.0,0,True
Bad Bunny - EL CLúB,off+2s/seeded_wrong_2s,4375,4361,-14,0,93750,0,3,False,True,True,5,8,299.5,4.3,6.3,97.5,0,True
Bad Bunny - EL CLúB,off-2s/cold,375,367,-8,-6,41700,0,4,True,True,True,5,8,299.7,4.0,6.1,95.5,0,True
Bad Bunny - EL CLúB,off-2s/seeded_correct,375,363,-12,0,93750,0,3,False,True,True,5,8,321.3,4.3,7.5,100.0,0,True
Bad Bunny - EL CLúB,off-2s/seeded_wrong_2s,375,361,-14,0,93750,0,3,False,True,True,5,8,297.2,3.8,6.2,95.5,0,True
Bad Bunny - EL CLúB,off+10s/cold,12375,12371,-4,0,93750,0,3,False,False,True,6,8,313.4,4.2,6.4,55.3,0,True
Bad Bunny - EL CLúB,off+10s/second_play,12375,12373,-2,-4,5500,0,5,False,True,True,5,8,289.0,4.4,6.5,100.0,0,True
Bad Bunny - EL CLúB,off+10s/seeded_correct,12375,12373,-2,0,7000,0,4,False,True,True,5,8,286.8,4.2,6.1,100.0,0,True
Bad Bunny - EL CLúB,off+10s/seeded_wrong_2s,12375,12373,-2,0,7000,0,3,False,True,True,5,8,291.4,4.2,6.4,96.7,0,True
Bad Bunny - EL CLúB,off-10s/cold,-7625,,,7625,,0,0,False,False,False,10,8,323.5,4.3,7.5,0.0,2,False
Bad Bunny - EL CLúB,off-10s/second_play,-7625,,,7625,,0,0,False,False,False,10,8,323.6,4.3,7.5,0.0,2,False
Bad Bunny - EL CLúB,off-10s/seeded_correct,-7625,-7625,0,0,120000,0,1,False,True,False,9,8,301.5,4.4,7.4,100.0,1,True
Bad Bunny - EL CLúB,off-10s/seeded_wrong_2s,-7625,-7625,0,0,120000,0,1,False,True,False,9,8,314.3,4.5,7.8,92.4,1,True
Bad Bunny - EL CLúB,off+25s/cold,27375,27371,-4,0,93750,0,3,False,False,True,6,8,296.4,4.4,6.3,51.9,0,True
Bad Bunny - EL CLúB,off+25s/second_play,27375,27373,-2,-4,2500,0,1,False,True,True,2,8,336.5,4.1,6.6,100.0,0,True
Bad Bunny - EL CLúB,off+25s/seeded_correct,27375,27374,-1,0,2500,0,1,False,True,True,2,8,330.3,3.8,6.3,100.0,0,True
Bad Bunny - EL CLúB,off+25s/seeded_wrong_2s,27375,27373,-2,0,2500,0,1,False,True,True,2,8,339.5,3.8,6.5,98.7,0,True
Bad Bunny - EL CLúB,off-25s/cold,-22625,,,22625,,0,0,False,False,False,8,8,313.9,4.3,6.5,0.0,0,False
Bad Bunny - EL CLúB,off-25s/second_play,-22625,,,22625,,0,0,False,False,False,8,8,319.4,4.3,6.6,0.0,0,False
Bad Bunny - EL CLúB,off-25s/seeded_correct,-22625,-22625,0,0,,0,0,False,False,False,8,8,310.2,4.2,6.6,100.0,0,True
Bad Bunny - EL CLúB,off-25s/seeded_wrong_2s,-22625,-20625,2000,2000,,0,0,False,False,False,8,8,307.3,4.2,6.6,0.0,0,False
Bad Bunny - EL CLúB,noise0/cold,2375,2361,-14,0,93750,0,3,False,True,True,5,8,257.4,3.6,5.2,96.8,0,True
Bad Bunny - EL CLúB,noise0/seeded_correct,2375,2363,-12,0,93750,0,3,False,True,True,5,8,256.3,3.4,5.4,100.0,0,True
Bad Bunny - EL CLúB,noise0/seeded_wrong_2s,2375,2361,-14,0,93750,0,3,False,True,True,5,8,253.3,3.4,5.3,96.8,0,True
Bad Bunny - EL CLúB,noise-2s/cold,375,367,-8,-6,41700,0,4,True,True,True,5,8,255.7,3.5,5.2,95.5,0,True
Bad Bunny - EL CLúB,noise-2s/seeded_correct,375,363,-12,0,93750,0,3,False,True,True,5,8,254.9,3.4,5.3,100.0,0,True
Bad Bunny - EL CLúB,noise-2s/seeded_wrong_2s,375,361,-14,0,93750,0,3,False,True,True,5,8,253.7,3.3,5.3,95.5,0,True
Bad Bunny - EL CLúB,cutin5s/cold,7375,7368,-7,0,4000,0,4,False,True,True,5,8,267.1,4.1,5.9,98.1,0,True
Bad Bunny - EL CLúB,cutin5s/second_play,7375,7373,-2,-8,4000,0,5,False,True,False,8,8,251.3,4.1,7.0,100.0,0,True
Bad Bunny - EL CLúB,cutin5s/seeded_correct,7375,7369,-6,0,4000,0,3,False,True,True,5,8,260.8,3.7,5.6,100.0,0,True
Bad Bunny - EL CLúB,cutin5s/seeded_wrong_2s,7375,7368,-7,0,4000,0,4,False,True,True,5,8,266.2,3.7,5.7,98.1,0,True
Bad Bunny - EL CLúB,cutin15s/cold,17375,17373,-2,0,4000,0,4,False,True,True,5,8,213.8,3.4,4.5,98.0,0,True
Bad Bunny - EL CLúB,cutin15s/second_play,17375,17373,-2,-2,4000,0,6,False,True,True,5,8,215.1,3.3,4.8,100.0,0,True
Bad Bunny - EL CLúB,cutin15s/seeded_correct,17375,17373,-2,0,4000,0,4,False,True,True,5,8,210.3,3.3,4.8,100.0,0,True
Bad Bunny - EL CLúB,cutin15s/seeded_wrong_2s,17375,17373,-2,0,4000,0,4,False,True,True,5,8,209.4,3.3,4.7,98.0,0,True
Bad Bunny - EL CLúB,cutin25s/cold,27375,27372,-3,0,7000,0,3,False,True,True,5,8,221.0,3.8,5.1,96.4,0,True
Bad Bunny - EL CLúB,cutin25s/second_play,27375,27372,-3,-3,7000,0,3,False,True,True,5,8,213.5,3.6,5.0,100.0,0,True
Bad Bunny - EL CLúB,cutin25s/seeded_correct,27375,27372,-3,0,7000,0,3,False,True,True,5,8,211.7,3.6,5.0,100.0,0,True
Bad Bunny - EL CLúB,cutin25s/seeded_wrong_2s,27375,27372,-3,0,7000,0,3,False,True,True,5,8,237.1,3.6,8.7,96.4,0,True
Bad Bunny - EL CLúB,blend8s/cold,2375,2373,-2,0,22000,0,3,False,True,True,5,8,287.8,3.5,5.7,90.0,0,True
Bad Bunny - EL CLúB,blend8s/seeded_correct,2375,2373,-2,0,22000,0,4,False,True,True,5,8,292.4,3.4,6.2,100.0,0,True
Bad Bunny - EL CLúB,blend8s/seeded_wrong_2s,2375,2373,-2,0,22000,0,3,False,True,True,5,8,288.2,3.4,6.0,90.0,0,True
Bad Bunny - EL CLúB,midshift+1.5s/cold,2375,3875,0,0,118000,1,3,False,True,True,6,8,350.5,4.9,7.2,70.2,1,True
Bad Bunny - EL CLúB,midshift+1.5s/seeded_correct,2375,3875,0,0,118000,1,3,False,True,True,6,8,339.4,4.6,7.0,73.4,1,True
Bad Bunny - EL CLúB,midshift+1.5s/seeded_wrong_2s,2375,3875,0,0,118000,1,3,False,True,True,6,8,345.3,4.6,7.5,70.2,1,True
Bad Bunny - EL CLúB,midshift-1.5s/cold,2375,2362,1487,0,93750,1,3,False,True,True,5,8,296.4,4.1,6.3,81.6,0,False
Bad Bunny - EL CLúB,midshift-1.5s/seeded_correct,2375,2364,1489,0,93750,1,3,False,True,True,5,8,301.7,4.1,6.7,84.8,0,False
Bad Bunny - EL CLúB,midshift-1.5s/seeded_wrong_2s,2375,2362,1487,0,93750,1,3,False,True,True,5,8,294.9,3.8,6.3,81.6,0,False
Bad Bunny - HOY COBRÉ,off0/cold,-450,-426,24,25,44250,1,5,True,True,True,5,5,170.8,2.9,4.2,72.6,1,True
Bad Bunny - HOY COBRÉ,off0/seeded_correct,-450,-423,27,25,44250,1,4,False,True,True,5,5,168.5,2.9,4.1,76.9,1,True
Bad Bunny - HOY COBRÉ,off0/seeded_wrong_2s,-450,-423,27,25,44250,1,4,False,True,True,5,5,170.0,2.8,4.0,72.6,1,True
Bad Bunny - HOY COBRÉ,off+200/cold,-250,-225,25,25,44250,1,5,True,True,True,5,5,176.0,3.1,4.4,76.9,1,True
Bad Bunny - HOY COBRÉ,off+200/seeded_correct,-250,-223,27,25,64500,1,3,False,True,True,5,5,167.3,2.8,4.1,64.3,1,True
Bad Bunny - HOY COBRÉ,off+200/seeded_wrong_2s,-250,-223,27,25,64500,1,3,False,True,True,5,5,167.8,2.8,4.0,59.9,1,True
Bad Bunny - HOY COBRÉ,off-200/cold,-650,-628,22,25,32000,1,5,True,True,True,5,5,176.1,3.0,4.4,80.2,1,True
Bad Bunny - HOY COBRÉ,off-200/seeded_correct,-650,-626,24,25,32000,1,3,False,True,True,5,5,175.5,3.1,4.2,85.4,1,True
Bad Bunny - HOY COBRÉ,off-200/seeded_wrong_2s,-650,-626,24,25,64500,1,3,False,True,True,5,5,168.2,2.8,4.2,60.0,1,True
Bad Bunny - HOY COBRÉ,off+2s/cold,1550,1575,25,25,44250,1,5,True,True,True,5,5,170.8,3.0,4.4,72.2,1,True
Bad Bunny - HOY COBRÉ,off+2s/seeded_correct,1550,1577,27,25,44250,1,4,False,True,True,5,5,169.1,2.9,4.4,75.7,1,True
Bad Bunny - HOY COBRÉ,off+2s/seeded_wrong_2s,1550,1577,27,25,44250,1,4,False,True,True,5,5,168.0,3.0,4.2,72.2,1,True
Bad Bunny - HOY COBRÉ,off-2s/cold,-2450,-2428,22,450,,1,3,True,True,True,5,5,179.6,3.0,4.3,0.0,2,True
Bad Bunny - HOY COBRÉ,off-2s/seeded_correct,-2450,-2003,447,25,64500,1,1,False,True,True,4,5,169.4,2.7,4.1,66.6,1,False
Bad Bunny - HOY COBRÉ,off-2s/seeded_wrong_2s,-2450,-2000,450,25,64500,1,1,False,True,True,4,5,169.8,2.8,4.2,60.5,1,False
Bad Bunny - HOY COBRÉ,off+10s/cold,9550,2951,-6599,-9550,,2,2,False,False,False,5,5,185.2,2.9,4.2,0.0,0,False
Bad Bunny - HOY COBRÉ,off+10s/second_play,9550,9575,25,25,72000,1,2,False,False,False,7,5,191.0,2.9,4.3,52.4,2,True
Bad Bunny - HOY COBRÉ,off+10s/seeded_correct,9550,9574,24,25,30000,1,3,False,True,True,5,5,163.3,3.1,4.7,82.8,1,True
Bad Bunny - HOY COBRÉ,off+10s/seeded_wrong_2s,9550,9575,25,25,64500,1,3,False,True,True,5,5,158.8,3.1,4.2,57.3,1,True
Bad Bunny - HOY COBRÉ,off-10s/cold,-10450,,,10450,,0,0,False,False,False,5,5,182.6,2.9,4.1,0.0,0,False
Bad Bunny - HOY COBRÉ,off-10s/second_play,-10450,,,10450,,0,0,False,False,False,5,5,185.5,2.9,4.3,0.0,0,False
Bad Bunny - HOY COBRÉ,off-10s/seeded_correct,-10450,-10425,25,25,84000,0,1,False,True,False,7,5,181.7,2.7,4.6,61.2,2,True
Bad Bunny - HOY COBRÉ,off-10s/seeded_wrong_2s,-10450,-10425,25,25,84000,0,1,False,True,False,7,5,181.5,2.7,4.3,50.9,2,True
Bad Bunny - HOY COBRÉ,off+25s/cold,24550,24577,27,25,44250,0,3,False,False,True,5,5,189.5,3.1,5.0,67.5,0,True
Bad Bunny - HOY COBRÉ,off+25s/second_play,24550,24581,31,25,36000,1,4,False,True,True,4,5,243.4,5.7,8.7,75.4,1,True
Bad Bunny - HOY COBRÉ,off+25s/seeded_correct,24550,24997,447,25,42000,1,1,False,True,True,3,5,165.9,3.4,5.1,71.0,1,False
Bad Bunny - HOY COBRÉ,off+25s/seeded_wrong_2s,24550,25000,450,25,42000,1,1,False,True,True,3,5,151.1,3.1,4.3,69.2,1,False
Bad Bunny - HOY COBRÉ,off-25s/cold,-25450,,,25450,,0,0,False,False,False,5,5,198.2,2.7,5.1,0.0,0,False
Bad Bunny - HOY COBRÉ,off-25s/second_play,-25450,,,25450,,0,0,False,False,False,5,5,203.7,3.4,4.5,0.0,0,False
Bad Bunny - HOY COBRÉ,off-25s/seeded_correct,-25450,-25450,0,0,,0,0,False,False,False,5,5,177.0,2.6,4.1,100.0,0,True
Bad Bunny - HOY COBRÉ,off-25s/seeded_wrong_2s,-25450,-23450,2000,2000,,0,0,False,False,False,5,5,181.5,2.9,4.3,0.0,0,False
Bad Bunny - HOY COBRÉ,noise0/cold,-450,-426,24,25,44250,1,5,True,True,True,5,5,153.5,2.5,3.8,72.6,1,True
Bad Bunny - HOY COBRÉ,noise0/seeded_correct,-450,-423,27,25,44250,1,4,False,True,True,5,5,148.7,2.5,3.6,76.9,1,True
Bad Bunny - HOY COBRÉ,noise0/seeded_wrong_2s,-450,-423,27,25,44250,1,4,False,True,True,5,5,147.9,2.5,3.7,72.6,1,True
Bad Bunny - HOY COBRÉ,noise-2s/cold,-2450,-2428,22,450,,0,2,True,True,True,6,5,157.0,2.5,3.7,0.0,2,True
Bad Bunny - HOY COBRÉ,noise-2s/seeded_correct,-2450,-2003,447,25,64500,1,1,False,True,True,4,5,147.5,2.4,3.6,66.6,1,False
Bad Bunny - HOY COBRÉ,noise-2s/seeded_wrong_2s,-2450,-450,2000,450,,0,0,False,True,True,6,5,153.7,2.5,3.7,0.0,2,False
Bad Bunny - HOY COBRÉ,cutin5s/cold,4550,4573,23,25,44250,1,5,True,True,True,5,5,148.3,2.6,3.9,71.7,1,True
Bad Bunny - HOY COBRÉ,cutin5s/second_play,4550,4573,23,25,30000,1,3,False,True,True,5,5,144.1,2.6,3.6,86.2,1,True
Bad Bunny - HOY COBRÉ,cutin5s/seeded_correct,4550,4573,23,25,30000,1,3,False,True,True,5,5,144.2,2.5,3.7,86.2,1,True
Bad Bunny - HOY COBRÉ,cutin5s/seeded_wrong_2s,4550,4573,23,25,64500,1,3,False,True,True,5,5,144.0,2.5,3.8,58.7,1,True
Bad Bunny - HOY COBRÉ,cutin15s/cold,14550,14581,31,25,34000,1,4,False,True,True,4,5,126.8,2.7,3.5,76.7,1,True
Bad Bunny - HOY COBRÉ,cutin15s/second_play,14550,14999,449,25,30000,1,1,False,True,True,5,5,126.6,2.5,3.8,82.2,1,False
Bad Bunny - HOY COBRÉ,cutin15s/seeded_correct,14550,14580,30,25,34000,1,4,False,True,True,4,5,120.2,2.4,3.3,79.5,1,True
Bad Bunny - HOY COBRÉ,cutin15s/seeded_wrong_2s,14550,14581,31,25,34000,1,4,False,True,True,4,5,119.3,2.4,3.3,76.7,1,True
Bad Bunny - HOY COBRÉ,cutin25s/cold,24550,24569,19,25,44250,0,3,False,False,True,5,5,167.6,2.9,4.3,67.5,0,True
Bad Bunny - HOY COBRÉ,cutin25s/second_play,24550,24572,22,25,32250,0,3,False,False,False,5,5,133.0,2.3,3.4,100.0,0,True
Bad Bunny - HOY COBRÉ,cutin25s/seeded_correct,24550,24570,20,25,32250,0,3,False,False,True,5,5,134.3,2.3,3.5,100.0,0,True
Bad Bunny - HOY COBRÉ,cutin25s/seeded_wrong_2s,24550,24566,16,25,39750,0,2,False,False,True,4,5,146.7,2.2,3.4,70.8,0,True
Bad Bunny - HOY COBRÉ,blend8s/cold,-450,-426,24,25,44250,1,5,True,True,True,5,5,162.6,2.6,4.0,72.6,1,True
Bad Bunny - HOY COBRÉ,blend8s/seeded_correct,-450,-423,27,25,44250,1,4,False,True,True,5,5,158.6,2.5,3.8,81.5,1,True
Bad Bunny - HOY COBRÉ,blend8s/seeded_wrong_2s,-450,-425,25,25,64500,0,2,False,True,False,5,5,150.3,2.7,3.8,60.0,0,True
Bad Bunny - HOY COBRÉ,midshift+1.5s/cold,-450,1073,23,25,44250,1,4,True,True,True,6,5,179.4,3.0,4.6,67.3,2,True
Bad Bunny - HOY COBRÉ,midshift+1.5s/seeded_correct,-450,-425,-1475,25,44250,1,2,False,True,True,6,5,174.6,2.8,4.5,71.7,2,False
Bad Bunny - HOY COBRÉ,midshift+1.5s/seeded_wrong_2s,-450,-425,-1475,25,44250,1,2,False,True,True,6,5,173.3,2.9,4.4,67.3,2,False
Bad Bunny - HOY COBRÉ,midshift-1.5s/cold,-450,-1927,23,25,44250,1,4,True,True,True,6,5,173.4,2.8,4.2,67.9,2,True
Bad Bunny - HOY COBRÉ,midshift-1.5s/seeded_correct,-450,-425,1525,25,44250,1,2,False,True,True,6,5,167.6,2.7,4.2,72.2,2,False
Bad Bunny - HOY COBRÉ,midshift-1.5s/seeded_wrong_2s,-450,-425,1525,1525,44250,1,2,False,True,True,6,5,167.0,2.6,4.2,9.7,2,False
Bad Bunny - Si Estuviésemos Juntos,off0/cold,1844,1788,-56,-44,5500,0,3,False,True,True,3,13,179.8,2.2,3.9,96.7,0,True
Bad Bunny - Si Estuviésemos Juntos,off0/seeded_correct,1844,1791,-53,-44,5500,0,3,False,True,True,3,13,178.0,2.3,4.0,100.0,0,True
Bad Bunny - Si Estuviésemos Juntos,off0/seeded_wrong_2s,1844,1789,-55,-44,5500,0,3,False,True,True,3,13,176.8,2.3,3.8,96.7,0,True
Bad Bunny - Si Estuviésemos Juntos,off+200/cold,2044,1988,-56,-44,5500,0,3,False,True,True,3,13,179.0,2.3,3.9,96.7,0,True
Bad Bunny - Si Estuviésemos Juntos,off+200/seeded_correct,2044,1991,-53,-44,5500,0,3,False,True,True,3,13,180.5,2.3,3.9,100.0,0,True
Bad Bunny - Si Estuviésemos Juntos,off+200/seeded_wrong_2s,2044,1989,-55,-44,5500,0,3,False,True,True,3,13,180.1,2.3,3.9,96.7,0,True
Bad Bunny - Si Estuviésemos Juntos,off-200/cold,1644,1588,-56,-44,5500,0,3,False,True,True,3,13,178.8,2.3,3.8,96.7,0,True
Bad Bunny - Si Estuviésemos Juntos,off-200/seeded_correct,1644,1591,-53,-44,5500,0,3,False,True,True,3,13,178.7,2.2,3.9,100.0,0,True
Bad Bunny - Si Estuviésemos Juntos,off-200/seeded_wrong_2s,1644,1589,-55,-44,5500,0,3,False,True,True,3,13,182.1,2.4,4.0,96.7,0,True
Bad Bunny - Si Estuviésemos Juntos,off+2s/cold,3844,3832,-12,-19,58500,0,3,False,False,True,10,13,158.8,3.1,6.3,64.7,0,True
Bad Bunny - Si Estuviésemos Juntos,off+2s/seeded_correct,3844,3791,-53,-44,4000,0,3,False,True,True,3,13,177.7,2.4,3.9,100.0,0,True
Bad Bunny - Si Estuviésemos Juntos,off+2s/seeded_wrong_2s,3844,3789,-55,-44,4000,0,3,False,True,True,3,13,176.9,2.3,3.8,97.6,0,True
Bad Bunny - Si Estuviésemos Juntos,off-2s/cold,-156,-179,-23,6,8500,0,6,False,True,True,7,13,167.3,2.7,5.5,100.0,1,True
Bad Bunny - Si Estuviésemos Juntos,off-2s/seeded_correct,-156,-172,-16,6,8500,0,3,False,True,True,4,13,180.4,2.4,3.9,100.0,1,True
Bad Bunny - Si Estuviésemos Juntos,off-2s/seeded_wrong_2s,-156,-175,-19,6,8500,0,3,False,True,True,4,13,179.6,2.3,3.9,95.0,1,True
Bad Bunny - Si Estuviésemos Juntos,off+10s/cold,11844,11837,-7,6,104000,2,5,False,False,True,11,13,146.2,3.4,6.9,34.0,0,True
Bad Bunny - Si Estuviésemos Juntos,off+10s/second_play,11844,11814,-30,-19,2500,0,3,False,True,True,3,13,182.7,2.5,4.1,100.0,1,True
Bad Bunny - Si Estuviésemos Juntos,off+10s/seeded_correct,11844,11800,-44,-50,2500,0,2,False,True,True,2,13,177.1,2.5,3.9,100.0,0,True
Bad Bunny - Si Estuviésemos Juntos,off+10s/seeded_wrong_2s,11844,11799,-45,-50,2500,0,2,False,True,True,2,13,175.2,2.5,4.0,98.4,0,True
Bad Bunny - Si Estuviésemos Juntos,off-10s/cold,-8156,3000,11156,33481,,1,1,False,False,True,14,13,162.8,3.5,7.8,0.0,2,False
Bad Bunny - Si Estuviésemos Juntos,off-10s/second_play,-8156,25325,33481,33481,,2,2,False,False,False,15,13,152.7,3.6,7.9,0.0,2,False
Bad Bunny - Si Estuviésemos Juntos,off-10s/seeded_correct,-8156,2999,11155,-100,16000,1,1,False,True,False,15,13,156.6,3.7,8.4,100.0,2,False
Bad Bunny - Si Estuviésemos Juntos,off-10s/seeded_wrong_2s,-8156,2999,11155,-100,16000,1,1,False,True,False,15,13,154.5,3.6,8.1,91.0,2,False
Bad Bunny - Si Estuviésemos Juntos,off+25s/cold,26844,26799,-45,-44,27500,0,3,False,False,True,4,13,188.0,2.7,4.1,80.7,0,True
Bad Bunny - Si Estuviésemos Juntos,off+25s/second_play,26844,26799,-45,-45,2500,0,1,False,True,True,1,13,170.9,2.6,3.8,100.0,0,True
Bad Bunny - Si Estuviésemos Juntos,off+25s/seeded_correct,26844,26837,-7,6,2500,0,3,False,True,True,3,13,169.3,2.5,4.2,100.0,1,True
Bad Bunny - Si Estuviésemos Juntos,off+25s/seeded_wrong_2s,26844,26836,-8,6,2500,0,3,False,True,True,4,13,168.9,2.5,4.2,98.2,1,True
Bad Bunny - Si Estuviésemos Juntos,off-25s/cold,-23156,-848,22308,22308,,2,2,False,False,True,15,13,167.9,3.6,7.4,0.0,2,False
Bad Bunny - Si Estuviésemos Juntos,off-25s/second_play,-23156,-848,22308,22308,,2,2,False,False,True,15,13,166.2,3.5,7.4,0.0,2,False
Bad Bunny - Si Estuviésemos Juntos,off-25s/seeded_correct,-23156,-850,22306,22306,,1,1,False,False,True,15,13,166.5,3.6,7.6,70.9,2,False
Bad Bunny - Si Estuviésemos Juntos,off-25s/seeded_wrong_2s,-23156,-850,22306,22306,,1,1,False,False,True,15,13,166.9,3.5,7.5,0.0,2,False
Bad Bunny - Si Estuviésemos Juntos,noise0/cold,1844,1788,-56,-44,5500,0,3,False,True,True,3,13,169.4,2.2,3.6,96.7,0,True
Bad Bunny - Si Estuviésemos Juntos,noise0/seeded_correct,1844,1790,-54,-44,5500,0,3,False,True,True,3,13,169.0,2.2,3.7,100.0,0,True
Bad Bunny - Si Estuviésemos Juntos,noise0/seeded_wrong_2s,1844,1789,-55,-44,5500,0,3,False,True,True,3,13,169.9,2.2,3.7,96.7,0,True
Bad Bunny - Si Estuviésemos Juntos,noise-2s/cold,-156,-179,-23,6,8500,0,6,False,True,True,7,13,159.5,2.7,5.2,100.0,1,True
Bad Bunny - Si Estuviésemos Juntos,noise-2s/seeded_correct,-156,-172,-16,6,8500,0,3,False,True,True,4,13,170.1,2.2,3.7,100.0,1,True
Bad Bunny - Si Estuviésemos Juntos,noise-2s/seeded_wrong_2s,-156,-175,-19,6,8500,0,3,False,True,True,4,13,170.5,2.2,3.7,95.0,1,True
Bad Bunny - Si Estuviésemos Juntos,cutin5s/cold,6844,6822,-22,-19,4000,0,9,False,True,True,9,13,148.6,3.0,5.9,97.5,1,True
Bad Bunny - Si Estuviésemos Juntos,cutin5s/second_play,6844,6835,-9,6,4000,0,8,False,True,True,9,13,141.4,3.0,4.8,100.0,1,True
Bad Bunny - Si Estuviésemos Juntos,cutin5s/seeded_correct,6844,6835,-9,6,4000,0,8,False,True,True,9,13,141.9,2.9,4.9,100.0,1,True
Bad Bunny - Si Estuviésemos Juntos,cutin5s/seeded_wrong_2s,6844,6834,-10,6,4000,0,9,False,True,True,9,13,142.3,2.9,4.9,97.5,1,True
Bad Bunny - Si Estuviésemos Juntos,cutin15s/cold,16844,16800,-44,-44,4000,0,2,False,True,True,3,13,145.9,2.2,3.4,97.4,0,True
Bad Bunny - Si Estuviésemos Juntos,cutin15s/second_play,16844,16800,-44,-44,4000,0,2,False,True,True,3,13,143.6,2.1,3.3,100.0,0,True
Bad Bunny - Si Estuviésemos Juntos,cutin15s/seeded_correct,16844,16800,-44,-50,4000,0,3,False,True,True,3,13,143.5,2.1,3.3,100.0,0,True
Bad Bunny - Si Estuviésemos Juntos,cutin15s/seeded_wrong_2s,16844,16799,-45,-50,4000,0,2,False,True,True,3,13,143.6,2.1,3.3,97.4,0,True
Bad Bunny - Si Estuviésemos Juntos,cutin25s/cold,26844,26800,-44,-44,4000,0,2,False,True,True,4,13,138.0,2.4,3.4,97.2,0,True
Bad Bunny - Si Estuviésemos Juntos,cutin25s/second_play,26844,26800,-44,-44,4000,0,2,False,True,True,4,13,133.1,2.2,3.4,100.0,0,True
Bad Bunny - Si Estuviésemos Juntos,cutin25s/seeded_correct,26844,26821,-23,6,4000,0,3,False,True,True,6,13,134.0,2.1,3.6,100.0,1,True
Bad Bunny - Si Estuviésemos Juntos,cutin25s/seeded_wrong_2s,26844,26821,-23,6,4000,0,3,False,True,True,6,13,133.1,2.1,3.9,97.2,1,True
Bad Bunny - Si Estuviésemos Juntos,blend8s/cold,1844,1799,-45,-44,21000,0,2,False,False,True,3,13,186.5,2.2,3.8,87.5,0,True
Bad Bunny - Si Estuviésemos Juntos,blend8s/seeded_correct,1844,1801,-43,-44,16000,0,2,False,False,True,3,13,185.5,2.2,3.8,100.0,0,True
Bad Bunny - Si Estuviésemos Juntos,blend8s/seeded_wrong_2s,1844,1801,-43,-44,27500,0,2,False,False,True,3,13,185.1,2.2,3.8,83.6,0,True
Bad Bunny - Si Estuviésemos Juntos,midshift+1.5s/cold,1844,3330,-14,6,5500,0,4,False,True,True,8,13,187.4,3.2,5.6,70.2,1,True
Bad Bunny - Si Estuviésemos Juntos,midshift+1.5s/seeded_correct,1844,3339,-5,6,72000,0,5,False,True,True,8,13,178.5,3.2,4.9,92.8,1,True
Bad Bunny - Si Estuviésemos Juntos,midshift+1.5s/seeded_wrong_2s,1844,3341,-3,6,5500,0,5,False,True,True,8,13,179.0,3.3,5.0,89.5,1,True
Bad Bunny - Si Estuviésemos Juntos,midshift-1.5s/cold,1844,339,-5,-19,5500,0,5,False,True,True,9,13,172.8,3.0,6.2,78.1,1,True
Bad Bunny - Si Estuviésemos Juntos,midshift-1.5s/seeded_correct,1844,344,0,6,5500,0,6,False,True,True,9,13,165.3,3.1,5.1,92.9,1,True
Bad Bunny - Si Estuviésemos Juntos,midshift-1.5s/seeded_wrong_2s,1844,362,18,6,5500,0,5,False,True,True,8,13,175.0,2.8,4.7,89.7,1,True
