stem,scenario,expected_offset_ms,final_stored_offset_ms,final_stored_error_ms,engine_final_error_ms,time_to_first_correct_lock_ms,wrong_lock_events,n_saves,anchor_matched,locked_via_stop,windows_evaluated,windows_planned,cpu_ms_total,cpu_ms_p50,cpu_ms_p95,correct
Bad Bunny - EoO,off0/cold,-1075,-1050,25,25,9000,0,2,False,True,5,22,66.6,13.2,14.0,True
Bad Bunny - EoO,off0/seeded_correct,-1075,-1075,0,0,9000,0,2,False,True,4,22,52.7,13.2,13.5,True
Bad Bunny - EoO,off0/seeded_wrong_2s,-1075,-1050,25,25,9000,0,2,False,True,5,22,66.9,13.4,14.2,True
Bad Bunny - EoO,off+200/cold,-875,-850,25,25,9000,0,2,False,True,4,22,52.6,13.2,13.4,True
Bad Bunny - EoO,off+200/seeded_correct,-875,-875,0,0,9000,0,2,False,True,2,22,25.6,12.8,12.9,True
Bad Bunny - EoO,off+200/seeded_wrong_2s,-875,-850,25,25,9000,0,2,False,True,4,22,52.2,13.1,13.4,True
Bad Bunny - EoO,off-200/cold,-1275,-1250,25,25,9000,0,2,False,True,5,22,67.1,13.3,14.1,True
Bad Bunny - EoO,off-200/seeded_correct,-1275,-1275,0,0,9000,0,2,False,True,4,22,52.2,13.0,13.4,True
Bad Bunny - EoO,off-200/seeded_wrong_2s,-1275,-1250,25,25,9000,0,2,False,True,5,22,67.0,13.3,14.3,True
Bad Bunny - EoO,off+2s/cold,925,950,25,25,9000,0,2,False,True,4,22,52.6,13.1,13.4,True
Bad Bunny - EoO,off+2s/seeded_correct,925,925,0,0,9000,0,2,False,True,2,22,25.7,12.9,13.0,True
Bad Bunny - EoO,off+2s/seeded_wrong_2s,925,950,25,25,9000,0,2,False,True,4,22,52.5,13.1,13.4,True
Bad Bunny - EoO,off-2s/cold,-3075,-3075,0,0,77250,0,3,True,True,12,22,169.4,14.3,15.9,True
Bad Bunny - EoO,off-2s/seeded_correct,-3075,-3075,0,0,35250,0,4,False,True,11,22,152.1,14.2,14.8,True
Bad Bunny - EoO,off-2s/seeded_wrong_2s,-3075,-3075,0,0,77250,0,2,False,True,15,22,221.2,14.5,17.5,True
Bad Bunny - EoO,off+10s/cold,8925,700,-8225,-8225,,2,2,False,False,22,22,360.8,16.2,20.1,False
Bad Bunny - EoO,off+10s/seeded_correct,8925,8925,0,0,9000,0,2,False,True,4,22,53.8,13.4,13.9,True
Bad Bunny - EoO,off+10s/seeded_wrong_2s,8925,-475,-9400,-9400,,2,2,False,True,15,22,227.7,14.6,18.1,False
Bad Bunny - EoO,off-10s/cold,-11075,-475,10600,10600,,4,4,False,False,21,22,329.8,16.4,19.0,False
Bad Bunny - EoO,off-10s/seeded_correct,-11075,-475,10600,0,,4,4,False,False,21,22,328.8,16.5,18.7,False
Bad Bunny - EoO,off-10s/seeded_wrong_2s,-11075,-475,10600,2000,,4,4,False,False,21,22,331.5,16.2,19.0,False
Bad Bunny - EoO,off+25s/cold,23925,425,-23500,-23500,,2,2,False,False,22,22,379.9,17.2,21.2,False
Bad Bunny - EoO,off+25s/seeded_correct,23925,23925,0,0,9000,0,2,False,True,4,22,56.3,14.1,14.4,True
Bad Bunny - EoO,off+25s/seeded_wrong_2s,23925,1600,-22325,-22325,,4,4,False,True,17,22,277.2,15.9,19.5,False
Bad Bunny - EoO,off-25s/cold,-26075,-175,25900,25900,,3,3,False,False,21,22,316.2,15.7,18.3,False
Bad Bunny - EoO,off-25s/seeded_correct,-26075,1000,27075,0,,2,2,False,False,21,22,315.0,15.7,18.3,False
Bad Bunny - EoO,off-25s/seeded_wrong_2s,-26075,1000,27075,2000,,2,2,False,False,21,22,314.6,15.7,18.0,False
Bad Bunny - EoO,noise0/cold,-1075,-1050,25,25,9000,0,2,False,True,5,22,68.0,13.7,14.4,True
Bad Bunny - EoO,noise0/seeded_correct,-1075,-1075,0,0,9000,0,2,False,True,4,22,53.2,13.4,13.7,True
Bad Bunny - EoO,noise0/seeded_wrong_2s,-1075,-1050,25,25,9000,0,2,False,True,5,22,69.2,13.7,14.8,True
Bad Bunny - EoO,noise-2s/cold,-3075,-3075,0,0,77250,0,3,True,True,12,22,172.9,14.5,16.2,True
Bad Bunny - EoO,noise-2s/seeded_correct,-3075,-3075,0,0,35250,0,4,False,True,11,22,156.1,14.6,15.3,True
Bad Bunny - EoO,noise-2s/seeded_wrong_2s,-3075,-3075,0,0,77250,0,2,False,True,15,22,226.9,14.8,18.1,True
Bad Bunny - EoO,cutin5s/cold,3925,3950,25,25,9000,0,2,False,True,4,22,86.5,21.6,21.8,True
Bad Bunny - EoO,cutin5s/seeded_correct,3925,3925,0,0,9000,0,2,False,True,2,22,42.9,21.5,21.5,True
Bad Bunny - EoO,cutin5s/seeded_wrong_2s,3925,3950,25,25,9000,0,2,False,True,4,22,86.7,21.7,21.9,True
Bad Bunny - EoO,cutin15s/cold,13925,13925,0,0,26000,0,2,False,True,5,22,178.7,36.6,36.8,True
Bad Bunny - EoO,cutin15s/seeded_correct,13925,13925,0,0,26000,0,2,False,True,5,22,177.0,36.1,37.2,True
Bad Bunny - EoO,cutin15s/seeded_wrong_2s,13925,13925,0,0,26000,0,2,False,True,5,22,176.1,36.0,36.9,True
Bad Bunny - EoO,cutin25s/cold,23925,23925,0,0,77250,0,2,False,True,13,22,657.6,51.2,54.5,True
Bad Bunny - EoO,cutin25s/seeded_correct,23925,23925,0,0,26000,0,1,False,True,5,22,237.3,50.1,50.6,True
Bad Bunny - EoO,cutin25s/seeded_wrong_2s,23925,23925,0,0,77250,0,2,False,True,13,22,657.0,51.5,54.1,True
Bad Bunny - EoO,blend8s/cold,-1075,-1050,25,25,9000,0,2,False,True,5,22,69.1,13.8,14.7,True
Bad Bunny - EoO,blend8s/seeded_correct,-1075,-1075,0,0,9000,0,2,False,True,4,22,54.0,13.6,14.0,True
Bad Bunny - EoO,blend8s/seeded_wrong_2s,-1075,-1050,25,25,9000,0,2,False,True,5,22,69.4,14.1,14.6,True
Bad Bunny - A Tu Merced,off0/cold,-1050,-1053,-3,-3,22850,0,3,True,True,2,11,27.1,13.5,13.7,True
Bad Bunny - A Tu Merced,off0/seeded_correct,-1050,-1050,0,0,9000,0,3,False,True,4,11,54.4,13.5,13.8,True
Bad Bunny - A Tu Merced,off0/seeded_wrong_2s,-1050,-1050,0,0,25000,0,3,False,True,4,11,54.3,13.6,13.8,True
Bad Bunny - A Tu Merced,off+200/cold,-850,-851,-1,-1,9000,0,3,True,True,2,11,26.0,13.0,13.2,True
Bad Bunny - A Tu Merced,off+200/seeded_correct,-850,-850,0,0,9000,0,3,False,True,4,11,53.9,13.6,13.9,True
Bad Bunny - A Tu Merced,off+200/seeded_wrong_2s,-850,-850,0,0,25000,0,3,False,True,4,11,53.8,13.4,14.1,True
Bad Bunny - A Tu Merced,off-200/cold,-1250,-1250,0,0,25000,0,4,True,True,3,11,40.4,13.5,13.6,True
Bad Bunny - A Tu Merced,off-200/seeded_correct,-1250,-1250,0,0,9000,0,3,False,True,4,11,54.1,13.5,13.8,True
Bad Bunny - A Tu Merced,off-200/seeded_wrong_2s,-1250,-1250,0,0,25000,0,3,False,True,4,11,54.4,13.6,13.7,True
Bad Bunny - A Tu Merced,off+2s/cold,950,950,0,0,9000,0,3,True,True,2,11,26.6,13.3,13.5,True
Bad Bunny - A Tu Merced,off+2s/seeded_correct,950,950,0,0,9000,0,3,False,True,4,11,54.0,13.6,14.0,True
Bad Bunny - A Tu Merced,off+2s/seeded_wrong_2s,950,950,0,0,25000,0,3,False,True,4,11,54.3,13.7,14.0,True
Bad Bunny - A Tu Merced,off-2s/cold,-3050,-3050,0,3050,,0,2,True,False,11,11,174.8,15.2,18.7,True
Bad Bunny - A Tu Merced,off-2s/seeded_correct,-3050,-3050,0,0,9000,0,2,False,True,6,11,83.5,13.8,14.9,True
Bad Bunny - A Tu Merced,off-2s/seeded_wrong_2s,-3050,-3050,0,0,25000,0,2,False,True,6,11,83.4,13.5,15.1,True
Bad Bunny - A Tu Merced,off+10s/cold,8950,,,-8950,,0,0,False,False,11,11,180.3,16.3,20.2,False
Bad Bunny - A Tu Merced,off+10s/seeded_correct,8950,8950,0,0,9000,0,3,False,True,4,11,56.7,14.3,14.7,True
Bad Bunny - A Tu Merced,off+10s/seeded_wrong_2s,8950,,,2000,,0,0,False,False,11,11,177.7,15.7,19.3,False
Bad Bunny - A Tu Merced,off-10s/cold,-11050,,,10425,,0,0,False,False,10,11,151.9,14.9,17.7,False
Bad Bunny - A Tu Merced,off-10s/seeded_correct,-11050,,,0,,0,0,False,False,10,11,152.0,14.4,19.1,False
Bad Bunny - A Tu Merced,off-10s/seeded_wrong_2s,-11050,,,2000,,0,0,False,False,10,11,154.9,14.9,18.8,False
Bad Bunny - A Tu Merced,off+25s/cold,23950,,,-23950,,0,0,False,False,11,11,192.5,16.7,21.2,False
Bad Bunny - A Tu Merced,off+25s/seeded_correct,23950,23950,0,0,9000,0,3,False,True,4,11,59.0,14.7,15.3,True
Bad Bunny - A Tu Merced,off+25s/seeded_wrong_2s,23950,,,2000,,0,0,False,False,11,11,192.3,17.7,21.0,False
Bad Bunny - A Tu Merced,off-25s/cold,-26050,,,26050,,0,0,False,False,10,11,138.7,13.5,16.7,False
Bad Bunny - A Tu Merced,off-25s/seeded_correct,-26050,,,0,,0,0,False,False,10,11,140.3,13.7,17.2,False
Bad Bunny - A Tu Merced,off-25s/seeded_wrong_2s,-26050,,,2000,,0,0,False,False,10,11,138.3,13.9,16.8,False
Bad Bunny - A Tu Merced,noise0/cold,-1050,-1053,-3,-3,22850,0,3,True,True,2,11,26.3,13.2,13.4,True
Bad Bunny - A Tu Merced,noise0/seeded_correct,-1050,-1050,0,0,9000,0,3,False,True,4,11,53.0,13.2,13.5,True
Bad Bunny - A Tu Merced,noise0/seeded_wrong_2s,-1050,-1050,0,0,25000,0,3,False,True,4,11,52.6,13.1,13.4,True
Bad Bunny - A Tu Merced,noise-2s/cold,-3050,-3050,0,3050,,0,2,True,False,11,11,159.4,14.2,17.0,True
Bad Bunny - A Tu Merced,noise-2s/seeded_correct,-3050,-3050,0,0,9000,0,2,False,True,6,11,80.2,13.3,13.9,True
Bad Bunny - A Tu Merced,noise-2s/seeded_wrong_2s,-3050,-3050,0,0,25000,0,2,False,True,6,11,80.1,13.1,14.1,True
Bad Bunny - A Tu Merced,cutin5s/cold,3950,3950,0,0,25000,0,4,True,True,3,11,65.8,21.6,22.6,True
Bad Bunny - A Tu Merced,cutin5s/seeded_correct,3950,3950,0,0,25000,0,3,False,True,5,11,111.0,22.1,22.8,True
Bad Bunny - A Tu Merced,cutin5s/seeded_wrong_2s,3950,3950,0,0,25000,0,3,False,True,5,11,111.1,22.1,22.8,True
Bad Bunny - A Tu Merced,cutin15s/cold,13950,13950,0,0,25000,0,3,False,True,5,11,173.9,35.5,36.2,True
Bad Bunny - A Tu Merced,cutin15s/seeded_correct,13950,13950,0,0,25000,0,3,False,True,5,11,173.7,35.6,36.1,True
Bad Bunny - A Tu Merced,cutin15s/seeded_wrong_2s,13950,13950,0,0,25000,0,3,False,True,5,11,174.5,35.7,36.2,True
Bad Bunny - A Tu Merced,cutin25s/cold,23950,,,-23950,,0,0,False,False,11,11,550.0,50.7,53.9,False
Bad Bunny - A Tu Merced,cutin25s/seeded_correct,23950,23950,0,0,29500,0,4,False,True,6,11,289.0,50.1,51.9,True
Bad Bunny - A Tu Merced,cutin25s/seeded_wrong_2s,23950,,,2000,,0,0,False,False,11,11,554.0,51.3,54.1,False
Bad Bunny - A Tu Merced,blend8s/cold,-1050,-1053,-3,-3,22850,0,4,True,True,3,11,40.2,13.4,13.5,True
Bad Bunny - A Tu Merced,blend8s/seeded_correct,-1050,-1050,0,0,25000,0,3,False,True,5,11,67.6,13.4,13.9,True
Bad Bunny - A Tu Merced,blend8s/seeded_wrong_2s,-1050,-1050,0,0,25000,0,3,False,True,5,11,68.1,13.5,14.2,True
Bad Bunny - KLOuFRENS,off0/cold,-950,-953,-3,-3,61550,0,3,True,True,6,13,84.0,13.6,15.5,True
Bad Bunny - KLOuFRENS,off0/seeded_correct,-950,-950,0,0,67000,0,2,False,True,10,13,155.1,15.2,18.8,True
Bad Bunny - KLOuFRENS,off0/seeded_wrong_2s,-950,-950,0,0,26000,0,3,False,True,5,13,68.5,13.6,14.5,True
Bad Bunny - KLOuFRENS,off+200/cold,-750,-751,-1,-1,61550,0,3,True,True,6,13,84.8,14.0,15.4,True
Bad Bunny - KLOuFRENS,off+200/seeded_correct,-750,-750,0,0,67000,0,2,False,True,10,13,151.8,15.5,17.1,True
Bad Bunny - KLOuFRENS,off+200/seeded_wrong_2s,-750,-750,0,0,26000,0,3,False,True,5,13,68.9,13.7,14.5,True
Bad Bunny - KLOuFRENS,off-200/cold,-1150,-1156,-6,-6,61550,0,3,True,True,6,13,83.7,13.7,15.5,True
Bad Bunny - KLOuFRENS,off-200/seeded_correct,-1150,-1150,0,0,67000,0,2,False,True,10,13,149.8,14.9,17.2,True
Bad Bunny - KLOuFRENS,off-200/seeded_wrong_2s,-1150,-1150,0,0,26000,0,3,False,True,5,13,68.1,13.5,14.5,True
Bad Bunny - KLOuFRENS,off+2s/cold,1050,1050,0,0,26000,0,3,False,True,5,13,68.6,13.7,14.6,True
Bad Bunny - KLOuFRENS,off+2s/seeded_correct,1050,1050,0,0,67000,0,2,False,True,10,13,156.4,15.8,17.8,True
Bad Bunny - KLOuFRENS,off+2s/seeded_wrong_2s,1050,1050,0,0,26000,0,3,False,True,5,13,70.0,13.8,14.7,True
Bad Bunny - KLOuFRENS,off-2s/cold,-2950,950,3900,3900,,1,2,True,False,13,13,207.0,15.9,19.9,False
Bad Bunny - KLOuFRENS,off-2s/seeded_correct,-2950,,,950,,0,0,False,False,13,13,205.2,15.5,18.3,False
Bad Bunny - KLOuFRENS,off-2s/seeded_wrong_2s,-2950,950,3900,3900,,1,1,False,False,13,13,202.2,16.2,17.6,False
Bad Bunny - KLOuFRENS,off+10s/cold,9050,-1375,-10425,-10425,,1,1,False,False,13,13,215.9,17.4,19.2,False
Bad Bunny - KLOuFRENS,off+10s/seeded_correct,9050,9050,0,0,26000,0,3,False,True,5,13,71.4,14.4,15.1,True
Bad Bunny - KLOuFRENS,off+10s/seeded_wrong_2s,9050,1225,-7825,-7825,,2,2,False,False,13,13,219.3,16.8,20.3,False
Bad Bunny - KLOuFRENS,off-10s/cold,-10950,-525,10425,10425,,1,1,False,False,12,13,189.6,15.5,18.5,False
Bad Bunny - KLOuFRENS,off-10s/seeded_correct,-10950,3400,14350,0,,1,1,False,False,12,13,184.5,15.6,17.4,False
Bad Bunny - KLOuFRENS,off-10s/seeded_wrong_2s,-10950,3400,14350,2000,,1,1,False,False,12,13,186.0,15.2,18.0,False
Bad Bunny - KLOuFRENS,off+25s/cold,24050,,,-24775,,0,0,False,False,13,13,227.1,17.5,20.0,False
Bad Bunny - KLOuFRENS,off+25s/seeded_correct,24050,24050,0,0,26000,0,3,False,True,5,13,76.1,15.4,16.3,True
Bad Bunny - KLOuFRENS,off+25s/seeded_wrong_2s,24050,3175,-20875,-20875,,2,2,False,False,13,13,229.0,17.3,21.4,False
Bad Bunny - KLOuFRENS,off-25s/cold,-25950,125,26075,26075,,1,1,False,False,12,13,174.5,14.7,17.4,False
Bad Bunny - KLOuFRENS,off-25s/seeded_correct,-25950,-2475,23475,23475,,1,1,False,False,12,13,173.3,14.4,17.0,False
Bad Bunny - KLOuFRENS,off-25s/seeded_wrong_2s,-25950,-2475,23475,23475,,1,1,False,False,12,13,169.7,14.2,16.5,False
Bad Bunny - KLOuFRENS,noise0/cold,-950,-953,-3,-3,61550,0,3,True,True,6,13,81.7,13.6,14.5,True
Bad Bunny - KLOuFRENS,noise0/seeded_correct,-950,-950,0,0,67000,0,2,False,True,10,13,141.7,14.1,15.7,True
Bad Bunny - KLOuFRENS,noise0/seeded_wrong_2s,-950,-950,0,0,26000,0,3,False,True,5,13,66.3,13.3,13.8,True
Bad Bunny - KLOuFRENS,noise-2s/cold,-2950,950,3900,3900,,1,2,True,False,13,13,191.2,14.7,16.9,False
Bad Bunny - KLOuFRENS,noise-2s/seeded_correct,-2950,,,950,,0,0,False,False,13,13,192.4,14.7,16.5,False
Bad Bunny - KLOuFRENS,noise-2s/seeded_wrong_2s,-2950,950,3900,3900,,1,1,False,False,13,13,190.3,14.7,16.5,False
Bad Bunny - KLOuFRENS,cutin5s/cold,4050,4050,0,0,26000,0,3,False,True,5,13,111.7,22.5,23.1,True
Bad Bunny - KLOuFRENS,cutin5s/seeded_correct,4050,4050,0,0,26000,0,3,False,True,5,13,111.8,22.3,23.1,True
Bad Bunny - KLOuFRENS,cutin5s/seeded_wrong_2s,4050,4050,0,0,26000,0,3,False,True,5,13,112.3,22.4,23.0,True
Bad Bunny - KLOuFRENS,cutin15s/cold,14050,14050,0,0,26000,0,3,False,True,5,13,173.3,35.2,36.2,True
Bad Bunny - KLOuFRENS,cutin15s/seeded_correct,14050,14050,0,0,26000,0,3,False,True,5,13,173.6,35.6,36.2,True
Bad Bunny - KLOuFRENS,cutin15s/seeded_wrong_2s,14050,14050,0,0,26000,0,3,False,True,5,13,174.8,35.7,36.3,True
Bad Bunny - KLOuFRENS,cutin25s/cold,24050,11000,-13050,-20875,,2,2,False,False,13,13,660.5,52.4,54.1,False
Bad Bunny - KLOuFRENS,cutin25s/seeded_correct,24050,24050,0,0,26000,0,2,False,True,5,13,239.5,50.3,51.4,True
Bad Bunny - KLOuFRENS,cutin25s/seeded_wrong_2s,24050,3175,-20875,-20875,,1,1,False,False,13,13,664.5,52.6,54.0,False
Bad Bunny - KLOuFRENS,blend8s/cold,-950,-953,-3,-3,61550,0,3,True,True,6,13,83.4,13.7,14.9,True
Bad Bunny - KLOuFRENS,blend8s/seeded_correct,-950,-950,0,0,67000,0,2,False,True,10,13,147.3,14.5,16.2,True
Bad Bunny - KLOuFRENS,blend8s/seeded_wrong_2s,-950,-950,0,0,26000,0,3,False,True,5,13,68.8,13.7,14.2,True
Bad Bunny - NADIE SABE,off0/cold,-1000,0,1000,1000,,2,2,False,True,3,9,39.4,13.2,13.4,False
Bad Bunny - NADIE SABE,off0/seeded_correct,-1000,0,1000,1000,,2,2,False,True,3,9,39.8,13.3,13.5,False
Bad Bunny - NADIE SABE,off0/seeded_wrong_2s,-1000,0,1000,1000,,2,2,False,True,3,9,39.3,13.2,13.2,False
Bad Bunny - NADIE SABE,off+200/cold,-800,200,1000,1000,,2,2,False,True,3,9,39.4,13.1,13.2,False
Bad Bunny - NADIE SABE,off+200/seeded_correct,-800,200,1000,1000,,2,2,False,True,3,9,39.6,13.3,13.5,False
Bad Bunny - NADIE SABE,off+200/seeded_wrong_2s,-800,200,1000,1000,,2,2,False,True,3,9,39.6,13.2,13.3,False
Bad Bunny - NADIE SABE,off-200/cold,-1200,-200,1000,1000,,2,2,False,True,3,9,39.4,13.2,13.4,False
Bad Bunny - NADIE SABE,off-200/seeded_correct,-1200,-200,1000,1000,,2,2,False,True,3,9,39.4,13.3,13.3,False
Bad Bunny - NADIE SABE,off-200/seeded_wrong_2s,-1200,-200,1000,1000,,2,2,False,True,3,9,39.6,13.3,13.6,False
Bad Bunny - NADIE SABE,off+2s/cold,1000,2000,1000,1000,,2,2,False,True,3,9,39.8,13.3,13.5,False
Bad Bunny - NADIE SABE,off+2s/seeded_correct,1000,2000,1000,1000,,2,2,False,True,3,9,39.9,13.3,13.8,False
Bad Bunny - NADIE SABE,off+2s/seeded_wrong_2s,1000,2000,1000,1000,,2,2,False,True,3,9,40.1,13.4,13.7,False
Bad Bunny - NADIE SABE,off-2s/cold,-3000,-3006,-6,1000,,1,3,True,False,9,9,192.6,14.6,34.0,True
Bad Bunny - NADIE SABE,off-2s/seeded_correct,-3000,-2000,1000,1000,,2,2,False,False,9,9,189.3,14.2,35.1,False
Bad Bunny - NADIE SABE,off-2s/seeded_wrong_2s,-3000,-2000,1000,1000,,2,2,False,False,9,9,189.8,14.0,34.0,False
Bad Bunny - NADIE SABE,off+10s/cold,9000,,,-9000,,0,0,False,False,9,9,196.5,15.7,36.7,False
Bad Bunny - NADIE SABE,off+10s/seeded_correct,9000,9000,0,0,28250,0,2,False,True,6,9,98.1,14.8,23.2,True
Bad Bunny - NADIE SABE,off+10s/seeded_wrong_2s,9000,,,2000,,0,0,False,False,9,9,200.7,16.0,35.7,False
Bad Bunny - NADIE SABE,off-10s/cold,-11000,,,11000,,0,0,False,False,8,9,172.4,19.7,33.8,False
Bad Bunny - NADIE SABE,off-10s/seeded_correct,-11000,,,0,,0,0,False,False,8,9,173.2,20.2,34.4,False
Bad Bunny - NADIE SABE,off-10s/seeded_wrong_2s,-11000,,,2000,,0,0,False,False,8,9,173.7,19.7,34.6,False
Bad Bunny - NADIE SABE,off+25s/cold,24000,,,-24000,,0,0,False,False,9,9,209.2,16.6,35.9,False
Bad Bunny - NADIE SABE,off+25s/seeded_correct,24000,24000,0,0,28250,0,2,False,True,6,9,104.8,15.7,24.8,True
Bad Bunny - NADIE SABE,off+25s/seeded_wrong_2s,24000,,,2000,,0,0,False,False,9,9,205.5,16.8,36.5,False
Bad Bunny - NADIE SABE,off-25s/cold,-26000,,,26000,,0,0,False,False,7,9,152.9,23.6,33.3,False
Bad Bunny - NADIE SABE,off-25s/seeded_correct,-26000,,,0,,0,0,False,False,7,9,151.1,23.0,33.7,False
Bad Bunny - NADIE SABE,off-25s/seeded_wrong_2s,-26000,,,2000,,0,0,False,False,7,9,152.0,24.7,32.4,False
Bad Bunny - NADIE SABE,noise0/cold,-1000,0,1000,1000,,2,2,False,True,3,9,39.2,13.2,13.2,False
Bad Bunny - NADIE SABE,noise0/seeded_correct,-1000,0,1000,1000,,2,2,False,True,3,9,39.0,13.0,13.1,False
Bad Bunny - NADIE SABE,noise0/seeded_wrong_2s,-1000,0,1000,1000,,2,2,False,True,3,9,38.6,12.8,13.0,False
Bad Bunny - NADIE SABE,noise-2s/cold,-3000,-3006,-6,1000,,1,3,True,False,9,9,179.4,13.6,33.5,True
Bad Bunny - NADIE SABE,noise-2s/seeded_correct,-3000,-2000,1000,1000,,2,2,False,False,9,9,173.7,13.7,31.3,False
Bad Bunny - NADIE SABE,noise-2s/seeded_wrong_2s,-3000,-2000,1000,1000,,2,2,False,False,9,9,176.7,13.6,32.0,False
Bad Bunny - NADIE SABE,cutin5s/cold,4000,3997,-3,1000,,1,3,True,False,9,9,274.0,23.0,46.8,True
Bad Bunny - NADIE SABE,cutin5s/seeded_correct,4000,5000,1000,1000,,2,2,False,False,9,9,271.5,23.0,45.9,False
Bad Bunny - NADIE SABE,cutin5s/seeded_wrong_2s,4000,5000,1000,1000,,2,2,False,False,9,9,271.2,22.9,44.6,False
Bad Bunny - NADIE SABE,cutin15s/cold,14000,15000,1000,1000,,2,2,False,False,9,9,384.0,36.3,56.2,False
Bad Bunny - NADIE SABE,cutin15s/seeded_correct,14000,15000,1000,1000,,2,2,False,False,9,9,376.7,36.2,54.5,False
Bad Bunny - NADIE SABE,cutin15s/seeded_wrong_2s,14000,15000,1000,1000,,2,2,False,False,9,9,378.7,36.6,54.2,False
Bad Bunny - NADIE SABE,cutin25s/cold,24000,24000,0,0,41000,0,2,False,True,7,9,365.6,51.7,62.9,True
Bad Bunny - NADIE SABE,cutin25s/seeded_correct,24000,24000,0,0,41000,0,2,False,True,7,9,361.5,50.9,62.5,True
Bad Bunny - NADIE SABE,cutin25s/seeded_wrong_2s,24000,24000,0,0,41000,0,2,False,True,7,9,359.5,50.9,62.0,True
Bad Bunny - NADIE SABE,blend8s/cold,-1000,-1003,-3,1000,,1,3,True,False,9,9,182.1,14.6,31.5,True
Bad Bunny - NADIE SABE,blend8s/seeded_correct,-1000,0,1000,1000,,2,2,False,False,9,9,181.6,14.9,31.9,False
Bad Bunny - NADIE SABE,blend8s/seeded_wrong_2s,-1000,0,1000,1000,,2,2,False,False,9,9,181.7,14.3,32.5,False
Bad Bunny - 120,off0/cold,-1025,-1028,-3,1025,,1,3,True,False,7,7,99.0,13.9,15.3,True
Bad Bunny - 120,off0/seeded_correct,-1025,0,1025,1025,,1,1,False,False,7,7,97.5,13.7,14.8,False
Bad Bunny - 120,off0/seeded_wrong_2s,-1025,0,1025,1025,,1,1,False,False,7,7,98.5,14.1,15.3,False
Bad Bunny - 120,off+200/cold,-825,-826,-1,1025,,1,3,True,False,7,7,100.4,14.4,15.6,True
Bad Bunny - 120,off+200/seeded_correct,-825,200,1025,1025,,1,1,False,False,7,7,100.0,14.1,15.6,False
Bad Bunny - 120,off+200/seeded_wrong_2s,-825,200,1025,1025,,1,1,False,False,7,7,99.5,13.9,15.8,False
Bad Bunny - 120,off-200/cold,-1225,-1231,-6,1025,,1,3,True,False,7,7,99.0,13.8,15.4,True
Bad Bunny - 120,off-200/seeded_correct,-1225,-200,1025,1025,,1,1,False,False,7,7,98.4,14.1,15.3,False
Bad Bunny - 120,off-200/seeded_wrong_2s,-1225,-200,1025,1025,,1,1,False,False,7,7,98.3,13.8,15.4,False
Bad Bunny - 120,off+2s/cold,975,975,0,1025,,1,3,True,False,7,7,98.9,13.9,15.3,True
Bad Bunny - 120,off+2s/seeded_correct,975,2000,1025,1025,,1,1,False,False,7,7,100.8,14.3,16.2,False
Bad Bunny - 120,off+2s/seeded_wrong_2s,975,2000,1025,1025,,1,1,False,False,7,7,99.2,13.8,15.7,False
Bad Bunny - 120,off-2s/cold,-3025,-3031,-6,2775,,0,2,True,False,7,7,98.2,13.6,15.8,True
Bad Bunny - 120,off-2s/seeded_correct,-3025,-3025,0,0,32500,0,1,False,False,7,7,97.9,13.9,15.6,True
Bad Bunny - 120,off-2s/seeded_wrong_2s,-3025,,,1025,,0,0,False,False,7,7,98.6,13.9,15.7,False
Bad Bunny - 120,off+10s/cold,8975,,,-8375,,0,0,False,False,7,7,104.8,15.2,16.1,False
Bad Bunny - 120,off+10s/seeded_correct,8975,8975,0,0,25500,0,2,False,True,7,7,105.3,15.3,16.4,True
Bad Bunny - 120,off+10s/seeded_wrong_2s,8975,,,2000,,0,0,False,False,7,7,104.8,15.2,16.0,False
Bad Bunny - 120,off-10s/cold,-11025,,,11025,,0,0,False,False,6,7,83.0,13.8,14.7,False
Bad Bunny - 120,off-10s/seeded_correct,-11025,,,0,,0,0,False,False,6,7,83.3,13.5,15.4,False
Bad Bunny - 120,off-10s/seeded_wrong_2s,-11025,,,2000,,0,0,False,False,6,7,81.8,13.4,14.9,False
Bad Bunny - 120,off+25s/cold,23975,,,-23975,,0,0,False,False,7,7,109.6,15.6,17.6,False
Bad Bunny - 120,off+25s/seeded_correct,23975,23975,0,0,25500,0,2,False,True,7,7,110.7,15.6,17.8,True
Bad Bunny - 120,off+25s/seeded_wrong_2s,23975,,,2000,,0,0,False,False,7,7,108.3,15.4,17.2,False
Bad Bunny - 120,off-25s/cold,-26025,,,26025,,0,0,False,False,6,7,75.1,12.8,13.8,False
Bad Bunny - 120,off-25s/seeded_correct,-26025,,,0,,0,0,False,False,6,7,74.5,12.5,13.9,False
Bad Bunny - 120,off-25s/seeded_wrong_2s,-26025,,,2000,,0,0,False,False,6,7,74.3,12.7,13.7,False
Bad Bunny - 120,noise0/cold,-1025,-1028,-3,1025,,1,3,True,False,7,7,94.3,13.4,14.2,True
Bad Bunny - 120,noise0/seeded_correct,-1025,0,1025,1025,,1,1,False,False,7,7,93.7,13.4,14.1,False
Bad Bunny - 120,noise0/seeded_wrong_2s,-1025,0,1025,1025,,1,1,False,False,7,7,94.9,13.5,14.5,False
Bad Bunny - 120,noise-2s/cold,-3025,-3031,-6,2775,,0,2,True,False,7,7,95.2,13.4,15.0,True
Bad Bunny - 120,noise-2s/seeded_correct,-3025,-3025,0,0,32500,0,1,False,False,7,7,95.8,13.5,15.1,True
Bad Bunny - 120,noise-2s/seeded_wrong_2s,-3025,-250,2775,2775,,1,1,False,False,7,7,95.1,13.2,15.1,False
Bad Bunny - 120,cutin5s/cold,3975,3975,0,0,25500,0,2,False,True,7,7,156.2,22.3,22.9,True
Bad Bunny - 120,cutin5s/seeded_correct,3975,3975,0,0,25500,0,2,False,True,7,7,156.4,22.4,22.9,True
Bad Bunny - 120,cutin5s/seeded_wrong_2s,3975,,,1025,,0,0,False,False,7,7,155.9,22.4,22.8,False
Bad Bunny - 120,cutin15s/cold,13975,13975,0,0,25500,0,2,False,True,7,7,248.3,35.9,36.8,True
Bad Bunny - 120,cutin15s/seeded_correct,13975,13975,0,0,25500,0,2,False,True,7,7,249.0,36.1,36.8,True
Bad Bunny - 120,cutin15s/seeded_wrong_2s,13975,13975,0,0,25500,0,2,False,True,7,7,248.8,35.8,36.9,True
Bad Bunny - 120,cutin25s/cold,23975,23975,0,0,25500,0,2,False,True,7,7,337.8,50.2,50.8,True
Bad Bunny - 120,cutin25s/seeded_correct,23975,23975,0,0,25500,0,2,False,True,7,7,340.3,50.3,51.3,True
Bad Bunny - 120,cutin25s/seeded_wrong_2s,23975,23975,0,0,25500,0,2,False,True,7,7,337.7,50.1,51.0,True
Bad Bunny - 120,blend8s/cold,-1025,-1028,-3,1025,,0,2,True,False,7,7,96.6,13.6,14.6,True
Bad Bunny - 120,blend8s/seeded_correct,-1025,-1025,0,0,25500,0,2,False,True,7,7,96.5,13.7,14.7,True
Bad Bunny - 120,blend8s/seeded_wrong_2s,-1025,,,1025,,0,0,False,False,7,7,95.9,13.8,14.6,False
"Arcángel, Bad Bunny - La Jumpa",off0/cold,350,325,-25,-25,9000,0,2,False,True,4,14,54.6,13.7,14.2,True
"Arcángel, Bad Bunny - La Jumpa",off0/seeded_correct,350,350,0,0,9000,0,3,False,True,3,14,40.2,13.4,13.8,True
"Arcángel, Bad Bunny - La Jumpa",off0/seeded_wrong_2s,350,325,-25,-25,9000,0,2,False,True,4,14,53.8,13.5,14.0,True
"Arcángel, Bad Bunny - La Jumpa",off+200/cold,550,525,-25,-25,9000,0,2,False,True,4,14,54.1,13.6,14.0,True
"Arcángel, Bad Bunny - La Jumpa",off+200/seeded_correct,550,550,0,0,9000,0,3,False,True,3,14,39.8,13.3,13.7,True
"Arcángel, Bad Bunny - La Jumpa",off+200/seeded_wrong_2s,550,525,-25,-25,9000,0,2,False,True,4,14,54.7,13.7,14.4,True
"Arcángel, Bad Bunny - La Jumpa",off-200/cold,150,125,-25,-25,9000,0,2,False,True,4,14,54.0,13.4,14.1,True
"Arcángel, Bad Bunny - La Jumpa",off-200/seeded_correct,150,150,0,0,9000,0,3,False,True,3,14,40.3,13.4,13.9,True
"Arcángel, Bad Bunny - La Jumpa",off-200/seeded_wrong_2s,150,125,-25,-25,9000,0,2,False,True,4,14,54.1,13.7,14.0,True
"Arcángel, Bad Bunny - La Jumpa",off+2s/cold,2350,2325,-25,-25,9000,0,2,False,True,4,14,54.0,13.6,13.9,True
"Arcángel, Bad Bunny - La Jumpa",off+2s/seeded_correct,2350,2350,0,0,9000,0,3,False,True,3,14,40.2,13.2,14.0,True
"Arcángel, Bad Bunny - La Jumpa",off+2s/seeded_wrong_2s,2350,2325,-25,-25,9000,0,2,False,True,4,14,54.7,13.8,14.1,True
"Arcángel, Bad Bunny - La Jumpa",off-2s/cold,-1650,-1675,-25,-25,9000,0,2,False,True,5,14,69.0,13.7,14.9,True
"Arcángel, Bad Bunny - La Jumpa",off-2s/seeded_correct,-1650,-1650,0,0,9000,0,2,False,True,3,14,39.8,13.2,13.7,True
"Arcángel, Bad Bunny - La Jumpa",off-2s/seeded_wrong_2s,-1650,-1675,-25,-25,9000,0,2,False,True,5,14,68.2,13.7,14.5,True
"Arcángel, Bad Bunny - La Jumpa",off+10s/cold,10350,,,-10250,,0,0,False,False,14,14,262.8,17.7,26.3,False
"Arcángel, Bad Bunny - La Jumpa",off+10s/seeded_correct,10350,10350,0,0,9000,0,4,False,True,4,14,55.2,13.7,14.5,True
"Arcángel, Bad Bunny - La Jumpa",off+10s/seeded_wrong_2s,10350,,,2000,,0,0,False,False,14,14,257.9,17.2,25.0,False
"Arcángel, Bad Bunny - La Jumpa",off-10s/cold,-9650,100,9750,9750,,2,2,False,False,13,14,256.2,16.4,33.2,False
"Arcángel, Bad Bunny - La Jumpa",off-10s/seeded_correct,-9650,100,9750,9750,,1,1,False,False,13,14,258.9,22.5,26.3,False
"Arcángel, Bad Bunny - La Jumpa",off-10s/seeded_wrong_2s,-9650,100,9750,9750,,1,1,False,False,13,14,231.3,16.4,25.5,False
"Arcángel, Bad Bunny - La Jumpa",off+25s/cold,25350,,,-25350,,0,0,False,False,14,14,270.4,18.0,25.9,False
"Arcángel, Bad Bunny - La Jumpa",off+25s/seeded_correct,25350,25350,0,0,9000,0,4,False,True,4,14,59.7,15.0,15.8,True
"Arcángel, Bad Bunny - La Jumpa",off+25s/seeded_wrong_2s,25350,,,2000,,0,0,False,False,14,14,282.4,18.0,29.9,False
"Arcángel, Bad Bunny - La Jumpa",off-25s/cold,-24650,,,24650,,0,0,False,False,13,14,228.9,16.0,24.6,False
"Arcángel, Bad Bunny - La Jumpa",off-25s/seeded_correct,-24650,,,0,,0,0,False,False,13,14,224.9,15.4,25.5,False
"Arcángel, Bad Bunny - La Jumpa",off-25s/seeded_wrong_2s,-24650,,,2000,,0,0,False,False,13,14,222.6,15.5,24.8,False
"Arcángel, Bad Bunny - La Jumpa",noise0/cold,350,325,-25,-25,9000,0,2,False,True,4,14,53.9,13.5,13.8,True
"Arcángel, Bad Bunny - La Jumpa",noise0/seeded_correct,350,350,0,0,9000,0,3,False,True,3,14,40.2,13.2,13.9,True
"Arcángel, Bad Bunny - La Jumpa",noise0/seeded_wrong_2s,350,325,-25,-25,9000,0,2,False,True,4,14,53.7,13.5,13.8,True
"Arcángel, Bad Bunny - La Jumpa",noise-2s/cold,-1650,-1675,-25,-25,9000,0,3,True,True,7,14,98.1,13.8,15.2,True
"Arcángel, Bad Bunny - La Jumpa",noise-2s/seeded_correct,-1650,-1650,0,0,9000,0,2,False,True,3,14,40.2,13.6,13.8,True
"Arcángel, Bad Bunny - La Jumpa",noise-2s/seeded_wrong_2s,-1650,-1675,-25,-25,9000,0,2,False,True,9,14,131.0,14.2,16.9,True
"Arcángel, Bad Bunny - La Jumpa",cutin5s/cold,5350,5350,0,0,26000,0,2,False,True,5,14,112.5,22.6,23.1,True
"Arcángel, Bad Bunny - La Jumpa",cutin5s/seeded_correct,5350,5350,0,0,26000,0,2,False,True,5,14,112.9,22.5,23.0,True
"Arcángel, Bad Bunny - La Jumpa",cutin5s/seeded_wrong_2s,5350,5350,0,0,26000,0,2,False,True,5,14,112.6,22.5,23.0,True
"Arcángel, Bad Bunny - La Jumpa",cutin15s/cold,15350,15350,0,0,26000,0,3,False,True,5,14,174.3,35.8,36.1,True
"Arcángel, Bad Bunny - La Jumpa",cutin15s/seeded_correct,15350,15350,0,0,26000,0,3,False,True,5,14,175.4,35.9,36.4,True
"Arcángel, Bad Bunny - La Jumpa",cutin15s/seeded_wrong_2s,15350,15350,0,0,26000,0,3,False,True,5,14,175.5,36.1,36.4,True
"Arcángel, Bad Bunny - La Jumpa",cutin25s/cold,25350,23400,-1950,-1950,,1,1,False,False,14,14,755.8,53.7,61.3,False
"Arcángel, Bad Bunny - La Jumpa",cutin25s/seeded_correct,25350,25350,0,0,35750,0,2,False,True,6,14,292.1,50.3,52.9,True
"Arcángel, Bad Bunny - La Jumpa",cutin25s/seeded_wrong_2s,25350,23400,-1950,-1950,,1,1,False,False,14,14,747.3,53.7,60.2,False
"Arcángel, Bad Bunny - La Jumpa",blend8s/cold,350,350,0,0,9000,0,3,False,True,4,14,56.7,14.3,14.7,True
"Arcángel, Bad Bunny - La Jumpa",blend8s/seeded_correct,350,350,0,0,9000,0,3,False,True,4,14,56.0,14.1,14.4,True
"Arcángel, Bad Bunny - La Jumpa",blend8s/seeded_wrong_2s,350,350,0,0,26000,0,3,False,True,4,14,56.0,14.0,14.4,True
Bad Bunny - 258,off0/cold,-1112,-1100,12,1112,,0,1,False,False,6,6,87.2,14.4,15.9,True
Bad Bunny - 258,off0/seeded_correct,-1112,-1125,-13,-13,9000,0,2,False,True,4,6,55.7,14.1,14.4,True
Bad Bunny - 258,off0/seeded_wrong_2s,-1112,-1125,-13,-13,36000,0,2,False,True,5,6,71.0,14.2,15.3,True
Bad Bunny - 258,off+200/cold,-912,-925,-13,-13,40500,0,1,False,False,6,6,86.0,14.2,15.6,True
Bad Bunny - 258,off+200/seeded_correct,-912,-925,-13,-13,9000,0,2,False,True,4,6,55.4,13.9,14.5,True
Bad Bunny - 258,off+200/seeded_wrong_2s,-912,-925,-13,-13,36000,0,2,False,True,5,6,70.4,14.1,14.8,True
Bad Bunny - 258,off-200/cold,-1312,,,362,,0,0,False,False,6,6,85.6,14.2,15.6,False
Bad Bunny - 258,off-200/seeded_correct,-1312,-1325,-13,-13,9000,0,2,False,False,6,6,87.7,14.4,16.3,True
Bad Bunny - 258,off-200/seeded_wrong_2s,-1312,-1325,-13,-13,36000,0,2,False,True,5,6,70.8,14.2,15.1,True
Bad Bunny - 258,off+2s/cold,888,,,-888,,0,0,False,False,6,6,86.1,14.4,15.4,False
Bad Bunny - 258,off+2s/seeded_correct,888,875,-13,-13,9000,0,2,False,True,4,6,56.1,14.1,14.8,True
Bad Bunny - 258,off+2s/seeded_wrong_2s,888,875,-13,-13,36000,0,2,False,True,5,6,71.4,14.4,15.1,True
Bad Bunny - 258,off-2s/cold,-3112,,,3112,,0,0,False,False,6,6,85.3,14.1,15.6,False
Bad Bunny - 258,off-2s/seeded_correct,-3112,,,0,9000,0,0,False,False,6,6,87.6,14.6,16.1,False
Bad Bunny - 258,off-2s/seeded_wrong_2s,-3112,,,1112,,0,0,False,False,6,6,85.8,14.2,15.7,False
Bad Bunny - 258,off+10s/cold,8888,,,-8888,,0,0,False,False,6,6,88.6,14.7,16.2,False
Bad Bunny - 258,off+10s/seeded_correct,8888,8888,0,0,9000,0,1,False,False,6,6,92.2,15.0,17.3,True
Bad Bunny - 258,off+10s/seeded_wrong_2s,8888,,,2000,,0,0,False,False,6,6,94.4,15.5,18.0,False
Bad Bunny - 258,off-10s/cold,-11112,,,11112,,0,0,False,False,5,6,69.1,13.9,15.2,False
Bad Bunny - 258,off-10s/seeded_correct,-11112,,,0,,0,0,False,False,5,6,69.3,13.9,15.3,False
Bad Bunny - 258,off-10s/seeded_wrong_2s,-11112,,,2000,,0,0,False,False,5,6,69.8,13.8,15.6,False
Bad Bunny - 258,off+25s/cold,23888,,,-23888,,0,0,False,False,6,6,93.7,15.5,16.8,False
Bad Bunny - 258,off+25s/seeded_correct,23888,23888,0,0,9000,0,1,False,False,6,6,94.5,15.6,17.0,True
Bad Bunny - 258,off+25s/seeded_wrong_2s,23888,,,2000,,0,0,False,False,6,6,94.7,15.6,17.1,False
Bad Bunny - 258,off-25s/cold,-26112,,,25287,,0,0,False,False,5,6,63.8,13.0,15.0,False
Bad Bunny - 258,off-25s/seeded_correct,-26112,,,0,,0,0,False,False,5,6,63.3,12.9,15.0,False
Bad Bunny - 258,off-25s/seeded_wrong_2s,-26112,,,2000,,0,0,False,False,5,6,63.4,12.8,15.1,False
Bad Bunny - 258,noise0/cold,-1112,-1100,12,1112,,0,1,False,False,6,6,81.5,13.4,14.8,True
Bad Bunny - 258,noise0/seeded_correct,-1112,-1125,-13,-13,9000,0,2,False,True,4,6,52.6,13.2,13.5,True
Bad Bunny - 258,noise0/seeded_wrong_2s,-1112,-1100,12,1112,,0,1,False,False,6,6,82.5,13.6,15.1,True
Bad Bunny - 258,noise-2s/cold,-3112,,,3112,,0,0,False,False,6,6,82.2,13.6,14.6,False
Bad Bunny - 258,noise-2s/seeded_correct,-3112,-3125,-13,-13,36000,0,1,False,False,6,6,82.9,13.7,14.8,True
Bad Bunny - 258,noise-2s/seeded_wrong_2s,-3112,,,1112,,0,0,False,False,6,6,82.9,13.6,14.9,False
Bad Bunny - 258,cutin5s/cold,3888,3875,-13,-13,36000,0,2,False,True,5,6,113.2,23.0,23.1,True
Bad Bunny - 258,cutin5s/seeded_correct,3888,3888,0,0,26000,0,2,False,False,6,6,139.3,22.9,25.4,True
Bad Bunny - 258,cutin5s/seeded_wrong_2s,3888,3875,-13,-13,36000,0,2,False,True,5,6,112.9,22.5,23.1,True
Bad Bunny - 258,cutin15s/cold,13888,13875,-13,-13,36000,0,2,False,True,5,6,175.4,35.8,36.4,True
Bad Bunny - 258,cutin15s/seeded_correct,13888,13885,-3,-3,26000,0,1,False,False,6,6,213.6,36.2,37.5,True
Bad Bunny - 258,cutin15s/seeded_wrong_2s,13888,13875,-13,-13,36000,0,2,False,True,5,6,176.3,36.2,36.5,True
Bad Bunny - 258,cutin25s/cold,23888,23875,-13,-13,36000,0,2,False,True,5,6,239.8,50.0,51.2,True
Bad Bunny - 258,cutin25s/seeded_correct,23888,23888,0,0,26000,0,1,False,False,6,6,292.7,50.8,52.2,True
Bad Bunny - 258,cutin25s/seeded_wrong_2s,23888,23875,-13,-13,36000,0,2,False,False,6,6,297.2,51.3,53.4,True
Bad Bunny - 258,blend8s/cold,-1112,-1125,-13,-13,36000,0,2,False,True,5,6,68.7,13.8,14.5,True
Bad Bunny - 258,blend8s/seeded_correct,-1112,-1125,-13,-13,26000,0,3,False,True,4,6,54.4,13.7,14.1,True
Bad Bunny - 258,blend8s/seeded_wrong_2s,-1112,-1125,-13,-13,36000,0,2,False,True,5,6,69.8,14.1,14.7,True
ACDC - Thunderstruck,off0/cold,-1050,0,1050,1050,,3,3,True,True,3,21,39.8,12.9,14.0,False
ACDC - Thunderstruck,off0/seeded_correct,-1050,0,1050,1050,,2,2,False,False,21,21,398.7,17.5,27.5,False
ACDC - Thunderstruck,off0/seeded_wrong_2s,-1050,0,1050,1050,,2,2,False,False,21,21,400.8,17.4,27.2,False
ACDC - Thunderstruck,off+200/cold,-850,200,1050,1050,,3,3,True,True,3,21,39.6,12.9,13.9,False
ACDC - Thunderstruck,off+200/seeded_correct,-850,200,1050,1050,,2,2,False,False,21,21,405.6,19.0,28.2,False
ACDC - Thunderstruck,off+200/seeded_wrong_2s,-850,200,1050,1050,,2,2,False,False,21,21,405.0,18.3,27.9,False
ACDC - Thunderstruck,off-200/cold,-1250,-1256,-6,1050,,1,3,True,False,21,21,399.1,17.0,28.1,True
ACDC - Thunderstruck,off-200/seeded_correct,-1250,-200,1050,1050,,2,2,False,False,21,21,407.3,17.7,28.4,False
ACDC - Thunderstruck,off-200/seeded_wrong_2s,-1250,-200,1050,1050,,2,2,False,False,21,21,399.9,18.4,26.9,False
ACDC - Thunderstruck,off+2s/cold,950,950,0,1050,,1,3,True,False,21,21,408.5,17.0,28.8,True
ACDC - Thunderstruck,off+2s/seeded_correct,950,2000,1050,1050,,2,2,False,False,21,21,403.0,18.0,26.9,False
ACDC - Thunderstruck,off+2s/seeded_wrong_2s,950,2000,1050,1050,,2,2,False,False,21,21,396.4,17.5,28.0,False
ACDC - Thunderstruck,off-2s/cold,-3050,-3056,-6,1050,,1,3,True,False,21,21,391.8,17.3,27.2,True
ACDC - Thunderstruck,off-2s/seeded_correct,-3050,-2000,1050,1050,,2,2,False,False,21,21,389.2,16.7,27.8,False
ACDC - Thunderstruck,off-2s/seeded_wrong_2s,-3050,-2000,1050,1050,,2,2,False,False,21,21,399.4,16.9,27.3,False
ACDC - Thunderstruck,off+10s/cold,8950,,,-8950,,0,0,False,False,21,21,408.7,18.6,28.5,False
ACDC - Thunderstruck,off+10s/seeded_correct,8950,8950,0,0,37000,0,2,False,True,5,21,71.6,14.8,15.5,True
ACDC - Thunderstruck,off+10s/seeded_wrong_2s,8950,,,2000,,0,0,False,False,21,21,413.3,18.0,27.5,False
ACDC - Thunderstruck,off-10s/cold,-11050,-225,10825,10825,,1,1,False,False,20,21,361.6,16.9,26.5,False
ACDC - Thunderstruck,off-10s/seeded_correct,-11050,,,0,,0,0,False,False,20,21,363.3,16.9,26.5,False
ACDC - Thunderstruck,off-10s/seeded_wrong_2s,-11050,,,2000,,0,0,False,False,20,21,361.0,16.8,25.3,False
ACDC - Thunderstruck,off+25s/cold,23950,2325,-21625,-21625,,3,3,False,True,5,21,77.5,15.9,16.4,False
ACDC - Thunderstruck,off+25s/seeded_correct,23950,23950,0,0,37000,0,2,False,True,5,21,77.6,16.2,16.5,True
ACDC - Thunderstruck,off+25s/seeded_wrong_2s,23950,2325,-21625,-21625,,3,3,False,True,5,21,78.1,15.7,16.9,False
ACDC - Thunderstruck,off-25s/cold,-26050,-825,25225,25225,,1,1,False,False,19,21,333.0,16.5,24.3,False
ACDC - Thunderstruck,off-25s/seeded_correct,-26050,,,0,,0,0,False,False,19,21,331.2,16.1,24.2,False
ACDC - Thunderstruck,off-25s/seeded_wrong_2s,-26050,,,2000,,0,0,False,False,19,21,333.1,16.0,24.6,False
ACDC - Thunderstruck,noise0/cold,-1050,0,1050,1050,,3,3,True,True,3,21,38.7,12.7,13.3,False
ACDC - Thunderstruck,noise0/seeded_correct,-1050,0,1050,1050,,2,2,False,False,21,21,359.0,15.6,23.0,False
ACDC - Thunderstruck,noise0/seeded_wrong_2s,-1050,0,1050,1050,,2,2,False,False,21,21,350.4,15.2,22.5,False
ACDC - Thunderstruck,noise-2s/cold,-3050,-3056,-6,1050,,1,3,True,False,21,21,350.1,15.2,23.2,True
ACDC - Thunderstruck,noise-2s/seeded_correct,-3050,-2000,1050,1050,,2,2,False,False,21,21,350.4,15.4,23.1,False
ACDC - Thunderstruck,noise-2s/seeded_wrong_2s,-3050,-2000,1050,1050,,2,2,False,False,21,21,348.0,15.3,22.6,False
ACDC - Thunderstruck,cutin5s/cold,3950,5000,1050,1050,,1,1,False,False,21,21,562.4,24.8,33.9,False
ACDC - Thunderstruck,cutin5s/seeded_correct,3950,5000,1050,1050,,1,1,False,False,21,21,547.5,24.5,32.3,False
ACDC - Thunderstruck,cutin5s/seeded_wrong_2s,3950,5000,1050,1050,,1,1,False,False,21,21,554.9,24.7,35.1,False
ACDC - Thunderstruck,cutin15s/cold,13950,-475,-14425,-14425,,2,2,False,True,5,21,174.4,36.2,36.9,False
ACDC - Thunderstruck,cutin15s/seeded_correct,13950,13950,0,0,37000,0,2,False,True,5,21,175.1,36.3,36.9,True
ACDC - Thunderstruck,cutin15s/seeded_wrong_2s,13950,-475,-14425,-14425,,2,2,False,True,5,21,174.5,36.2,37.1,False
ACDC - Thunderstruck,cutin25s/cold,23950,9525,-14425,-14425,,1,1,False,True,14,21,713.3,52.2,55.2,False
ACDC - Thunderstruck,cutin25s/seeded_correct,23950,23950,0,0,37000,0,3,False,True,5,21,233.8,51.1,51.3,True
ACDC - Thunderstruck,cutin25s/seeded_wrong_2s,23950,9525,-14425,-14425,,1,1,False,True,14,21,712.3,52.0,55.2,False
ACDC - Thunderstruck,blend8s/cold,-1050,-1053,-3,1050,,2,4,True,False,21,21,369.5,15.9,24.0,True
ACDC - Thunderstruck,blend8s/seeded_correct,-1050,0,1050,1050,,3,3,False,False,21,21,368.7,17.0,23.9,False
ACDC - Thunderstruck,blend8s/seeded_wrong_2s,-1050,0,1050,1050,,3,3,False,False,21,21,369.6,16.8,24.0,False
Bad Bunny - LA MuDANZA,off0/cold,-1100,-1084,16,22,20125,0,2,True,False,9,9,148.3,14.7,24.1,True
Bad Bunny - LA MuDANZA,off0/seeded_correct,-1100,-1100,0,0,18750,0,1,False,False,9,9,148.9,14.4,24.2,True
Bad Bunny - LA MuDANZA,off0/seeded_wrong_2s,-1100,-1100,0,1100,,0,1,False,False,9,9,146.7,14.5,23.7,True
Bad Bunny - LA MuDANZA,off+200/cold,-900,-901,-1,-1,20125,0,2,True,False,9,9,149.1,14.3,24.3,True
Bad Bunny - LA MuDANZA,off+200/seeded_correct,-900,-900,0,0,18750,0,1,False,False,9,9,148.3,14.1,24.1,True
Bad Bunny - LA MuDANZA,off+200/seeded_wrong_2s,-900,-900,0,1100,,0,1,False,False,9,9,148.9,14.4,24.3,True
Bad Bunny - LA MuDANZA,off-200/cold,-1300,-1281,19,19,20125,0,3,True,True,8,9,125.1,14.1,21.5,True
Bad Bunny - LA MuDANZA,off-200/seeded_correct,-1300,-1300,0,0,18750,0,1,False,False,9,9,147.3,14.5,23.1,True
Bad Bunny - LA MuDANZA,off-200/seeded_wrong_2s,-1300,-1300,0,1100,,0,1,False,False,9,9,147.3,14.2,23.3,True
Bad Bunny - LA MuDANZA,off+2s/cold,900,900,0,0,18750,0,2,True,False,9,9,146.5,14.5,23.3,True
Bad Bunny - LA MuDANZA,off+2s/seeded_correct,900,900,0,0,18750,0,1,False,False,9,9,146.1,14.3,22.9,True
Bad Bunny - LA MuDANZA,off+2s/seeded_wrong_2s,900,900,0,1100,,0,1,False,False,9,9,147.9,14.5,23.6,True
Bad Bunny - LA MuDANZA,off-2s/cold,-3100,-3088,12,19,20125,0,2,True,False,9,9,145.4,14.2,22.6,True
Bad Bunny - LA MuDANZA,off-2s/seeded_correct,-3100,-3100,0,0,18750,0,1,False,False,9,9,148.0,14.3,23.6,True
Bad Bunny - LA MuDANZA,off-2s/seeded_wrong_2s,-3100,,,1100,,0,0,False,False,9,9,146.5,14.3,23.1,False
Bad Bunny - LA MuDANZA,off+10s/cold,8900,,,-8900,,0,0,False,False,9,9,153.0,15.2,23.9,False
Bad Bunny - LA MuDANZA,off+10s/seeded_correct,8900,8900,0,0,18750,0,3,False,False,9,9,151.8,14.7,23.6,True
Bad Bunny - LA MuDANZA,off+10s/seeded_wrong_2s,8900,,,2000,,0,0,False,False,9,9,152.1,14.9,24.1,False
Bad Bunny - LA MuDANZA,off-10s/cold,-11100,,,11100,,0,0,False,False,8,9,131.6,14.7,22.6,False
Bad Bunny - LA MuDANZA,off-10s/seeded_correct,-11100,,,0,,0,0,False,False,8,9,132.9,14.4,24.2,False
Bad Bunny - LA MuDANZA,off-10s/seeded_wrong_2s,-11100,,,2000,,0,0,False,False,8,9,135.2,14.5,26.2,False
Bad Bunny - LA MuDANZA,off+25s/cold,23900,,,-23900,,0,0,False,False,9,9,161.2,15.5,25.7,False
Bad Bunny - LA MuDANZA,off+25s/seeded_correct,23900,23900,0,0,18750,0,3,False,False,9,9,161.8,15.2,25.6,True
Bad Bunny - LA MuDANZA,off+25s/seeded_wrong_2s,23900,,,2000,,0,0,False,False,9,9,162.6,15.5,24.8,False
Bad Bunny - LA MuDANZA,off-25s/cold,-26100,,,26100,,0,0,False,False,7,9,107.1,14.3,21.8,False
Bad Bunny - LA MuDANZA,off-25s/seeded_correct,-26100,,,0,,0,0,False,False,7,9,104.1,14.2,20.2,False
Bad Bunny - LA MuDANZA,off-25s/seeded_wrong_2s,-26100,,,2000,,0,0,False,False,7,9,106.2,14.1,21.3,False
Bad Bunny - LA MuDANZA,noise0/cold,-1100,-1084,16,22,20125,0,2,True,False,9,9,135.4,13.9,19.9,True
Bad Bunny - LA MuDANZA,noise0/seeded_correct,-1100,-1100,0,0,18750,0,1,False,False,9,9,134.8,13.7,19.8,True
Bad Bunny - LA MuDANZA,noise0/seeded_wrong_2s,-1100,-1100,0,1100,,0,1,False,False,9,9,134.4,13.9,19.5,True
Bad Bunny - LA MuDANZA,noise-2s/cold,-3100,-3090,10,19,20125,0,2,True,False,9,9,135.2,13.6,19.5,True
Bad Bunny - LA MuDANZA,noise-2s/seeded_correct,-3100,-3100,0,0,18750,0,1,False,False,9,9,135.5,13.8,19.5,True
Bad Bunny - LA MuDANZA,noise-2s/seeded_wrong_2s,-3100,,,1100,,0,0,False,False,9,9,135.8,13.9,19.8,False
Bad Bunny - LA MuDANZA,cutin5s/cold,3900,3909,9,9,41450,0,3,True,True,5,9,109.8,22.2,22.5,True
Bad Bunny - LA MuDANZA,cutin5s/seeded_correct,3900,3900,0,0,18750,0,2,False,False,9,9,216.5,23.0,28.3,True
Bad Bunny - LA MuDANZA,cutin5s/seeded_wrong_2s,3900,3900,0,0,25500,0,2,False,False,9,9,217.4,22.9,29.0,True
Bad Bunny - LA MuDANZA,cutin15s/cold,13900,13900,0,-13900,,0,3,False,False,9,9,331.8,36.2,41.8,True
Bad Bunny - LA MuDANZA,cutin15s/seeded_correct,13900,13900,0,0,18750,0,3,False,False,9,9,332.0,36.4,41.8,True
Bad Bunny - LA MuDANZA,cutin15s/seeded_wrong_2s,13900,13900,0,0,25500,0,3,False,False,9,9,333.8,36.7,42.1,True
Bad Bunny - LA MuDANZA,cutin25s/cold,23900,23900,0,0,158000,0,2,False,True,8,9,390.4,50.6,55.5,True
Bad Bunny - LA MuDANZA,cutin25s/seeded_correct,23900,23900,0,0,36500,0,2,False,True,8,9,392.4,50.6,55.3,True
Bad Bunny - LA MuDANZA,cutin25s/seeded_wrong_2s,23900,23900,0,0,45750,0,2,False,True,8,9,392.2,50.9,55.0,True
Bad Bunny - LA MuDANZA,blend8s/cold,-1100,-1100,0,22,18750,0,2,True,True,3,9,39.5,13.2,13.7,True
Bad Bunny - LA MuDANZA,blend8s/seeded_correct,-1100,-1100,0,0,9000,0,2,False,False,9,9,141.2,14.2,20.6,True
Bad Bunny - LA MuDANZA,blend8s/seeded_wrong_2s,-1100,-1100,0,0,18750,0,2,False,False,9,9,141.2,14.5,21.0,True
Bad Bunny - Soy Peor,off0/cold,-938,-925,13,13,165750,1,3,False,False,11,11,202.2,18.2,26.2,True
Bad Bunny - Soy Peor,off0/seeded_correct,-938,-925,13,13,165750,1,3,False,False,11,11,199.8,18.3,25.6,True
Bad Bunny - Soy Peor,off0/seeded_wrong_2s,-938,-925,13,13,165750,1,3,False,False,11,11,200.6,18.5,25.2,True
Bad Bunny - Soy Peor,off+200/cold,-738,-725,13,13,165750,1,3,False,False,11,11,201.2,18.1,25.0,True
Bad Bunny - Soy Peor,off+200/seeded_correct,-738,-725,13,13,165750,1,3,False,False,11,11,208.1,18.0,26.9,True
Bad Bunny - Soy Peor,off+200/seeded_wrong_2s,-738,-725,13,13,165750,1,3,False,False,11,11,204.7,18.9,26.5,True
Bad Bunny - Soy Peor,off-200/cold,-1138,-1125,13,13,165750,1,3,False,False,11,11,201.3,17.8,26.3,True
Bad Bunny - Soy Peor,off-200/seeded_correct,-1138,-1125,13,13,165750,1,3,False,False,11,11,200.0,17.9,25.4,True
Bad Bunny - Soy Peor,off-200/seeded_wrong_2s,-1138,-1125,13,13,165750,1,3,False,False,11,11,202.4,19.0,25.5,True
Bad Bunny - Soy Peor,off+2s/cold,1062,1075,13,13,165750,1,3,False,False,11,11,203.3,17.9,25.4,True
Bad Bunny - Soy Peor,off+2s/seeded_correct,1062,1075,13,13,165750,1,3,False,False,11,11,203.4,17.6,26.1,True
Bad Bunny - Soy Peor,off+2s/seeded_wrong_2s,1062,1075,13,13,165750,1,3,False,False,11,11,201.8,19.1,24.8,True
Bad Bunny - Soy Peor,off-2s/cold,-2938,1221,4159,4159,,1,1,False,False,11,11,213.3,20.1,27.4,False
Bad Bunny - Soy Peor,off-2s/seeded_correct,-2938,,,938,,0,0,False,False,11,11,203.2,18.6,26.3,False
Bad Bunny - Soy Peor,off-2s/seeded_wrong_2s,-2938,1225,4163,2000,,1,1,False,False,11,11,202.3,18.7,26.7,False
Bad Bunny - Soy Peor,off+10s/cold,9062,,,-8287,,0,0,False,False,11,11,209.9,18.1,26.2,False
Bad Bunny - Soy Peor,off+10s/seeded_correct,9062,9062,0,0,36000,0,3,False,True,9,11,159.2,15.1,24.0,True
Bad Bunny - Soy Peor,off+10s/seeded_wrong_2s,9062,775,-8287,2000,,1,1,False,False,11,11,208.5,18.2,26.3,False
Bad Bunny - Soy Peor,off-10s/cold,-10938,,,12413,,0,0,False,False,10,11,182.3,18.6,24.9,False
Bad Bunny - Soy Peor,off-10s/seeded_correct,-10938,,,0,,0,0,False,False,10,11,180.3,18.2,24.7,False
Bad Bunny - Soy Peor,off-10s/seeded_wrong_2s,-10938,,,2000,,0,0,False,False,10,11,178.8,18.1,24.4,False
Bad Bunny - Soy Peor,off+25s/cold,24062,-700,-24762,-24762,,2,2,False,False,11,11,220.7,19.1,27.4,False
Bad Bunny - Soy Peor,off+25s/seeded_correct,24062,24062,0,0,36000,0,3,False,True,9,11,166.8,16.7,23.6,True
Bad Bunny - Soy Peor,off+25s/seeded_wrong_2s,24062,-700,-24762,2000,,2,2,False,False,11,11,220.0,19.3,27.2,False
Bad Bunny - Soy Peor,off-25s/cold,-25938,,,25938,,0,0,False,False,10,11,160.8,17.4,22.9,False
Bad Bunny - Soy Peor,off-25s/seeded_correct,-25938,,,0,,0,0,False,False,10,11,162.4,17.4,23.4,False
Bad Bunny - Soy Peor,off-25s/seeded_wrong_2s,-25938,,,2000,,0,0,False,False,10,11,164.4,17.6,23.6,False
Bad Bunny - Soy Peor,noise0/cold,-938,-925,13,13,165750,0,2,False,False,11,11,185.8,16.6,23.3,True
Bad Bunny - Soy Peor,noise0/seeded_correct,-938,-925,13,13,165750,0,2,False,False,11,11,184.7,16.4,22.5,True
Bad Bunny - Soy Peor,noise0/seeded_wrong_2s,-938,-1000,-62,-62,40250,0,2,False,True,10,11,160.8,15.4,20.3,True
Bad Bunny - Soy Peor,noise-2s/cold,-2938,1221,4159,4159,,1,1,False,False,11,11,186.2,17.0,22.8,False
Bad Bunny - Soy Peor,noise-2s/seeded_correct,-2938,,,-62,36000,0,0,False,False,11,11,184.6,16.8,22.3,False
Bad Bunny - Soy Peor,noise-2s/seeded_wrong_2s,-2938,1225,4163,2000,,1,1,False,False,11,11,185.0,16.8,22.6,False
Bad Bunny - Soy Peor,cutin5s/cold,4062,4075,13,13,165750,1,3,False,False,11,11,284.1,25.6,31.1,True
Bad Bunny - Soy Peor,cutin5s/seeded_correct,4062,4075,13,13,165750,1,3,False,False,11,11,285.5,25.6,32.2,True
Bad Bunny - Soy Peor,cutin5s/seeded_wrong_2s,4062,4075,13,13,165750,1,3,False,False,11,11,287.0,25.9,32.6,True
Bad Bunny - Soy Peor,cutin15s/cold,14062,14000,-62,-62,40250,0,2,False,True,10,11,380.8,37.7,42.5,True
Bad Bunny - Soy Peor,cutin15s/seeded_correct,14062,14000,-62,-62,26000,0,2,False,True,10,11,380.1,37.7,42.3,True
Bad Bunny - Soy Peor,cutin15s/seeded_wrong_2s,14062,14000,-62,-62,40250,0,2,False,True,10,11,379.3,37.4,42.6,True
Bad Bunny - Soy Peor,cutin25s/cold,24062,24000,-62,-62,40250,0,2,False,False,11,11,592.3,53.3,63.2,True
Bad Bunny - Soy Peor,cutin25s/seeded_correct,24062,24000,-62,-62,36000,0,2,False,False,11,11,590.0,53.7,62.2,True
Bad Bunny - Soy Peor,cutin25s/seeded_wrong_2s,24062,24000,-62,-62,40250,0,2,False,False,11,11,587.9,54.4,61.9,True
Bad Bunny - Soy Peor,blend8s/cold,-938,-1000,-62,-62,26000,0,2,False,True,10,11,163.6,15.8,20.6,True
Bad Bunny - Soy Peor,blend8s/seeded_correct,-938,-1000,-62,-62,26000,0,2,False,True,10,11,163.9,15.7,21.2,True
Bad Bunny - Soy Peor,blend8s/seeded_wrong_2s,-938,-1000,-62,-62,40250,0,2,False,True,10,11,165.6,15.8,21.5,True
Bad Bunny - BATICANO,off0/cold,-1031,-1100,-69,-69,9000,0,2,False,True,9,12,139.3,14.6,18.3,True
Bad Bunny - BATICANO,off0/seeded_correct,-1031,-1100,-69,-69,9000,0,2,False,True,9,12,139.1,15.1,18.3,True
Bad Bunny - BATICANO,off0/seeded_wrong_2s,-1031,-1100,-69,-69,9000,0,2,False,True,9,12,139.0,14.7,18.4,True
Bad Bunny - BATICANO,off+200/cold,-831,-900,-69,-69,9000,0,2,False,True,9,12,137.3,14.3,18.0,True
Bad Bunny - BATICANO,off+200/seeded_correct,-831,-900,-69,-69,9000,0,2,False,True,9,12,139.7,14.6,18.8,True
Bad Bunny - BATICANO,off+200/seeded_wrong_2s,-831,-900,-69,-69,9000,0,2,False,True,9,12,138.6,15.0,18.1,True
Bad Bunny - BATICANO,off-200/cold,-1231,-1300,-69,-69,16000,0,1,False,False,12,12,208.9,17.7,23.0,True
Bad Bunny - BATICANO,off-200/seeded_correct,-1231,-1300,-69,-69,9000,0,1,False,False,12,12,208.9,17.2,23.4,True
Bad Bunny - BATICANO,off-200/seeded_wrong_2s,-1231,-1300,-69,6,82000,0,1,False,False,12,12,205.4,16.7,22.8,True
Bad Bunny - BATICANO,off+2s/cold,969,900,-69,-69,9000,0,2,False,True,9,12,138.3,14.6,18.2,True
Bad Bunny - BATICANO,off+2s/seeded_correct,969,900,-69,-69,9000,0,2,False,True,9,12,138.6,14.8,18.0,True
Bad Bunny - BATICANO,off+2s/seeded_wrong_2s,969,900,-69,-69,9000,0,2,False,True,9,12,139.7,14.3,18.6,True
Bad Bunny - BATICANO,off-2s/cold,-3031,,,2281,,0,0,False,False,12,12,206.2,16.6,23.7,False
Bad Bunny - BATICANO,off-2s/seeded_correct,-3031,,,6,16000,0,0,False,False,12,12,205.9,16.7,23.4,False
Bad Bunny - BATICANO,off-2s/seeded_wrong_2s,-3031,,,2281,,0,0,False,False,12,12,205.9,16.7,23.2,False
Bad Bunny - BATICANO,off+10s/cold,8969,,,-9119,,0,0,False,False,12,12,213.4,17.6,24.3,False
Bad Bunny - BATICANO,off+10s/seeded_correct,8969,8969,0,0,40250,0,2,False,False,12,12,214.8,17.5,24.3,True
Bad Bunny - BATICANO,off+10s/seeded_wrong_2s,8969,,,2000,,0,0,False,False,12,12,212.8,17.6,24.0,False
Bad Bunny - BATICANO,off-10s/cold,-11031,,,11031,,0,0,False,False,11,12,185.8,16.1,23.4,False
Bad Bunny - BATICANO,off-10s/seeded_correct,-11031,,,0,,0,0,False,False,11,12,185.7,16.7,23.1,False
Bad Bunny - BATICANO,off-10s/seeded_wrong_2s,-11031,,,2000,,0,0,False,False,11,12,186.2,16.2,22.7,False
Bad Bunny - BATICANO,off+25s/cold,23969,,,-23969,,0,0,False,False,12,12,226.8,18.9,25.3,False
Bad Bunny - BATICANO,off+25s/seeded_correct,23969,23969,0,0,40250,0,2,False,False,12,12,224.6,18.7,24.5,True
Bad Bunny - BATICANO,off+25s/seeded_wrong_2s,23969,,,2000,,0,0,False,False,12,12,229.8,18.5,25.8,False
Bad Bunny - BATICANO,off-25s/cold,-26031,,,26031,,0,0,False,False,10,12,165.8,15.7,23.8,False
Bad Bunny - BATICANO,off-25s/seeded_correct,-26031,,,0,,0,0,False,False,10,12,163.4,15.6,22.6,False
Bad Bunny - BATICANO,off-25s/seeded_wrong_2s,-26031,,,2000,,0,0,False,False,10,12,162.9,15.8,22.2,False
Bad Bunny - BATICANO,noise0/cold,-1031,-1100,-69,-69,16000,0,1,False,False,12,12,186.6,15.2,20.1,True
Bad Bunny - BATICANO,noise0/seeded_correct,-1031,-1100,-69,-69,9000,0,1,False,True,9,12,127.6,13.9,15.8,True
Bad Bunny - BATICANO,noise0/seeded_wrong_2s,-1031,-1100,-69,-69,82000,0,1,False,False,12,12,186.4,15.2,20.3,True
Bad Bunny - BATICANO,noise-2s/cold,-3031,,,2281,,0,0,False,False,12,12,186.5,15.1,20.2,False
Bad Bunny - BATICANO,noise-2s/seeded_correct,-3031,,,6,16000,0,0,False,False,12,12,187.6,15.3,20.4,False
Bad Bunny - BATICANO,noise-2s/seeded_wrong_2s,-3031,,,2281,,0,0,False,False,12,12,186.9,15.3,20.0,False
Bad Bunny - BATICANO,cutin5s/cold,3969,3900,-69,-69,9000,0,2,False,True,9,12,209.9,22.7,25.4,True
Bad Bunny - BATICANO,cutin5s/seeded_correct,3969,3900,-69,-69,9000,0,2,False,True,9,12,210.4,22.8,25.0,True
Bad Bunny - BATICANO,cutin5s/seeded_wrong_2s,3969,3900,-69,-69,9000,0,2,False,True,9,12,209.2,22.8,24.8,True
Bad Bunny - BATICANO,cutin15s/cold,13969,13975,6,-13969,,0,3,False,False,12,12,445.1,37.2,42.2,True
Bad Bunny - BATICANO,cutin15s/seeded_correct,13969,13975,6,6,34750,0,3,False,False,12,12,448.2,37.6,42.3,True
Bad Bunny - BATICANO,cutin15s/seeded_wrong_2s,13969,13975,6,6,82000,0,3,False,False,12,12,448.3,37.5,42.0,True
Bad Bunny - BATICANO,cutin25s/cold,23969,23975,6,-23969,,0,2,False,False,12,12,612.4,51.7,58.3,True
Bad Bunny - BATICANO,cutin25s/seeded_correct,23969,23975,6,6,34750,0,2,False,False,12,12,612.6,52.3,57.2,True
Bad Bunny - BATICANO,cutin25s/seeded_wrong_2s,23969,23975,6,6,67500,0,2,False,False,12,12,618.5,52.9,57.6,True
Bad Bunny - BATICANO,blend8s/cold,-1031,-1025,6,6,34750,0,3,False,False,12,12,199.4,16.1,22.3,True
Bad Bunny - BATICANO,blend8s/seeded_correct,-1031,-1025,6,6,16000,0,1,False,False,12,12,195.8,16.1,21.6,True
Bad Bunny - BATICANO,blend8s/seeded_wrong_2s,-1031,-1025,6,6,82000,0,3,False,False,12,12,196.7,15.6,21.8,True
"Arcángel, Bad Bunny, Mambo Kingz, DJ Luian - Tu No Vive Asi (feat. Mambo Kingz & DJ Luian)",off0/cold,-2183,,,3983,,0,0,False,False,19,19,351.1,18.2,25.1,False
"Arcángel, Bad Bunny, Mambo Kingz, DJ Luian - Tu No Vive Asi (feat. Mambo Kingz & DJ Luian)",off0/seeded_correct,-2183,-2100,83,83,159750,0,2,False,False,19,19,345.8,18.0,24.6,True
"Arcángel, Bad Bunny, Mambo Kingz, DJ Luian - Tu No Vive Asi (feat. Mambo Kingz & DJ Luian)",off0/seeded_wrong_2s,-2183,1775,3958,3958,,1,1,False,False,19,19,359.2,18.8,25.4,False
"Arcángel, Bad Bunny, Mambo Kingz, DJ Luian - Tu No Vive Asi (feat. Mambo Kingz & DJ Luian)",off+200/cold,-1983,1962,3945,3945,,2,2,False,False,19,19,355.4,18.1,26.2,False
"Arcángel, Bad Bunny, Mambo Kingz, DJ Luian - Tu No Vive Asi (feat. Mambo Kingz & DJ Luian)",off+200/seeded_correct,-1983,-1900,83,83,159750,0,2,False,False,19,19,353.6,18.2,24.6,True
"Arcángel, Bad Bunny, Mambo Kingz, DJ Luian - Tu No Vive Asi (feat. Mambo Kingz & DJ Luian)",off+200/seeded_wrong_2s,-1983,1962,3945,3945,,2,2,False,False,19,19,351.3,18.3,24.2,False
"Arcángel, Bad Bunny, Mambo Kingz, DJ Luian - Tu No Vive Asi (feat. Mambo Kingz & DJ Luian)",off-200/cold,-2383,,,3983,,0,0,False,False,19,19,351.0,18.4,24.6,False
"Arcángel, Bad Bunny, Mambo Kingz, DJ Luian - Tu No Vive Asi (feat. Mambo Kingz & DJ Luian)",off-200/seeded_correct,-2383,-2300,83,83,159750,0,2,False,False,19,19,358.4,19.4,24.5,True
"Arcángel, Bad Bunny, Mambo Kingz, DJ Luian - Tu No Vive Asi (feat. Mambo Kingz & DJ Luian)",off-200/seeded_wrong_2s,-2383,1575,3958,3958,,1,1,False,False,19,19,349.5,18.3,24.3,False
"Arcángel, Bad Bunny, Mambo Kingz, DJ Luian - Tu No Vive Asi (feat. Mambo Kingz & DJ Luian)",off+2s/cold,-183,-250,-67,-67,32000,0,2,False,True,12,19,192.0,16.1,18.8,True
"Arcángel, Bad Bunny, Mambo Kingz, DJ Luian - Tu No Vive Asi (feat. Mambo Kingz & DJ Luian)",off+2s/seeded_correct,-183,-250,-67,-67,32000,0,2,False,True,12,19,195.9,16.7,19.4,True
"Arcángel, Bad Bunny, Mambo Kingz, DJ Luian - Tu No Vive Asi (feat. Mambo Kingz & DJ Luian)",off+2s/seeded_wrong_2s,-183,-200,-17,83,163750,0,2,False,False,19,19,353.4,18.5,24.7,True
"Arcángel, Bad Bunny, Mambo Kingz, DJ Luian - Tu No Vive Asi (feat. Mambo Kingz & DJ Luian)",off-2s/cold,-4183,-100,4083,4083,,3,3,True,False,19,19,348.6,18.4,24.4,False
"Arcángel, Bad Bunny, Mambo Kingz, DJ Luian - Tu No Vive Asi (feat. Mambo Kingz & DJ Luian)",off-2s/seeded_correct,-4183,-100,4083,0,,2,2,False,False,19,19,353.0,18.7,24.5,False
"Arcángel, Bad Bunny, Mambo Kingz, DJ Luian - Tu No Vive Asi (feat. Mambo Kingz & DJ Luian)",off-2s/seeded_wrong_2s,-4183,-100,4083,3983,,3,3,False,False,19,19,349.9,18.0,24.4,False
"Arcángel, Bad Bunny, Mambo Kingz, DJ Luian - Tu No Vive Asi (feat. Mambo Kingz & DJ Luian)",off+10s/cold,7817,,,-7817,,0,0,False,False,19,19,376.7,18.5,26.8,False
"Arcángel, Bad Bunny, Mambo Kingz, DJ Luian - Tu No Vive Asi (feat. Mambo Kingz & DJ Luian)",off+10s/seeded_correct,7817,,,0,159750,0,0,False,False,19,19,366.3,18.6,25.0,False
"Arcángel, Bad Bunny, Mambo Kingz, DJ Luian - Tu No Vive Asi (feat. Mambo Kingz & DJ Luian)",off+10s/seeded_wrong_2s,7817,,,2000,,0,0,False,False,19,19,363.1,19.5,25.0,False
"Arcángel, Bad Bunny, Mambo Kingz, DJ Luian - Tu No Vive Asi (feat. Mambo Kingz & DJ Luian)",off-10s/cold,-12183,-4275,7908,7908,,2,2,True,True,6,19,84.4,13.6,16.3,False
"Arcángel, Bad Bunny, Mambo Kingz, DJ Luian - Tu No Vive Asi (feat. Mambo Kingz & DJ Luian)",off-10s/seeded_correct,-12183,-225,11958,0,,1,1,False,False,18,19,323.5,17.5,24.3,False
"Arcángel, Bad Bunny, Mambo Kingz, DJ Luian - Tu No Vive Asi (feat. Mambo Kingz & DJ Luian)",off-10s/seeded_wrong_2s,-12183,-225,11958,2000,,1,1,False,False,18,19,325.6,17.8,24.7,False
"Arcángel, Bad Bunny, Mambo Kingz, DJ Luian - Tu No Vive Asi (feat. Mambo Kingz & DJ Luian)",off+25s/cold,22817,-2100,-24917,-23717,,1,1,False,False,19,19,383.8,20.0,26.1,False
"Arcángel, Bad Bunny, Mambo Kingz, DJ Luian - Tu No Vive Asi (feat. Mambo Kingz & DJ Luian)",off+25s/seeded_correct,22817,,,0,159750,0,0,False,False,19,19,381.1,20.0,27.3,False
"Arcángel, Bad Bunny, Mambo Kingz, DJ Luian - Tu No Vive Asi (feat. Mambo Kingz & DJ Luian)",off+25s/seeded_wrong_2s,22817,-2100,-24917,2000,,2,2,False,False,19,19,379.9,19.6,25.8,False
"Arcángel, Bad Bunny, Mambo Kingz, DJ Luian - Tu No Vive Asi (feat. Mambo Kingz & DJ Luian)",off-25s/cold,-27183,,,27183,,0,0,False,False,18,19,303.3,16.3,22.7,False
"Arcángel, Bad Bunny, Mambo Kingz, DJ Luian - Tu No Vive Asi (feat. Mambo Kingz & DJ Luian)",off-25s/seeded_correct,-27183,,,0,,0,0,False,False,18,19,303.0,16.2,22.1,False
"Arcángel, Bad Bunny, Mambo Kingz, DJ Luian - Tu No Vive Asi (feat. Mambo Kingz & DJ Luian)",off-25s/seeded_wrong_2s,-27183,,,2000,,0,0,False,False,18,19,302.9,16.3,22.2,False
"Arcángel, Bad Bunny, Mambo Kingz, DJ Luian - Tu No Vive Asi (feat. Mambo Kingz & DJ Luian)",noise0/cold,-2183,,,3983,,0,0,False,False,19,19,314.5,15.9,21.4,False
"Arcángel, Bad Bunny, Mambo Kingz, DJ Luian - Tu No Vive Asi (feat. Mambo Kingz & DJ Luian)",noise0/seeded_correct,-2183,-2100,83,83,159750,0,2,False,False,19,19,313.0,16.3,21.1,True
"Arcángel, Bad Bunny, Mambo Kingz, DJ Luian - Tu No Vive Asi (feat. Mambo Kingz & DJ Luian)",noise0/seeded_wrong_2s,-2183,1775,3958,3958,,1,1,False,False,19,19,310.8,15.8,20.7,False
"Arcángel, Bad Bunny, Mambo Kingz, DJ Luian - Tu No Vive Asi (feat. Mambo Kingz & DJ Luian)",noise-2s/cold,-4183,3744,7927,7927,,3,3,True,True,6,19,78.4,13.1,14.1,False
"Arcángel, Bad Bunny, Mambo Kingz, DJ Luian - Tu No Vive Asi (feat. Mambo Kingz & DJ Luian)",noise-2s/seeded_correct,-4183,-100,4083,0,,2,2,False,False,19,19,316.8,16.7,20.8,False
"Arcángel, Bad Bunny, Mambo Kingz, DJ Luian - Tu No Vive Asi (feat. Mambo Kingz & DJ Luian)",noise-2s/seeded_wrong_2s,-4183,-100,4083,3983,,3,3,False,False,19,19,310.0,15.8,21.2,False
"Arcángel, Bad Bunny, Mambo Kingz, DJ Luian - Tu No Vive Asi (feat. Mambo Kingz & DJ Luian)",cutin5s/cold,2817,2800,-17,-2817,,0,2,False,False,19,19,492.2,25.1,31.7,True
"Arcángel, Bad Bunny, Mambo Kingz, DJ Luian - Tu No Vive Asi (feat. Mambo Kingz & DJ Luian)",cutin5s/seeded_correct,2817,2750,-67,-67,32000,0,2,False,True,15,19,367.3,24.7,27.7,True
"Arcángel, Bad Bunny, Mambo Kingz, DJ Luian - Tu No Vive Asi (feat. Mambo Kingz & DJ Luian)",cutin5s/seeded_wrong_2s,2817,2800,-17,108,,0,2,False,False,19,19,489.0,25.1,31.0,True
"Arcángel, Bad Bunny, Mambo Kingz, DJ Luian - Tu No Vive Asi (feat. Mambo Kingz & DJ Luian)",cutin15s/cold,12817,12800,-17,-12817,,0,1,False,False,19,19,738.5,39.3,43.8,True
"Arcángel, Bad Bunny, Mambo Kingz, DJ Luian - Tu No Vive Asi (feat. Mambo Kingz & DJ Luian)",cutin15s/seeded_correct,12817,12800,-17,-17,92750,0,2,False,False,19,19,738.3,39.3,44.4,True
"Arcángel, Bad Bunny, Mambo Kingz, DJ Luian - Tu No Vive Asi (feat. Mambo Kingz & DJ Luian)",cutin15s/seeded_wrong_2s,12817,12800,-17,83,192750,0,1,False,False,19,19,736.5,39.2,43.1,True
"Arcángel, Bad Bunny, Mambo Kingz, DJ Luian - Tu No Vive Asi (feat. Mambo Kingz & DJ Luian)",cutin25s/cold,22817,,,-23717,,0,0,False,False,19,19,1009.8,54.1,58.3,False
"Arcángel, Bad Bunny, Mambo Kingz, DJ Luian - Tu No Vive Asi (feat. Mambo Kingz & DJ Luian)",cutin25s/seeded_correct,22817,22817,0,0,159750,0,2,False,False,19,19,1013.3,54.2,58.6,True
"Arcángel, Bad Bunny, Mambo Kingz, DJ Luian - Tu No Vive Asi (feat. Mambo Kingz & DJ Luian)",cutin25s/seeded_wrong_2s,22817,,,2000,,0,0,False,False,19,19,1013.6,53.1,60.3,False
"Arcángel, Bad Bunny, Mambo Kingz, DJ Luian - Tu No Vive Asi (feat. Mambo Kingz & DJ Luian)",blend8s/cold,-2183,,,3983,,0,0,False,False,19,19,332.2,16.8,22.8,False
"Arcángel, Bad Bunny, Mambo Kingz, DJ Luian - Tu No Vive Asi (feat. Mambo Kingz & DJ Luian)",blend8s/seeded_correct,-2183,-2100,83,83,159750,0,2,False,False,19,19,336.0,16.8,24.0,True
"Arcángel, Bad Bunny, Mambo Kingz, DJ Luian - Tu No Vive Asi (feat. Mambo Kingz & DJ Luian)",blend8s/seeded_wrong_2s,-2183,1775,3958,3958,,1,1,False,False,19,19,336.0,16.6,23.5,False
Bad Bunny - BENDICIONES,off0/cold,2225,-1103,-3328,-3328,,4,4,True,True,8,14,114.3,14.4,15.7,False
Bad Bunny - BENDICIONES,off0/seeded_correct,2225,-1100,-3325,-3325,,3,3,False,True,12,14,184.3,14.9,18.2,False
Bad Bunny - BENDICIONES,off0/seeded_wrong_2s,2225,-1100,-3325,-3325,,3,3,False,True,12,14,183.7,15.0,18.0,False
Bad Bunny - BENDICIONES,off+200/cold,2425,-901,-3326,-3326,,3,3,True,True,8,14,113.5,14.3,15.4,False
Bad Bunny - BENDICIONES,off+200/seeded_correct,2425,-900,-3325,-3325,,3,3,False,True,12,14,183.6,14.8,17.9,False
Bad Bunny - BENDICIONES,off+200/seeded_wrong_2s,2425,-900,-3325,-3325,,3,3,False,True,12,14,184.3,15.1,17.9,False
Bad Bunny - BENDICIONES,off-200/cold,2025,-1300,-3325,-3325,,4,4,True,True,8,14,114.2,14.5,15.3,False
Bad Bunny - BENDICIONES,off-200/seeded_correct,2025,-1300,-3325,-3325,,3,3,False,True,12,14,183.7,15.2,17.9,False
Bad Bunny - BENDICIONES,off-200/seeded_wrong_2s,2025,-1300,-3325,-3325,,3,3,False,True,12,14,182.2,14.8,18.0,False
Bad Bunny - BENDICIONES,off+2s/cold,4225,900,-3325,-3325,,4,4,True,True,8,14,115.0,14.4,15.9,False
Bad Bunny - BENDICIONES,off+2s/seeded_correct,4225,900,-3325,-3325,,3,3,False,True,10,14,148.3,14.7,17.3,False
Bad Bunny - BENDICIONES,off+2s/seeded_wrong_2s,4225,900,-3325,-3325,,3,3,False,True,10,14,157.6,16.1,18.2,False
Bad Bunny - BENDICIONES,off-2s/cold,225,-3100,-3325,-3325,,4,4,True,True,13,14,203.7,15.1,18.3,False
Bad Bunny - BENDICIONES,off-2s/seeded_correct,225,-3100,-3325,-3325,,3,3,False,False,14,14,223.3,15.1,19.9,False
Bad Bunny - BENDICIONES,off-2s/seeded_wrong_2s,225,-3100,-3325,-3325,,3,3,False,False,14,14,223.3,15.3,19.7,False
Bad Bunny - BENDICIONES,off+10s/cold,12225,2225,-10000,-12225,,2,2,False,False,14,14,233.9,16.1,20.0,False
Bad Bunny - BENDICIONES,off+10s/seeded_correct,12225,12225,0,0,39750,0,2,False,False,14,14,233.7,16.4,19.8,True
Bad Bunny - BENDICIONES,off+10s/seeded_wrong_2s,12225,2225,-10000,2000,,2,2,False,False,14,14,234.2,16.3,20.6,False
Bad Bunny - BENDICIONES,off-10s/cold,-7775,-1100,6675,6675,,1,1,False,False,13,14,208.4,15.2,20.2,False
Bad Bunny - BENDICIONES,off-10s/seeded_correct,-7775,2225,10000,0,,1,1,False,False,13,14,202.7,15.2,18.9,False
Bad Bunny - BENDICIONES,off-10s/seeded_wrong_2s,-7775,2225,10000,2000,,1,1,False,False,13,14,204.3,15.3,19.2,False
Bad Bunny - BENDICIONES,off+25s/cold,27225,-2775,-30000,-30000,,3,3,False,True,13,14,227.8,17.7,20.4,False
Bad Bunny - BENDICIONES,off+25s/seeded_correct,27225,27225,0,0,34250,0,2,False,False,14,14,251.6,17.9,21.3,True
Bad Bunny - BENDICIONES,off+25s/seeded_wrong_2s,27225,-2775,-30000,-30000,,3,3,False,True,13,14,227.8,17.9,20.6,False
Bad Bunny - BENDICIONES,off-25s/cold,-22775,,,23325,,0,0,False,False,12,14,176.2,14.2,17.4,False
Bad Bunny - BENDICIONES,off-25s/seeded_correct,-22775,,,0,,0,0,False,False,12,14,176.3,14.2,18.0,False
Bad Bunny - BENDICIONES,off-25s/seeded_wrong_2s,-22775,,,2000,,0,0,False,False,12,14,177.5,14.1,18.4,False
Bad Bunny - BENDICIONES,noise0/cold,2225,-1103,-3328,-3328,,3,3,True,True,8,14,108.7,13.7,14.3,False
Bad Bunny - BENDICIONES,noise0/seeded_correct,2225,-1100,-3325,-3325,,2,2,False,True,9,14,124.0,13.7,14.9,False
Bad Bunny - BENDICIONES,noise0/seeded_wrong_2s,2225,-1100,-3325,-3325,,2,2,False,True,9,14,124.0,13.8,15.0,False
Bad Bunny - BENDICIONES,noise-2s/cold,225,-3106,-3331,-3331,,3,3,True,True,8,14,110.3,13.8,14.3,False
Bad Bunny - BENDICIONES,noise-2s/seeded_correct,225,-3100,-3325,-3325,,2,2,False,True,9,14,125.4,14.0,14.8,False
Bad Bunny - BENDICIONES,noise-2s/seeded_wrong_2s,225,-3100,-3325,-3325,,2,2,False,True,9,14,125.0,13.9,14.8,False
Bad Bunny - BENDICIONES,cutin5s/cold,7225,3900,-3325,-3328,,2,2,True,True,3,14,66.3,22.1,22.8,False
Bad Bunny - BENDICIONES,cutin5s/seeded_correct,7225,3900,-3325,-3325,,2,2,False,True,9,14,204.5,22.7,23.8,False
Bad Bunny - BENDICIONES,cutin5s/seeded_wrong_2s,7225,3900,-3325,-3325,,2,2,False,True,8,14,180.4,22.6,23.2,False
Bad Bunny - BENDICIONES,cutin15s/cold,17225,13900,-3325,-3325,,2,2,False,True,9,14,323.3,36.5,37.6,False
Bad Bunny - BENDICIONES,cutin15s/seeded_correct,17225,13900,-3325,-3325,,2,2,False,True,9,14,324.1,36.5,37.6,False
Bad Bunny - BENDICIONES,cutin15s/seeded_wrong_2s,17225,13900,-3325,-3325,,2,2,False,True,9,14,323.6,36.4,37.7,False
Bad Bunny - BENDICIONES,cutin25s/cold,27225,23900,-3325,-3325,,3,3,False,True,8,14,388.3,50.4,51.4,False
Bad Bunny - BENDICIONES,cutin25s/seeded_correct,27225,23900,-3325,-3325,,2,2,False,True,10,14,493.6,51.0,52.6,False
Bad Bunny - BENDICIONES,cutin25s/seeded_wrong_2s,27225,23900,-3325,-3325,,3,3,False,True,8,14,388.8,51.0,51.4,False
Bad Bunny - BENDICIONES,blend8s/cold,2225,-1100,-3325,-3328,,2,2,True,True,3,14,39.2,13.2,13.7,False
Bad Bunny - BENDICIONES,blend8s/seeded_correct,2225,-1100,-3325,-3325,,2,2,False,True,9,14,126.4,14.2,15.3,False
Bad Bunny - BENDICIONES,blend8s/seeded_wrong_2s,2225,-1100,-3325,-3325,,2,2,False,True,9,14,126.4,14.0,15.4,False
Bad Bunny - Cuando Perriabas,off0/cold,1950,1950,0,0,16500,0,3,True,True,4,10,52.3,12.9,13.8,True
Bad Bunny - Cuando Perriabas,off0/seeded_correct,1950,1950,0,0,11000,0,3,False,True,3,10,38.3,12.7,13.1,True
Bad Bunny - Cuando Perriabas,off0/seeded_wrong_2s,1950,1950,0,0,16500,0,2,False,True,4,10,52.3,12.9,13.8,True
Bad Bunny - Cuando Perriabas,off+200/cold,2150,2150,0,0,26000,0,3,True,True,4,10,52.1,12.8,13.7,True
Bad Bunny - Cuando Perriabas,off+200/seeded_correct,2150,2150,0,0,11000,0,3,False,True,3,10,38.2,12.6,13.1,True
Bad Bunny - Cuando Perriabas,off+200/seeded_wrong_2s,2150,2150,0,0,16500,0,2,False,True,4,10,52.3,12.9,13.9,True
Bad Bunny - Cuando Perriabas,off-200/cold,1750,1750,0,0,16500,0,3,True,True,4,10,52.1,12.9,13.8,True
Bad Bunny - Cuando Perriabas,off-200/seeded_correct,1750,1750,0,0,11000,0,3,False,True,3,10,38.1,12.5,13.1,True
Bad Bunny - Cuando Perriabas,off-200/seeded_wrong_2s,1750,1750,0,0,16500,0,2,False,True,4,10,51.9,12.8,13.7,True
Bad Bunny - Cuando Perriabas,off+2s/cold,3950,3950,0,0,28300,0,3,True,True,4,10,52.2,13.0,13.9,True
Bad Bunny - Cuando Perriabas,off+2s/seeded_correct,3950,3950,0,0,11000,0,2,False,True,4,10,52.2,13.0,13.9,True
Bad Bunny - Cuando Perriabas,off+2s/seeded_wrong_2s,3950,,,2000,,0,0,False,False,10,10,147.5,14.5,17.2,False
Bad Bunny - Cuando Perriabas,off-2s/cold,-50,-50,0,0,11000,0,3,False,True,3,10,37.8,12.5,12.9,True
Bad Bunny - Cuando Perriabas,off-2s/seeded_correct,-50,-50,0,0,11000,0,3,False,True,3,10,37.7,12.5,12.9,True
Bad Bunny - Cuando Perriabas,off-2s/seeded_wrong_2s,-50,-50,0,0,16500,0,2,False,True,4,10,51.8,12.7,13.9,True
Bad Bunny - Cuando Perriabas,off+10s/cold,11950,1700,-10250,-10250,,1,1,False,False,10,10,152.9,15.7,17.3,False
Bad Bunny - Cuando Perriabas,off+10s/seeded_correct,11950,11950,0,0,11000,0,2,False,True,4,10,54.0,13.2,14.9,True
Bad Bunny - Cuando Perriabas,off+10s/seeded_wrong_2s,11950,,,2000,,0,0,False,False,10,10,152.6,15.5,17.6,False
Bad Bunny - Cuando Perriabas,off-10s/cold,-8050,-2200,5850,5850,,3,3,False,True,8,10,107.0,13.8,15.3,False
Bad Bunny - Cuando Perriabas,off-10s/seeded_correct,-8050,-2200,5850,5850,,3,3,False,True,8,10,106.2,13.7,15.2,False
Bad Bunny - Cuando Perriabas,off-10s/seeded_wrong_2s,-8050,-2200,5850,5850,,3,3,False,True,8,10,106.4,13.8,15.3,False
Bad Bunny - Cuando Perriabas,off+25s/cold,26950,,,-26950,,0,0,False,False,10,10,162.0,16.0,19.0,False
Bad Bunny - Cuando Perriabas,off+25s/seeded_correct,26950,26950,0,0,11000,0,2,False,True,4,10,57.5,14.2,15.7,True
Bad Bunny - Cuando Perriabas,off+25s/seeded_wrong_2s,26950,,,2000,,0,0,False,False,10,10,169.3,17.5,19.3,False
Bad Bunny - Cuando Perriabas,off-25s/cold,-23050,,,21950,,0,0,False,False,8,10,107.3,13.3,15.5,False
Bad Bunny - Cuando Perriabas,off-25s/seeded_correct,-23050,,,0,,0,0,False,False,8,10,107.3,13.2,15.7,False
Bad Bunny - Cuando Perriabas,off-25s/seeded_wrong_2s,-23050,,,2000,,0,0,False,False,8,10,108.2,13.2,16.0,False
Bad Bunny - Cuando Perriabas,noise0/cold,1950,1950,0,0,16500,0,3,True,True,4,10,51.8,12.9,13.5,True
Bad Bunny - Cuando Perriabas,noise0/seeded_correct,1950,1950,0,0,11000,0,3,False,True,3,10,38.0,12.7,12.9,True
Bad Bunny - Cuando Perriabas,noise0/seeded_wrong_2s,1950,1950,0,0,16500,0,2,False,True,4,10,51.4,12.7,13.5,True
Bad Bunny - Cuando Perriabas,noise-2s/cold,-50,-50,0,0,11000,0,3,False,True,3,10,37.8,12.4,12.9,True
Bad Bunny - Cuando Perriabas,noise-2s/seeded_correct,-50,-50,0,0,11000,0,3,False,True,3,10,37.7,12.5,12.8,True
Bad Bunny - Cuando Perriabas,noise-2s/seeded_wrong_2s,-50,-50,0,0,16500,0,2,False,True,4,10,51.4,12.7,13.7,True
Bad Bunny - Cuando Perriabas,cutin5s/cold,6950,6950,0,0,26000,0,2,False,True,4,10,86.5,21.6,22.2,True
Bad Bunny - Cuando Perriabas,cutin5s/seeded_correct,6950,6950,0,0,11000,0,2,False,True,4,10,86.2,21.5,22.2,True
Bad Bunny - Cuando Perriabas,cutin5s/seeded_wrong_2s,6950,6950,0,0,16500,0,2,False,True,4,10,86.1,21.5,22.1,True
Bad Bunny - Cuando Perriabas,cutin15s/cold,16950,16950,0,0,26000,0,3,False,True,6,10,206.8,35.8,36.4,True
Bad Bunny - Cuando Perriabas,cutin15s/seeded_correct,16950,16950,0,0,26000,0,3,False,True,6,10,207.0,35.7,36.4,True
Bad Bunny - Cuando Perriabas,cutin15s/seeded_wrong_2s,16950,16950,0,0,26000,0,3,False,True,6,10,206.4,35.8,36.1,True
Bad Bunny - Cuando Perriabas,cutin25s/cold,26950,26950,0,0,84500,0,2,False,False,10,10,502.8,52.2,56.0,True
Bad Bunny - Cuando Perriabas,cutin25s/seeded_correct,26950,26950,0,0,38500,0,3,False,True,7,10,335.4,50.9,52.9,True
Bad Bunny - Cuando Perriabas,cutin25s/seeded_wrong_2s,26950,26950,0,0,84500,0,1,False,False,10,10,501.0,52.2,55.2,True
Bad Bunny - Cuando Perriabas,blend8s/cold,1950,1950,0,0,26000,0,3,True,True,4,10,53.5,13.2,14.1,True
Bad Bunny - Cuando Perriabas,blend8s/seeded_correct,1950,1950,0,0,16500,0,3,False,True,5,10,67.0,13.3,14.1,True
Bad Bunny - Cuando Perriabas,blend8s/seeded_wrong_2s,1950,1950,0,0,26000,0,3,False,True,5,10,67.1,13.4,14.1,True
Bad Bunny - 3,off0/cold,-1025,,,0,34250,0,0,False,False,8,8,124.5,15.0,19.1,False
Bad Bunny - 3,off0/seeded_correct,-1025,,,0,24750,0,0,False,False,8,8,124.0,15.0,19.0,False
Bad Bunny - 3,off0/seeded_wrong_2s,-1025,,,0,34250,0,0,False,False,8,8,122.6,14.9,18.7,False
Bad Bunny - 3,off+200/cold,-825,,,0,24750,0,0,False,False,8,8,124.7,15.0,18.8,False
Bad Bunny - 3,off+200/seeded_correct,-825,,,0,24750,0,0,False,False,8,8,124.7,14.8,18.8,False
Bad Bunny - 3,off+200/seeded_wrong_2s,-825,,,0,34250,0,0,False,False,8,8,124.2,14.9,18.8,False
Bad Bunny - 3,off-200/cold,-1225,-1225,0,0,38500,0,1,False,False,8,8,123.3,14.8,19.6,True
Bad Bunny - 3,off-200/seeded_correct,-1225,-1225,0,0,24750,0,2,False,False,8,8,124.9,15.1,19.1,True
Bad Bunny - 3,off-200/seeded_wrong_2s,-1225,,,3000,,0,0,False,False,8,8,122.3,14.8,18.8,False
Bad Bunny - 3,off+2s/cold,975,,,0,24750,0,0,False,False,8,8,125.2,15.1,18.9,False
Bad Bunny - 3,off+2s/seeded_correct,975,,,0,24750,0,0,False,False,8,8,125.5,15.0,19.4,False
Bad Bunny - 3,off+2s/seeded_wrong_2s,975,,,0,34250,0,0,False,False,8,8,125.8,14.9,19.2,False
Bad Bunny - 3,off-2s/cold,-3025,2950,5975,5975,,2,2,False,True,4,8,53.9,13.4,14.3,False
Bad Bunny - 3,off-2s/seeded_correct,-3025,2950,5975,5975,,2,2,False,True,4,8,54.1,13.7,14.1,False
Bad Bunny - 3,off-2s/seeded_wrong_2s,-3025,2950,5975,5975,,2,2,False,True,4,8,53.5,13.5,14.0,False
Bad Bunny - 3,off+10s/cold,8975,2975,-6000,-8975,,1,1,False,False,8,8,128.6,15.3,20.0,False
Bad Bunny - 3,off+10s/seeded_correct,8975,,,0,24750,0,0,False,False,8,8,126.8,15.1,19.4,False
Bad Bunny - 3,off+10s/seeded_wrong_2s,8975,2975,-6000,2000,,1,1,False,False,8,8,126.2,15.5,18.9,False
Bad Bunny - 3,off-10s/cold,-11025,,,12000,,0,0,False,False,7,8,104.9,14.7,17.3,False
Bad Bunny - 3,off-10s/seeded_correct,-11025,,,0,,0,0,False,False,7,8,103.7,14.4,17.4,False
Bad Bunny - 3,off-10s/seeded_wrong_2s,-11025,,,2000,,0,0,False,False,7,8,104.5,14.3,17.8,False
Bad Bunny - 3,off+25s/cold,23975,-25,-24000,-24000,,2,2,False,False,8,8,137.2,16.3,21.0,False
Bad Bunny - 3,off+25s/seeded_correct,23975,,,0,24750,0,0,False,False,8,8,137.0,16.5,20.5,False
Bad Bunny - 3,off+25s/seeded_wrong_2s,23975,-25,-24000,2000,,2,2,False,False,8,8,138.5,16.5,21.6,False
Bad Bunny - 3,off-25s/cold,-26025,,,26025,,0,0,False,False,6,8,81.6,13.1,15.6,False
Bad Bunny - 3,off-25s/seeded_correct,-26025,,,0,,0,0,False,False,6,8,83.4,13.4,16.4,False
Bad Bunny - 3,off-25s/seeded_wrong_2s,-26025,,,2000,,0,0,False,False,6,8,85.7,13.2,18.2,False
Bad Bunny - 3,noise0/cold,-1025,,,0,34250,0,0,False,False,8,8,115.3,14.3,16.5,False
Bad Bunny - 3,noise0/seeded_correct,-1025,,,0,24750,0,0,False,False,8,8,115.2,14.2,16.8,False
Bad Bunny - 3,noise0/seeded_wrong_2s,-1025,,,0,34250,0,0,False,False,8,8,116.3,14.3,17.0,False
Bad Bunny - 3,noise-2s/cold,-3025,2950,5975,5975,,2,2,False,True,4,8,52.1,13.0,13.3,False
Bad Bunny - 3,noise-2s/seeded_correct,-3025,2950,5975,5975,,2,2,False,True,4,8,52.2,13.0,13.4,False
Bad Bunny - 3,noise-2s/seeded_wrong_2s,-3025,2950,5975,5975,,2,2,False,True,4,8,51.6,12.9,13.3,False
Bad Bunny - 3,cutin5s/cold,3975,3975,0,-3975,,0,1,False,False,8,8,188.2,23.1,25.2,True
Bad Bunny - 3,cutin5s/seeded_correct,3975,3975,0,0,24750,0,1,False,False,8,8,184.4,22.9,24.6,True
Bad Bunny - 3,cutin5s/seeded_wrong_2s,3975,,,3000,,0,0,False,False,8,8,184.9,22.9,24.6,False
Bad Bunny - 3,cutin15s/cold,13975,13975,0,-13975,,0,1,False,False,8,8,291.9,36.5,39.2,True
Bad Bunny - 3,cutin15s/seeded_correct,13975,,,0,24750,0,0,False,False,8,8,289.4,36.6,38.4,False
Bad Bunny - 3,cutin15s/seeded_wrong_2s,13975,13975,0,0,38500,0,1,False,False,8,8,289.2,36.5,38.3,True
Bad Bunny - 3,cutin25s/cold,23975,,,-23975,,0,0,False,False,8,8,393.5,50.3,52.9,False
Bad Bunny - 3,cutin25s/seeded_correct,23975,23975,0,0,34250,0,1,False,False,8,8,394.5,50.7,52.9,True
Bad Bunny - 3,cutin25s/seeded_wrong_2s,23975,,,2000,,0,0,False,False,8,8,398.7,51.0,53.9,False
Bad Bunny - 3,blend8s/cold,-1025,,,0,34250,0,0,False,False,8,8,118.7,14.6,17.2,False
Bad Bunny - 3,blend8s/seeded_correct,-1025,,,0,24750,0,0,False,False,8,8,119.3,14.6,17.4,False
Bad Bunny - 3,blend8s/seeded_wrong_2s,-1025,,,0,34250,0,0,False,False,8,8,119.7,14.9,17.1,False
"Bad Bunny, Eladio Carrion - THUNDER Y LIGHTNING",off0/cold,-475,,,0,135250,0,0,False,False,9,9,135.3,14.6,21.6,False
"Bad Bunny, Eladio Carrion - THUNDER Y LIGHTNING",off0/seeded_correct,-475,-475,0,0,92250,0,2,False,False,9,9,133.5,14.5,20.7,True
"Bad Bunny, Eladio Carrion - THUNDER Y LIGHTNING",off0/seeded_wrong_2s,-475,,,2000,,0,0,False,False,9,9,134.5,14.1,21.5,False
"Bad Bunny, Eladio Carrion - THUNDER Y LIGHTNING",off+200/cold,-275,,,0,135250,0,0,False,False,9,9,136.2,14.5,21.8,False
"Bad Bunny, Eladio Carrion - THUNDER Y LIGHTNING",off+200/seeded_correct,-275,-275,0,0,92250,0,2,False,False,9,9,140.4,14.3,22.6,True
"Bad Bunny, Eladio Carrion - THUNDER Y LIGHTNING",off+200/seeded_wrong_2s,-275,,,2000,,0,0,False,False,9,9,140.8,14.6,24.0,False
"Bad Bunny, Eladio Carrion - THUNDER Y LIGHTNING",off-200/cold,-675,,,0,135250,0,0,False,False,9,9,136.6,14.4,22.4,False
"Bad Bunny, Eladio Carrion - THUNDER Y LIGHTNING",off-200/seeded_correct,-675,-675,0,0,92250,0,2,False,False,9,9,136.1,14.2,21.5,True
"Bad Bunny, Eladio Carrion - THUNDER Y LIGHTNING",off-200/seeded_wrong_2s,-675,,,2000,,0,0,False,False,9,9,137.8,14.3,22.0,False
"Bad Bunny, Eladio Carrion - THUNDER Y LIGHTNING",off+2s/cold,1525,1525,0,0,129250,0,2,False,False,9,9,138.1,14.7,22.5,True
"Bad Bunny, Eladio Carrion - THUNDER Y LIGHTNING",off+2s/seeded_correct,1525,1525,0,0,92250,0,2,False,False,9,9,136.9,14.5,21.7,True
"Bad Bunny, Eladio Carrion - THUNDER Y LIGHTNING",off+2s/seeded_wrong_2s,1525,1525,0,0,129250,0,2,False,False,9,9,136.2,14.5,21.9,True
"Bad Bunny, Eladio Carrion - THUNDER Y LIGHTNING",off-2s/cold,-2475,,,3075,,0,0,False,False,9,9,135.9,14.4,21.9,False
"Bad Bunny, Eladio Carrion - THUNDER Y LIGHTNING",off-2s/seeded_correct,-2475,,,0,129250,0,0,False,False,9,9,135.2,14.2,21.3,False
"Bad Bunny, Eladio Carrion - THUNDER Y LIGHTNING",off-2s/seeded_wrong_2s,-2475,,,3100,,0,0,False,False,9,9,134.6,14.3,21.5,False
"Bad Bunny, Eladio Carrion - THUNDER Y LIGHTNING",off+10s/cold,9525,3350,-6175,-9525,,1,1,False,False,9,9,140.6,14.7,23.3,False
"Bad Bunny, Eladio Carrion - THUNDER Y LIGHTNING",off+10s/seeded_correct,9525,9525,0,0,129250,0,1,False,False,9,9,137.9,14.7,21.9,True
"Bad Bunny, Eladio Carrion - THUNDER Y LIGHTNING",off+10s/seeded_wrong_2s,9525,3350,-6175,2000,,1,1,False,False,9,9,140.5,14.9,23.5,False
"Bad Bunny, Eladio Carrion - THUNDER Y LIGHTNING",off-10s/cold,-10475,1825,12300,12300,,2,2,False,False,8,9,133.8,15.8,21.5,False
"Bad Bunny, Eladio Carrion - THUNDER Y LIGHTNING",off-10s/seeded_correct,-10475,1825,12300,0,,1,1,False,False,8,9,129.3,15.1,20.8,False
"Bad Bunny, Eladio Carrion - THUNDER Y LIGHTNING",off-10s/seeded_wrong_2s,-10475,1825,12300,2000,,1,1,False,False,8,9,129.2,15.2,21.0,False
"Bad Bunny, Eladio Carrion - THUNDER Y LIGHTNING",off+25s/cold,24525,,,-24600,,0,0,False,False,8,9,122.9,15.9,21.3,False
"Bad Bunny, Eladio Carrion - THUNDER Y LIGHTNING",off+25s/seeded_correct,24525,24525,0,0,92250,0,2,False,False,8,9,124.1,15.9,20.9,True
"Bad Bunny, Eladio Carrion - THUNDER Y LIGHTNING",off+25s/seeded_wrong_2s,24525,,,2000,,0,0,False,False,8,9,124.1,15.9,21.5,False
"Bad Bunny, Eladio Carrion - THUNDER Y LIGHTNING",off-25s/cold,-25475,,,24600,,0,0,False,False,8,9,120.1,14.6,19.8,False
"Bad Bunny, Eladio Carrion - THUNDER Y LIGHTNING",off-25s/seeded_correct,-25475,,,0,,0,0,False,False,8,9,119.1,14.5,19.3,False
"Bad Bunny, Eladio Carrion - THUNDER Y LIGHTNING",off-25s/seeded_wrong_2s,-25475,,,2000,,0,0,False,False,8,9,118.9,14.5,19.7,False
"Bad Bunny, Eladio Carrion - THUNDER Y LIGHTNING",noise0/cold,-475,,,0,135250,0,0,False,False,9,9,126.1,13.7,19.4,False
"Bad Bunny, Eladio Carrion - THUNDER Y LIGHTNING",noise0/seeded_correct,-475,-475,0,0,92250,0,2,False,False,9,9,127.1,13.8,20.1,True
"Bad Bunny, Eladio Carrion - THUNDER Y LIGHTNING",noise0/seeded_wrong_2s,-475,,,2000,,0,0,False,False,9,9,126.7,13.7,19.8,False
"Bad Bunny, Eladio Carrion - THUNDER Y LIGHTNING",noise-2s/cold,-2475,,,3075,,0,0,False,False,9,9,128.4,13.7,20.3,False
"Bad Bunny, Eladio Carrion - THUNDER Y LIGHTNING",noise-2s/seeded_correct,-2475,,,0,129250,0,0,False,False,9,9,127.5,13.5,20.0,False
"Bad Bunny, Eladio Carrion - THUNDER Y LIGHTNING",noise-2s/seeded_wrong_2s,-2475,,,3100,,0,0,False,False,9,9,127.8,13.6,20.2,False
"Bad Bunny, Eladio Carrion - THUNDER Y LIGHTNING",cutin5s/cold,4525,,,-4525,,0,0,False,False,9,9,197.4,22.3,28.7,False
"Bad Bunny, Eladio Carrion - THUNDER Y LIGHTNING",cutin5s/seeded_correct,4525,4525,0,0,92250,0,2,False,False,9,9,196.9,22.5,28.5,True
"Bad Bunny, Eladio Carrion - THUNDER Y LIGHTNING",cutin5s/seeded_wrong_2s,4525,,,2000,,0,0,False,False,9,9,200.0,22.7,29.7,False
"Bad Bunny, Eladio Carrion - THUNDER Y LIGHTNING",cutin15s/cold,14525,,,-14525,,0,0,False,False,9,9,305.4,36.1,41.7,False
"Bad Bunny, Eladio Carrion - THUNDER Y LIGHTNING",cutin15s/seeded_correct,14525,14525,0,0,92250,0,2,False,False,9,9,306.4,36.2,41.9,True
"Bad Bunny, Eladio Carrion - THUNDER Y LIGHTNING",cutin15s/seeded_wrong_2s,14525,,,2000,,0,0,False,False,9,9,307.7,36.3,42.7,False
"Bad Bunny, Eladio Carrion - THUNDER Y LIGHTNING",cutin25s/cold,24525,,,-24625,,0,0,False,False,8,9,363.3,50.4,55.8,False
"Bad Bunny, Eladio Carrion - THUNDER Y LIGHTNING",cutin25s/seeded_correct,24525,24525,0,0,92250,0,2,False,False,8,9,364.7,50.7,56.2,True
"Bad Bunny, Eladio Carrion - THUNDER Y LIGHTNING",cutin25s/seeded_wrong_2s,24525,,,2000,,0,0,False,False,8,9,365.8,51.0,56.6,False
"Bad Bunny, Eladio Carrion - THUNDER Y LIGHTNING",blend8s/cold,-475,,,0,135250,0,0,False,False,9,9,130.3,14.3,20.1,False
"Bad Bunny, Eladio Carrion - THUNDER Y LIGHTNING",blend8s/seeded_correct,-475,-475,0,0,92250,0,2,False,False,9,9,131.6,14.2,21.0,True
"Bad Bunny, Eladio Carrion - THUNDER Y LIGHTNING",blend8s/seeded_wrong_2s,-475,,,2000,,0,0,False,False,9,9,129.8,14.2,20.0,False
Bad Bunny - EL MUNDO ES MÍO,off0/cold,-1100,-1100,0,0,72750,1,3,False,True,11,15,166.1,15.6,17.4,True
Bad Bunny - EL MUNDO ES MÍO,off0/seeded_correct,-1100,-1100,0,0,72750,1,3,False,True,11,15,166.0,15.6,17.0,True
Bad Bunny - EL MUNDO ES MÍO,off0/seeded_wrong_2s,-1100,-1100,0,0,72750,1,3,False,True,11,15,166.6,15.6,17.2,True
Bad Bunny - EL MUNDO ES MÍO,off+200/cold,-900,-900,0,0,72750,1,3,False,True,11,15,167.1,15.4,17.5,True
Bad Bunny - EL MUNDO ES MÍO,off+200/seeded_correct,-900,-900,0,0,72750,1,3,False,True,11,15,168.9,15.7,17.8,True
Bad Bunny - EL MUNDO ES MÍO,off+200/seeded_wrong_2s,-900,-900,0,0,72750,1,3,False,True,11,15,171.0,15.8,17.9,True
Bad Bunny - EL MUNDO ES MÍO,off-200/cold,-1300,-1300,0,1100,,1,2,False,False,15,15,240.8,16.6,19.0,True
Bad Bunny - EL MUNDO ES MÍO,off-200/seeded_correct,-1300,-1300,0,1100,,1,2,False,False,15,15,243.3,16.6,19.3,True
Bad Bunny - EL MUNDO ES MÍO,off-200/seeded_wrong_2s,-1300,-1300,0,1100,,1,2,False,False,15,15,242.8,16.6,19.0,True
Bad Bunny - EL MUNDO ES MÍO,off+2s/cold,900,900,0,0,72750,1,3,False,True,11,15,166.8,15.3,17.1,True
Bad Bunny - EL MUNDO ES MÍO,off+2s/seeded_correct,900,900,0,0,72750,1,3,False,True,11,15,168.3,15.2,17.7,True
Bad Bunny - EL MUNDO ES MÍO,off+2s/seeded_wrong_2s,900,900,0,0,72750,1,3,False,True,11,15,168.6,15.1,17.5,True
Bad Bunny - EL MUNDO ES MÍO,off-2s/cold,-3100,-3100,0,1100,,1,2,False,False,15,15,243.2,16.0,19.0,True
Bad Bunny - EL MUNDO ES MÍO,off-2s/seeded_correct,-3100,-3100,0,1100,,1,2,False,False,15,15,241.4,16.1,19.4,True
Bad Bunny - EL MUNDO ES MÍO,off-2s/seeded_wrong_2s,-3100,-3100,0,1100,,1,2,False,False,15,15,240.7,16.2,19.1,True
Bad Bunny - EL MUNDO ES MÍO,off+10s/cold,8900,-450,-9350,-9350,,1,1,False,False,15,15,249.9,16.9,20.0,False
Bad Bunny - EL MUNDO ES MÍO,off+10s/seeded_correct,8900,8900,0,0,16000,0,3,False,True,8,15,126.4,14.9,20.2,True
Bad Bunny - EL MUNDO ES MÍO,off+10s/seeded_wrong_2s,8900,2675,-6225,2000,,1,1,False,False,15,15,252.8,16.8,19.8,False
Bad Bunny - EL MUNDO ES MÍO,off-10s/cold,-11100,,,12475,,0,0,False,False,14,15,222.2,15.8,18.9,False
Bad Bunny - EL MUNDO ES MÍO,off-10s/seeded_correct,-11100,,,0,,0,0,False,False,14,15,219.9,16.0,18.8,False
Bad Bunny - EL MUNDO ES MÍO,off-10s/seeded_wrong_2s,-11100,,,2000,,0,0,False,False,14,15,223.2,16.0,19.3,False
Bad Bunny - EL MUNDO ES MÍO,off+25s/cold,23900,,,-24925,,0,0,False,False,15,15,263.0,17.9,20.8,False
Bad Bunny - EL MUNDO ES MÍO,off+25s/seeded_correct,23900,23900,0,0,16000,0,3,False,True,8,15,129.4,16.0,18.3,True
Bad Bunny - EL MUNDO ES MÍO,off+25s/seeded_wrong_2s,23900,,,2000,,0,0,False,False,15,15,262.9,18.1,20.5,False
Bad Bunny - EL MUNDO ES MÍO,off-25s/cold,-26100,,,24925,,0,0,False,False,13,15,194.6,15.4,18.1,False
Bad Bunny - EL MUNDO ES MÍO,off-25s/seeded_correct,-26100,,,0,,0,0,False,False,13,15,193.1,15.2,17.6,False
Bad Bunny - EL MUNDO ES MÍO,off-25s/seeded_wrong_2s,-26100,,,2000,,0,0,False,False,13,15,194.7,15.3,18.0,False
Bad Bunny - EL MUNDO ES MÍO,noise0/cold,-1100,-1100,0,0,72750,1,3,False,True,11,15,158.5,14.7,15.9,True
Bad Bunny - EL MUNDO ES MÍO,noise0/seeded_correct,-1100,-1100,0,0,72750,1,3,False,True,11,15,157.0,14.5,16.1,True
Bad Bunny - EL MUNDO ES MÍO,noise0/seeded_wrong_2s,-1100,-1100,0,0,72750,1,3,False,True,11,15,156.1,14.4,15.7,True
Bad Bunny - EL MUNDO ES MÍO,noise-2s/cold,-3100,-3100,0,1100,,1,2,False,False,15,15,222.9,14.7,17.3,True
Bad Bunny - EL MUNDO ES MÍO,noise-2s/seeded_correct,-3100,-3100,0,1100,,1,2,False,False,15,15,224.1,14.7,18.0,True
Bad Bunny - EL MUNDO ES MÍO,noise-2s/seeded_wrong_2s,-3100,-3100,0,1100,,1,2,False,False,15,15,223.9,15.0,17.1,True
Bad Bunny - EL MUNDO ES MÍO,cutin5s/cold,3900,3900,0,0,72750,0,2,False,True,8,15,180.5,22.5,23.7,True
Bad Bunny - EL MUNDO ES MÍO,cutin5s/seeded_correct,3900,3900,0,0,16000,0,2,False,True,8,15,181.3,22.7,23.6,True
Bad Bunny - EL MUNDO ES MÍO,cutin5s/seeded_wrong_2s,3900,3900,0,0,32250,0,2,False,True,8,15,181.7,22.6,23.9,True
Bad Bunny - EL MUNDO ES MÍO,cutin15s/cold,13900,13900,0,0,32250,0,3,False,True,8,15,283.8,36.0,37.3,True
Bad Bunny - EL MUNDO ES MÍO,cutin15s/seeded_correct,13900,13900,0,0,32250,0,3,False,True,8,15,284.2,36.1,37.5,True
Bad Bunny - EL MUNDO ES MÍO,cutin15s/seeded_wrong_2s,13900,13900,0,0,32250,0,3,False,True,8,15,282.6,35.9,37.3,True
Bad Bunny - EL MUNDO ES MÍO,cutin25s/cold,23900,23900,0,0,72750,0,2,False,True,8,15,385.7,50.4,51.9,True
Bad Bunny - EL MUNDO ES MÍO,cutin25s/seeded_correct,23900,23900,0,0,32250,0,2,False,True,8,15,385.5,50.3,51.9,True
Bad Bunny - EL MUNDO ES MÍO,cutin25s/seeded_wrong_2s,23900,23900,0,0,36250,0,2,False,True,8,15,383.4,50.2,51.6,True
Bad Bunny - EL MUNDO ES MÍO,blend8s/cold,-1100,-1100,0,0,72750,0,2,False,True,11,15,160.5,14.6,16.2,True
Bad Bunny - EL MUNDO ES MÍO,blend8s/seeded_correct,-1100,-1100,0,0,72750,0,2,False,True,11,15,162.7,15.0,16.6,True
Bad Bunny - EL MUNDO ES MÍO,blend8s/seeded_wrong_2s,-1100,-1100,0,0,32250,0,2,False,True,8,15,113.7,13.9,15.3,True
Bad Bunny - La Zona,off0/cold,-1094,-1090,4,1094,,1,3,True,False,19,19,293.4,15.8,17.3,True
Bad Bunny - La Zona,off0/seeded_correct,-1094,-1089,5,1094,,1,2,False,False,19,19,292.5,15.7,17.6,True
Bad Bunny - La Zona,off0/seeded_wrong_2s,-1094,-1089,5,1094,,1,2,False,False,19,19,293.8,15.7,17.7,True
Bad Bunny - La Zona,off+200/cold,-894,-890,4,1094,,1,3,True,False,19,19,302.4,15.8,18.5,True
Bad Bunny - La Zona,off+200/seeded_correct,-894,-889,5,1094,,1,2,False,False,19,19,296.6,15.7,17.4,True
Bad Bunny - La Zona,off+200/seeded_wrong_2s,-894,-889,5,1094,,1,2,False,False,19,19,297.9,16.1,17.5,True
Bad Bunny - La Zona,off-200/cold,-1294,-1289,5,1094,,1,3,True,False,19,19,295.9,15.6,17.9,True
Bad Bunny - La Zona,off-200/seeded_correct,-1294,-1288,6,1094,,1,2,False,False,19,19,294.1,15.4,17.6,True
Bad Bunny - La Zona,off-200/seeded_wrong_2s,-1294,-1288,6,1094,,1,2,False,False,19,19,293.2,15.6,17.6,True
Bad Bunny - La Zona,off+2s/cold,906,909,3,1094,,1,3,True,False,19,19,296.8,15.9,17.6,True
Bad Bunny - La Zona,off+2s/seeded_correct,906,910,4,1094,,1,2,False,False,19,19,299.5,16.1,18.0,True
Bad Bunny - La Zona,off+2s/seeded_wrong_2s,906,910,4,1094,,1,2,False,False,19,19,297.7,15.6,17.8,True
Bad Bunny - La Zona,off-2s/cold,-3094,-3097,-3,1094,,1,3,True,False,19,19,296.0,16.0,17.5,True
Bad Bunny - La Zona,off-2s/seeded_correct,-3094,-3096,-2,1094,,1,2,False,False,19,19,299.4,16.1,17.5,True
Bad Bunny - La Zona,off-2s/seeded_wrong_2s,-3094,-3096,-2,1094,,1,2,False,False,19,19,296.5,15.9,17.8,True
Bad Bunny - La Zona,off+10s/cold,8906,-1300,-10206,-10206,,2,2,False,False,19,19,313.0,16.9,18.8,False
Bad Bunny - La Zona,off+10s/seeded_correct,8906,8906,0,0,21500,0,3,False,True,5,19,72.0,14.7,15.1,True
Bad Bunny - La Zona,off+10s/seeded_wrong_2s,8906,-1300,-10206,2000,,2,2,False,False,19,19,312.5,16.3,18.8,False
Bad Bunny - La Zona,off-10s/cold,-11094,-875,10219,10219,,3,3,False,False,18,19,279.6,15.9,17.7,False
Bad Bunny - La Zona,off-10s/seeded_correct,-11094,-875,10219,0,,3,3,False,False,18,19,279.3,15.7,17.4,False
Bad Bunny - La Zona,off-10s/seeded_wrong_2s,-11094,-875,10219,2000,,3,3,False,False,18,19,280.6,16.1,17.2,False
Bad Bunny - La Zona,off+25s/cold,23906,925,-22981,-22981,,1,1,False,False,19,19,319.8,17.1,18.9,False
Bad Bunny - La Zona,off+25s/seeded_correct,23906,23906,0,0,21500,0,3,False,True,5,19,73.7,14.9,16.0,True
Bad Bunny - La Zona,off+25s/seeded_wrong_2s,23906,925,-22981,-22981,,2,2,False,False,19,19,324.5,16.7,21.8,False
Bad Bunny - La Zona,off-25s/cold,-26094,2000,28094,28094,,2,2,False,False,17,19,249.5,15.0,16.8,False
Bad Bunny - La Zona,off-25s/seeded_correct,-26094,-3125,22969,0,,1,1,False,False,17,19,246.5,14.9,16.6,False
Bad Bunny - La Zona,off-25s/seeded_wrong_2s,-26094,-3125,22969,2000,,1,1,False,False,17,19,245.9,14.9,16.6,False
Bad Bunny - La Zona,noise0/cold,-1094,-1090,4,1094,,1,3,True,False,19,19,277.7,14.6,16.2,True
Bad Bunny - La Zona,noise0/seeded_correct,-1094,-1089,5,1094,,1,2,False,False,19,19,276.8,14.7,16.6,True
Bad Bunny - La Zona,noise0/seeded_wrong_2s,-1094,-1089,5,1094,,1,2,False,False,19,19,277.4,14.8,16.1,True
Bad Bunny - La Zona,noise-2s/cold,-3094,-3097,-3,1094,,1,3,True,False,19,19,279.8,14.7,16.4,True
Bad Bunny - La Zona,noise-2s/seeded_correct,-3094,-3096,-2,1094,,1,2,False,False,19,19,278.4,14.7,16.4,True
Bad Bunny - La Zona,noise-2s/seeded_wrong_2s,-3094,-3096,-2,1094,,1,2,False,False,19,19,279.7,14.8,16.5,True
Bad Bunny - La Zona,cutin5s/cold,3906,3897,-9,-9,21150,0,3,True,True,2,19,44.4,22.2,22.9,True
Bad Bunny - La Zona,cutin5s/seeded_correct,3906,3906,0,0,21500,0,3,False,True,3,19,66.2,21.9,22.7,True
Bad Bunny - La Zona,cutin5s/seeded_wrong_2s,3906,3900,-6,-6,21500,0,3,False,True,5,19,110.7,22.2,22.7,True
Bad Bunny - La Zona,cutin15s/cold,13906,13900,-6,-6,30250,0,2,False,True,5,19,173.4,35.5,35.9,True
Bad Bunny - La Zona,cutin15s/seeded_correct,13906,13906,0,0,21500,0,2,False,True,3,19,101.8,35.2,35.9,True
Bad Bunny - La Zona,cutin15s/seeded_wrong_2s,13906,13900,-6,-6,30250,0,2,False,True,5,19,172.8,35.3,35.9,True
Bad Bunny - La Zona,cutin25s/cold,23906,23900,-6,-6,30250,0,2,False,True,6,19,284.6,50.0,50.6,True
Bad Bunny - La Zona,cutin25s/seeded_correct,23906,23906,0,0,30250,0,2,False,True,4,19,183.9,47.4,50.3,True
Bad Bunny - La Zona,cutin25s/seeded_wrong_2s,23906,23900,-6,-6,30250,0,2,False,True,6,19,285.1,50.4,50.7,True
Bad Bunny - La Zona,blend8s/cold,-1094,-1103,-9,-9,21150,0,3,True,True,2,19,25.9,13.0,13.1,True
Bad Bunny - La Zona,blend8s/seeded_correct,-1094,-1094,0,0,21500,0,2,False,True,3,19,39.1,13.0,13.2,True
Bad Bunny - La Zona,blend8s/seeded_wrong_2s,-1094,-1100,-6,-6,30250,0,2,False,True,5,19,66.5,13.4,13.8,True
Bad Bunny - VOU 787,off0/cold,-1100,-1100,0,0,26000,0,1,False,True,4,5,54.0,13.4,14.4,True
Bad Bunny - VOU 787,off0/seeded_correct,-1100,-1100,0,0,12000,0,1,False,True,4,5,53.8,13.4,14.2,True
Bad Bunny - VOU 787,off0/seeded_wrong_2s,-1100,-1100,0,0,26000,0,1,False,True,4,5,54.8,13.6,14.7,True
Bad Bunny - VOU 787,off+200/cold,-900,-900,0,0,12000,0,1,False,True,4,5,54.4,13.5,14.5,True
Bad Bunny - VOU 787,off+200/seeded_correct,-900,-900,0,0,12000,0,1,False,True,4,5,54.1,13.4,14.4,True
Bad Bunny - VOU 787,off+200/seeded_wrong_2s,-900,-900,0,0,26000,0,1,False,True,4,5,54.0,13.4,14.3,True
Bad Bunny - VOU 787,off-200/cold,-1300,600,1900,1900,,1,1,False,False,5,5,70.6,13.3,16.7,False
Bad Bunny - VOU 787,off-200/seeded_correct,-1300,-1300,0,0,12000,0,2,False,True,4,5,53.1,13.1,14.1,True
Bad Bunny - VOU 787,off-200/seeded_wrong_2s,-1300,600,1900,1900,,1,1,False,False,5,5,70.0,13.4,16.2,False
Bad Bunny - VOU 787,off+2s/cold,900,900,0,0,12000,0,1,False,True,4,5,54.0,13.4,14.5,True
Bad Bunny - VOU 787,off+2s/seeded_correct,900,900,0,0,12000,0,1,False,True,4,5,54.0,13.3,14.5,True
Bad Bunny - VOU 787,off+2s/seeded_wrong_2s,900,900,0,0,26000,0,1,False,True,4,5,54.1,13.5,14.3,True
Bad Bunny - VOU 787,off-2s/cold,-3100,,,3100,,0,0,False,False,5,5,72.5,13.8,16.6,False
Bad Bunny - VOU 787,off-2s/seeded_correct,-3100,,,0,92750,0,0,False,False,5,5,72.1,13.4,17.3,False
Bad Bunny - VOU 787,off-2s/seeded_wrong_2s,-3100,-1200,1900,1900,,2,2,False,False,5,5,71.4,13.3,16.5,False
Bad Bunny - VOU 787,off+10s/cold,8900,1200,-7700,-7700,,1,1,False,False,5,5,75.7,14.6,18.1,False
Bad Bunny - VOU 787,off+10s/seeded_correct,8900,8900,0,0,12000,0,1,False,True,4,5,57.1,14.2,15.7,True
Bad Bunny - VOU 787,off+10s/seeded_wrong_2s,8900,1200,-7700,2000,,1,1,False,False,5,5,74.3,14.6,16.7,False
Bad Bunny - VOU 787,off-10s/cold,-11100,,,11100,,0,0,False,False,5,5,66.6,12.9,16.3,False
Bad Bunny - VOU 787,off-10s/seeded_correct,-11100,,,0,,0,0,False,False,5,5,66.1,13.0,15.9,False
Bad Bunny - VOU 787,off-10s/seeded_wrong_2s,-11100,,,2000,,0,0,False,False,5,5,65.8,12.9,15.9,False
Bad Bunny - VOU 787,off+25s/cold,23900,,,-23050,,0,0,False,False,5,5,76.2,14.4,17.6,False
Bad Bunny - VOU 787,off+25s/seeded_correct,23900,23900,0,0,12000,0,1,False,True,4,5,59.0,14.7,15.7,True
Bad Bunny - VOU 787,off+25s/seeded_wrong_2s,23900,,,2000,,0,0,False,False,5,5,76.6,14.6,17.9,False
Bad Bunny - VOU 787,off-25s/cold,-26100,,,26100,,0,0,False,False,4,5,49.9,12.3,15.4,False
Bad Bunny - VOU 787,off-25s/seeded_correct,-26100,,,0,,0,0,False,False,4,5,49.7,12.3,15.2,False
Bad Bunny - VOU 787,off-25s/seeded_wrong_2s,-26100,,,2000,,0,0,False,False,4,5,49.4,12.2,15.1,False
Bad Bunny - VOU 787,noise0/cold,-1100,-1100,0,0,26000,0,1,False,True,4,5,52.1,13.0,13.7,True
Bad Bunny - VOU 787,noise0/seeded_correct,-1100,-1100,0,0,12000,0,1,False,True,4,5,51.9,12.9,13.7,True
Bad Bunny - VOU 787,noise0/seeded_wrong_2s,-1100,-1100,0,0,26000,0,1,False,True,4,5,52.4,13.2,13.6,True
Bad Bunny - VOU 787,noise-2s/cold,-3100,,,3100,,0,0,False,False,5,5,69.1,13.3,15.6,False
Bad Bunny - VOU 787,noise-2s/seeded_correct,-3100,,,0,92750,0,0,False,False,5,5,68.7,13.2,15.4,False
Bad Bunny - VOU 787,noise-2s/seeded_wrong_2s,-3100,-1200,1900,1900,,2,2,False,False,5,5,68.2,13.1,15.3,False
Bad Bunny - VOU 787,cutin5s/cold,3900,3900,0,0,26000,0,1,False,True,4,5,86.6,21.6,22.5,True
Bad Bunny - VOU 787,cutin5s/seeded_correct,3900,3900,0,0,12000,0,1,False,True,4,5,87.0,21.8,22.3,True
Bad Bunny - VOU 787,cutin5s/seeded_wrong_2s,3900,3900,0,0,26000,0,1,False,True,4,5,86.7,21.7,22.3,True
Bad Bunny - VOU 787,cutin15s/cold,13900,13900,0,0,26000,0,3,False,True,5,5,174.6,35.6,37.6,True
Bad Bunny - VOU 787,cutin15s/seeded_correct,13900,13900,0,0,26000,0,3,False,True,5,5,176.4,35.8,37.9,True
Bad Bunny - VOU 787,cutin15s/seeded_wrong_2s,13900,13900,0,0,26000,0,3,False,True,5,5,176.0,35.7,38.0,True
Bad Bunny - VOU 787,cutin25s/cold,23900,23900,0,0,92750,0,2,False,False,5,5,237.2,49.8,51.9,True
Bad Bunny - VOU 787,cutin25s/seeded_correct,23900,23900,0,0,30250,0,2,False,False,5,5,237.7,49.9,51.9,True
Bad Bunny - VOU 787,cutin25s/seeded_wrong_2s,23900,23900,0,0,45000,0,2,False,False,5,5,238.4,49.7,52.4,True
Bad Bunny - VOU 787,blend8s/cold,-1100,-1100,0,0,26000,0,2,False,True,4,5,53.3,13.3,14.1,True
Bad Bunny - VOU 787,blend8s/seeded_correct,-1100,-1100,0,0,12000,0,2,False,True,4,5,53.7,13.5,14.1,True
Bad Bunny - VOU 787,blend8s/seeded_wrong_2s,-1100,-1100,0,0,26000,0,2,False,True,4,5,53.0,13.2,14.0,True
Bad Bunny - BOKeTE,off0/cold,-1062,-1050,12,12,9000,0,2,False,True,5,6,68.4,13.5,14.5,True
Bad Bunny - BOKeTE,off0/seeded_correct,-1062,-1062,0,0,9000,0,2,False,False,6,6,85.8,13.6,17.2,True
Bad Bunny - BOKeTE,off0/seeded_wrong_2s,-1062,-1050,12,12,9000,0,2,False,True,5,6,68.1,13.4,14.4,True
Bad Bunny - BOKeTE,off+200/cold,-862,-850,12,12,9000,0,2,False,True,5,6,68.1,13.5,14.2,True
Bad Bunny - BOKeTE,off+200/seeded_correct,-862,-862,0,0,9000,0,2,False,False,6,6,87.3,13.9,17.5,True
Bad Bunny - BOKeTE,off+200/seeded_wrong_2s,-862,-850,12,12,9000,0,2,False,True,5,6,68.3,13.4,14.5,True
Bad Bunny - BOKeTE,off-200/cold,-1262,-1250,12,12,9000,0,2,False,True,5,6,68.4,13.6,14.5,True
Bad Bunny - BOKeTE,off-200/seeded_correct,-1262,-1262,0,0,9000,0,2,False,False,6,6,86.2,13.8,17.1,True
Bad Bunny - BOKeTE,off-200/seeded_wrong_2s,-1262,-1250,12,12,9000,0,2,False,True,5,6,68.6,13.5,14.6,True
Bad Bunny - BOKeTE,off+2s/cold,938,950,12,12,9000,0,2,False,True,5,6,68.3,13.6,14.5,True
Bad Bunny - BOKeTE,off+2s/seeded_correct,938,938,0,0,9000,0,2,False,False,6,6,86.3,13.8,17.2,True
Bad Bunny - BOKeTE,off+2s/seeded_wrong_2s,938,950,12,12,9000,0,2,False,True,5,6,68.2,13.4,14.5,True
Bad Bunny - BOKeTE,off-2s/cold,-3062,,,3062,,0,0,False,False,6,6,87.6,14.0,17.7,False
Bad Bunny - BOKeTE,off-2s/seeded_correct,-3062,-3062,0,0,25750,0,1,False,False,6,6,86.5,13.8,17.7,True
Bad Bunny - BOKeTE,off-2s/seeded_wrong_2s,-3062,,,12,30000,0,0,False,False,6,6,86.7,13.8,17.7,False
Bad Bunny - BOKeTE,off+10s/cold,8938,,,-8938,,0,0,False,False,6,6,87.8,14.0,17.6,False
Bad Bunny - BOKeTE,off+10s/seeded_correct,8938,8938,0,0,9000,0,1,False,False,6,6,91.2,14.3,19.6,True
Bad Bunny - BOKeTE,off+10s/seeded_wrong_2s,8938,,,2000,,0,0,False,False,6,6,88.4,14.1,17.8,False
Bad Bunny - BOKeTE,off-10s/cold,-11062,,,11062,,0,0,False,False,5,6,70.5,13.4,16.9,False
Bad Bunny - BOKeTE,off-10s/seeded_correct,-11062,,,0,,0,0,False,False,5,6,70.3,13.5,16.8,False
Bad Bunny - BOKeTE,off-10s/seeded_wrong_2s,-11062,,,2000,,0,0,False,False,5,6,70.8,13.6,17.1,False
Bad Bunny - BOKeTE,off+25s/cold,23938,,,-23938,,0,0,False,False,6,6,95.6,15.6,18.5,False
Bad Bunny - BOKeTE,off+25s/seeded_correct,23938,23938,0,0,9000,0,1,False,False,6,6,95.3,15.7,18.6,True
Bad Bunny - BOKeTE,off+25s/seeded_wrong_2s,23938,,,2000,,0,0,False,False,6,6,95.5,15.5,18.9,False
Bad Bunny - BOKeTE,off-25s/cold,-26062,,,26062,,0,0,False,False,5,6,64.1,12.8,16.7,False
Bad Bunny - BOKeTE,off-25s/seeded_correct,-26062,,,0,,0,0,False,False,5,6,62.4,12.8,15.3,False
Bad Bunny - BOKeTE,off-25s/seeded_wrong_2s,-26062,,,2000,,0,0,False,False,5,6,62.5,12.7,15.3,False
Bad Bunny - BOKeTE,noise0/cold,-1062,-1050,12,12,9000,0,2,False,True,5,6,66.7,13.1,14.0,True
Bad Bunny - BOKeTE,noise0/seeded_correct,-1062,-1062,0,0,9000,0,2,False,False,6,6,83.4,13.4,16.3,True
Bad Bunny - BOKeTE,noise0/seeded_wrong_2s,-1062,-1050,12,12,9000,0,2,False,True,5,6,66.2,13.1,13.8,True
Bad Bunny - BOKeTE,noise-2s/cold,-3062,,,3062,,0,0,False,False,6,6,83.6,13.4,16.7,False
Bad Bunny - BOKeTE,noise-2s/seeded_correct,-3062,-3062,0,0,25750,0,1,False,False,6,6,83.6,13.4,16.6,True
Bad Bunny - BOKeTE,noise-2s/seeded_wrong_2s,-3062,,,12,30000,0,0,False,False,6,6,84.4,13.5,16.8,False
Bad Bunny - BOKeTE,cutin5s/cold,3938,3950,12,12,25750,0,1,False,True,5,6,112.1,22.6,22.9,True
Bad Bunny - BOKeTE,cutin5s/seeded_correct,3938,3938,0,0,9000,0,3,False,False,6,6,138.0,22.6,25.3,True
Bad Bunny - BOKeTE,cutin5s/seeded_wrong_2s,3938,3950,12,12,25750,0,1,False,True,5,6,112.3,22.7,22.9,True
Bad Bunny - BOKeTE,cutin15s/cold,13938,13950,12,-13938,,0,1,False,False,6,6,214.4,36.0,38.5,True
Bad Bunny - BOKeTE,cutin15s/seeded_correct,13938,13938,0,0,25750,0,1,False,False,6,6,213.8,35.9,38.5,True
Bad Bunny - BOKeTE,cutin15s/seeded_wrong_2s,13938,13950,12,12,30000,0,1,False,False,6,6,213.8,35.9,38.5,True
Bad Bunny - BOKeTE,cutin25s/cold,23938,23950,12,-23938,,0,1,False,False,6,6,293.7,50.6,53.5,True
Bad Bunny - BOKeTE,cutin25s/seeded_correct,23938,,,0,30000,0,0,False,False,6,6,293.2,50.5,54.0,False
Bad Bunny - BOKeTE,cutin25s/seeded_wrong_2s,23938,,,12,41250,0,0,False,False,6,6,293.8,50.5,53.9,False
Bad Bunny - BOKeTE,blend8s/cold,-1062,-1050,12,12,30000,0,1,False,False,6,6,86.1,14.0,17.0,True
Bad Bunny - BOKeTE,blend8s/seeded_correct,-1062,-1062,0,0,25750,0,1,False,False,6,6,84.9,13.9,16.6,True
Bad Bunny - BOKeTE,blend8s/seeded_wrong_2s,-1062,-1050,12,12,30000,0,1,False,False,6,6,87.8,14.5,17.0,True
Bad Bunny - BAILE INoLVIDABLE,off0/cold,-1008,,,1008,,0,0,False,False,5,5,71.2,13.5,17.4,False
Bad Bunny - BAILE INoLVIDABLE,off0/seeded_correct,-1008,,,-42,17250,0,0,False,False,5,5,69.9,13.5,16.8,False
Bad Bunny - BAILE INoLVIDABLE,off0/seeded_wrong_2s,-1008,,,1008,,0,0,False,False,5,5,71.3,13.7,17.5,False
Bad Bunny - BAILE INoLVIDABLE,off+200/cold,-808,-826,-18,-18,64250,0,2,True,False,5,5,70.0,13.5,16.7,True
Bad Bunny - BAILE INoLVIDABLE,off+200/seeded_correct,-808,-840,-32,-32,17250,0,1,False,False,5,5,69.2,13.4,16.3,True
Bad Bunny - BAILE INoLVIDABLE,off+200/seeded_wrong_2s,-808,,,1008,,0,0,False,False,5,5,70.1,13.4,17.0,False
Bad Bunny - BAILE INoLVIDABLE,off-200/cold,-1208,,,1008,,0,0,False,False,5,5,75.0,13.6,20.6,False
Bad Bunny - BAILE INoLVIDABLE,off-200/seeded_correct,-1208,,,-42,17250,0,0,False,False,5,5,75.4,13.9,18.6,False
Bad Bunny - BAILE INoLVIDABLE,off-200/seeded_wrong_2s,-1208,,,1008,,0,0,False,False,5,5,72.3,13.8,17.7,False
Bad Bunny - BAILE INoLVIDABLE,off+2s/cold,992,956,-36,-17,17250,0,2,True,False,5,5,72.4,13.9,17.5,True
Bad Bunny - BAILE INoLVIDABLE,off+2s/seeded_correct,992,960,-32,-32,17250,0,1,False,False,5,5,70.0,13.4,16.7,True
Bad Bunny - BAILE INoLVIDABLE,off+2s/seeded_wrong_2s,992,,,1008,,0,0,False,False,5,5,71.6,13.7,17.5,False
Bad Bunny - BAILE INoLVIDABLE,off-2s/cold,-3008,,,3008,,0,0,False,False,5,5,69.5,13.4,16.4,False
Bad Bunny - BAILE INoLVIDABLE,off-2s/seeded_correct,-3008,,,0,,0,0,False,False,5,5,69.4,13.3,16.7,False
Bad Bunny - BAILE INoLVIDABLE,off-2s/seeded_wrong_2s,-3008,,,1008,,0,0,False,False,5,5,69.0,13.5,16.3,False
Bad Bunny - BAILE INoLVIDABLE,off+10s/cold,8992,,,-8992,,0,0,False,False,5,5,75.0,14.4,18.5,False
Bad Bunny - BAILE INoLVIDABLE,off+10s/seeded_correct,8992,,,0,17250,0,0,False,False,5,5,75.1,14.5,18.0,False
Bad Bunny - BAILE INoLVIDABLE,off+10s/seeded_wrong_2s,8992,,,2000,,0,0,False,False,5,5,73.5,14.2,17.3,False
Bad Bunny - BAILE INoLVIDABLE,off-10s/cold,-11008,,,11008,,0,0,False,False,5,5,66.9,12.8,16.4,False
Bad Bunny - BAILE INoLVIDABLE,off-10s/seeded_correct,-11008,,,0,,0,0,False,False,5,5,66.4,12.9,16.1,False
Bad Bunny - BAILE INoLVIDABLE,off-10s/seeded_wrong_2s,-11008,,,2000,,0,0,False,False,5,5,66.6,12.9,16.3,False
Bad Bunny - BAILE INoLVIDABLE,off+25s/cold,23992,,,-23992,,0,0,False,False,5,5,81.7,15.2,20.5,False
Bad Bunny - BAILE INoLVIDABLE,off+25s/seeded_correct,23992,,,0,17250,0,0,False,False,5,5,79.3,15.3,18.5,False
Bad Bunny - BAILE INoLVIDABLE,off+25s/seeded_wrong_2s,23992,,,2000,,0,0,False,False,5,5,80.3,15.4,18.9,False
Bad Bunny - BAILE INoLVIDABLE,off-25s/cold,-26008,,,26008,,0,0,False,False,3,5,40.0,12.5,15.6,False
Bad Bunny - BAILE INoLVIDABLE,off-25s/seeded_correct,-26008,,,0,,0,0,False,False,3,5,38.7,12.2,14.8,False
Bad Bunny - BAILE INoLVIDABLE,off-25s/seeded_wrong_2s,-26008,,,2000,,0,0,False,False,3,5,38.7,12.3,14.8,False
Bad Bunny - BAILE INoLVIDABLE,noise0/cold,-1008,,,1008,,0,0,False,False,5,5,67.4,13.2,15.2,False
Bad Bunny - BAILE INoLVIDABLE,noise0/seeded_correct,-1008,,,-42,17250,0,0,False,False,5,5,67.1,13.2,15.2,False
Bad Bunny - BAILE INoLVIDABLE,noise0/seeded_wrong_2s,-1008,,,1008,,0,0,False,False,5,5,67.6,13.2,15.2,False
Bad Bunny - BAILE INoLVIDABLE,noise-2s/cold,-3008,,,3008,,0,0,False,False,5,5,67.0,13.1,15.2,False
Bad Bunny - BAILE INoLVIDABLE,noise-2s/seeded_correct,-3008,,,0,,0,0,False,False,5,5,67.2,13.1,15.2,False
Bad Bunny - BAILE INoLVIDABLE,noise-2s/seeded_wrong_2s,-3008,,,1008,,0,0,False,False,5,5,67.1,13.1,15.1,False
Bad Bunny - BAILE INoLVIDABLE,cutin5s/cold,3992,4050,58,58,81750,0,2,False,False,5,5,111.8,21.8,24.8,True
Bad Bunny - BAILE INoLVIDABLE,cutin5s/seeded_correct,3992,3992,0,0,17250,0,2,False,False,5,5,113.1,22.0,25.5,True
Bad Bunny - BAILE INoLVIDABLE,cutin5s/seeded_wrong_2s,3992,,,1008,,0,0,False,False,5,5,112.5,21.8,25.4,False
Bad Bunny - BAILE INoLVIDABLE,cutin15s/cold,13992,14050,58,58,81750,0,2,False,False,5,5,175.5,35.8,37.8,True
Bad Bunny - BAILE INoLVIDABLE,cutin15s/seeded_correct,13992,,,0,28500,0,0,False,False,5,5,175.5,35.9,38.0,False
Bad Bunny - BAILE INoLVIDABLE,cutin15s/seeded_wrong_2s,13992,14050,58,58,81750,0,2,False,False,5,5,173.9,35.6,37.7,True
Bad Bunny - BAILE INoLVIDABLE,cutin25s/cold,23992,24050,58,58,81750,0,1,False,False,5,5,237.7,50.0,53.9,True
Bad Bunny - BAILE INoLVIDABLE,cutin25s/seeded_correct,23992,,,0,28500,0,0,False,False,5,5,236.2,49.8,53.7,False
Bad Bunny - BAILE INoLVIDABLE,cutin25s/seeded_wrong_2s,23992,24050,58,58,81750,0,1,False,False,5,5,239.0,49.8,55.3,True
Bad Bunny - BAILE INoLVIDABLE,blend8s/cold,-1008,,,1008,,0,0,False,False,5,5,70.4,13.6,16.5,False
Bad Bunny - BAILE INoLVIDABLE,blend8s/seeded_correct,-1008,,,-42,17250,0,0,False,False,5,5,70.1,13.6,16.4,False
Bad Bunny - BAILE INoLVIDABLE,blend8s/seeded_wrong_2s,-1008,,,1008,,0,0,False,False,5,5,71.2,13.6,17.2,False
Bad Bunny - Estamos Bien,off0/cold,306,250,-56,-56,15000,0,2,False,True,3,15,35.3,12.3,13.1,True
Bad Bunny - Estamos Bien,off0/seeded_correct,306,250,-56,-56,15000,0,2,False,True,3,15,35.6,12.5,13.2,True
Bad Bunny - Estamos Bien,off0/seeded_wrong_2s,306,250,-56,-56,15000,0,2,False,True,4,15,48.9,12.8,13.6,True
Bad Bunny - Estamos Bien,off+200/cold,506,450,-56,-56,15000,0,2,False,True,4,15,49.0,12.8,13.6,True
Bad Bunny - Estamos Bien,off+200/seeded_correct,506,450,-56,-56,15000,0,2,False,True,3,15,35.7,12.4,13.3,True
Bad Bunny - Estamos Bien,off+200/seeded_wrong_2s,506,450,-56,-56,15000,0,2,False,True,4,15,49.1,12.8,13.6,True
Bad Bunny - Estamos Bien,off-200/cold,106,50,-56,-56,15000,0,2,False,True,3,15,35.3,12.4,13.0,True
Bad Bunny - Estamos Bien,off-200/seeded_correct,106,50,-56,-56,15000,0,2,False,True,3,15,35.0,12.2,13.0,True
Bad Bunny - Estamos Bien,off-200/seeded_wrong_2s,106,50,-56,-56,15000,0,2,False,True,4,15,49.1,12.7,13.8,True
Bad Bunny - Estamos Bien,off+2s/cold,2306,2250,-56,-56,15000,0,2,False,True,4,15,49.9,13.0,13.7,True
Bad Bunny - Estamos Bien,off+2s/seeded_correct,2306,2250,-56,-56,15000,0,2,False,True,3,15,35.4,12.3,13.2,True
Bad Bunny - Estamos Bien,off+2s/seeded_wrong_2s,2306,2250,-56,-56,15000,0,2,False,True,4,15,49.5,12.9,13.8,True
Bad Bunny - Estamos Bien,off-2s/cold,-1694,-1725,-31,-37,20000,0,2,True,True,5,15,61.1,12.8,14.2,True
Bad Bunny - Estamos Bien,off-2s/seeded_correct,-1694,-1694,0,0,20000,0,2,False,True,6,15,76.5,13.2,15.1,True
Bad Bunny - Estamos Bien,off-2s/seeded_wrong_2s,-1694,-1675,19,19,53000,0,3,False,True,7,15,92.9,13.4,16.2,True
Bad Bunny - Estamos Bien,off+10s/cold,10306,2325,-7981,-10306,,1,1,False,False,15,15,310.8,20.2,30.3,False
Bad Bunny - Estamos Bien,off+10s/seeded_correct,10306,10306,0,0,15000,0,2,False,True,6,15,84.8,14.3,16.4,True
Bad Bunny - Estamos Bien,off+10s/seeded_wrong_2s,10306,2325,-7981,2000,,1,1,False,False,15,15,298.9,19.9,28.5,False
Bad Bunny - Estamos Bien,off-10s/cold,-9694,-1675,8019,8019,,1,1,False,False,14,15,253.8,17.0,25.9,False
Bad Bunny - Estamos Bien,off-10s/seeded_correct,-9694,-1675,8019,0,,1,1,False,False,14,15,257.6,18.3,26.6,False
Bad Bunny - Estamos Bien,off-10s/seeded_wrong_2s,-9694,-1675,8019,2000,,1,1,False,False,14,15,249.8,17.3,24.9,False
Bad Bunny - Estamos Bien,off+25s/cold,25306,,,-25306,,0,0,False,False,15,15,312.6,21.2,27.8,False
Bad Bunny - Estamos Bien,off+25s/seeded_correct,25306,25306,0,0,15000,0,2,False,True,6,15,91.5,15.2,18.5,True
Bad Bunny - Estamos Bien,off+25s/seeded_wrong_2s,25306,,,2000,,0,0,False,False,15,15,308.4,19.3,29.0,False
Bad Bunny - Estamos Bien,off-25s/cold,-24694,,,24019,,0,0,False,False,12,15,208.2,17.0,24.3,False
Bad Bunny - Estamos Bien,off-25s/seeded_correct,-24694,,,0,,0,0,False,False,12,15,208.1,17.6,24.4,False
Bad Bunny - Estamos Bien,off-25s/seeded_wrong_2s,-24694,,,2000,,0,0,False,False,12,15,204.4,17.1,23.4,False
Bad Bunny - Estamos Bien,noise0/cold,306,300,-6,-6,53000,1,4,True,True,6,15,76.5,13.0,14.2,True
Bad Bunny - Estamos Bien,noise0/seeded_correct,306,300,-6,-6,53000,1,3,False,True,6,15,76.6,13.0,14.2,True
Bad Bunny - Estamos Bien,noise0/seeded_wrong_2s,306,325,19,19,53000,1,4,False,True,7,15,90.9,13.0,14.8,True
Bad Bunny - Estamos Bien,noise-2s/cold,-1694,-1725,-31,-37,25000,0,2,True,True,5,15,60.9,12.6,13.6,True
Bad Bunny - Estamos Bien,noise-2s/seeded_correct,-1694,-1694,0,0,20000,0,2,False,True,6,15,75.2,12.9,14.1,True
Bad Bunny - Estamos Bien,noise-2s/seeded_wrong_2s,-1694,-1675,19,19,53000,0,3,False,True,7,15,89.7,12.9,14.7,True
Bad Bunny - Estamos Bien,cutin5s/cold,5306,5250,-56,-56,15000,0,2,False,True,4,15,81.1,20.6,21.8,True
Bad Bunny - Estamos Bien,cutin5s/seeded_correct,5306,5306,0,0,15000,0,3,False,True,6,15,126.9,21.8,23.4,True
Bad Bunny - Estamos Bien,cutin5s/seeded_wrong_2s,5306,5250,-56,-56,15000,0,2,False,True,4,15,81.3,20.6,22.1,True
Bad Bunny - Estamos Bien,cutin15s/cold,15306,15325,19,19,53000,0,3,False,True,7,15,239.3,35.7,38.1,True
Bad Bunny - Estamos Bien,cutin15s/seeded_correct,15306,15306,0,0,20000,0,2,False,True,6,15,201.1,35.8,36.8,True
Bad Bunny - Estamos Bien,cutin15s/seeded_wrong_2s,15306,15325,19,19,53000,0,3,False,True,7,15,238.3,35.8,37.4,True
Bad Bunny - Estamos Bien,cutin25s/cold,25306,25325,19,19,53000,1,4,False,True,7,15,321.0,47.5,54.0,True
Bad Bunny - Estamos Bien,cutin25s/seeded_correct,25306,25325,19,19,53000,1,4,False,True,7,15,320.9,47.7,54.0,True
Bad Bunny - Estamos Bien,cutin25s/seeded_wrong_2s,25306,25325,19,19,53000,1,4,False,True,7,15,322.5,47.4,55.5,True
Bad Bunny - Estamos Bien,blend8s/cold,306,250,-56,-56,15000,0,2,False,True,3,15,35.4,12.5,13.1,True
Bad Bunny - Estamos Bien,blend8s/seeded_correct,306,250,-56,-56,15000,0,2,False,True,3,15,35.5,12.5,13.1,True
Bad Bunny - Estamos Bien,blend8s/seeded_wrong_2s,306,250,-56,-56,15000,0,2,False,True,4,15,49.1,12.9,13.5,True
Bad Bunny - Después de la Playa,off0/cold,1700,1700,0,0,9000,0,3,True,True,4,11,55.2,13.8,14.8,True
Bad Bunny - Después de la Playa,off0/seeded_correct,1700,1700,0,0,9000,0,2,False,True,6,11,87.1,14.1,17.2,True
Bad Bunny - Después de la Playa,off0/seeded_wrong_2s,1700,1700,0,0,9000,0,2,False,True,6,11,87.5,14.2,17.3,True
Bad Bunny - Después de la Playa,off+200/cold,1900,1900,0,0,9000,0,3,True,True,4,11,54.5,13.4,14.7,True
Bad Bunny - Después de la Playa,off+200/seeded_correct,1900,1900,0,0,9000,0,2,False,True,6,11,90.5,14.3,19.2,True
Bad Bunny - Después de la Playa,off+200/seeded_wrong_2s,1900,1900,0,0,9000,0,2,False,True,6,11,86.8,14.2,17.0,True
Bad Bunny - Después de la Playa,off-200/cold,1500,1500,0,0,9000,0,3,True,True,4,11,54.5,13.6,14.4,True
Bad Bunny - Después de la Playa,off-200/seeded_correct,1500,1500,0,0,9000,0,2,False,True,6,11,89.1,13.9,18.1,True
Bad Bunny - Después de la Playa,off-200/seeded_wrong_2s,1500,1500,0,0,9000,0,2,False,True,6,11,86.1,13.9,16.6,True
Bad Bunny - Después de la Playa,off+2s/cold,3700,3450,-250,0,28350,0,2,True,True,4,11,53.7,13.6,14.3,True
Bad Bunny - Después de la Playa,off+2s/seeded_correct,3700,3700,0,0,9000,0,2,False,True,4,11,54.1,13.2,15.3,True
Bad Bunny - Después de la Playa,off+2s/seeded_wrong_2s,3700,,,2000,,0,0,False,False,11,11,216.9,18.8,30.5,False
Bad Bunny - Después de la Playa,off-2s/cold,-300,-300,0,0,9000,0,3,True,True,4,11,53.9,13.3,14.5,True
Bad Bunny - Después de la Playa,off-2s/seeded_correct,-300,-300,0,0,9000,0,2,False,True,6,11,89.5,14.6,18.2,True
Bad Bunny - Después de la Playa,off-2s/seeded_wrong_2s,-300,-300,0,0,9000,0,2,False,True,6,11,86.5,13.9,17.3,True
Bad Bunny - Después de la Playa,off+10s/cold,11700,,,-11700,,0,0,False,False,11,11,227.6,18.8,29.6,False
Bad Bunny - Después de la Playa,off+10s/seeded_correct,11700,11700,0,0,9000,0,2,False,True,6,11,94.8,15.2,18.6,True
Bad Bunny - Después de la Playa,off+10s/seeded_wrong_2s,11700,,,2000,,0,0,False,False,11,11,226.2,19.7,30.3,False
Bad Bunny - Después de la Playa,off-10s/cold,-8300,,,8300,,0,0,False,False,10,11,200.0,19.8,28.7,False
Bad Bunny - Después de la Playa,off-10s/seeded_correct,-8300,,,0,,0,0,False,False,10,11,185.5,17.7,27.9,False
Bad Bunny - Después de la Playa,off-10s/seeded_wrong_2s,-8300,,,2000,,0,0,False,False,10,11,180.6,18.2,25.4,False
Bad Bunny - Después de la Playa,off+25s/cold,26700,,,-26700,,0,0,False,False,11,11,236.2,21.0,30.6,False
Bad Bunny - Después de la Playa,off+25s/seeded_correct,26700,26700,0,0,9000,0,2,False,True,6,11,99.7,16.4,19.1,True
Bad Bunny - Después de la Playa,off+25s/seeded_wrong_2s,26700,,,2000,,0,0,False,False,11,11,230.3,19.6,29.4,False
Bad Bunny - Después de la Playa,off-25s/cold,-23300,,,23300,,0,0,False,False,9,11,163.2,17.5,26.0,False
Bad Bunny - Después de la Playa,off-25s/seeded_correct,-23300,,,0,,0,0,False,False,9,11,158.9,17.9,24.8,False
Bad Bunny - Después de la Playa,off-25s/seeded_wrong_2s,-23300,,,2000,,0,0,False,False,9,11,158.2,16.8,25.5,False
Bad Bunny - Después de la Playa,noise0/cold,1700,1700,0,0,9000,0,3,True,True,4,11,52.5,13.0,13.6,True
Bad Bunny - Después de la Playa,noise0/seeded_correct,1700,1700,0,0,9000,0,2,False,True,6,11,80.9,13.2,14.9,True
Bad Bunny - Después de la Playa,noise0/seeded_wrong_2s,1700,1700,0,0,9000,0,2,False,True,6,11,80.8,13.2,15.0,True
Bad Bunny - Después de la Playa,noise-2s/cold,-300,-300,0,0,9000,0,3,True,True,4,11,51.8,12.8,13.4,True
Bad Bunny - Después de la Playa,noise-2s/seeded_correct,-300,-300,0,0,9000,0,2,False,True,6,11,84.5,13.7,16.0,True
Bad Bunny - Después de la Playa,noise-2s/seeded_wrong_2s,-300,-300,0,0,9000,0,2,False,True,6,11,80.9,13.3,14.8,True
Bad Bunny - Después de la Playa,cutin5s/cold,6700,6375,-325,-325,,1,1,False,False,11,11,276.0,24.6,30.1,False
Bad Bunny - Después de la Playa,cutin5s/seeded_correct,6700,6700,0,0,9000,0,1,False,True,6,11,137.2,22.9,24.1,True
Bad Bunny - Después de la Playa,cutin5s/seeded_wrong_2s,6700,6375,-325,-325,,1,1,False,False,11,11,276.0,24.9,29.5,False
Bad Bunny - Después de la Playa,cutin15s/cold,16700,16700,0,0,77250,0,2,False,True,8,11,290.5,36.1,39.4,True
Bad Bunny - Después de la Playa,cutin15s/seeded_correct,16700,16700,0,0,27000,0,2,False,True,8,11,290.3,36.3,39.3,True
Bad Bunny - Después de la Playa,cutin15s/seeded_wrong_2s,16700,16700,0,0,40250,0,2,False,True,8,11,289.8,36.5,39.0,True
Bad Bunny - Después de la Playa,cutin25s/cold,26700,26700,0,0,77250,0,2,False,True,8,11,393.9,50.7,54.7,True
Bad Bunny - Después de la Playa,cutin25s/seeded_correct,26700,26700,0,0,40250,0,2,False,True,8,11,393.8,51.1,54.2,True
Bad Bunny - Después de la Playa,cutin25s/seeded_wrong_2s,26700,26700,0,0,44500,0,2,False,True,8,11,395.7,50.9,54.9,True
Bad Bunny - Después de la Playa,blend8s/cold,1700,1700,0,0,9000,0,3,True,True,4,11,53.7,13.2,14.2,True
Bad Bunny - Después de la Playa,blend8s/seeded_correct,1700,1700,0,0,9000,0,2,False,True,6,11,84.8,14.0,15.7,True
Bad Bunny - Después de la Playa,blend8s/seeded_wrong_2s,1700,1700,0,0,9000,0,2,False,True,6,11,83.2,13.6,15.5,True
Bad Bunny - CYBERTRUCK,off0/cold,-1100,-1100,0,1100,,1,3,True,False,14,14,239.5,16.5,22.5,True
Bad Bunny - CYBERTRUCK,off0/seeded_correct,-1100,-1100,0,1100,,1,2,False,False,14,14,230.5,16.3,21.2,True
Bad Bunny - CYBERTRUCK,off0/seeded_wrong_2s,-1100,-1100,0,1100,,1,2,False,False,14,14,235.9,17.2,21.4,True
Bad Bunny - CYBERTRUCK,off+200/cold,-900,-900,0,1100,,1,3,True,False,14,14,235.1,17.2,21.4,True
Bad Bunny - CYBERTRUCK,off+200/seeded_correct,-900,-900,0,1100,,1,2,False,False,14,14,239.8,16.8,22.8,True
Bad Bunny - CYBERTRUCK,off+200/seeded_wrong_2s,-900,-900,0,1100,,1,2,False,False,14,14,234.9,16.9,20.9,True
Bad Bunny - CYBERTRUCK,off-200/cold,-1300,-1301,-1,1100,,1,3,True,False,14,14,237.5,17.4,21.5,True
Bad Bunny - CYBERTRUCK,off-200/seeded_correct,-1300,-1300,0,1100,,1,2,False,False,14,14,239.1,17.5,22.2,True
Bad Bunny - CYBERTRUCK,off-200/seeded_wrong_2s,-1300,-1300,0,1100,,1,2,False,False,14,14,236.5,16.6,22.9,True
Bad Bunny - CYBERTRUCK,off+2s/cold,900,900,0,1100,,1,3,True,False,14,14,240.0,17.1,22.5,True
Bad Bunny - CYBERTRUCK,off+2s/seeded_correct,900,900,0,1100,,1,2,False,False,14,14,242.0,16.7,23.9,True
Bad Bunny - CYBERTRUCK,off+2s/seeded_wrong_2s,900,900,0,1100,,1,2,False,False,14,14,236.1,16.6,21.3,True
Bad Bunny - CYBERTRUCK,off-2s/cold,-3100,-3101,-1,1100,,1,3,True,False,14,14,239.6,16.6,22.4,True
Bad Bunny - CYBERTRUCK,off-2s/seeded_correct,-3100,-3100,0,1100,,1,2,False,False,14,14,237.6,17.0,22.2,True
Bad Bunny - CYBERTRUCK,off-2s/seeded_wrong_2s,-3100,-3100,0,1100,,1,2,False,False,14,14,237.5,17.1,23.1,True
Bad Bunny - CYBERTRUCK,off+10s/cold,8900,,,-7900,,0,0,False,False,14,14,250.4,17.9,22.9,False
Bad Bunny - CYBERTRUCK,off+10s/seeded_correct,8900,8900,0,0,16250,0,2,False,True,6,14,86.0,13.7,16.4,True
Bad Bunny - CYBERTRUCK,off+10s/seeded_wrong_2s,8900,,,2000,,0,0,False,False,14,14,247.9,17.7,24.2,False
Bad Bunny - CYBERTRUCK,off-10s/cold,-11100,,,11100,,0,0,False,False,13,14,212.0,15.8,21.4,False
Bad Bunny - CYBERTRUCK,off-10s/seeded_correct,-11100,,,0,,0,0,False,False,13,14,213.0,15.2,21.2,False
Bad Bunny - CYBERTRUCK,off-10s/seeded_wrong_2s,-11100,,,2000,,0,0,False,False,13,14,207.8,15.3,20.2,False
Bad Bunny - CYBERTRUCK,off+25s/cold,23900,,,-23900,,0,0,False,False,14,14,263.3,19.1,24.5,False
Bad Bunny - CYBERTRUCK,off+25s/seeded_correct,23900,23900,0,0,16250,0,2,False,True,6,14,92.2,14.8,17.5,True
Bad Bunny - CYBERTRUCK,off+25s/seeded_wrong_2s,23900,,,2000,,0,0,False,False,14,14,263.7,18.9,24.2,False
Bad Bunny - CYBERTRUCK,off-25s/cold,-26100,,,25250,,0,0,False,False,11,14,178.8,15.4,20.6,False
Bad Bunny - CYBERTRUCK,off-25s/seeded_correct,-26100,,,0,,0,0,False,False,11,14,173.6,15.2,19.9,False
Bad Bunny - CYBERTRUCK,off-25s/seeded_wrong_2s,-26100,,,2000,,0,0,False,False,11,14,170.4,15.3,18.6,False
Bad Bunny - CYBERTRUCK,noise0/cold,-1100,-1100,0,1100,,1,3,True,False,14,14,214.5,15.3,18.4,True
Bad Bunny - CYBERTRUCK,noise0/seeded_correct,-1100,-1100,0,1100,,1,2,False,False,14,14,214.3,15.3,18.8,True
Bad Bunny - CYBERTRUCK,noise0/seeded_wrong_2s,-1100,-1100,0,1100,,1,2,False,False,14,14,211.4,15.2,18.4,True
Bad Bunny - CYBERTRUCK,noise-2s/cold,-3100,-3101,-1,1100,,1,3,True,False,14,14,214.8,15.4,18.6,True
Bad Bunny - CYBERTRUCK,noise-2s/seeded_correct,-3100,-3100,0,1100,,1,2,False,False,14,14,215.8,15.5,18.5,True
Bad Bunny - CYBERTRUCK,noise-2s/seeded_wrong_2s,-3100,-3100,0,1100,,1,2,False,False,14,14,216.0,15.3,19.0,True
Bad Bunny - CYBERTRUCK,cutin5s/cold,3900,3900,0,0,16250,0,3,True,True,6,14,132.5,21.9,23.2,True
Bad Bunny - CYBERTRUCK,cutin5s/seeded_correct,3900,3900,0,0,16250,0,2,False,True,6,14,133.1,22.2,23.3,True
Bad Bunny - CYBERTRUCK,cutin5s/seeded_wrong_2s,3900,3900,0,0,16250,0,2,False,True,6,14,133.1,22.1,23.5,True
Bad Bunny - CYBERTRUCK,cutin15s/cold,13900,13900,0,0,16250,0,3,False,True,6,14,207.0,35.3,36.5,True
Bad Bunny - CYBERTRUCK,cutin15s/seeded_correct,13900,13900,0,0,16250,0,3,False,True,6,14,206.7,35.2,36.7,True
Bad Bunny - CYBERTRUCK,cutin15s/seeded_wrong_2s,13900,13900,0,0,16250,0,3,False,True,6,14,206.1,35.1,36.6,True
Bad Bunny - CYBERTRUCK,cutin25s/cold,23900,23900,0,0,38750,0,2,False,True,9,14,428.7,50.3,52.4,True
Bad Bunny - CYBERTRUCK,cutin25s/seeded_correct,23900,23900,0,0,38750,0,2,False,True,9,14,431.1,50.4,53.0,True
Bad Bunny - CYBERTRUCK,cutin25s/seeded_wrong_2s,23900,23900,0,0,38750,0,2,False,True,9,14,429.0,50.0,52.9,True
Bad Bunny - CYBERTRUCK,blend8s/cold,-1100,-1103,-3,-3,32500,0,3,True,True,5,14,66.4,13.5,13.9,True
Bad Bunny - CYBERTRUCK,blend8s/seeded_correct,-1100,-1100,0,0,16250,0,2,False,True,6,14,81.9,13.4,15.1,True
Bad Bunny - CYBERTRUCK,blend8s/seeded_wrong_2s,-1100,-1100,0,0,71500,0,2,False,True,10,14,148.4,14.8,17.1,True
"Bad Bunny, Zion & Lennox - MÁS DE UNA CITA",off0/cold,-1075,-1078,-3,1075,,1,3,True,False,18,18,321.2,17.6,22.8,True
"Bad Bunny, Zion & Lennox - MÁS DE UNA CITA",off0/seeded_correct,-1075,-1075,0,0,9000,0,2,False,True,5,18,65.5,12.8,14.0,True
"Bad Bunny, Zion & Lennox - MÁS DE UNA CITA",off0/seeded_wrong_2s,-1075,0,1075,1075,,2,2,False,False,18,18,317.4,17.9,23.3,False
"Bad Bunny, Zion & Lennox - MÁS DE UNA CITA",off+200/cold,-875,-876,-1,1075,,1,3,True,True,13,18,207.8,16.4,20.3,True
"Bad Bunny, Zion & Lennox - MÁS DE UNA CITA",off+200/seeded_correct,-875,-875,0,0,9000,0,2,False,True,5,18,65.2,12.8,13.7,True
"Bad Bunny, Zion & Lennox - MÁS DE UNA CITA",off+200/seeded_wrong_2s,-875,200,1075,1075,,2,2,False,False,18,18,319.3,17.3,23.0,False
"Bad Bunny, Zion & Lennox - MÁS DE UNA CITA",off-200/cold,-1275,-200,1075,1075,,2,3,True,True,13,18,210.0,16.6,19.9,False
"Bad Bunny, Zion & Lennox - MÁS DE UNA CITA",off-200/seeded_correct,-1275,-1275,0,0,9000,0,1,False,True,5,18,65.5,13.0,14.0,True
"Bad Bunny, Zion & Lennox - MÁS DE UNA CITA",off-200/seeded_wrong_2s,-1275,-200,1075,1075,,2,2,False,False,18,18,329.3,19.1,23.0,False
"Bad Bunny, Zion & Lennox - MÁS DE UNA CITA",off+2s/cold,925,925,0,1075,,1,3,True,False,18,18,316.6,17.6,22.3,True
"Bad Bunny, Zion & Lennox - MÁS DE UNA CITA",off+2s/seeded_correct,925,925,0,0,9000,0,2,False,True,5,18,66.7,13.0,14.2,True
"Bad Bunny, Zion & Lennox - MÁS DE UNA CITA",off+2s/seeded_wrong_2s,925,3500,2575,1075,,2,2,False,False,18,18,311.0,17.6,22.4,False
"Bad Bunny, Zion & Lennox - MÁS DE UNA CITA",off-2s/cold,-3075,-3081,-6,1075,,1,3,True,False,18,18,316.4,16.9,23.0,True
"Bad Bunny, Zion & Lennox - MÁS DE UNA CITA",off-2s/seeded_correct,-3075,-3075,0,0,9000,0,1,False,True,6,18,81.2,13.0,15.3,True
"Bad Bunny, Zion & Lennox - MÁS DE UNA CITA",off-2s/seeded_wrong_2s,-3075,-2000,1075,1075,,1,1,False,False,18,18,309.9,18.3,20.6,False
"Bad Bunny, Zion & Lennox - MÁS DE UNA CITA",off+10s/cold,8925,-1400,-10325,-10325,,1,1,False,False,18,18,344.6,19.2,23.9,False
"Bad Bunny, Zion & Lennox - MÁS DE UNA CITA",off+10s/seeded_correct,8925,8925,0,0,9000,0,2,False,True,5,18,68.4,13.5,15.6,True
"Bad Bunny, Zion & Lennox - MÁS DE UNA CITA",off+10s/seeded_wrong_2s,8925,-100,-9025,2000,,1,1,False,False,18,18,334.2,18.7,23.9,False
"Bad Bunny, Zion & Lennox - MÁS DE UNA CITA",off-10s/cold,-11075,,,11075,,0,0,False,False,17,18,295.3,16.9,22.5,False
"Bad Bunny, Zion & Lennox - MÁS DE UNA CITA",off-10s/seeded_correct,-11075,,,0,,0,0,False,False,17,18,290.2,16.4,21.8,False
"Bad Bunny, Zion & Lennox - MÁS DE UNA CITA",off-10s/seeded_wrong_2s,-11075,,,2000,,0,0,False,False,17,18,296.9,17.4,22.2,False
"Bad Bunny, Zion & Lennox - MÁS DE UNA CITA",off+25s/cold,23925,700,-23225,-23225,,2,2,False,False,18,18,353.4,19.5,24.6,False
"Bad Bunny, Zion & Lennox - MÁS DE UNA CITA",off+25s/seeded_correct,23925,23925,0,0,9000,0,2,False,True,5,18,72.5,14.4,15.6,True
"Bad Bunny, Zion & Lennox - MÁS DE UNA CITA",off+25s/seeded_wrong_2s,23925,3300,-20625,2000,,1,1,False,False,18,18,351.0,19.3,24.8,False
"Bad Bunny, Zion & Lennox - MÁS DE UNA CITA",off-25s/cold,-26075,2325,28400,26075,,2,2,False,False,14,18,239.2,16.5,21.0,False
"Bad Bunny, Zion & Lennox - MÁS DE UNA CITA",off-25s/seeded_correct,-26075,2325,28400,0,,2,2,False,False,14,18,247.6,17.8,22.9,False
"Bad Bunny, Zion & Lennox - MÁS DE UNA CITA",off-25s/seeded_wrong_2s,-26075,2325,28400,2000,,2,2,False,False,14,18,242.3,17.5,21.0,False
"Bad Bunny, Zion & Lennox - MÁS DE UNA CITA",noise0/cold,-1075,-1075,0,-3,15000,0,3,True,True,4,18,50.4,12.6,12.8,True
"Bad Bunny, Zion & Lennox - MÁS DE UNA CITA",noise0/seeded_correct,-1075,-1075,0,0,15000,0,2,False,True,6,18,79.5,12.9,14.4,True
"Bad Bunny, Zion & Lennox - MÁS DE UNA CITA",noise0/seeded_wrong_2s,-1075,-1075,0,0,15000,0,2,False,True,6,18,79.0,12.7,14.5,True
"Bad Bunny, Zion & Lennox - MÁS DE UNA CITA",noise-2s/cold,-3075,-3081,-6,-6,20200,0,1,True,True,4,18,50.5,12.5,13.1,True
"Bad Bunny, Zion & Lennox - MÁS DE UNA CITA",noise-2s/seeded_correct,-3075,-3075,0,0,19000,0,1,False,False,18,18,281.6,15.6,19.3,True
"Bad Bunny, Zion & Lennox - MÁS DE UNA CITA",noise-2s/seeded_wrong_2s,-3075,-3075,0,0,23750,0,1,False,False,18,18,279.0,15.3,18.7,True
"Bad Bunny, Zion & Lennox - MÁS DE UNA CITA",cutin5s/cold,3925,3925,0,-3,15000,0,3,True,True,5,18,109.0,21.4,22.8,True
"Bad Bunny, Zion & Lennox - MÁS DE UNA CITA",cutin5s/seeded_correct,3925,3925,0,0,15000,0,2,False,True,6,18,132.1,22.0,23.1,True
"Bad Bunny, Zion & Lennox - MÁS DE UNA CITA",cutin5s/seeded_wrong_2s,3925,3925,0,0,15000,0,2,False,True,6,18,132.5,22.1,23.2,True
"Bad Bunny, Zion & Lennox - MÁS DE UNA CITA",cutin15s/cold,13925,4900,-9025,-13925,,1,1,False,False,18,18,678.4,38.4,41.0,False
"Bad Bunny, Zion & Lennox - MÁS DE UNA CITA",cutin15s/seeded_correct,13925,13925,0,0,23750,0,4,False,False,18,18,676.7,37.8,40.7,True
"Bad Bunny, Zion & Lennox - MÁS DE UNA CITA",cutin15s/seeded_wrong_2s,13925,13925,0,0,43250,0,4,False,False,18,18,676.2,38.0,40.7,True
"Bad Bunny, Zion & Lennox - MÁS DE UNA CITA",cutin25s/cold,23925,2000,-21925,-21925,,3,3,False,False,18,18,913.7,52.3,56.1,False
"Bad Bunny, Zion & Lennox - MÁS DE UNA CITA",cutin25s/seeded_correct,23925,23925,0,0,43250,0,3,False,False,18,18,913.7,52.3,56.1,True
"Bad Bunny, Zion & Lennox - MÁS DE UNA CITA",cutin25s/seeded_wrong_2s,23925,2000,-21925,2000,,3,3,False,False,18,18,914.8,52.5,55.6,False
"Bad Bunny, Zion & Lennox - MÁS DE UNA CITA",blend8s/cold,-1075,-1075,0,-3,15000,0,3,True,True,4,18,51.5,12.8,13.2,True
"Bad Bunny, Zion & Lennox - MÁS DE UNA CITA",blend8s/seeded_correct,-1075,,,-575,,0,0,False,False,18,18,301.2,16.0,20.8,False
"Bad Bunny, Zion & Lennox - MÁS DE UNA CITA",blend8s/seeded_wrong_2s,-1075,-1075,0,0,15000,0,2,False,True,6,18,80.6,12.9,15.0,True
Bad Bunny - Efecto,off0/cold,-1050,-1050,0,-16,24325,0,2,True,True,2,16,26.0,13.0,13.3,True
Bad Bunny - Efecto,off0/seeded_correct,-1050,-1050,0,0,9000,0,1,False,True,6,16,84.2,14.1,15.3,True
Bad Bunny - Efecto,off0/seeded_wrong_2s,-1050,-1050,0,0,26000,0,1,False,False,16,16,276.6,17.1,21.8,True
Bad Bunny - Efecto,off+200/cold,-850,-850,0,-14,9000,0,2,True,True,2,16,26.1,13.1,13.3,True
Bad Bunny - Efecto,off+200/seeded_correct,-850,-850,0,0,9000,0,1,False,True,6,16,85.3,14.4,15.5,True
Bad Bunny - Efecto,off+200/seeded_wrong_2s,-850,-850,0,0,26000,0,1,False,False,16,16,280.0,17.2,22.3,True
Bad Bunny - Efecto,off-200/cold,-1250,-1250,0,-6,24325,0,2,True,True,2,16,25.9,13.0,13.2,True
Bad Bunny - Efecto,off-200/seeded_correct,-1250,-1250,0,0,9000,0,1,False,True,6,16,84.3,14.0,15.5,True
Bad Bunny - Efecto,off-200/seeded_wrong_2s,-1250,-1250,0,0,26000,0,1,False,False,16,16,282.0,17.8,23.9,True
Bad Bunny - Efecto,off+2s/cold,950,950,0,-13,9000,0,2,True,True,2,16,25.9,13.0,13.2,True
Bad Bunny - Efecto,off+2s/seeded_correct,950,950,0,0,9000,0,1,False,True,6,16,83.6,14.0,15.0,True
Bad Bunny - Efecto,off+2s/seeded_wrong_2s,950,950,0,0,26000,0,1,False,False,16,16,285.6,17.8,25.0,True
Bad Bunny - Efecto,off-2s/cold,-3050,-3056,-6,-6,24325,0,2,True,True,2,16,26.1,13.1,13.5,True
Bad Bunny - Efecto,off-2s/seeded_correct,-3050,,,0,26000,0,0,False,False,16,16,284.9,17.2,22.3,False
Bad Bunny - Efecto,off-2s/seeded_wrong_2s,-3050,-3050,0,0,42750,0,2,False,False,16,16,277.8,17.1,22.2,True
Bad Bunny - Efecto,off+10s/cold,8950,-850,-9800,-9800,,1,1,False,False,16,16,294.3,18.6,23.3,False
Bad Bunny - Efecto,off+10s/seeded_correct,8950,8950,0,0,9000,0,1,False,True,6,16,89.8,15.2,16.1,True
Bad Bunny - Efecto,off+10s/seeded_wrong_2s,8950,,,2000,,0,0,False,False,16,16,295.9,18.2,23.5,False
Bad Bunny - Efecto,off-10s/cold,-11050,,,12850,,0,0,False,False,15,16,261.2,16.1,22.5,False
Bad Bunny - Efecto,off-10s/seeded_correct,-11050,,,0,,0,0,False,False,15,16,254.6,16.1,20.9,False
Bad Bunny - Efecto,off-10s/seeded_wrong_2s,-11050,,,2000,,0,0,False,False,15,16,253.7,16.4,22.1,False
Bad Bunny - Efecto,off+25s/cold,23950,1900,-22050,-22050,,1,1,False,False,16,16,324.6,18.6,31.3,False
Bad Bunny - Efecto,off+25s/seeded_correct,23950,23950,0,0,9000,0,1,False,True,6,16,96.2,15.9,17.9,True
Bad Bunny - Efecto,off+25s/seeded_wrong_2s,23950,1900,-22050,2000,,1,1,False,False,16,16,314.3,18.9,25.2,False
Bad Bunny - Efecto,off-25s/cold,-26050,,,26925,,0,0,False,False,15,16,235.1,14.9,20.1,False
Bad Bunny - Efecto,off-25s/seeded_correct,-26050,,,0,,0,0,False,False,15,16,237.9,14.9,22.0,False
Bad Bunny - Efecto,off-25s/seeded_wrong_2s,-26050,,,2000,,0,0,False,False,15,16,235.5,15.0,20.9,False
Bad Bunny - Efecto,noise0/cold,-1050,-1050,0,-16,24325,0,2,True,True,2,16,25.7,12.9,13.1,True
Bad Bunny - Efecto,noise0/seeded_correct,-1050,-1050,0,0,9000,0,1,False,True,6,16,81.1,13.6,14.2,True
Bad Bunny - Efecto,noise0/seeded_wrong_2s,-1050,-1050,0,0,26000,0,1,False,False,16,16,254.4,15.4,19.4,True
Bad Bunny - Efecto,noise-2s/cold,-3050,-3056,-6,-6,24325,0,2,True,True,2,16,25.4,12.7,12.9,True
Bad Bunny - Efecto,noise-2s/seeded_correct,-3050,,,0,55250,0,0,False,False,16,16,255.7,15.4,20.9,False
Bad Bunny - Efecto,noise-2s/seeded_wrong_2s,-3050,-600,2450,2450,,2,2,False,False,16,16,256.4,15.3,20.3,False
Bad Bunny - Efecto,cutin5s/cold,3950,3947,-3,-3,24325,0,2,True,True,2,16,44.3,22.1,22.8,True
Bad Bunny - Efecto,cutin5s/seeded_correct,3950,3950,0,0,9000,0,2,False,False,16,16,402.4,23.9,31.4,True
Bad Bunny - Efecto,cutin5s/seeded_wrong_2s,3950,3950,0,0,31750,0,4,False,False,16,16,394.6,24.0,28.8,True
Bad Bunny - Efecto,cutin15s/cold,13950,1700,-12250,-12250,,1,1,False,False,16,16,607.9,37.4,42.3,False
Bad Bunny - Efecto,cutin15s/seeded_correct,13950,13950,0,0,26000,0,3,False,False,16,16,606.9,37.5,42.5,True
Bad Bunny - Efecto,cutin15s/seeded_wrong_2s,13950,13950,0,0,42750,0,1,False,False,16,16,604.4,37.3,41.8,True
Bad Bunny - Efecto,cutin25s/cold,23950,11700,-12250,-23950,,1,1,False,False,16,16,835.4,52.5,57.2,False
Bad Bunny - Efecto,cutin25s/seeded_correct,23950,23950,0,0,31750,0,2,False,False,16,16,832.6,52.1,57.5,True
Bad Bunny - Efecto,cutin25s/seeded_wrong_2s,23950,11700,-12250,3050,,1,1,False,False,16,16,836.4,52.2,58.1,False
Bad Bunny - Efecto,blend8s/cold,-1050,-1066,-16,-16,24325,0,2,True,True,2,16,26.0,13.0,13.2,True
Bad Bunny - Efecto,blend8s/seeded_correct,-1050,-1050,0,0,26000,0,3,False,False,16,16,271.2,16.1,23.0,True
Bad Bunny - Efecto,blend8s/seeded_wrong_2s,-1050,-1050,0,0,31750,0,3,False,False,16,16,273.7,16.2,24.2,True
Bad Bunny - TRELLAS,off0/cold,-1000,-1025,-25,22,28000,0,2,True,False,7,7,100.8,14.2,16.8,True
Bad Bunny - TRELLAS,off0/seeded_correct,-1000,,,-75,18250,0,0,False,False,7,7,98.9,14.1,15.6,False
Bad Bunny - TRELLAS,off0/seeded_wrong_2s,-1000,-1017,-17,0,38750,0,1,False,False,7,7,96.9,14.1,14.7,True
Bad Bunny - TRELLAS,off+200/cold,-800,-854,-54,11,18250,0,2,True,False,7,7,98.3,14.0,15.4,True
Bad Bunny - TRELLAS,off+200/seeded_correct,-800,,,-75,18250,0,0,False,False,7,7,98.4,13.9,15.5,False
Bad Bunny - TRELLAS,off+200/seeded_wrong_2s,-800,-817,-17,0,38750,0,1,False,False,7,7,98.2,14.1,15.3,True
Bad Bunny - TRELLAS,off-200/cold,-1200,-1222,-22,44,28000,0,2,True,False,7,7,97.7,14.0,15.4,True
Bad Bunny - TRELLAS,off-200/seeded_correct,-1200,,,-75,18250,0,0,False,False,7,7,97.6,14.4,14.9,False
Bad Bunny - TRELLAS,off-200/seeded_wrong_2s,-1200,-1217,-17,0,38750,0,1,False,False,7,7,100.5,14.3,16.1,True
Bad Bunny - TRELLAS,off+2s/cold,1000,947,-53,12,18250,0,2,True,False,7,7,99.2,14.3,15.4,True
Bad Bunny - TRELLAS,off+2s/seeded_correct,1000,,,-75,18250,0,0,False,False,7,7,101.4,14.1,16.8,False
Bad Bunny - TRELLAS,off+2s/seeded_wrong_2s,1000,983,-17,0,38750,0,1,False,False,7,7,105.9,15.5,16.8,True
Bad Bunny - TRELLAS,off-2s/cold,-3000,-2956,44,44,86150,0,1,True,False,7,7,100.7,14.3,16.4,True
Bad Bunny - TRELLAS,off-2s/seeded_correct,-3000,,,-75,18250,0,0,False,False,7,7,98.0,13.9,15.3,False
Bad Bunny - TRELLAS,off-2s/seeded_wrong_2s,-3000,,,0,50500,0,0,False,False,7,7,96.9,13.9,15.3,False
Bad Bunny - TRELLAS,off+10s/cold,9000,,,-9000,,0,0,False,False,7,7,107.0,15.4,18.8,False
Bad Bunny - TRELLAS,off+10s/seeded_correct,9000,,,0,38750,0,0,False,False,7,7,103.2,15.0,16.5,False
Bad Bunny - TRELLAS,off+10s/seeded_wrong_2s,9000,,,2000,,0,0,False,False,7,7,102.3,14.8,16.5,False
Bad Bunny - TRELLAS,off-10s/cold,-11000,,,11000,,0,0,False,False,6,7,80.6,13.4,14.6,False
Bad Bunny - TRELLAS,off-10s/seeded_correct,-11000,,,0,,0,0,False,False,6,7,81.3,13.6,14.8,False
Bad Bunny - TRELLAS,off-10s/seeded_wrong_2s,-11000,,,2000,,0,0,False,False,6,7,81.2,13.5,14.7,False
Bad Bunny - TRELLAS,off+25s/cold,24000,,,-24000,,0,0,False,False,7,7,111.0,15.6,18.2,False
Bad Bunny - TRELLAS,off+25s/seeded_correct,24000,,,0,38750,0,0,False,False,7,7,111.7,16.0,18.3,False
Bad Bunny - TRELLAS,off+25s/seeded_wrong_2s,24000,,,2000,,0,0,False,False,7,7,113.5,16.4,17.7,False
Bad Bunny - TRELLAS,off-25s/cold,-26000,,,26000,,0,0,False,False,5,7,63.5,12.7,13.7,False
Bad Bunny - TRELLAS,off-25s/seeded_correct,-26000,,,0,,0,0,False,False,5,7,62.8,12.7,13.5,False
Bad Bunny - TRELLAS,off-25s/seeded_wrong_2s,-26000,,,2000,,0,0,False,False,5,7,62.3,12.6,13.3,False
Bad Bunny - TRELLAS,noise0/cold,-1000,-1022,-22,47,28000,0,2,True,False,7,7,93.9,13.6,14.1,True
Bad Bunny - TRELLAS,noise0/seeded_correct,-1000,,,-75,18250,0,0,False,False,7,7,93.6,13.4,14.1,False
Bad Bunny - TRELLAS,noise0/seeded_wrong_2s,-1000,-1017,-17,0,38750,0,1,False,False,7,7,93.1,13.3,13.9,True
Bad Bunny - TRELLAS,noise-2s/cold,-3000,-2956,44,44,86150,0,1,True,False,7,7,93.2,13.3,14.1,True
Bad Bunny - TRELLAS,noise-2s/seeded_correct,-3000,,,-75,18250,0,0,False,False,7,7,92.8,13.3,14.1,False
Bad Bunny - TRELLAS,noise-2s/seeded_wrong_2s,-3000,,,2000,,0,0,False,False,7,7,93.2,13.3,14.0,False
Bad Bunny - TRELLAS,cutin5s/cold,4000,,,-4000,,0,0,False,False,7,7,155.5,22.3,22.9,False
Bad Bunny - TRELLAS,cutin5s/seeded_correct,4000,,,-75,18250,0,0,False,False,7,7,155.9,22.2,23.1,False
Bad Bunny - TRELLAS,cutin5s/seeded_wrong_2s,4000,,,0,43000,0,0,False,False,7,7,156.0,22.3,23.0,False
Bad Bunny - TRELLAS,cutin15s/cold,14000,,,-14000,,0,0,False,False,7,7,244.6,35.7,36.7,False
Bad Bunny - TRELLAS,cutin15s/seeded_correct,14000,,,-25,28000,0,0,False,False,7,7,243.8,35.8,36.4,False
Bad Bunny - TRELLAS,cutin15s/seeded_wrong_2s,14000,,,0,38750,0,0,False,False,7,7,244.9,35.5,36.7,False
Bad Bunny - TRELLAS,cutin25s/cold,24000,,,-24000,,0,0,False,False,7,7,329.8,49.8,50.5,False
Bad Bunny - TRELLAS,cutin25s/seeded_correct,24000,,,0,38750,0,0,False,False,7,7,329.9,49.6,50.9,False
Bad Bunny - TRELLAS,cutin25s/seeded_wrong_2s,24000,,,0,43000,0,0,False,False,7,7,329.3,49.6,50.8,False
Bad Bunny - TRELLAS,blend8s/cold,-1000,-978,22,22,28000,0,1,True,False,7,7,94.2,13.7,14.3,True
Bad Bunny - TRELLAS,blend8s/seeded_correct,-1000,,,-75,18250,0,0,False,False,7,7,95.7,13.8,14.8,False
Bad Bunny - TRELLAS,blend8s/seeded_wrong_2s,-1000,,,0,38750,0,0,False,False,7,7,95.1,13.7,14.6,False
Bad Bunny - BYE ME FUI,off0/cold,-1025,-1026,-1,1025,,1,3,True,False,11,11,171.3,14.4,18.5,True
Bad Bunny - BYE ME FUI,off0/seeded_correct,-1025,-1025,0,1025,,1,2,False,False,11,11,169.3,14.3,18.5,True
Bad Bunny - BYE ME FUI,off0/seeded_wrong_2s,-1025,-1025,0,1025,,1,2,False,False,11,11,170.9,14.9,18.3,True
Bad Bunny - BYE ME FUI,off+200/cold,-825,-825,0,1025,,1,3,True,False,11,11,170.1,14.9,18.4,True
Bad Bunny - BYE ME FUI,off+200/seeded_correct,-825,-825,0,1025,,1,2,False,False,11,11,170.7,14.8,18.4,True
Bad Bunny - BYE ME FUI,off+200/seeded_wrong_2s,-825,-825,0,1025,,1,2,False,False,11,11,171.7,15.0,18.7,True
Bad Bunny - BYE ME FUI,off-200/cold,-1225,-1226,-1,1025,,1,3,True,False,11,11,170.5,14.9,18.4,True
Bad Bunny - BYE ME FUI,off-200/seeded_correct,-1225,-1225,0,1025,,1,2,False,False,11,11,168.3,14.8,17.8,True
Bad Bunny - BYE ME FUI,off-200/seeded_wrong_2s,-1225,-1225,0,1025,,1,2,False,False,11,11,169.4,14.8,18.1,True
Bad Bunny - BYE ME FUI,off+2s/cold,975,2000,1025,1025,,2,3,True,True,8,11,115.5,14.3,16.4,False
Bad Bunny - BYE ME FUI,off+2s/seeded_correct,975,2000,1025,1025,,2,2,False,True,8,11,115.9,14.4,16.3,False
Bad Bunny - BYE ME FUI,off+2s/seeded_wrong_2s,975,2000,1025,1025,,2,2,False,True,8,11,117.0,14.5,17.1,False
Bad Bunny - BYE ME FUI,off-2s/cold,-3025,-3031,-6,1025,,1,3,True,False,11,11,172.7,15.4,18.2,True
Bad Bunny - BYE ME FUI,off-2s/seeded_correct,-3025,-2000,1025,1025,,2,2,False,False,11,11,171.5,15.0,18.8,False
Bad Bunny - BYE ME FUI,off-2s/seeded_wrong_2s,-3025,-2000,1025,1025,,2,2,False,False,11,11,170.0,14.7,18.5,False
Bad Bunny - BYE ME FUI,off+10s/cold,8975,2300,-6675,-8975,,1,1,False,False,11,11,179.9,15.4,19.4,False
Bad Bunny - BYE ME FUI,off+10s/seeded_correct,8975,8975,0,0,23250,0,2,False,True,6,11,88.3,14.7,15.8,True
Bad Bunny - BYE ME FUI,off+10s/seeded_wrong_2s,8975,2300,-6675,2000,,1,1,False,False,11,11,180.7,15.8,19.1,False
Bad Bunny - BYE ME FUI,off-10s/cold,-11025,-375,10650,10650,,1,1,False,False,10,11,151.8,14.3,17.6,False
Bad Bunny - BYE ME FUI,off-10s/seeded_correct,-11025,2300,13325,0,,1,1,False,False,10,11,152.9,14.5,18.2,False
Bad Bunny - BYE ME FUI,off-10s/seeded_wrong_2s,-11025,2300,13325,2000,,1,1,False,False,10,11,151.2,14.3,17.7,False
Bad Bunny - BYE ME FUI,off+25s/cold,23975,,,-23975,,0,0,False,False,11,11,185.4,15.7,20.6,False
Bad Bunny - BYE ME FUI,off+25s/seeded_correct,23975,23975,0,0,23250,0,2,False,True,6,11,90.4,15.1,15.5,True
Bad Bunny - BYE ME FUI,off+25s/seeded_wrong_2s,23975,25975,2000,2000,,1,1,False,False,11,11,185.6,16.1,20.5,False
Bad Bunny - BYE ME FUI,off-25s/cold,-26025,,,26025,,0,0,False,False,9,11,132.0,13.6,17.1,False
Bad Bunny - BYE ME FUI,off-25s/seeded_correct,-26025,,,0,,0,0,False,False,9,11,131.0,13.8,17.0,False
Bad Bunny - BYE ME FUI,off-25s/seeded_wrong_2s,-26025,,,2000,,0,0,False,False,9,11,143.0,14.1,20.9,False
Bad Bunny - BYE ME FUI,noise0/cold,-1025,-1026,-1,1025,,1,3,True,False,11,11,162.9,14.2,17.6,True
Bad Bunny - BYE ME FUI,noise0/seeded_correct,-1025,-1025,0,1025,,1,2,False,False,11,11,163.3,14.1,17.8,True
Bad Bunny - BYE ME FUI,noise0/seeded_wrong_2s,-1025,-1025,0,1025,,1,2,False,False,11,11,163.8,14.2,17.6,True
Bad Bunny - BYE ME FUI,noise-2s/cold,-3025,-3031,-6,1025,,1,3,True,False,11,11,164.9,14.1,18.0,True
Bad Bunny - BYE ME FUI,noise-2s/seeded_correct,-3025,-2000,1025,1025,,2,2,False,False,11,11,166.4,14.2,18.4,False
Bad Bunny - BYE ME FUI,noise-2s/seeded_wrong_2s,-3025,-2000,1025,1025,,2,2,False,False,11,11,163.6,14.0,17.5,False
Bad Bunny - BYE ME FUI,cutin5s/cold,3975,3972,-3,-3,35775,0,3,True,True,4,11,87.8,21.9,22.6,True
Bad Bunny - BYE ME FUI,cutin5s/seeded_correct,3975,3975,0,0,23250,0,2,False,True,6,11,133.3,22.4,22.8,True
Bad Bunny - BYE ME FUI,cutin5s/seeded_wrong_2s,3975,3975,0,0,31000,0,2,False,True,6,11,133.9,22.4,23.1,True
Bad Bunny - BYE ME FUI,cutin15s/cold,13975,11300,-2675,0,123250,1,2,False,False,11,11,403.8,36.3,39.7,False
Bad Bunny - BYE ME FUI,cutin15s/seeded_correct,13975,13975,0,0,23250,0,2,False,True,6,11,210.3,35.7,36.5,True
Bad Bunny - BYE ME FUI,cutin15s/seeded_wrong_2s,13975,13975,0,0,31000,0,2,False,True,6,11,209.9,35.6,36.5,True
Bad Bunny - BYE ME FUI,cutin25s/cold,23975,25300,1325,0,123250,1,2,False,False,11,11,551.5,50.4,55.0,False
Bad Bunny - BYE ME FUI,cutin25s/seeded_correct,23975,23975,0,0,31000,0,2,False,True,7,11,336.0,49.8,50.9,True
Bad Bunny - BYE ME FUI,cutin25s/seeded_wrong_2s,23975,25300,1325,1325,,1,1,False,False,11,11,555.0,51.1,54.8,False
Bad Bunny - BYE ME FUI,blend8s/cold,-1025,-1028,-3,-3,31000,0,3,True,True,4,11,53.9,13.4,14.1,True
Bad Bunny - BYE ME FUI,blend8s/seeded_correct,-1025,-1025,0,0,23250,0,2,False,True,6,11,83.7,14.0,15.0,True
Bad Bunny - BYE ME FUI,blend8s/seeded_wrong_2s,-1025,-1025,0,0,31000,0,2,False,True,6,11,82.8,14.0,14.4,True
Bad Bunny - BOOKER T,off0/cold,-1075,-1075,0,0,16000,0,3,False,True,3,4,38.5,12.6,13.4,True
Bad Bunny - BOOKER T,off0/seeded_correct,-1075,-1075,0,0,11500,0,3,False,True,3,4,39.3,12.7,14.0,True
Bad Bunny - BOOKER T,off0/seeded_wrong_2s,-1075,-1075,0,0,16000,0,3,False,True,3,4,39.2,12.7,13.8,True
Bad Bunny - BOOKER T,off+200/cold,-875,-875,0,0,11500,0,3,False,True,3,4,38.7,12.6,13.5,True
Bad Bunny - BOOKER T,off+200/seeded_correct,-875,-875,0,0,11500,0,3,False,True,3,4,39.2,12.8,13.8,True
Bad Bunny - BOOKER T,off+200/seeded_wrong_2s,-875,-875,0,0,16000,0,3,False,True,3,4,39.4,12.8,13.9,True
Bad Bunny - BOOKER T,off-200/cold,-1275,-1275,0,0,16000,0,3,False,True,3,4,38.9,12.6,13.6,True
Bad Bunny - BOOKER T,off-200/seeded_correct,-1275,-1275,0,0,11500,0,3,False,True,3,4,39.5,13.0,13.9,True
Bad Bunny - BOOKER T,off-200/seeded_wrong_2s,-1275,-1275,0,0,16000,0,3,False,True,3,4,39.1,12.8,13.8,True
Bad Bunny - BOOKER T,off+2s/cold,925,925,0,0,11500,0,3,False,True,3,4,39.0,12.8,13.6,True
Bad Bunny - BOOKER T,off+2s/seeded_correct,925,925,0,0,11500,0,3,False,True,3,4,39.0,12.6,13.7,True
Bad Bunny - BOOKER T,off+2s/seeded_wrong_2s,925,925,0,0,16000,0,3,False,True,3,4,39.6,12.9,13.9,True
Bad Bunny - BOOKER T,off-2s/cold,-3075,-3085,-10,4200,,1,4,True,False,4,4,53.4,13.3,14.1,True
Bad Bunny - BOOKER T,off-2s/seeded_correct,-3075,-3075,0,0,11500,0,3,False,False,4,4,54.1,13.3,14.5,True
Bad Bunny - BOOKER T,off-2s/seeded_wrong_2s,-3075,1125,4200,4200,,2,3,False,False,4,4,53.4,13.3,13.9,False
Bad Bunny - BOOKER T,off+10s/cold,8925,,,-8925,,0,0,False,False,4,4,55.6,13.8,14.8,False
Bad Bunny - BOOKER T,off+10s/seeded_correct,8925,8925,0,0,11500,0,3,False,True,3,4,40.8,13.3,14.3,True
Bad Bunny - BOOKER T,off+10s/seeded_wrong_2s,8925,,,2000,,0,0,False,False,4,4,55.6,13.8,15.0,False
Bad Bunny - BOOKER T,off-10s/cold,-11075,,,11075,,0,0,False,False,4,4,50.0,13.0,14.1,False
Bad Bunny - BOOKER T,off-10s/seeded_correct,-11075,,,0,,0,0,False,False,4,4,48.4,12.4,13.6,False
Bad Bunny - BOOKER T,off-10s/seeded_wrong_2s,-11075,,,2000,,0,0,False,False,4,4,49.1,12.8,13.8,False
Bad Bunny - BOOKER T,off+25s/cold,23925,,,-23925,,0,0,False,False,4,4,59.5,14.8,16.3,False
Bad Bunny - BOOKER T,off+25s/seeded_correct,23925,23925,0,0,11500,0,3,False,True,3,4,44.6,14.6,15.5,True
Bad Bunny - BOOKER T,off+25s/seeded_wrong_2s,23925,,,2000,,0,0,False,False,4,4,59.5,14.7,16.1,False
Bad Bunny - BOOKER T,off-25s/cold,-26075,-825,25250,25250,,2,2,False,False,2,4,25.2,12.6,12.8,False
Bad Bunny - BOOKER T,off-25s/seeded_correct,-26075,-825,25250,25250,,2,2,False,False,2,4,25.3,12.6,13.0,False
Bad Bunny - BOOKER T,off-25s/seeded_wrong_2s,-26075,-825,25250,25250,,2,2,False,False,2,4,25.2,12.6,13.0,False
Bad Bunny - BOOKER T,noise0/cold,-1075,-1075,0,0,16000,0,3,False,True,3,4,38.2,12.5,13.3,True
Bad Bunny - BOOKER T,noise0/seeded_correct,-1075,-1075,0,0,11500,0,3,False,True,3,4,38.0,12.4,13.2,True
Bad Bunny - BOOKER T,noise0/seeded_wrong_2s,-1075,-1075,0,0,16000,0,3,False,True,3,4,37.6,12.3,13.1,True
Bad Bunny - BOOKER T,noise-2s/cold,-3075,-3085,-10,4200,,1,4,True,False,4,4,52.2,12.9,13.8,True
Bad Bunny - BOOKER T,noise-2s/seeded_correct,-3075,-3075,0,0,11500,0,3,False,False,4,4,52.1,12.9,13.6,True
Bad Bunny - BOOKER T,noise-2s/seeded_wrong_2s,-3075,1125,4200,4200,,2,3,False,False,4,4,52.2,12.9,13.7,False
Bad Bunny - BOOKER T,cutin5s/cold,3925,3925,0,0,11500,0,2,False,True,3,4,63.3,20.9,21.5,True
Bad Bunny - BOOKER T,cutin5s/seeded_correct,3925,3925,0,0,11500,0,2,False,True,3,4,63.4,20.9,21.7,True
Bad Bunny - BOOKER T,cutin5s/seeded_wrong_2s,3925,3925,0,0,11500,0,2,False,True,3,4,63.4,20.8,21.8,True
Bad Bunny - BOOKER T,cutin15s/cold,13925,13925,0,0,34250,0,3,False,False,4,4,135.3,34.5,35.9,True
Bad Bunny - BOOKER T,cutin15s/seeded_correct,13925,13925,0,0,34250,0,3,False,False,4,4,136.2,34.7,36.1,True
Bad Bunny - BOOKER T,cutin15s/seeded_wrong_2s,13925,13925,0,0,34250,0,3,False,False,4,4,135.6,34.7,35.8,True
Bad Bunny - BOOKER T,cutin25s/cold,23925,7075,-16850,-16850,,2,2,False,False,4,4,178.5,45.1,50.1,False
Bad Bunny - BOOKER T,cutin25s/seeded_correct,23925,7075,-16850,-16850,,2,2,False,False,4,4,179.0,45.3,50.4,False
Bad Bunny - BOOKER T,cutin25s/seeded_wrong_2s,23925,7075,-16850,-16850,,2,2,False,False,4,4,179.8,45.3,51.1,False
Bad Bunny - BOOKER T,blend8s/cold,-1075,-1075,0,0,16000,0,3,False,True,3,4,38.8,12.7,13.5,True
Bad Bunny - BOOKER T,blend8s/seeded_correct,-1075,-1075,0,0,11500,0,3,False,True,3,4,39.3,12.7,13.8,True
Bad Bunny - BOOKER T,blend8s/seeded_wrong_2s,-1075,-1075,0,0,16000,0,3,False,True,3,4,39.3,12.8,13.8,True
Bad Bunny - MONACO,off0/cold,-619,0,619,619,,2,2,False,False,6,6,85.6,14.3,16.3,False
Bad Bunny - MONACO,off0/seeded_correct,-619,0,619,619,,2,2,False,False,6,6,85.5,14.0,16.6,False
Bad Bunny - MONACO,off0/seeded_wrong_2s,-619,0,619,619,,2,2,False,False,6,6,85.0,14.1,16.1,False
Bad Bunny - MONACO,off+200/cold,-419,200,619,619,,2,2,False,True,2,6,25.5,12.8,12.8,False
Bad Bunny - MONACO,off+200/seeded_correct,-419,200,619,619,,2,2,False,False,6,6,86.1,14.3,16.3,False
Bad Bunny - MONACO,off+200/seeded_wrong_2s,-419,200,619,619,,2,2,False,False,6,6,86.9,13.9,18.1,False
Bad Bunny - MONACO,off-200/cold,-819,-200,619,619,,2,2,False,True,2,6,25.5,12.8,12.8,False
Bad Bunny - MONACO,off-200/seeded_correct,-819,-200,619,619,,2,2,False,False,6,6,84.7,14.1,16.2,False
Bad Bunny - MONACO,off-200/seeded_wrong_2s,-819,-200,619,619,,2,2,False,False,6,6,84.9,14.1,15.9,False
Bad Bunny - MONACO,off+2s/cold,1381,2000,619,619,,2,2,False,False,6,6,85.9,14.2,16.5,False
Bad Bunny - MONACO,off+2s/seeded_correct,1381,2000,619,619,,2,2,False,False,6,6,85.2,14.1,16.3,False
Bad Bunny - MONACO,off+2s/seeded_wrong_2s,1381,2000,619,619,,2,2,False,False,6,6,85.5,14.3,16.1,False
Bad Bunny - MONACO,off-2s/cold,-2619,-2000,619,619,,2,2,False,False,6,6,85.1,14.0,16.3,False
Bad Bunny - MONACO,off-2s/seeded_correct,-2619,-2000,619,619,,2,2,False,False,6,6,85.8,13.6,17.3,False
Bad Bunny - MONACO,off-2s/seeded_wrong_2s,-2619,-2000,619,619,,2,2,False,False,6,6,85.9,14.4,16.4,False
Bad Bunny - MONACO,off+10s/cold,9381,2475,-6906,-9381,,1,1,False,False,6,6,91.1,15.0,18.0,False
Bad Bunny - MONACO,off+10s/seeded_correct,9381,9381,0,0,9000,0,2,False,True,5,6,71.1,14.2,15.5,True
Bad Bunny - MONACO,off+10s/seeded_wrong_2s,9381,,,2000,,0,0,False,False,6,6,90.1,14.8,17.3,False
Bad Bunny - MONACO,off-10s/cold,-10619,,,10619,,0,0,False,False,5,6,69.2,13.6,16.1,False
Bad Bunny - MONACO,off-10s/seeded_correct,-10619,,,0,,0,0,False,False,5,6,68.7,13.5,15.7,False
Bad Bunny - MONACO,off-10s/seeded_wrong_2s,-10619,,,2000,,0,0,False,False,5,6,69.7,13.5,16.2,False
Bad Bunny - MONACO,off+25s/cold,24381,,,-24381,,0,0,False,False,6,6,95.3,16.5,17.6,False
Bad Bunny - MONACO,off+25s/seeded_correct,24381,24381,0,0,9000,0,2,False,True,5,6,76.2,15.7,16.3,True
Bad Bunny - MONACO,off+25s/seeded_wrong_2s,24381,,,2000,,0,0,False,False,6,6,95.5,16.4,17.8,False
Bad Bunny - MONACO,off-25s/cold,-25619,,,25619,,0,0,False,False,4,6,54.9,13.0,16.0,False
Bad Bunny - MONACO,off-25s/seeded_correct,-25619,,,0,,0,0,False,False,4,6,53.0,12.7,14.9,False
Bad Bunny - MONACO,off-25s/seeded_wrong_2s,-25619,,,2000,,0,0,False,False,4,6,53.0,12.6,14.8,False
Bad Bunny - MONACO,noise0/cold,-619,0,619,619,,2,2,False,False,6,6,82.2,13.4,15.3,False
Bad Bunny - MONACO,noise0/seeded_correct,-619,0,619,619,,2,2,False,False,6,6,82.2,13.5,15.2,False
Bad Bunny - MONACO,noise0/seeded_wrong_2s,-619,0,619,619,,2,2,False,False,6,6,82.2,13.6,15.0,False
Bad Bunny - MONACO,noise-2s/cold,-2619,-2625,-6,-6,45750,0,2,False,False,6,6,80.9,13.1,15.1,True
Bad Bunny - MONACO,noise-2s/seeded_correct,-2619,-2625,-6,-6,41750,0,1,False,False,6,6,81.1,13.2,15.1,True
Bad Bunny - MONACO,noise-2s/seeded_wrong_2s,-2619,-2625,-6,-6,45750,0,1,False,False,6,6,81.1,13.2,15.1,True
Bad Bunny - MONACO,cutin5s/cold,4381,5000,619,619,,1,1,False,False,6,6,135.9,22.6,24.0,False
Bad Bunny - MONACO,cutin5s/seeded_correct,4381,5000,619,619,,1,1,False,False,6,6,136.9,22.7,24.5,False
Bad Bunny - MONACO,cutin5s/seeded_wrong_2s,4381,5000,619,619,,1,1,False,False,6,6,135.9,22.6,24.1,False
Bad Bunny - MONACO,cutin15s/cold,14381,14375,-6,-6,45750,0,2,False,True,6,6,211.5,35.8,37.4,True
Bad Bunny - MONACO,cutin15s/seeded_correct,14381,,,619,,0,0,False,False,6,6,211.9,35.9,37.4,False
Bad Bunny - MONACO,cutin15s/seeded_wrong_2s,14381,14375,-6,-6,45750,0,2,False,True,6,6,212.3,35.9,37.6,True
Bad Bunny - MONACO,cutin25s/cold,24381,24375,-6,-6,45750,0,2,False,True,6,6,287.2,50.3,53.4,True
Bad Bunny - MONACO,cutin25s/seeded_correct,24381,24381,0,0,37250,0,2,False,True,6,6,285.7,50.5,51.8,True
Bad Bunny - MONACO,cutin25s/seeded_wrong_2s,24381,24375,-6,-6,45750,0,2,False,True,6,6,284.6,50.2,52.2,True
Bad Bunny - MONACO,blend8s/cold,-619,0,619,619,,1,1,False,False,6,6,85.4,14.1,16.2,False
Bad Bunny - MONACO,blend8s/seeded_correct,-619,0,619,619,,1,1,False,False,6,6,85.3,14.1,16.0,False
Bad Bunny - MONACO,blend8s/seeded_wrong_2s,-619,0,619,619,,1,1,False,False,6,6,84.6,14.0,15.9,False
Bad Bunny - HACIENDO QUE ME AMAS,off0/cold,-1050,-1053,-3,1050,,1,3,True,False,8,8,135.1,14.4,22.9,True
Bad Bunny - HACIENDO QUE ME AMAS,off0/seeded_correct,-1050,0,1050,1050,,1,1,False,False,8,8,138.4,16.6,21.9,False
Bad Bunny - HACIENDO QUE ME AMAS,off0/seeded_wrong_2s,-1050,0,1050,1050,,1,1,False,False,8,8,133.9,14.3,23.2,False
Bad Bunny - HACIENDO QUE ME AMAS,off+200/cold,-850,-851,-1,1050,,1,3,True,False,8,8,135.0,14.4,23.6,True
Bad Bunny - HACIENDO QUE ME AMAS,off+200/seeded_correct,-850,200,1050,1050,,1,1,False,False,8,8,131.7,14.3,22.2,False
Bad Bunny - HACIENDO QUE ME AMAS,off+200/seeded_wrong_2s,-850,200,1050,1050,,1,1,False,False,8,8,134.7,14.0,23.8,False
Bad Bunny - HACIENDO QUE ME AMAS,off-200/cold,-1250,-1244,6,1050,,1,3,True,False,8,8,135.2,14.4,23.6,True
Bad Bunny - HACIENDO QUE ME AMAS,off-200/seeded_correct,-1250,-200,1050,1050,,1,1,False,False,8,8,136.7,14.8,23.5,False
Bad Bunny - HACIENDO QUE ME AMAS,off-200/seeded_wrong_2s,-1250,-200,1050,1050,,1,1,False,False,8,8,133.4,14.5,23.0,False
Bad Bunny - HACIENDO QUE ME AMAS,off+2s/cold,950,950,0,1050,,1,2,True,False,8,8,136.2,14.9,22.8,True
Bad Bunny - HACIENDO QUE ME AMAS,off+2s/seeded_correct,950,2000,1050,1050,,1,1,False,False,8,8,134.7,14.1,23.1,False
Bad Bunny - HACIENDO QUE ME AMAS,off+2s/seeded_wrong_2s,950,2000,1050,1050,,1,1,False,False,8,8,134.2,14.8,23.0,False
Bad Bunny - HACIENDO QUE ME AMAS,off-2s/cold,-3050,-3044,6,1050,,1,3,True,False,8,8,137.6,14.5,24.3,True
Bad Bunny - HACIENDO QUE ME AMAS,off-2s/seeded_correct,-3050,-2000,1050,1050,,1,1,False,False,8,8,136.5,14.3,23.9,False
Bad Bunny - HACIENDO QUE ME AMAS,off-2s/seeded_wrong_2s,-3050,-2000,1050,1050,,1,1,False,False,8,8,132.9,14.7,22.8,False
Bad Bunny - HACIENDO QUE ME AMAS,off+10s/cold,8950,3300,-5650,-8950,,1,1,False,False,8,8,140.1,15.3,23.3,False
Bad Bunny - HACIENDO QUE ME AMAS,off+10s/seeded_correct,8950,8950,0,0,24500,0,2,False,False,8,8,140.5,15.0,25.0,True
Bad Bunny - HACIENDO QUE ME AMAS,off+10s/seeded_wrong_2s,8950,3300,-5650,2000,,1,1,False,False,8,8,140.2,15.3,24.7,False
Bad Bunny - HACIENDO QUE ME AMAS,off-10s/cold,-11050,,,11275,,0,0,False,False,7,8,118.9,14.1,22.5,False
Bad Bunny - HACIENDO QUE ME AMAS,off-10s/seeded_correct,-11050,,,0,,0,0,False,False,7,8,120.1,14.0,23.3,False
Bad Bunny - HACIENDO QUE ME AMAS,off-10s/seeded_wrong_2s,-11050,,,2000,,0,0,False,False,7,8,116.4,13.9,20.8,False
Bad Bunny - HACIENDO QUE ME AMAS,off+25s/cold,23950,,,-23950,,0,0,False,False,8,8,151.1,16.8,25.7,False
Bad Bunny - HACIENDO QUE ME AMAS,off+25s/seeded_correct,23950,23950,0,0,24500,0,2,False,False,8,8,151.7,16.5,26.5,True
Bad Bunny - HACIENDO QUE ME AMAS,off+25s/seeded_wrong_2s,23950,,,2000,,0,0,False,False,8,8,149.5,16.4,26.0,False
Bad Bunny - HACIENDO QUE ME AMAS,off-25s/cold,-26050,,,26050,,0,0,False,False,6,8,97.2,15.2,21.8,False
Bad Bunny - HACIENDO QUE ME AMAS,off-25s/seeded_correct,-26050,,,0,,0,0,False,False,6,8,96.8,15.5,20.7,False
Bad Bunny - HACIENDO QUE ME AMAS,off-25s/seeded_wrong_2s,-26050,,,2000,,0,0,False,False,6,8,101.9,16.6,22.3,False
Bad Bunny - HACIENDO QUE ME AMAS,noise0/cold,-1050,-1053,-3,1050,,1,3,True,False,8,8,122.4,13.8,19.3,True
Bad Bunny - HACIENDO QUE ME AMAS,noise0/seeded_correct,-1050,0,1050,1050,,1,1,False,False,8,8,121.3,13.8,18.8,False
Bad Bunny - HACIENDO QUE ME AMAS,noise0/seeded_wrong_2s,-1050,0,1050,1050,,1,1,False,False,8,8,121.0,13.5,19.9,False
Bad Bunny - HACIENDO QUE ME AMAS,noise-2s/cold,-3050,-3044,6,1050,,1,3,True,False,8,8,121.4,13.7,19.8,True
Bad Bunny - HACIENDO QUE ME AMAS,noise-2s/seeded_correct,-3050,-2000,1050,1050,,1,1,False,False,8,8,119.5,13.7,19.0,False
Bad Bunny - HACIENDO QUE ME AMAS,noise-2s/seeded_wrong_2s,-3050,-2000,1050,1050,,1,1,False,False,8,8,120.6,13.7,19.3,False
Bad Bunny - HACIENDO QUE ME AMAS,cutin5s/cold,3950,3947,-3,-3,77150,0,3,True,True,7,8,170.2,22.7,29.2,True
Bad Bunny - HACIENDO QUE ME AMAS,cutin5s/seeded_correct,3950,3950,0,0,24500,0,2,False,False,8,8,193.7,22.9,27.8,True
Bad Bunny - HACIENDO QUE ME AMAS,cutin5s/seeded_wrong_2s,3950,3950,0,0,35750,0,2,False,False,8,8,195.0,23.0,28.2,True
Bad Bunny - HACIENDO QUE ME AMAS,cutin15s/cold,13950,-8575,-22525,-22525,,1,1,False,False,8,8,291.9,35.8,40.7,False
Bad Bunny - HACIENDO QUE ME AMAS,cutin15s/seeded_correct,13950,-8575,-22525,-22525,,1,1,False,False,8,8,293.0,35.8,40.7,False
Bad Bunny - HACIENDO QUE ME AMAS,cutin15s/seeded_wrong_2s,13950,-8575,-22525,-22525,,1,1,False,False,8,8,294.3,35.9,41.3,False
Bad Bunny - HACIENDO QUE ME AMAS,cutin25s/cold,23950,,,-23950,,0,0,False,False,8,8,404.3,50.3,56.8,False
Bad Bunny - HACIENDO QUE ME AMAS,cutin25s/seeded_correct,23950,23950,0,0,35750,0,1,False,False,8,8,401.4,50.5,56.3,True
Bad Bunny - HACIENDO QUE ME AMAS,cutin25s/seeded_wrong_2s,23950,23950,0,0,40500,0,1,False,False,8,8,402.4,50.4,56.5,True
Bad Bunny - HACIENDO QUE ME AMAS,blend8s/cold,-1050,-1053,-3,-3,35750,0,3,True,True,6,8,86.2,13.8,17.3,True
Bad Bunny - HACIENDO QUE ME AMAS,blend8s/seeded_correct,-1050,-1050,0,0,24500,0,2,False,False,8,8,124.9,14.1,20.1,True
Bad Bunny - HACIENDO QUE ME AMAS,blend8s/seeded_wrong_2s,-1050,-1050,0,0,35750,0,3,False,False,8,8,125.6,14.3,20.6,True
Bad Bunny - MALDITA POBREZA,off0/cold,-1000,0,1000,1000,,1,1,False,False,5,5,70.8,14.4,15.4,False
Bad Bunny - MALDITA POBREZA,off0/seeded_correct,-1000,0,1000,1000,,1,1,False,False,5,5,71.9,14.4,15.1,False
Bad Bunny - MALDITA POBREZA,off0/seeded_wrong_2s,-1000,0,1000,1000,,1,1,False,False,5,5,69.5,14.2,14.6,False
Bad Bunny - MALDITA POBREZA,off+200/cold,-800,200,1000,1000,,1,1,False,False,5,5,69.4,14.1,14.6,False
Bad Bunny - MALDITA POBREZA,off+200/seeded_correct,-800,200,1000,1000,,1,1,False,False,5,5,69.1,14.0,14.5,False
Bad Bunny - MALDITA POBREZA,off+200/seeded_wrong_2s,-800,200,1000,1000,,1,1,False,False,5,5,69.1,14.1,14.4,False
Bad Bunny - MALDITA POBREZA,off-200/cold,-1200,-200,1000,1000,,1,1,False,False,5,5,69.0,14.1,14.6,False
Bad Bunny - MALDITA POBREZA,off-200/seeded_correct,-1200,-200,1000,1000,,1,1,False,False,5,5,68.9,14.0,14.3,False
Bad Bunny - MALDITA POBREZA,off-200/seeded_wrong_2s,-1200,-200,1000,1000,,1,1,False,False,5,5,69.1,13.9,14.6,False
Bad Bunny - MALDITA POBREZA,off+2s/cold,1000,2000,1000,1000,,1,1,False,False,5,5,70.2,14.4,15.0,False
Bad Bunny - MALDITA POBREZA,off+2s/seeded_correct,1000,2000,1000,1000,,1,1,False,False,5,5,72.0,14.5,15.2,False
Bad Bunny - MALDITA POBREZA,off+2s/seeded_wrong_2s,1000,2000,1000,1000,,1,1,False,False,5,5,70.0,14.1,14.6,False
Bad Bunny - MALDITA POBREZA,off-2s/cold,-3000,-2000,1000,1000,,1,1,False,False,5,5,68.7,13.3,14.9,False
Bad Bunny - MALDITA POBREZA,off-2s/seeded_correct,-3000,-2000,1000,1000,,1,1,False,False,5,5,72.4,14.6,15.6,False
Bad Bunny - MALDITA POBREZA,off-2s/seeded_wrong_2s,-3000,-2000,1000,1000,,1,1,False,False,5,5,68.5,13.5,14.8,False
Bad Bunny - MALDITA POBREZA,off+10s/cold,9000,,,-7225,,0,0,False,False,5,5,72.4,14.9,15.8,False
Bad Bunny - MALDITA POBREZA,off+10s/seeded_correct,9000,9000,0,0,25750,0,2,False,False,5,5,72.3,14.8,15.2,True
Bad Bunny - MALDITA POBREZA,off+10s/seeded_wrong_2s,9000,,,2000,,0,0,False,False,5,5,72.0,14.5,15.3,False
Bad Bunny - MALDITA POBREZA,off-10s/cold,-11000,,,11000,,0,0,False,False,4,5,53.6,13.5,13.9,False
Bad Bunny - MALDITA POBREZA,off-10s/seeded_correct,-11000,,,0,,0,0,False,False,4,5,53.2,13.5,13.5,False
Bad Bunny - MALDITA POBREZA,off-10s/seeded_wrong_2s,-11000,,,2000,,0,0,False,False,4,5,53.7,13.6,13.8,False
Bad Bunny - MALDITA POBREZA,off+25s/cold,24000,,,-25275,,0,0,False,False,5,5,77.2,16.1,16.9,False
Bad Bunny - MALDITA POBREZA,off+25s/seeded_correct,24000,24000,0,0,25750,0,2,False,False,5,5,77.1,15.7,16.9,True
Bad Bunny - MALDITA POBREZA,off+25s/seeded_wrong_2s,24000,,,2000,,0,0,False,False,5,5,76.7,15.7,16.9,False
Bad Bunny - MALDITA POBREZA,off-25s/cold,-26000,,,26000,,0,0,False,False,4,5,47.7,12.6,13.1,False
Bad Bunny - MALDITA POBREZA,off-25s/seeded_correct,-26000,,,0,,0,0,False,False,4,5,47.6,12.6,13.0,False
Bad Bunny - MALDITA POBREZA,off-25s/seeded_wrong_2s,-26000,,,2000,,0,0,False,False,4,5,47.5,12.7,12.8,False
Bad Bunny - MALDITA POBREZA,noise0/cold,-1000,0,1000,1000,,1,1,False,False,5,5,66.4,13.4,13.7,False
Bad Bunny - MALDITA POBREZA,noise0/seeded_correct,-1000,0,1000,1000,,1,1,False,False,5,5,66.8,13.5,13.9,False
Bad Bunny - MALDITA POBREZA,noise0/seeded_wrong_2s,-1000,0,1000,1000,,1,1,False,False,5,5,66.7,13.4,13.8,False
Bad Bunny - MALDITA POBREZA,noise-2s/cold,-3000,-2000,1000,1000,,1,1,False,False,5,5,66.2,12.8,14.3,False
Bad Bunny - MALDITA POBREZA,noise-2s/seeded_correct,-3000,-2000,1000,1000,,1,1,False,False,5,5,65.8,12.8,14.1,False
Bad Bunny - MALDITA POBREZA,noise-2s/seeded_wrong_2s,-3000,-2000,1000,1000,,1,1,False,False,5,5,66.4,12.9,14.3,False
Bad Bunny - MALDITA POBREZA,cutin5s/cold,4000,4000,0,0,37750,0,2,False,False,5,5,110.2,22.2,22.4,True
Bad Bunny - MALDITA POBREZA,cutin5s/seeded_correct,4000,4000,0,0,25750,0,2,False,False,5,5,110.4,22.2,22.5,True
Bad Bunny - MALDITA POBREZA,cutin5s/seeded_wrong_2s,4000,4000,0,0,37750,0,2,False,False,5,5,110.6,22.3,22.6,True
Bad Bunny - MALDITA POBREZA,cutin15s/cold,14000,14000,0,0,37750,0,2,False,False,5,5,174.5,35.9,36.3,True
Bad Bunny - MALDITA POBREZA,cutin15s/seeded_correct,14000,14000,0,0,25750,0,2,False,False,5,5,174.3,35.9,36.1,True
Bad Bunny - MALDITA POBREZA,cutin15s/seeded_wrong_2s,14000,14000,0,0,37750,0,2,False,False,5,5,173.9,35.7,36.2,True
Bad Bunny - MALDITA POBREZA,cutin25s/cold,24000,24000,0,0,37750,0,2,False,False,5,5,237.2,50.3,50.4,True
Bad Bunny - MALDITA POBREZA,cutin25s/seeded_correct,24000,24000,0,0,37750,0,2,False,False,5,5,236.9,50.1,50.4,True
Bad Bunny - MALDITA POBREZA,cutin25s/seeded_wrong_2s,24000,24000,0,0,37750,0,2,False,False,5,5,243.7,50.7,53.9,True
Bad Bunny - MALDITA POBREZA,blend8s/cold,-1000,-1000,0,0,25750,0,2,False,False,5,5,70.0,14.1,15.1,True
Bad Bunny - MALDITA POBREZA,blend8s/seeded_correct,-1000,-1000,0,0,25750,0,2,False,False,5,5,71.8,14.9,15.3,True
Bad Bunny - MALDITA POBREZA,blend8s/seeded_wrong_2s,-1000,-1000,0,0,37750,0,2,False,False,5,5,71.1,14.3,15.2,True
Bad Bunny - KETU TeCRÉ,off0/cold,-1025,-1026,-1,1025,,1,3,True,False,19,19,331.4,16.7,24.1,True
Bad Bunny - KETU TeCRÉ,off0/seeded_correct,-1025,-1025,0,1025,,1,2,False,False,19,19,328.6,17.1,23.7,True
Bad Bunny - KETU TeCRÉ,off0/seeded_wrong_2s,-1025,-1025,0,1025,,1,2,False,False,19,19,330.5,16.9,24.1,True
Bad Bunny - KETU TeCRÉ,off+200/cold,-825,-825,0,1025,,1,3,True,False,19,19,323.7,16.4,23.8,True
Bad Bunny - KETU TeCRÉ,off+200/seeded_correct,-825,-825,0,1025,,1,2,False,False,19,19,331.6,16.7,24.5,True
Bad Bunny - KETU TeCRÉ,off+200/seeded_wrong_2s,-825,-825,0,1025,,1,2,False,False,19,19,337.5,17.0,26.4,True
Bad Bunny - KETU TeCRÉ,off-200/cold,-1225,-1227,-2,1025,,1,3,True,True,13,19,198.4,15.3,17.6,True
Bad Bunny - KETU TeCRÉ,off-200/seeded_correct,-1225,-200,1025,1025,,2,2,False,True,13,19,200.2,15.4,17.5,False
Bad Bunny - KETU TeCRÉ,off-200/seeded_wrong_2s,-1225,-200,1025,1025,,2,2,False,True,13,19,198.6,15.2,17.3,False
Bad Bunny - KETU TeCRÉ,off+2s/cold,975,975,0,1025,,1,3,True,True,15,19,242.5,16.3,19.1,True
Bad Bunny - KETU TeCRÉ,off+2s/seeded_correct,975,2000,1025,1025,,2,2,False,True,15,19,244.4,16.5,19.8,False
Bad Bunny - KETU TeCRÉ,off+2s/seeded_wrong_2s,975,2000,1025,1025,,2,2,False,True,15,19,243.4,16.0,20.0,False
Bad Bunny - KETU TeCRÉ,off-2s/cold,-3025,-3031,-6,1025,,1,3,True,False,19,19,332.7,16.5,24.7,True
Bad Bunny - KETU TeCRÉ,off-2s/seeded_correct,-3025,-2000,1025,1025,,1,1,False,False,19,19,337.3,16.7,25.7,False
Bad Bunny - KETU TeCRÉ,off-2s/seeded_wrong_2s,-3025,-2000,1025,1025,,1,1,False,False,19,19,334.4,16.6,24.5,False
Bad Bunny - KETU TeCRÉ,off+10s/cold,8975,900,-8075,-8075,,1,1,False,False,19,19,350.1,17.6,27.1,False
Bad Bunny - KETU TeCRÉ,off+10s/seeded_correct,8975,8975,0,0,22000,0,2,False,True,7,19,102.2,14.4,15.7,True
Bad Bunny - KETU TeCRÉ,off+10s/seeded_wrong_2s,8975,3200,-5775,2000,,1,1,False,False,19,19,347.4,17.8,26.2,False
Bad Bunny - KETU TeCRÉ,off-10s/cold,-11025,500,11525,11525,,1,1,False,False,18,19,307.5,16.5,23.1,False
Bad Bunny - KETU TeCRÉ,off-10s/seeded_correct,-11025,500,11525,0,,1,1,False,False,18,19,311.9,16.6,23.9,False
Bad Bunny - KETU TeCRÉ,off-10s/seeded_wrong_2s,-11025,500,11525,2000,,1,1,False,False,18,19,309.3,16.6,23.4,False
Bad Bunny - KETU TeCRÉ,off+25s/cold,23975,,,-23675,,0,0,False,False,19,19,360.9,18.6,25.1,False
Bad Bunny - KETU TeCRÉ,off+25s/seeded_correct,23975,23975,0,0,22000,0,2,False,True,7,19,107.9,15.4,16.8,True
Bad Bunny - KETU TeCRÉ,off+25s/seeded_wrong_2s,23975,3200,-20775,-20775,,2,2,False,True,9,19,145.5,16.3,18.0,False
Bad Bunny - KETU TeCRÉ,off-25s/cold,-26025,-1800,24225,24225,,2,2,False,False,17,19,281.1,16.1,22.6,False
Bad Bunny - KETU TeCRÉ,off-25s/seeded_correct,-26025,500,26525,0,,1,1,False,False,17,19,281.3,16.0,23.6,False
Bad Bunny - KETU TeCRÉ,off-25s/seeded_wrong_2s,-26025,500,26525,2000,,1,1,False,False,17,19,278.6,16.2,21.4,False
Bad Bunny - KETU TeCRÉ,noise0/cold,-1025,-1026,-1,1025,,1,3,True,False,19,19,316.0,16.1,23.6,True
Bad Bunny - KETU TeCRÉ,noise0/seeded_correct,-1025,-1025,0,1025,,1,2,False,False,19,19,313.2,16.0,22.1,True
Bad Bunny - KETU TeCRÉ,noise0/seeded_wrong_2s,-1025,-1025,0,1025,,1,2,False,False,19,19,316.4,16.1,23.1,True
Bad Bunny - KETU TeCRÉ,noise-2s/cold,-3025,-3031,-6,1025,,1,3,True,False,19,19,315.5,16.1,22.0,True
Bad Bunny - KETU TeCRÉ,noise-2s/seeded_correct,-3025,-2000,1025,1025,,1,1,False,False,19,19,316.2,15.8,23.2,False
Bad Bunny - KETU TeCRÉ,noise-2s/seeded_wrong_2s,-3025,-2000,1025,1025,,1,1,False,False,19,19,315.6,16.0,23.2,False
Bad Bunny - KETU TeCRÉ,cutin5s/cold,3975,3972,-3,-3,35650,0,3,True,True,6,19,133.6,22.1,23.3,True
Bad Bunny - KETU TeCRÉ,cutin5s/seeded_correct,3975,3975,0,0,22000,0,2,False,True,7,19,158.1,22.4,23.8,True
Bad Bunny - KETU TeCRÉ,cutin5s/seeded_wrong_2s,3975,3975,0,0,26750,0,2,False,True,7,19,158.2,22.3,24.1,True
Bad Bunny - KETU TeCRÉ,cutin15s/cold,13975,16275,2300,2300,,2,2,False,True,16,19,598.0,38.0,40.5,False
Bad Bunny - KETU TeCRÉ,cutin15s/seeded_correct,13975,13975,0,0,22000,0,2,False,True,7,19,245.4,35.4,36.8,True
Bad Bunny - KETU TeCRÉ,cutin15s/seeded_wrong_2s,13975,13975,0,0,26750,0,2,False,True,7,19,245.5,35.6,36.8,True
Bad Bunny - KETU TeCRÉ,cutin25s/cold,23975,3200,-20775,-20775,,2,2,False,True,9,19,439.3,50.2,52.6,False
Bad Bunny - KETU TeCRÉ,cutin25s/seeded_correct,23975,23975,0,0,31250,0,2,False,True,8,19,386.3,49.9,51.8,True
Bad Bunny - KETU TeCRÉ,cutin25s/seeded_wrong_2s,23975,23975,0,0,41750,0,2,False,True,8,19,386.0,50.0,52.4,True
Bad Bunny - KETU TeCRÉ,blend8s/cold,-1025,-1028,-3,-3,26750,0,1,True,True,5,19,66.2,13.1,13.8,True
Bad Bunny - KETU TeCRÉ,blend8s/seeded_correct,-1025,-1025,0,0,22000,0,2,False,True,7,19,94.4,13.2,14.7,True
Bad Bunny - KETU TeCRÉ,blend8s/seeded_wrong_2s,-1025,-1025,0,0,26750,0,2,False,True,7,19,96.6,13.6,15.3,True
Bad Bunny - Vete,off0/cold,-1000,-1016,-16,-16,9000,0,2,True,True,3,9,40.3,13.5,13.8,True
Bad Bunny - Vete,off0/seeded_correct,-1000,-1000,0,0,9000,0,2,False,True,5,9,68.6,13.6,14.2,True
Bad Bunny - Vete,off0/seeded_wrong_2s,-1000,-1000,0,0,23500,0,2,False,True,5,9,68.5,13.5,14.4,True
Bad Bunny - Vete,off+200/cold,-800,-801,-1,-1,9000,0,3,True,True,3,9,40.5,13.4,13.9,True
Bad Bunny - Vete,off+200/seeded_correct,-800,-800,0,0,9000,0,2,False,True,5,9,69.6,13.9,14.4,True
Bad Bunny - Vete,off+200/seeded_wrong_2s,-800,-800,0,0,23500,0,2,False,True,5,9,68.9,13.8,14.3,True
Bad Bunny - Vete,off-200/cold,-1200,-1194,6,6,23500,0,3,True,True,3,9,40.3,13.4,13.7,True
Bad Bunny - Vete,off-200/seeded_correct,-1200,-1200,0,0,9000,0,2,False,True,5,9,68.6,13.7,14.4,True
Bad Bunny - Vete,off-200/seeded_wrong_2s,-1200,-1200,0,0,23500,0,2,False,True,5,9,68.7,13.8,14.4,True
Bad Bunny - Vete,off+2s/cold,1000,1000,0,0,9000,0,3,True,True,3,9,40.8,13.5,13.9,True
Bad Bunny - Vete,off+2s/seeded_correct,1000,1000,0,0,9000,0,2,False,True,5,9,70.2,13.9,14.9,True
Bad Bunny - Vete,off+2s/seeded_wrong_2s,1000,1000,0,0,23500,0,2,False,True,5,9,68.5,13.6,14.2,True
Bad Bunny - Vete,off-2s/cold,-3000,-2994,6,6,32300,0,2,True,True,3,9,40.0,13.4,14.0,True
Bad Bunny - Vete,off-2s/seeded_correct,-3000,-3000,0,0,23500,0,2,False,True,6,9,84.4,14.3,14.9,True
Bad Bunny - Vete,off-2s/seeded_wrong_2s,-3000,-3000,0,0,33250,0,2,False,True,6,9,83.5,14.1,14.8,True
Bad Bunny - Vete,off+10s/cold,9000,-125,-9125,-9125,,2,2,False,False,9,9,148.8,15.7,21.0,False
Bad Bunny - Vete,off+10s/seeded_correct,9000,9000,0,0,9000,0,2,False,True,5,9,72.5,14.5,15.5,True
Bad Bunny - Vete,off+10s/seeded_wrong_2s,9000,,,2000,,0,0,False,False,9,9,147.9,15.8,20.3,False
Bad Bunny - Vete,off-10s/cold,-11000,,,11000,,0,0,False,False,8,9,120.9,14.0,19.3,False
Bad Bunny - Vete,off-10s/seeded_correct,-11000,,,0,,0,0,False,False,8,9,119.2,13.9,18.5,False
Bad Bunny - Vete,off-10s/seeded_wrong_2s,-11000,,,2000,,0,0,False,False,8,9,119.7,14.1,18.6,False
Bad Bunny - Vete,off+25s/cold,24000,,,-24775,,0,0,False,False,9,9,160.4,16.9,22.6,False
Bad Bunny - Vete,off+25s/seeded_correct,24000,24000,0,0,9000,0,2,False,True,5,9,79.7,15.6,17.3,True
Bad Bunny - Vete,off+25s/seeded_wrong_2s,24000,,,2000,,0,0,False,False,9,9,156.3,16.3,21.3,False
Bad Bunny - Vete,off-25s/cold,-26000,,,26000,,0,0,False,False,7,9,99.4,13.3,16.9,False
Bad Bunny - Vete,off-25s/seeded_correct,-26000,,,0,,0,0,False,False,7,9,99.6,13.7,16.5,False
Bad Bunny - Vete,off-25s/seeded_wrong_2s,-26000,,,2000,,0,0,False,False,7,9,100.5,13.3,17.8,False
Bad Bunny - Vete,noise0/cold,-1000,-1016,-16,-16,9000,0,2,True,True,3,9,39.5,13.3,13.3,True
Bad Bunny - Vete,noise0/seeded_correct,-1000,-1000,0,0,9000,0,2,False,True,5,9,66.7,13.4,13.7,True
Bad Bunny - Vete,noise0/seeded_wrong_2s,-1000,-1000,0,0,23500,0,2,False,True,5,9,66.1,13.3,13.5,True
Bad Bunny - Vete,noise-2s/cold,-3000,-2994,6,6,32300,0,2,True,True,3,9,39.0,13.0,13.5,True
Bad Bunny - Vete,noise-2s/seeded_correct,-3000,-3000,0,0,23500,0,2,False,True,6,9,81.0,13.7,14.0,True
Bad Bunny - Vete,noise-2s/seeded_wrong_2s,-3000,-3000,0,0,33250,0,2,False,True,6,9,79.9,13.4,13.9,True
Bad Bunny - Vete,cutin5s/cold,4000,3997,-3,-3,32300,0,3,True,True,3,9,66.2,22.0,22.6,True
Bad Bunny - Vete,cutin5s/seeded_correct,4000,4000,0,0,23500,0,3,False,True,6,9,135.2,22.7,23.1,True
Bad Bunny - Vete,cutin5s/seeded_wrong_2s,4000,4000,0,0,33250,0,3,False,True,6,9,134.3,22.6,22.9,True
Bad Bunny - Vete,cutin15s/cold,14000,14000,0,0,40500,0,3,False,True,6,9,210.0,35.8,36.5,True
Bad Bunny - Vete,cutin15s/seeded_correct,14000,14000,0,0,23500,0,3,False,True,6,9,210.1,35.8,36.4,True
Bad Bunny - Vete,cutin15s/seeded_wrong_2s,14000,14000,0,0,33250,0,3,False,True,6,9,208.7,35.5,36.1,True
Bad Bunny - Vete,cutin25s/cold,24000,24000,0,0,40500,0,3,False,True,6,9,285.0,49.8,50.9,True
Bad Bunny - Vete,cutin25s/seeded_correct,24000,24000,0,0,33250,0,3,False,True,6,9,285.2,50.1,50.7,True
Bad Bunny - Vete,cutin25s/seeded_wrong_2s,24000,24000,0,0,40500,0,3,False,True,6,9,287.0,50.2,50.6,True
Bad Bunny - Vete,blend8s/cold,-1000,-1016,-16,-16,23500,0,2,True,True,3,9,39.4,13.0,13.5,True
Bad Bunny - Vete,blend8s/seeded_correct,-1000,-1000,0,0,23500,0,3,False,True,6,9,83.5,14.1,14.7,True
Bad Bunny - Vete,blend8s/seeded_wrong_2s,-1000,-1000,0,0,33250,0,3,False,True,6,9,82.7,14.0,14.6,True
"Bad Bunny, Mora - HIBIKI",off0/cold,-1025,0,1025,1025,,1,1,False,True,8,9,133.5,14.5,23.2,False
"Bad Bunny, Mora - HIBIKI",off0/seeded_correct,-1025,-1025,0,0,25500,0,2,False,True,5,9,69.1,14.1,14.4,True
"Bad Bunny, Mora - HIBIKI",off0/seeded_wrong_2s,-1025,0,1025,1025,,1,1,False,True,8,9,129.2,13.9,21.4,False
"Bad Bunny, Mora - HIBIKI",off+200/cold,-825,200,1025,1025,,1,1,False,True,8,9,131.6,14.4,22.0,False
"Bad Bunny, Mora - HIBIKI",off+200/seeded_correct,-825,-825,0,0,25500,0,2,False,True,5,9,68.8,14.0,14.5,True
"Bad Bunny, Mora - HIBIKI",off+200/seeded_wrong_2s,-825,200,1025,1025,,1,1,False,True,8,9,131.7,14.5,22.1,False
"Bad Bunny, Mora - HIBIKI",off-200/cold,-1225,-200,1025,1025,,1,1,False,True,8,9,132.3,15.1,21.4,False
"Bad Bunny, Mora - HIBIKI",off-200/seeded_correct,-1225,-1225,0,0,25500,0,2,False,True,5,9,69.7,13.9,15.0,True
"Bad Bunny, Mora - HIBIKI",off-200/seeded_wrong_2s,-1225,-200,1025,1025,,1,1,False,True,8,9,136.2,14.5,22.9,False
"Bad Bunny, Mora - HIBIKI",off+2s/cold,975,975,0,0,25500,0,2,False,True,5,9,69.2,13.9,14.7,True
"Bad Bunny, Mora - HIBIKI",off+2s/seeded_correct,975,975,0,0,25500,0,2,False,True,5,9,69.7,14.4,14.5,True
"Bad Bunny, Mora - HIBIKI",off+2s/seeded_wrong_2s,975,2000,1025,1025,,1,1,False,True,8,9,134.5,15.0,21.8,False
"Bad Bunny, Mora - HIBIKI",off-2s/cold,-3025,,,3025,,0,0,False,False,9,9,153.7,14.8,22.8,False
"Bad Bunny, Mora - HIBIKI",off-2s/seeded_correct,-3025,-3025,0,0,44750,0,1,False,False,9,9,152.1,14.8,22.0,True
"Bad Bunny, Mora - HIBIKI",off-2s/seeded_wrong_2s,-3025,-2000,1025,1025,,1,1,False,False,9,9,158.1,14.9,24.7,False
"Bad Bunny, Mora - HIBIKI",off+10s/cold,8975,,,-8500,,0,0,False,False,9,9,160.3,15.5,23.3,False
"Bad Bunny, Mora - HIBIKI",off+10s/seeded_correct,8975,8975,0,0,25500,0,2,False,True,5,9,72.6,14.8,15.3,True
"Bad Bunny, Mora - HIBIKI",off+10s/seeded_wrong_2s,8975,,,2000,,0,0,False,False,9,9,166.7,16.8,24.4,False
"Bad Bunny, Mora - HIBIKI",off-10s/cold,-11025,,,11025,,0,0,False,False,8,9,136.8,15.8,22.9,False
"Bad Bunny, Mora - HIBIKI",off-10s/seeded_correct,-11025,,,0,,0,0,False,False,8,9,135.4,16.4,22.4,False
"Bad Bunny, Mora - HIBIKI",off-10s/seeded_wrong_2s,-11025,,,2000,,0,0,False,False,8,9,133.2,15.9,21.5,False
"Bad Bunny, Mora - HIBIKI",off+25s/cold,23975,,,-24500,,0,0,False,False,9,9,176.3,16.8,26.4,False
"Bad Bunny, Mora - HIBIKI",off+25s/seeded_correct,23975,23975,0,0,25500,0,2,False,True,5,9,79.8,16.4,17.3,True
"Bad Bunny, Mora - HIBIKI",off+25s/seeded_wrong_2s,23975,,,2000,,0,0,False,False,9,9,172.8,17.7,25.3,False
"Bad Bunny, Mora - HIBIKI",off-25s/cold,-26025,,,26025,,0,0,False,False,8,9,127.1,15.4,21.4,False
"Bad Bunny, Mora - HIBIKI",off-25s/seeded_correct,-26025,,,0,,0,0,False,False,8,9,129.0,15.0,22.1,False
"Bad Bunny, Mora - HIBIKI",off-25s/seeded_wrong_2s,-26025,,,2000,,0,0,False,False,8,9,125.8,14.9,21.2,False
"Bad Bunny, Mora - HIBIKI",noise0/cold,-1025,0,1025,1025,,1,1,False,False,9,9,147.1,13.7,21.2,False
"Bad Bunny, Mora - HIBIKI",noise0/seeded_correct,-1025,-1025,0,0,25500,0,2,False,True,5,9,67.8,13.6,13.9,True
"Bad Bunny, Mora - HIBIKI",noise0/seeded_wrong_2s,-1025,0,1025,1025,,1,1,False,False,9,9,143.8,13.7,21.0,False
"Bad Bunny, Mora - HIBIKI",noise-2s/cold,-3025,,,3025,,0,0,False,False,9,9,142.3,13.8,20.4,False
"Bad Bunny, Mora - HIBIKI",noise-2s/seeded_correct,-3025,-3025,0,0,111750,0,1,False,False,9,9,140.8,13.6,19.8,True
"Bad Bunny, Mora - HIBIKI",noise-2s/seeded_wrong_2s,-3025,-2000,1025,1025,,1,1,False,False,9,9,142.2,13.8,20.2,False
"Bad Bunny, Mora - HIBIKI",cutin5s/cold,3975,3975,0,0,25500,0,2,False,True,5,9,111.3,22.2,22.8,True
"Bad Bunny, Mora - HIBIKI",cutin5s/seeded_correct,3975,3975,0,0,25500,0,2,False,True,5,9,111.2,22.3,22.6,True
"Bad Bunny, Mora - HIBIKI",cutin5s/seeded_wrong_2s,3975,3975,0,0,25500,0,2,False,True,5,9,111.2,22.2,22.7,True
"Bad Bunny, Mora - HIBIKI",cutin15s/cold,13975,13975,0,0,25500,0,2,False,True,5,9,174.2,35.5,36.0,True
"Bad Bunny, Mora - HIBIKI",cutin15s/seeded_correct,13975,13975,0,0,25500,0,2,False,True,5,9,174.4,35.8,36.1,True
"Bad Bunny, Mora - HIBIKI",cutin15s/seeded_wrong_2s,13975,13975,0,0,25500,0,2,False,True,5,9,172.7,35.3,35.8,True
"Bad Bunny, Mora - HIBIKI",cutin25s/cold,23975,23975,0,0,40750,0,2,False,True,7,9,345.9,50.4,55.0,True
"Bad Bunny, Mora - HIBIKI",cutin25s/seeded_correct,23975,23975,0,0,36750,0,2,False,True,7,9,345.1,50.3,54.7,True
"Bad Bunny, Mora - HIBIKI",cutin25s/seeded_wrong_2s,23975,23975,0,0,40750,0,2,False,True,7,9,346.1,50.5,54.5,True
"Bad Bunny, Mora - HIBIKI",blend8s/cold,-1025,-1025,0,0,25500,0,2,False,True,5,9,68.0,13.6,14.3,True
"Bad Bunny, Mora - HIBIKI",blend8s/seeded_correct,-1025,-1025,0,0,25500,0,2,False,True,5,9,67.9,13.8,14.2,True
"Bad Bunny, Mora - HIBIKI",blend8s/seeded_wrong_2s,-1025,-1025,0,0,25500,0,2,False,True,5,9,67.6,13.8,14.0,True
Bad Bunny - DtMF,off0/cold,-975,-978,-3,-3,36275,0,3,True,True,6,12,85.8,13.8,16.8,True
Bad Bunny - DtMF,off0/seeded_correct,-975,-975,0,975,,0,1,False,False,12,12,210.6,18.6,22.2,True
Bad Bunny - DtMF,off0/seeded_wrong_2s,-975,-975,0,0,31250,0,2,False,False,12,12,222.5,20.2,24.0,True
Bad Bunny - DtMF,off+200/cold,-775,-776,-1,-1,36275,0,3,True,True,6,12,85.9,13.8,17.1,True
Bad Bunny - DtMF,off+200/seeded_correct,-775,-775,0,975,,0,1,False,False,12,12,210.4,18.6,22.3,True
Bad Bunny - DtMF,off+200/seeded_wrong_2s,-775,-775,0,0,31250,0,2,False,False,12,12,212.0,18.7,22.4,True
Bad Bunny - DtMF,off-200/cold,-1175,-1156,19,19,36275,0,3,True,True,6,12,86.2,13.8,17.2,True
Bad Bunny - DtMF,off-200/seeded_correct,-1175,-1175,0,975,,0,1,False,False,12,12,210.1,18.2,22.4,True
Bad Bunny - DtMF,off-200/seeded_wrong_2s,-1175,-1175,0,0,31250,0,2,False,False,12,12,212.5,19.1,22.8,True
Bad Bunny - DtMF,off+2s/cold,1025,1025,0,0,31250,0,3,True,True,6,12,86.3,14.0,16.7,True
Bad Bunny - DtMF,off+2s/seeded_correct,1025,1025,0,975,,0,1,False,False,12,12,212.0,18.5,22.9,True
Bad Bunny - DtMF,off+2s/seeded_wrong_2s,1025,1025,0,0,31250,0,2,False,False,12,12,212.9,18.5,23.0,True
Bad Bunny - DtMF,off-2s/cold,-2975,-2956,19,19,36275,0,3,True,True,6,12,87.2,14.1,17.5,True
Bad Bunny - DtMF,off-2s/seeded_correct,-2975,,,975,,0,0,False,False,12,12,209.5,18.1,22.8,False
Bad Bunny - DtMF,off-2s/seeded_wrong_2s,-2975,-2975,0,0,90250,0,1,False,False,12,12,213.0,18.7,22.8,True
Bad Bunny - DtMF,off+10s/cold,9025,,,-9025,,0,0,False,False,12,12,221.7,19.2,24.1,False
Bad Bunny - DtMF,off+10s/seeded_correct,9025,9025,0,0,26000,0,2,False,False,12,12,220.2,19.1,24.2,True
Bad Bunny - DtMF,off+10s/seeded_wrong_2s,9025,,,2000,,0,0,False,False,12,12,220.8,19.4,23.6,False
Bad Bunny - DtMF,off-10s/cold,-10975,,,10975,,0,0,False,False,11,12,188.6,18.6,21.3,False
Bad Bunny - DtMF,off-10s/seeded_correct,-10975,,,0,,0,0,False,False,11,12,189.5,18.4,21.7,False
Bad Bunny - DtMF,off-10s/seeded_wrong_2s,-10975,,,2000,,0,0,False,False,11,12,182.6,18.0,20.1,False
Bad Bunny - DtMF,off+25s/cold,24025,,,-24025,,0,0,False,False,12,12,236.6,20.3,25.4,False
Bad Bunny - DtMF,off+25s/seeded_correct,24025,24025,0,0,26000,0,2,False,False,12,12,233.4,19.7,25.5,True
Bad Bunny - DtMF,off+25s/seeded_wrong_2s,24025,,,2000,,0,0,False,False,12,12,229.8,19.3,24.6,False
Bad Bunny - DtMF,off-25s/cold,-25975,,,25975,,0,0,False,False,11,12,183.6,17.3,22.1,False
Bad Bunny - DtMF,off-25s/seeded_correct,-25975,,,0,,0,0,False,False,11,12,180.8,17.5,21.0,False
Bad Bunny - DtMF,off-25s/seeded_wrong_2s,-25975,,,2000,,0,0,False,False,11,12,178.5,17.3,21.0,False
Bad Bunny - DtMF,noise0/cold,-975,-978,-3,-3,36275,0,3,True,True,6,12,82.2,13.2,15.8,True
Bad Bunny - DtMF,noise0/seeded_correct,-975,-975,0,975,,0,1,False,False,12,12,192.3,16.3,20.0,True
Bad Bunny - DtMF,noise0/seeded_wrong_2s,-975,-975,0,0,31250,0,2,False,False,12,12,195.3,16.8,20.2,True
Bad Bunny - DtMF,noise-2s/cold,-2975,-2956,19,19,36275,0,3,True,True,6,12,81.3,13.4,15.2,True
Bad Bunny - DtMF,noise-2s/seeded_correct,-2975,,,975,,0,0,False,False,12,12,190.7,16.2,19.8,False
Bad Bunny - DtMF,noise-2s/seeded_wrong_2s,-2975,-2975,0,0,90250,0,1,False,False,12,12,194.2,16.1,21.1,True
Bad Bunny - DtMF,cutin5s/cold,4025,4022,-3,-3,36275,0,1,True,True,5,12,110.9,22.1,23.1,True
Bad Bunny - DtMF,cutin5s/seeded_correct,4025,4025,0,0,26000,0,2,False,False,12,12,299.9,24.9,29.3,True
Bad Bunny - DtMF,cutin5s/seeded_wrong_2s,4025,4025,0,0,31250,0,2,False,False,12,12,300.1,25.4,28.7,True
Bad Bunny - DtMF,cutin15s/cold,14025,14025,0,-14025,,0,2,False,False,12,12,455.8,38.6,42.4,True
Bad Bunny - DtMF,cutin15s/seeded_correct,14025,14025,0,0,26000,0,2,False,False,12,12,455.1,38.3,42.4,True
Bad Bunny - DtMF,cutin15s/seeded_wrong_2s,14025,14025,0,0,31250,0,2,False,False,12,12,453.7,38.8,41.4,True
Bad Bunny - DtMF,cutin25s/cold,24025,24025,0,0,90250,0,2,False,True,8,12,395.9,49.9,54.0,True
Bad Bunny - DtMF,cutin25s/seeded_correct,24025,24025,0,0,26000,0,2,False,True,7,12,343.0,50.3,53.7,True
Bad Bunny - DtMF,cutin25s/seeded_wrong_2s,24025,24025,0,0,35750,0,2,False,True,8,12,400.9,50.4,55.5,True
Bad Bunny - DtMF,blend8s/cold,-975,-978,-3,-3,36275,0,2,True,True,5,12,69.1,13.7,14.3,True
Bad Bunny - DtMF,blend8s/seeded_correct,-975,-975,0,0,118500,0,2,False,False,12,12,198.9,16.9,20.7,True
Bad Bunny - DtMF,blend8s/seeded_wrong_2s,-975,-975,0,0,31250,0,2,False,False,12,12,199.6,17.2,21.0,True
Bad Bunny - EL CLúB,off0/cold,2375,2375,0,0,101000,0,2,False,True,7,9,107.6,14.3,19.8,True
Bad Bunny - EL CLúB,off0/seeded_correct,2375,2375,0,0,9000,0,3,False,True,6,9,86.6,13.7,17.9,True
Bad Bunny - EL CLúB,off0/seeded_wrong_2s,2375,2375,0,0,26000,0,2,False,True,6,9,88.2,13.8,18.6,True
Bad Bunny - EL CLúB,off+200/cold,2575,2575,0,0,101000,0,3,True,True,7,9,107.0,14.3,19.1,True
Bad Bunny - EL CLúB,off+200/seeded_correct,2575,2575,0,0,9000,0,3,False,True,6,9,87.3,13.7,18.2,True
Bad Bunny - EL CLúB,off+200/seeded_wrong_2s,2575,2575,0,0,26000,0,2,False,True,6,9,87.6,13.8,18.0,True
Bad Bunny - EL CLúB,off-200/cold,2175,2169,-6,-6,41700,0,3,True,True,6,9,87.1,13.8,17.7,True
Bad Bunny - EL CLúB,off-200/seeded_correct,2175,2175,0,0,9000,0,3,False,True,6,9,87.9,13.9,18.2,True
Bad Bunny - EL CLúB,off-200/seeded_wrong_2s,2175,2175,0,0,26000,0,2,False,True,6,9,89.8,14.1,19.1,True
Bad Bunny - EL CLúB,off+2s/cold,4375,4387,12,-4075,,0,2,True,False,9,9,147.4,14.6,19.9,True
Bad Bunny - EL CLúB,off+2s/seeded_correct,4375,4375,0,0,9000,0,2,False,True,6,9,88.6,14.0,18.8,True
Bad Bunny - EL CLúB,off+2s/seeded_wrong_2s,4375,,,2000,,0,0,False,False,9,9,152.3,14.4,22.4,False
Bad Bunny - EL CLúB,off-2s/cold,375,369,-6,-6,41700,0,3,True,True,6,9,86.6,13.6,17.9,True
Bad Bunny - EL CLúB,off-2s/seeded_correct,375,375,0,0,9000,0,3,False,True,6,9,87.2,13.9,17.9,True
Bad Bunny - EL CLúB,off-2s/seeded_wrong_2s,375,375,0,0,26000,0,2,False,True,6,9,87.2,13.8,17.8,True
Bad Bunny - EL CLúB,off+10s/cold,12375,,,-12375,,0,0,False,False,9,9,158.1,15.1,22.9,False
Bad Bunny - EL CLúB,off+10s/seeded_correct,12375,12375,0,0,9000,0,2,False,True,6,9,92.2,14.8,18.6,True
Bad Bunny - EL CLúB,off+10s/seeded_wrong_2s,12375,,,2000,,0,0,False,False,9,9,149.0,14.5,20.4,False
Bad Bunny - EL CLúB,off-10s/cold,-7625,0,7625,7625,,2,2,False,False,8,9,131.0,16.0,20.2,False
Bad Bunny - EL CLúB,off-10s/seeded_correct,-7625,,,0,,0,0,False,False,8,9,136.5,16.9,21.4,False
Bad Bunny - EL CLúB,off-10s/seeded_wrong_2s,-7625,,,2000,,0,0,False,False,8,9,133.3,15.9,21.2,False
Bad Bunny - EL CLúB,off+25s/cold,27375,,,-27375,,0,0,False,False,9,9,165.1,16.5,22.5,False
Bad Bunny - EL CLúB,off+25s/seeded_correct,27375,27375,0,0,9000,0,2,False,True,6,9,100.3,16.3,19.4,True
Bad Bunny - EL CLúB,off+25s/seeded_wrong_2s,27375,,,2000,,0,0,False,False,9,9,161.4,16.9,22.3,False
Bad Bunny - EL CLúB,off-25s/cold,-22625,,,22625,,0,0,False,False,8,9,117.3,14.7,18.2,False
Bad Bunny - EL CLúB,off-25s/seeded_correct,-22625,,,0,,0,0,False,False,8,9,119.5,14.9,18.9,False
Bad Bunny - EL CLúB,off-25s/seeded_wrong_2s,-22625,,,2000,,0,0,False,False,8,9,120.9,14.6,19.2,False
Bad Bunny - EL CLúB,noise0/cold,2375,2375,0,0,101000,0,2,False,True,7,9,100.1,13.4,17.4,True
Bad Bunny - EL CLúB,noise0/seeded_correct,2375,2375,0,0,9000,0,3,False,True,6,9,82.6,13.4,15.6,True
Bad Bunny - EL CLúB,noise0/seeded_wrong_2s,2375,2375,0,0,26000,0,2,False,True,6,9,81.9,13.3,15.5,True
Bad Bunny - EL CLúB,noise-2s/cold,375,369,-6,-6,41700,0,3,True,True,6,9,81.6,13.2,15.6,True
Bad Bunny - EL CLúB,noise-2s/seeded_correct,375,375,0,0,9000,0,3,False,True,6,9,81.9,13.2,15.7,True
Bad Bunny - EL CLúB,noise-2s/seeded_wrong_2s,375,375,0,0,26000,0,2,False,True,6,9,82.5,13.3,16.0,True
Bad Bunny - EL CLúB,cutin5s/cold,7375,7375,0,0,117500,0,3,False,True,9,9,216.7,23.1,26.4,True
Bad Bunny - EL CLúB,cutin5s/seeded_correct,7375,7375,0,0,26000,0,2,False,True,7,9,162.1,22.7,25.5,True
Bad Bunny - EL CLúB,cutin5s/seeded_wrong_2s,7375,7375,0,0,30000,0,2,False,True,7,9,163.3,22.6,25.9,True
Bad Bunny - EL CLúB,cutin15s/cold,17375,17375,0,0,117500,0,2,False,False,9,9,331.9,36.2,39.6,True
Bad Bunny - EL CLúB,cutin15s/seeded_correct,17375,17375,0,0,26000,0,2,False,True,7,9,252.6,36.1,39.1,True
Bad Bunny - EL CLúB,cutin15s/seeded_wrong_2s,17375,17375,0,0,30000,0,2,False,True,7,9,252.3,36.0,38.9,True
Bad Bunny - EL CLúB,cutin25s/cold,27375,27375,0,-27375,,0,2,False,False,9,9,455.9,51.2,54.6,True
Bad Bunny - EL CLúB,cutin25s/seeded_correct,27375,27375,0,0,37000,0,2,False,True,8,9,400.5,50.9,54.3,True
Bad Bunny - EL CLúB,cutin25s/seeded_wrong_2s,27375,27375,0,0,41000,0,2,False,True,8,9,401.9,50.9,54.5,True
Bad Bunny - EL CLúB,blend8s/cold,2375,2375,0,0,101000,0,2,False,True,8,9,118.7,14.1,17.1,True
Bad Bunny - EL CLúB,blend8s/seeded_correct,2375,2375,0,0,26000,0,2,False,True,7,9,102.1,14.2,17.1,True
Bad Bunny - EL CLúB,blend8s/seeded_wrong_2s,2375,2375,0,0,30000,0,2,False,True,7,9,103.9,14.2,18.0,True
Bad Bunny - HOY COBRÉ,off0/cold,-450,-428,22,450,,1,3,True,False,6,6,86.2,14.3,15.7,True
Bad Bunny - HOY COBRÉ,off0/seeded_correct,-450,0,450,450,,2,2,False,False,6,6,86.8,14.6,15.7,False
Bad Bunny - HOY COBRÉ,off0/seeded_wrong_2s,-450,0,450,450,,2,2,False,False,6,6,86.7,14.4,15.8,False
Bad Bunny - HOY COBRÉ,off+200/cold,-250,-226,24,450,,1,3,True,False,6,6,85.5,14.4,15.3,True
Bad Bunny - HOY COBRÉ,off+200/seeded_correct,-250,200,450,450,,2,2,False,False,6,6,87.6,14.8,15.8,False
Bad Bunny - HOY COBRÉ,off+200/seeded_wrong_2s,-250,200,450,450,,2,2,False,False,6,6,87.7,14.7,15.9,False
Bad Bunny - HOY COBRÉ,off-200/cold,-650,-631,19,450,,1,3,True,False,6,6,85.9,14.5,15.6,True
Bad Bunny - HOY COBRÉ,off-200/seeded_correct,-650,-200,450,450,,2,2,False,False,6,6,86.7,14.5,15.9,False
Bad Bunny - HOY COBRÉ,off-200/seeded_wrong_2s,-650,-200,450,450,,2,2,False,False,6,6,85.3,14.2,15.6,False
Bad Bunny - HOY COBRÉ,off+2s/cold,1550,1575,25,450,,1,3,True,False,6,6,89.5,15.2,16.0,True
Bad Bunny - HOY COBRÉ,off+2s/seeded_correct,1550,2000,450,450,,2,2,False,False,6,6,87.4,14.7,15.7,False
Bad Bunny - HOY COBRÉ,off+2s/seeded_wrong_2s,1550,2000,450,450,,2,2,False,False,6,6,86.8,14.4,16.0,False
Bad Bunny - HOY COBRÉ,off-2s/cold,-2450,-2431,19,450,,1,3,True,False,6,6,87.3,14.7,15.7,True
Bad Bunny - HOY COBRÉ,off-2s/seeded_correct,-2450,-2000,450,450,,2,2,False,False,6,6,86.6,14.5,15.5,False
Bad Bunny - HOY COBRÉ,off-2s/seeded_wrong_2s,-2450,-2000,450,450,,2,2,False,False,6,6,87.1,14.6,15.6,False
Bad Bunny - HOY COBRÉ,off+10s/cold,9550,2950,-6600,-9550,,1,1,False,False,6,6,89.4,14.8,16.5,False
Bad Bunny - HOY COBRÉ,off+10s/seeded_correct,9550,,,0,39750,0,0,False,False,6,6,89.6,14.7,16.8,False
Bad Bunny - HOY COBRÉ,off+10s/seeded_wrong_2s,9550,2950,-6600,2000,,1,1,False,False,6,6,89.8,14.9,16.2,False
Bad Bunny - HOY COBRÉ,off-10s/cold,-10450,,,10450,,0,0,False,False,5,6,69.2,13.4,15.2,False
Bad Bunny - HOY COBRÉ,off-10s/seeded_correct,-10450,,,0,,0,0,False,False,5,6,69.9,13.8,15.2,False
Bad Bunny - HOY COBRÉ,off-10s/seeded_wrong_2s,-10450,,,2000,,0,0,False,False,5,6,69.5,13.8,14.9,False
Bad Bunny - HOY COBRÉ,off+25s/cold,24550,-1900,-26450,-26450,,2,2,False,False,6,6,95.4,16.0,17.0,False
Bad Bunny - HOY COBRÉ,off+25s/seeded_correct,24550,,,0,39750,0,0,False,False,6,6,92.0,15.2,16.3,False
Bad Bunny - HOY COBRÉ,off+25s/seeded_wrong_2s,24550,-1900,-26450,2000,,1,1,False,False,6,6,94.4,15.7,17.0,False
Bad Bunny - HOY COBRÉ,off-25s/cold,-25450,,,25450,,0,0,False,False,5,6,62.7,12.7,14.9,False
Bad Bunny - HOY COBRÉ,off-25s/seeded_correct,-25450,,,0,,0,0,False,False,5,6,62.8,12.6,14.8,False
Bad Bunny - HOY COBRÉ,off-25s/seeded_wrong_2s,-25450,,,2000,,0,0,False,False,5,6,63.3,12.7,15.3,False
Bad Bunny - HOY COBRÉ,noise0/cold,-450,-428,22,450,,1,3,True,False,6,6,82.4,13.7,14.8,True
Bad Bunny - HOY COBRÉ,noise0/seeded_correct,-450,0,450,450,,2,2,False,False,6,6,82.3,13.6,14.8,False
Bad Bunny - HOY COBRÉ,noise0/seeded_wrong_2s,-450,0,450,450,,2,2,False,False,6,6,82.3,13.6,14.8,False
Bad Bunny - HOY COBRÉ,noise-2s/cold,-2450,-2431,19,450,,1,3,True,False,6,6,83.6,13.9,15.0,True
Bad Bunny - HOY COBRÉ,noise-2s/seeded_correct,-2450,-2000,450,450,,2,2,False,False,6,6,84.5,14.1,14.9,False
Bad Bunny - HOY COBRÉ,noise-2s/seeded_wrong_2s,-2450,-2000,450,450,,2,2,False,False,6,6,84.4,14.0,15.2,False
Bad Bunny - HOY COBRÉ,cutin5s/cold,4550,4572,22,450,,1,3,True,False,6,6,135.5,22.5,23.4,True
Bad Bunny - HOY COBRÉ,cutin5s/seeded_correct,4550,5000,450,450,,1,1,False,False,6,6,135.7,22.7,23.4,False
Bad Bunny - HOY COBRÉ,cutin5s/seeded_wrong_2s,4550,5000,450,450,,1,1,False,False,6,6,136.0,22.7,23.4,False
Bad Bunny - HOY COBRÉ,cutin15s/cold,14550,15000,450,450,,1,1,False,False,6,6,212.5,36.2,37.0,False
Bad Bunny - HOY COBRÉ,cutin15s/seeded_correct,14550,15000,450,450,,1,1,False,False,6,6,212.7,36.1,37.0,False
Bad Bunny - HOY COBRÉ,cutin15s/seeded_wrong_2s,14550,15000,450,450,,1,1,False,False,6,6,212.8,36.2,37.3,False
Bad Bunny - HOY COBRÉ,cutin25s/cold,24550,-1900,-26450,-26450,,1,1,False,False,6,6,292.6,50.9,52.0,False
Bad Bunny - HOY COBRÉ,cutin25s/seeded_correct,24550,24575,25,25,32250,0,1,False,False,6,6,289.6,50.2,51.5,True
Bad Bunny - HOY COBRÉ,cutin25s/seeded_wrong_2s,24550,-1900,-26450,25,64500,1,2,False,False,6,6,291.2,50.6,51.7,False
Bad Bunny - HOY COBRÉ,blend8s/cold,-450,-428,22,450,,1,3,True,False,6,6,84.7,14.0,15.5,True
Bad Bunny - HOY COBRÉ,blend8s/seeded_correct,-450,0,450,450,,1,1,False,False,6,6,85.1,14.0,15.2,False
Bad Bunny - HOY COBRÉ,blend8s/seeded_wrong_2s,-450,0,450,450,,1,1,False,False,6,6,85.1,14.1,15.5,False
Bad Bunny - Si Estuviésemos Juntos,off0/cold,1844,1800,-44,-44,16000,0,3,False,True,5,14,66.3,13.0,14.1,True
Bad Bunny - Si Estuviésemos Juntos,off0/seeded_correct,1844,1800,-44,-44,9000,0,3,False,True,4,14,52.3,13.0,13.5,True
Bad Bunny - Si Estuviésemos Juntos,off0/seeded_wrong_2s,1844,1800,-44,-44,27500,0,3,False,True,5,14,66.1,13.1,13.9,True
Bad Bunny - Si Estuviésemos Juntos,off+200/cold,2044,2000,-44,-44,16000,0,3,False,True,5,14,66.1,13.1,14.1,True
Bad Bunny - Si Estuviésemos Juntos,off+200/seeded_correct,2044,2000,-44,-44,9000,0,3,False,True,4,14,52.3,13.0,13.5,True
Bad Bunny - Si Estuviésemos Juntos,off+200/seeded_wrong_2s,2044,2000,-44,-44,27500,0,3,False,True,5,14,66.4,13.1,13.9,True
Bad Bunny - Si Estuviésemos Juntos,off-200/cold,1644,1600,-44,-44,16000,0,3,False,True,5,14,66.4,13.1,14.0,True
Bad Bunny - Si Estuviésemos Juntos,off-200/seeded_correct,1644,1600,-44,-44,9000,0,3,False,True,4,14,51.7,12.8,13.4,True
Bad Bunny - Si Estuviésemos Juntos,off-200/seeded_wrong_2s,1644,1600,-44,-44,27500,0,3,False,True,5,14,66.4,13.1,14.0,True
Bad Bunny - Si Estuviésemos Juntos,off+2s/cold,3844,,,-2794,,0,0,False,False,14,14,222.7,16.0,19.5,False
Bad Bunny - Si Estuviésemos Juntos,off+2s/seeded_correct,3844,3844,0,0,9000,0,4,False,True,7,14,97.6,13.6,15.8,True
Bad Bunny - Si Estuviésemos Juntos,off+2s/seeded_wrong_2s,3844,,,2000,,0,0,False,False,14,14,228.0,17.3,19.3,False
Bad Bunny - Si Estuviésemos Juntos,off-2s/cold,-156,-200,-44,-44,9000,0,3,False,True,4,14,51.3,12.8,13.2,True
Bad Bunny - Si Estuviésemos Juntos,off-2s/seeded_correct,-156,-200,-44,-44,9000,0,3,False,True,4,14,51.3,12.7,13.2,True
Bad Bunny - Si Estuviésemos Juntos,off-2s/seeded_wrong_2s,-156,-200,-44,-44,27500,0,3,False,True,5,14,65.6,12.9,13.9,True
Bad Bunny - Si Estuviésemos Juntos,off+10s/cold,11844,655,-11189,-11189,,3,3,False,False,14,14,239.6,17.2,21.9,False
Bad Bunny - Si Estuviésemos Juntos,off+10s/seeded_correct,11844,11844,0,0,9000,0,4,False,True,7,14,99.2,14.2,15.1,True
Bad Bunny - Si Estuviésemos Juntos,off+10s/seeded_wrong_2s,11844,662,-11182,2000,,2,2,False,False,14,14,228.0,16.2,21.0,False
Bad Bunny - Si Estuviésemos Juntos,off-10s/cold,-8156,3000,11156,8156,,1,1,False,False,13,14,206.8,16.3,19.8,False
Bad Bunny - Si Estuviésemos Juntos,off-10s/seeded_correct,-8156,3000,11156,0,,1,1,False,False,13,14,204.9,16.4,19.8,False
Bad Bunny - Si Estuviésemos Juntos,off-10s/seeded_wrong_2s,-8156,3000,11156,2000,,1,1,False,False,13,14,205.1,16.8,19.5,False
Bad Bunny - Si Estuviésemos Juntos,off+25s/cold,26844,,,-26844,,0,0,False,False,14,14,246.7,18.1,20.4,False
Bad Bunny - Si Estuviésemos Juntos,off+25s/seeded_correct,26844,26844,0,0,9000,0,4,False,True,7,14,108.7,15.4,17.1,True
Bad Bunny - Si Estuviésemos Juntos,off+25s/seeded_wrong_2s,26844,,,2000,,0,0,False,False,14,14,247.4,17.4,22.1,False
Bad Bunny - Si Estuviésemos Juntos,off-25s/cold,-23156,-850,22306,22306,,2,2,False,False,11,14,168.7,15.6,18.7,False
Bad Bunny - Si Estuviésemos Juntos,off-25s/seeded_correct,-23156,,,0,,0,0,False,False,11,14,170.3,15.4,19.7,False
Bad Bunny - Si Estuviésemos Juntos,off-25s/seeded_wrong_2s,-23156,,,2000,,0,0,False,False,11,14,167.6,15.6,18.4,False
Bad Bunny - Si Estuviésemos Juntos,noise0/cold,1844,1800,-44,-44,16000,0,3,False,True,5,14,65.2,13.0,13.6,True
Bad Bunny - Si Estuviésemos Juntos,noise0/seeded_correct,1844,1800,-44,-44,9000,0,3,False,True,4,14,51.8,12.9,13.3,True
Bad Bunny - Si Estuviésemos Juntos,noise0/seeded_wrong_2s,1844,1800,-44,-44,27500,0,3,False,True,5,14,65.6,13.0,13.6,True
Bad Bunny - Si Estuviésemos Juntos,noise-2s/cold,-156,-200,-44,-44,9000,0,3,False,True,4,14,50.9,12.7,12.9,True
Bad Bunny - Si Estuviésemos Juntos,noise-2s/seeded_correct,-156,-200,-44,-44,9000,0,3,False,True,4,14,50.9,12.7,13.0,True
Bad Bunny - Si Estuviésemos Juntos,noise-2s/seeded_wrong_2s,-156,-200,-44,-44,27500,0,3,False,True,5,14,64.3,12.7,13.4,True
Bad Bunny - Si Estuviésemos Juntos,cutin5s/cold,6844,6800,-44,-44,27500,0,3,False,True,6,14,134.4,22.3,23.3,True
Bad Bunny - Si Estuviésemos Juntos,cutin5s/seeded_correct,6844,6800,-44,-44,16000,0,3,False,True,5,14,110.3,22.1,22.8,True
Bad Bunny - Si Estuviésemos Juntos,cutin5s/seeded_wrong_2s,6844,6800,-44,-44,27500,0,3,False,True,6,14,133.9,22.4,23.1,True
Bad Bunny - Si Estuviésemos Juntos,cutin15s/cold,16844,16800,-44,-44,27500,0,3,False,True,7,14,245.0,35.9,37.1,True
Bad Bunny - Si Estuviésemos Juntos,cutin15s/seeded_correct,16844,16800,-44,-44,27500,0,3,False,True,6,14,207.7,35.6,36.6,True
Bad Bunny - Si Estuviésemos Juntos,cutin15s/seeded_wrong_2s,16844,16800,-44,-44,27500,0,3,False,True,7,14,244.7,35.9,36.8,True
Bad Bunny - Si Estuviésemos Juntos,cutin25s/cold,26844,26825,-19,-19,37500,0,3,False,True,7,14,325.8,48.7,51.5,True
Bad Bunny - Si Estuviésemos Juntos,cutin25s/seeded_correct,26844,26844,0,0,37500,0,2,False,True,7,14,325.6,48.7,51.4,True
Bad Bunny - Si Estuviésemos Juntos,cutin25s/seeded_wrong_2s,26844,26825,-19,-19,37500,0,3,False,True,7,14,327.8,49.0,51.7,True
Bad Bunny - Si Estuviésemos Juntos,blend8s/cold,1844,1800,-44,-44,21000,0,3,False,True,6,14,80.9,13.2,14.4,True
Bad Bunny - Si Estuviésemos Juntos,blend8s/seeded_correct,1844,1800,-44,-44,16000,0,3,False,True,5,14,66.6,13.3,14.0,True
Bad Bunny - Si Estuviésemos Juntos,blend8s/seeded_wrong_2s,1844,1800,-44,-44,27500,0,3,False,True,6,14,81.5,13.4,14.6,True
